--
-- PostgreSQL database dump
--

-- Dumped from database version 15.6 (Ubuntu 15.6-1.pgdg20.04+1)
-- Dumped by pg_dump version 15.1

SET statement_timeout = 0;
SET lock_timeout = 0;
SET idle_in_transaction_session_timeout = 0;
SET client_encoding = 'UTF8';
SET standard_conforming_strings = on;
SELECT pg_catalog.set_config('search_path', '', false);
SET check_function_bodies = false;
SET xmloption = content;
SET client_min_messages = warning;
SET row_security = off;

--
-- Name: public; Type: SCHEMA; Schema: -; Owner: mivtooimwtygwz
--

-- *not* creating schema, since initdb creates it


ALTER SCHEMA public OWNER TO mivtooimwtygwz;

--
-- Name: SCHEMA "public"; Type: COMMENT; Schema: -; Owner: mivtooimwtygwz
--

COMMENT ON SCHEMA "public" IS 'standard public schema';


--
-- Name: pg_stat_statements; Type: EXTENSION; Schema: -; Owner: -
--

CREATE EXTENSION IF NOT EXISTS "pg_stat_statements" WITH SCHEMA "heroku_ext";


--
-- Name: EXTENSION "pg_stat_statements"; Type: COMMENT; Schema: -; Owner: 
--

COMMENT ON EXTENSION "pg_stat_statements" IS 'track planning and execution statistics of all SQL statements executed';


SET default_tablespace = '';

SET default_table_access_method = heap;

--
-- Name: auth_group; Type: TABLE; Schema: public; Owner: mivtooimwtygwz
--

CREATE TABLE "public"."auth_group" (
    "id" integer NOT NULL,
    "name" character varying(150) NOT NULL
);


ALTER TABLE public.auth_group OWNER TO mivtooimwtygwz;

--
-- Name: auth_group_id_seq; Type: SEQUENCE; Schema: public; Owner: mivtooimwtygwz
--

ALTER TABLE "public"."auth_group" ALTER COLUMN "id" ADD GENERATED BY DEFAULT AS IDENTITY (
    SEQUENCE NAME "public"."auth_group_id_seq"
    START WITH 1
    INCREMENT BY 1
    NO MINVALUE
    NO MAXVALUE
    CACHE 1
);


--
-- Name: auth_group_permissions; Type: TABLE; Schema: public; Owner: mivtooimwtygwz
--

CREATE TABLE "public"."auth_group_permissions" (
    "id" bigint NOT NULL,
    "group_id" integer NOT NULL,
    "permission_id" integer NOT NULL
);


ALTER TABLE public.auth_group_permissions OWNER TO mivtooimwtygwz;

--
-- Name: auth_group_permissions_id_seq; Type: SEQUENCE; Schema: public; Owner: mivtooimwtygwz
--

ALTER TABLE "public"."auth_group_permissions" ALTER COLUMN "id" ADD GENERATED BY DEFAULT AS IDENTITY (
    SEQUENCE NAME "public"."auth_group_permissions_id_seq"
    START WITH 1
    INCREMENT BY 1
    NO MINVALUE
    NO MAXVALUE
    CACHE 1
);


--
-- Name: auth_permission; Type: TABLE; Schema: public; Owner: mivtooimwtygwz
--

CREATE TABLE "public"."auth_permission" (
    "id" integer NOT NULL,
    "name" character varying(255) NOT NULL,
    "content_type_id" integer NOT NULL,
    "codename" character varying(100) NOT NULL
);


ALTER TABLE public.auth_permission OWNER TO mivtooimwtygwz;

--
-- Name: auth_permission_id_seq; Type: SEQUENCE; Schema: public; Owner: mivtooimwtygwz
--

ALTER TABLE "public"."auth_permission" ALTER COLUMN "id" ADD GENERATED BY DEFAULT AS IDENTITY (
    SEQUENCE NAME "public"."auth_permission_id_seq"
    START WITH 1
    INCREMENT BY 1
    NO MINVALUE
    NO MAXVALUE
    CACHE 1
);


--
-- Name: blog_association; Type: TABLE; Schema: public; Owner: mivtooimwtygwz
--

CREATE TABLE "public"."blog_association" (
    "id" bigint NOT NULL,
    "name" character varying(255) NOT NULL,
    "registered" "date" NOT NULL,
    "address" character varying(255) NOT NULL,
    "president_name" character varying(255) NOT NULL,
    "number_of_associated" integer NOT NULL,
    "picture" character varying(100) NOT NULL,
    "district_id" bigint NOT NULL
);


ALTER TABLE public.blog_association OWNER TO mivtooimwtygwz;

--
-- Name: blog_association_id_seq; Type: SEQUENCE; Schema: public; Owner: mivtooimwtygwz
--

ALTER TABLE "public"."blog_association" ALTER COLUMN "id" ADD GENERATED BY DEFAULT AS IDENTITY (
    SEQUENCE NAME "public"."blog_association_id_seq"
    START WITH 1
    INCREMENT BY 1
    NO MINVALUE
    NO MAXVALUE
    CACHE 1
);


--
-- Name: blog_associationimages; Type: TABLE; Schema: public; Owner: mivtooimwtygwz
--

CREATE TABLE "public"."blog_associationimages" (
    "id" bigint NOT NULL,
    "image" character varying(100) NOT NULL,
    "associaton_id" bigint NOT NULL
);


ALTER TABLE public.blog_associationimages OWNER TO mivtooimwtygwz;

--
-- Name: blog_associationimages_id_seq; Type: SEQUENCE; Schema: public; Owner: mivtooimwtygwz
--

ALTER TABLE "public"."blog_associationimages" ALTER COLUMN "id" ADD GENERATED BY DEFAULT AS IDENTITY (
    SEQUENCE NAME "public"."blog_associationimages_id_seq"
    START WITH 1
    INCREMENT BY 1
    NO MINVALUE
    NO MAXVALUE
    CACHE 1
);


--
-- Name: blog_band; Type: TABLE; Schema: public; Owner: mivtooimwtygwz
--

CREATE TABLE "public"."blog_band" (
    "id" bigint NOT NULL,
    "title" character varying(255) NOT NULL,
    "link" character varying(200) NOT NULL,
    "picture" character varying(100)
);


ALTER TABLE public.blog_band OWNER TO mivtooimwtygwz;

--
-- Name: blog_band_id_seq; Type: SEQUENCE; Schema: public; Owner: mivtooimwtygwz
--

ALTER TABLE "public"."blog_band" ALTER COLUMN "id" ADD GENERATED BY DEFAULT AS IDENTITY (
    SEQUENCE NAME "public"."blog_band_id_seq"
    START WITH 1
    INCREMENT BY 1
    NO MINVALUE
    NO MAXVALUE
    CACHE 1
);


--
-- Name: blog_district; Type: TABLE; Schema: public; Owner: mivtooimwtygwz
--

CREATE TABLE "public"."blog_district" (
    "id" bigint NOT NULL,
    "name" character varying(255) NOT NULL
);


ALTER TABLE public.blog_district OWNER TO mivtooimwtygwz;

--
-- Name: blog_district_id_seq; Type: SEQUENCE; Schema: public; Owner: mivtooimwtygwz
--

ALTER TABLE "public"."blog_district" ALTER COLUMN "id" ADD GENERATED BY DEFAULT AS IDENTITY (
    SEQUENCE NAME "public"."blog_district_id_seq"
    START WITH 1
    INCREMENT BY 1
    NO MINVALUE
    NO MAXVALUE
    CACHE 1
);


--
-- Name: blog_messages; Type: TABLE; Schema: public; Owner: mivtooimwtygwz
--

CREATE TABLE "public"."blog_messages" (
    "id" bigint NOT NULL,
    "name" character varying(255) NOT NULL,
    "email" character varying(255) NOT NULL,
    "text" "text" NOT NULL,
    "subject" character varying(255) NOT NULL,
    "sent" boolean NOT NULL,
    "date" timestamp with time zone
);


ALTER TABLE public.blog_messages OWNER TO mivtooimwtygwz;

--
-- Name: blog_messages_id_seq; Type: SEQUENCE; Schema: public; Owner: mivtooimwtygwz
--

ALTER TABLE "public"."blog_messages" ALTER COLUMN "id" ADD GENERATED BY DEFAULT AS IDENTITY (
    SEQUENCE NAME "public"."blog_messages_id_seq"
    START WITH 1
    INCREMENT BY 1
    NO MINVALUE
    NO MAXVALUE
    CACHE 1
);


--
-- Name: blog_pathner; Type: TABLE; Schema: public; Owner: mivtooimwtygwz
--

CREATE TABLE "public"."blog_pathner" (
    "id" bigint NOT NULL,
    "title" character varying(255) NOT NULL,
    "picture" character varying(100) NOT NULL
);


ALTER TABLE public.blog_pathner OWNER TO mivtooimwtygwz;

--
-- Name: blog_pathner_id_seq; Type: SEQUENCE; Schema: public; Owner: mivtooimwtygwz
--

ALTER TABLE "public"."blog_pathner" ALTER COLUMN "id" ADD GENERATED BY DEFAULT AS IDENTITY (
    SEQUENCE NAME "public"."blog_pathner_id_seq"
    START WITH 1
    INCREMENT BY 1
    NO MINVALUE
    NO MAXVALUE
    CACHE 1
);


--
-- Name: blog_post; Type: TABLE; Schema: public; Owner: mivtooimwtygwz
--

CREATE TABLE "public"."blog_post" (
    "id" bigint NOT NULL,
    "title" character varying(255) NOT NULL,
    "slug" character varying(255),
    "picture" character varying(100) NOT NULL,
    "text_file" character varying(100) NOT NULL,
    "active" boolean NOT NULL,
    "date" timestamp with time zone NOT NULL
);


ALTER TABLE public.blog_post OWNER TO mivtooimwtygwz;

--
-- Name: blog_post_id_seq; Type: SEQUENCE; Schema: public; Owner: mivtooimwtygwz
--

ALTER TABLE "public"."blog_post" ALTER COLUMN "id" ADD GENERATED BY DEFAULT AS IDENTITY (
    SEQUENCE NAME "public"."blog_post_id_seq"
    START WITH 1
    INCREMENT BY 1
    NO MINVALUE
    NO MAXVALUE
    CACHE 1
);


--
-- Name: blog_postdocument; Type: TABLE; Schema: public; Owner: mivtooimwtygwz
--

CREATE TABLE "public"."blog_postdocument" (
    "id" bigint NOT NULL,
    "document" character varying(100) NOT NULL,
    "post_id" bigint NOT NULL
);


ALTER TABLE public.blog_postdocument OWNER TO mivtooimwtygwz;

--
-- Name: blog_postdocument_id_seq; Type: SEQUENCE; Schema: public; Owner: mivtooimwtygwz
--

ALTER TABLE "public"."blog_postdocument" ALTER COLUMN "id" ADD GENERATED BY DEFAULT AS IDENTITY (
    SEQUENCE NAME "public"."blog_postdocument_id_seq"
    START WITH 1
    INCREMENT BY 1
    NO MINVALUE
    NO MAXVALUE
    CACHE 1
);


--
-- Name: blog_postimages; Type: TABLE; Schema: public; Owner: mivtooimwtygwz
--

CREATE TABLE "public"."blog_postimages" (
    "id" bigint NOT NULL,
    "picture" character varying(100) NOT NULL,
    "post_id" bigint NOT NULL
);


ALTER TABLE public.blog_postimages OWNER TO mivtooimwtygwz;

--
-- Name: blog_postimages_id_seq; Type: SEQUENCE; Schema: public; Owner: mivtooimwtygwz
--

ALTER TABLE "public"."blog_postimages" ALTER COLUMN "id" ADD GENERATED BY DEFAULT AS IDENTITY (
    SEQUENCE NAME "public"."blog_postimages_id_seq"
    START WITH 1
    INCREMENT BY 1
    NO MINVALUE
    NO MAXVALUE
    CACHE 1
);


--
-- Name: blog_postvideos; Type: TABLE; Schema: public; Owner: mivtooimwtygwz
--

CREATE TABLE "public"."blog_postvideos" (
    "id" bigint NOT NULL,
    "video" character varying(200),
    "post_id" bigint
);


ALTER TABLE public.blog_postvideos OWNER TO mivtooimwtygwz;

--
-- Name: blog_postvideos_id_seq; Type: SEQUENCE; Schema: public; Owner: mivtooimwtygwz
--

ALTER TABLE "public"."blog_postvideos" ALTER COLUMN "id" ADD GENERATED BY DEFAULT AS IDENTITY (
    SEQUENCE NAME "public"."blog_postvideos_id_seq"
    START WITH 1
    INCREMENT BY 1
    NO MINVALUE
    NO MAXVALUE
    CACHE 1
);


--
-- Name: blog_role; Type: TABLE; Schema: public; Owner: mivtooimwtygwz
--

CREATE TABLE "public"."blog_role" (
    "id" bigint NOT NULL,
    "title" character varying(255) NOT NULL
);


ALTER TABLE public.blog_role OWNER TO mivtooimwtygwz;

--
-- Name: blog_role_id_seq; Type: SEQUENCE; Schema: public; Owner: mivtooimwtygwz
--

ALTER TABLE "public"."blog_role" ALTER COLUMN "id" ADD GENERATED BY DEFAULT AS IDENTITY (
    SEQUENCE NAME "public"."blog_role_id_seq"
    START WITH 1
    INCREMENT BY 1
    NO MINVALUE
    NO MAXVALUE
    CACHE 1
);


--
-- Name: blog_spot; Type: TABLE; Schema: public; Owner: mivtooimwtygwz
--

CREATE TABLE "public"."blog_spot" (
    "id" bigint NOT NULL,
    "title" character varying(255) NOT NULL,
    "link" character varying(200) NOT NULL,
    "created_at" "date" NOT NULL,
    "picture" character varying(100)
);


ALTER TABLE public.blog_spot OWNER TO mivtooimwtygwz;

--
-- Name: blog_spot_id_seq; Type: SEQUENCE; Schema: public; Owner: mivtooimwtygwz
--

ALTER TABLE "public"."blog_spot" ALTER COLUMN "id" ADD GENERATED BY DEFAULT AS IDENTITY (
    SEQUENCE NAME "public"."blog_spot_id_seq"
    START WITH 1
    INCREMENT BY 1
    NO MINVALUE
    NO MAXVALUE
    CACHE 1
);


--
-- Name: blog_team; Type: TABLE; Schema: public; Owner: mivtooimwtygwz
--

CREATE TABLE "public"."blog_team" (
    "id" bigint NOT NULL,
    "name" character varying(255) NOT NULL,
    "picture" character varying(100) NOT NULL,
    "role_id" bigint NOT NULL
);


ALTER TABLE public.blog_team OWNER TO mivtooimwtygwz;

--
-- Name: blog_team_id_seq; Type: SEQUENCE; Schema: public; Owner: mivtooimwtygwz
--

ALTER TABLE "public"."blog_team" ALTER COLUMN "id" ADD GENERATED BY DEFAULT AS IDENTITY (
    SEQUENCE NAME "public"."blog_team_id_seq"
    START WITH 1
    INCREMENT BY 1
    NO MINVALUE
    NO MAXVALUE
    CACHE 1
);


--
-- Name: blog_yeargols; Type: TABLE; Schema: public; Owner: mivtooimwtygwz
--

CREATE TABLE "public"."blog_yeargols" (
    "id" bigint NOT NULL,
    "year" integer NOT NULL,
    "associations" integer NOT NULL,
    "agricultors" integer NOT NULL,
    "products" numeric(10,2) NOT NULL
);


ALTER TABLE public.blog_yeargols OWNER TO mivtooimwtygwz;

--
-- Name: blog_yeargols_id_seq; Type: SEQUENCE; Schema: public; Owner: mivtooimwtygwz
--

ALTER TABLE "public"."blog_yeargols" ALTER COLUMN "id" ADD GENERATED BY DEFAULT AS IDENTITY (
    SEQUENCE NAME "public"."blog_yeargols_id_seq"
    START WITH 1
    INCREMENT BY 1
    NO MINVALUE
    NO MAXVALUE
    CACHE 1
);


--
-- Name: core_user; Type: TABLE; Schema: public; Owner: mivtooimwtygwz
--

CREATE TABLE "public"."core_user" (
    "id" bigint NOT NULL,
    "password" character varying(128) NOT NULL,
    "last_login" timestamp with time zone,
    "is_superuser" boolean NOT NULL,
    "username" character varying(150) NOT NULL,
    "first_name" character varying(150) NOT NULL,
    "last_name" character varying(150) NOT NULL,
    "is_staff" boolean NOT NULL,
    "is_active" boolean NOT NULL,
    "date_joined" timestamp with time zone NOT NULL,
    "phone" character varying(255),
    "email" character varying(255) NOT NULL,
    "valid" boolean NOT NULL
);


ALTER TABLE public.core_user OWNER TO mivtooimwtygwz;

--
-- Name: core_user_groups; Type: TABLE; Schema: public; Owner: mivtooimwtygwz
--

CREATE TABLE "public"."core_user_groups" (
    "id" bigint NOT NULL,
    "user_id" bigint NOT NULL,
    "group_id" integer NOT NULL
);


ALTER TABLE public.core_user_groups OWNER TO mivtooimwtygwz;

--
-- Name: core_user_groups_id_seq; Type: SEQUENCE; Schema: public; Owner: mivtooimwtygwz
--

ALTER TABLE "public"."core_user_groups" ALTER COLUMN "id" ADD GENERATED BY DEFAULT AS IDENTITY (
    SEQUENCE NAME "public"."core_user_groups_id_seq"
    START WITH 1
    INCREMENT BY 1
    NO MINVALUE
    NO MAXVALUE
    CACHE 1
);


--
-- Name: core_user_id_seq; Type: SEQUENCE; Schema: public; Owner: mivtooimwtygwz
--

ALTER TABLE "public"."core_user" ALTER COLUMN "id" ADD GENERATED BY DEFAULT AS IDENTITY (
    SEQUENCE NAME "public"."core_user_id_seq"
    START WITH 1
    INCREMENT BY 1
    NO MINVALUE
    NO MAXVALUE
    CACHE 1
);


--
-- Name: core_user_user_permissions; Type: TABLE; Schema: public; Owner: mivtooimwtygwz
--

CREATE TABLE "public"."core_user_user_permissions" (
    "id" bigint NOT NULL,
    "user_id" bigint NOT NULL,
    "permission_id" integer NOT NULL
);


ALTER TABLE public.core_user_user_permissions OWNER TO mivtooimwtygwz;

--
-- Name: core_user_user_permissions_id_seq; Type: SEQUENCE; Schema: public; Owner: mivtooimwtygwz
--

ALTER TABLE "public"."core_user_user_permissions" ALTER COLUMN "id" ADD GENERATED BY DEFAULT AS IDENTITY (
    SEQUENCE NAME "public"."core_user_user_permissions_id_seq"
    START WITH 1
    INCREMENT BY 1
    NO MINVALUE
    NO MAXVALUE
    CACHE 1
);


--
-- Name: django_admin_log; Type: TABLE; Schema: public; Owner: mivtooimwtygwz
--

CREATE TABLE "public"."django_admin_log" (
    "id" integer NOT NULL,
    "action_time" timestamp with time zone NOT NULL,
    "object_id" "text",
    "object_repr" character varying(200) NOT NULL,
    "action_flag" smallint NOT NULL,
    "change_message" "text" NOT NULL,
    "content_type_id" integer,
    "user_id" bigint NOT NULL,
    CONSTRAINT "django_admin_log_action_flag_check" CHECK (("action_flag" >= 0))
);


ALTER TABLE public.django_admin_log OWNER TO mivtooimwtygwz;

--
-- Name: django_admin_log_id_seq; Type: SEQUENCE; Schema: public; Owner: mivtooimwtygwz
--

ALTER TABLE "public"."django_admin_log" ALTER COLUMN "id" ADD GENERATED BY DEFAULT AS IDENTITY (
    SEQUENCE NAME "public"."django_admin_log_id_seq"
    START WITH 1
    INCREMENT BY 1
    NO MINVALUE
    NO MAXVALUE
    CACHE 1
);


--
-- Name: django_content_type; Type: TABLE; Schema: public; Owner: mivtooimwtygwz
--

CREATE TABLE "public"."django_content_type" (
    "id" integer NOT NULL,
    "app_label" character varying(100) NOT NULL,
    "model" character varying(100) NOT NULL
);


ALTER TABLE public.django_content_type OWNER TO mivtooimwtygwz;

--
-- Name: django_content_type_id_seq; Type: SEQUENCE; Schema: public; Owner: mivtooimwtygwz
--

ALTER TABLE "public"."django_content_type" ALTER COLUMN "id" ADD GENERATED BY DEFAULT AS IDENTITY (
    SEQUENCE NAME "public"."django_content_type_id_seq"
    START WITH 1
    INCREMENT BY 1
    NO MINVALUE
    NO MAXVALUE
    CACHE 1
);


--
-- Name: django_migrations; Type: TABLE; Schema: public; Owner: mivtooimwtygwz
--

CREATE TABLE "public"."django_migrations" (
    "id" bigint NOT NULL,
    "app" character varying(255) NOT NULL,
    "name" character varying(255) NOT NULL,
    "applied" timestamp with time zone NOT NULL
);


ALTER TABLE public.django_migrations OWNER TO mivtooimwtygwz;

--
-- Name: django_migrations_id_seq; Type: SEQUENCE; Schema: public; Owner: mivtooimwtygwz
--

ALTER TABLE "public"."django_migrations" ALTER COLUMN "id" ADD GENERATED BY DEFAULT AS IDENTITY (
    SEQUENCE NAME "public"."django_migrations_id_seq"
    START WITH 1
    INCREMENT BY 1
    NO MINVALUE
    NO MAXVALUE
    CACHE 1
);


--
-- Name: django_session; Type: TABLE; Schema: public; Owner: mivtooimwtygwz
--

CREATE TABLE "public"."django_session" (
    "session_key" character varying(40) NOT NULL,
    "session_data" "text" NOT NULL,
    "expire_date" timestamp with time zone NOT NULL
);


ALTER TABLE public.django_session OWNER TO mivtooimwtygwz;

--
-- Data for Name: auth_group; Type: TABLE DATA; Schema: public; Owner: mivtooimwtygwz
--

COPY "public"."auth_group" ("id", "name") FROM stdin;
1	Blog
\.


--
-- Data for Name: auth_group_permissions; Type: TABLE DATA; Schema: public; Owner: mivtooimwtygwz
--

COPY "public"."auth_group_permissions" ("id", "group_id", "permission_id") FROM stdin;
1	1	21
2	1	22
3	1	23
4	1	24
5	1	25
6	1	26
7	1	27
8	1	28
9	1	29
10	1	30
11	1	31
12	1	32
13	1	33
14	1	34
15	1	35
16	1	36
17	1	37
18	1	38
19	1	39
20	1	40
21	1	41
22	1	42
23	1	43
24	1	44
25	1	45
26	1	46
27	1	47
28	1	48
29	1	49
30	1	50
31	1	51
32	1	52
33	1	53
34	1	54
35	1	55
36	1	56
37	1	57
38	1	58
39	1	59
40	1	60
41	1	61
42	1	62
43	1	63
44	1	64
45	1	65
46	1	66
47	1	67
48	1	68
49	1	69
50	1	70
51	1	71
52	1	72
\.


--
-- Data for Name: auth_permission; Type: TABLE DATA; Schema: public; Owner: mivtooimwtygwz
--

COPY "public"."auth_permission" ("id", "name", "content_type_id", "codename") FROM stdin;
1	Can add log entry	1	add_logentry
2	Can change log entry	1	change_logentry
3	Can delete log entry	1	delete_logentry
4	Can view log entry	1	view_logentry
5	Can add permission	2	add_permission
6	Can change permission	2	change_permission
7	Can delete permission	2	delete_permission
8	Can view permission	2	view_permission
9	Can add group	3	add_group
10	Can change group	3	change_group
11	Can delete group	3	delete_group
12	Can view group	3	view_group
13	Can add content type	4	add_contenttype
14	Can change content type	4	change_contenttype
15	Can delete content type	4	delete_contenttype
16	Can view content type	4	view_contenttype
17	Can add session	5	add_session
18	Can change session	5	change_session
19	Can delete session	5	delete_session
20	Can view session	5	view_session
21	Can add association	6	add_association
22	Can change association	6	change_association
23	Can delete association	6	delete_association
24	Can view association	6	view_association
25	Can add band	7	add_band
26	Can change band	7	change_band
27	Can delete band	7	delete_band
28	Can view band	7	view_band
29	Can add messages	8	add_messages
30	Can change messages	8	change_messages
31	Can delete messages	8	delete_messages
32	Can view messages	8	view_messages
33	Can add post	9	add_post
34	Can change post	9	change_post
35	Can delete post	9	delete_post
36	Can view post	9	view_post
37	Can add role	10	add_role
38	Can change role	10	change_role
39	Can delete role	10	delete_role
40	Can view role	10	view_role
41	Can add spot	11	add_spot
42	Can change spot	11	change_spot
43	Can delete spot	11	delete_spot
44	Can view spot	11	view_spot
45	Can add year gols	12	add_yeargols
46	Can change year gols	12	change_yeargols
47	Can delete year gols	12	delete_yeargols
48	Can view year gols	12	view_yeargols
49	Can add team	13	add_team
50	Can change team	13	change_team
51	Can delete team	13	delete_team
52	Can view team	13	view_team
53	Can add post images	14	add_postimages
54	Can change post images	14	change_postimages
55	Can delete post images	14	delete_postimages
56	Can view post images	14	view_postimages
57	Can add post document	15	add_postdocument
58	Can change post document	15	change_postdocument
59	Can delete post document	15	delete_postdocument
60	Can view post document	15	view_postdocument
61	Can add association images	16	add_associationimages
62	Can change association images	16	change_associationimages
63	Can delete association images	16	delete_associationimages
64	Can view association images	16	view_associationimages
65	Can add pathner	17	add_pathner
66	Can change pathner	17	change_pathner
67	Can delete pathner	17	delete_pathner
68	Can view pathner	17	view_pathner
69	Can add district	18	add_district
70	Can change district	18	change_district
71	Can delete district	18	delete_district
72	Can view district	18	view_district
73	Can add user	19	add_user
74	Can change user	19	change_user
75	Can delete user	19	delete_user
76	Can view user	19	view_user
77	Can add post videos	20	add_postvideos
78	Can change post videos	20	change_postvideos
79	Can delete post videos	20	delete_postvideos
80	Can view post videos	20	view_postvideos
\.


--
-- Data for Name: blog_association; Type: TABLE DATA; Schema: public; Owner: mivtooimwtygwz
--

COPY "public"."blog_association" ("id", "name", "registered", "address", "president_name", "number_of_associated", "picture", "district_id") FROM stdin;
42	São José	2004-01-01	Norte	x	39	cecab/blog/association_images/São_José.png	1
7	Boa Entrada	2004-01-01	Centro	x	92	cecab/blog/association_images/th_1.jpg	3
3	Agua Sampaio	2004-01-01	Centro	x	51	cecab/blog/association_images/th_1.jpg	3
5	Agua Telha	2004-01-01	Centro	x	87	cecab/blog/association_images/th_1.jpg	3
6	Benfica	2004-01-01	Centro	x	157	cecab/blog/association_images/th_1.jpg	2
8	Caldeira	2004-01-01	Centro	x	101	cecab/blog/association_images/th_1.jpg	3
9	Fernão Dias	2004-01-01	Centro	x	58	cecab/blog/association_images/th_1.jpg	3
10	Filipinas	2004-01-01	Centro	x	52	cecab/blog/association_images/th_1.jpg	2
11	Laranjeira	2004-01-01	Centro	x	72	cecab/blog/association_images/th_1.jpg	3
12	Maianço	2004-01-01	Centro	x	91	cecab/blog/association_images/th_1.jpg	3
13	Monte Macaco	2004-01-01	Centro	x	110	cecab/blog/association_images/th_1.jpg	2
14	Milagrosa	2004-01-01	Centro	x	53	cecab/blog/association_images/th_1.jpg	2
15	Pedra María	2004-01-01	Centro	x	47	cecab/blog/association_images/th_1.jpg	2
16	Plancas I	2004-01-01	Centro	x	48	cecab/blog/association_images/th_1.jpg	3
17	Plancas II	2004-01-01	Centro	x	72	cecab/blog/association_images/th_1.jpg	3
18	Prado	2004-01-01	Centro	x	78	cecab/blog/association_images/th_1.jpg	2
19	Praia das Conchas	2004-01-01	Centro	x	51	cecab/blog/association_images/th_1.jpg	3
20	Queluz	2004-01-01	Centro	x	103	cecab/blog/association_images/th_1.jpg	2
21	Rio Ouro Pequeno	2004-01-01	Centro	x	103	cecab/blog/association_images/th_1.jpg	3
22	Saltado	2004-01-01	Centro	x	50	cecab/blog/association_images/th_1.jpg	3
23	Santa Luzía	2004-01-01	Centro	x	142	cecab/blog/association_images/th_1.jpg	3
24	Vila Braga	2004-01-01	Centro	x	16	cecab/blog/association_images/th_1.jpg	3
25	Vista Alegre	2004-01-01	Centro	x	99	cecab/blog/association_images/th_1.jpg	2
26	Vanguarda Margão	2004-01-01	Centro	x	95	cecab/blog/association_images/th_1.jpg	2
27	Costa Santos	2004-01-01	Norte	x	83	cecab/blog/association_images/th_1.jpg	1
28	Generosa	2004-01-01	Norte	x	99	cecab/blog/association_images/th_1.jpg	1
29	José Luis	2004-01-01	Norte	x	34	cecab/blog/association_images/th_1.jpg	1
30	Lembá	2004-01-01	Norte	x	95	cecab/blog/association_images/th_1.jpg	1
31	María Luisa	2004-01-01	Norte	x	30	cecab/blog/association_images/th_1.jpg	1
34	Papa Fogo	2004-01-01	Norte	x	25	cecab/blog/association_images/th_1.jpg	1
40	Santa Teresa	2004-01-01	Norte	x	38	cecab/blog/association_images/Santa_Teresa.png	1
39	Sede DA/SM/RA	2004-01-01	Norte	x	91	cecab/blog/association_images/Santa_Catarina_Dona_Amaelia_São_Manuel_Rio_Ave.png	1
38	Santa Clotilde	2004-01-01	Norte	x	97	cecab/blog/association_images/Santa_Clotilde.png	1
37	Rosema	2004-01-01	Norte	x	46	cecab/blog/association_images/Rosema.png	1
36	Ribeira Palma Praia	2004-01-01	Norte	x	15	cecab/blog/association_images/Ribeira_Palma_Praia.png	1
35	Ribeira Funda	2004-01-01	Norte	x	48	cecab/blog/association_images/Ribeira_Funda.png	1
33	Malundo	2004-01-01	Norte	x	88	cecab/blog/association_images/Mulundo.png	1
4	Agua Francisca	2004-01-01	Centro	x	72	cecab/blog/association_images/Agua_Francisca.png	2
32	Monte Forte	2004-01-01	Norte	x	1	cecab/blog/association_images/Monte_Forte_Comunidade.png	1
41	Santa Jení	2004-01-01	Norte	x	33	cecab/blog/association_images/Santa_Jeny.png	1
\.


--
-- Data for Name: blog_associationimages; Type: TABLE DATA; Schema: public; Owner: mivtooimwtygwz
--

COPY "public"."blog_associationimages" ("id", "image", "associaton_id") FROM stdin;
\.


--
-- Data for Name: blog_band; Type: TABLE DATA; Schema: public; Owner: mivtooimwtygwz
--

COPY "public"."blog_band" ("id", "title", "link", "picture") FROM stdin;
1	Guadalupe	https://www.youtube.com/watch?v=PKN09s8QFC0	
\.


--
-- Data for Name: blog_district; Type: TABLE DATA; Schema: public; Owner: mivtooimwtygwz
--

COPY "public"."blog_district" ("id", "name") FROM stdin;
1	Lembá
3	Lobata
2	Mê Zóchi
\.


--
-- Data for Name: blog_messages; Type: TABLE DATA; Schema: public; Owner: mivtooimwtygwz
--

COPY "public"."blog_messages" ("id", "name", "email", "text", "subject", "sent", "date") FROM stdin;
1	Edmilbe	edmilbe@gmail.com	Message Text	New Subject	t	2023-11-24 11:20:06.84883+00
2	Kilo	kilo@gmail.com	Menagem qq!	Informcao	t	2023-11-24 15:24:17.380592+00
3	Kilo	kilo@gmail.com	Menagem qq! 2	Informcao	t	2023-11-24 15:26:37.017315+00
\.


--
-- Data for Name: blog_pathner; Type: TABLE DATA; Schema: public; Owner: mivtooimwtygwz
--

COPY "public"."blog_pathner" ("id", "title", "picture") FROM stdin;
1	Kaoká	cecab/blog/pathner_images/th_3.jpg
\.


--
-- Data for Name: blog_post; Type: TABLE DATA; Schema: public; Owner: mivtooimwtygwz
--

COPY "public"."blog_post" ("id", "title", "slug", "picture", "text_file", "active", "date") FROM stdin;
1	Dia da Mulher	dia-da-mulher	cecab/blog/post_images/th_5.jpg	cecab/blog/posts/Novo_Documento_do_Microsoft_Word.docx	t	2023-11-24 11:02:28.334387+00
\.


--
-- Data for Name: blog_postdocument; Type: TABLE DATA; Schema: public; Owner: mivtooimwtygwz
--

COPY "public"."blog_postdocument" ("id", "document", "post_id") FROM stdin;
\.


--
-- Data for Name: blog_postimages; Type: TABLE DATA; Schema: public; Owner: mivtooimwtygwz
--

COPY "public"."blog_postimages" ("id", "picture", "post_id") FROM stdin;
2	cecab/blog/post_images/WIN_20231116_09_18_30_Pro.jpg	1
\.


--
-- Data for Name: blog_postvideos; Type: TABLE DATA; Schema: public; Owner: mivtooimwtygwz
--

COPY "public"."blog_postvideos" ("id", "video", "post_id") FROM stdin;
1	https://www.youtube.com/watch?v=9fb68HBMVWY	1
\.


--
-- Data for Name: blog_role; Type: TABLE DATA; Schema: public; Owner: mivtooimwtygwz
--

COPY "public"."blog_role" ("id", "title") FROM stdin;
1	Diretor Executivo
\.


--
-- Data for Name: blog_spot; Type: TABLE DATA; Schema: public; Owner: mivtooimwtygwz
--

COPY "public"."blog_spot" ("id", "title", "link", "created_at", "picture") FROM stdin;
1	Dia da Mulher	https://www.youtube.com/watch?v=PKN09s8QFC0	2023-09-12	cecab/blog/band_images/WIN_20231116_09_18_30_Pro.jpg
\.


--
-- Data for Name: blog_team; Type: TABLE DATA; Schema: public; Owner: mivtooimwtygwz
--

COPY "public"."blog_team" ("id", "name", "picture", "role_id") FROM stdin;
2	Kilo	cecab/blog/team_images/th_3.jpg	1
\.


--
-- Data for Name: blog_yeargols; Type: TABLE DATA; Schema: public; Owner: mivtooimwtygwz
--

COPY "public"."blog_yeargols" ("id", "year", "associations", "agricultors", "products") FROM stdin;
1	2020	42	3000	120.00
\.


--
-- Data for Name: core_user; Type: TABLE DATA; Schema: public; Owner: mivtooimwtygwz
--

COPY "public"."core_user" ("id", "password", "last_login", "is_superuser", "username", "first_name", "last_name", "is_staff", "is_active", "date_joined", "phone", "email", "valid") FROM stdin;
3	pbkdf2_sha256$600000$IZjePWfdOHs9cqFvee72bd$v6jH2J6v03QB59zpq3wiMoNOfOkC+CxRR9sJaD22Zj4=	\N	f	adias.cecab@gmail.com	Antonio	Dias	t	t	2023-11-24 15:08:41+00	8758654	adias.cecab@gmail.com	f
1	pbkdf2_sha256$600000$EHDiAgnpV3TsWeyPNp3X3C$ZJOSOBJtrMbisl7P2SjxZ00PtVXkSsUoSFJ8JwMmlWc=	2024-01-08 16:33:29.527286+00	t	edmilbe@gmail.com			t	t	2023-11-24 10:21:18.992+00	\N	edmilbe@gmail.com	f
2	pbkdf2_sha256$600000$ElMfpGOzCLfwnfer9Fdv5T$x0U8HqKVRv5rREVD3/b7TH24pMfYlZJgLP4XJQc/3AI=	2024-02-20 09:56:11.679573+00	f	direcaocecab@gmail.com	Luis	Cuba	t	t	2023-11-24 10:31:20+00	999999	direcaocecab@gmail.com	f
\.


--
-- Data for Name: core_user_groups; Type: TABLE DATA; Schema: public; Owner: mivtooimwtygwz
--

COPY "public"."core_user_groups" ("id", "user_id", "group_id") FROM stdin;
1	2	1
2	3	1
\.


--
-- Data for Name: core_user_user_permissions; Type: TABLE DATA; Schema: public; Owner: mivtooimwtygwz
--

COPY "public"."core_user_user_permissions" ("id", "user_id", "permission_id") FROM stdin;
\.


--
-- Data for Name: django_admin_log; Type: TABLE DATA; Schema: public; Owner: mivtooimwtygwz
--

COPY "public"."django_admin_log" ("id", "action_time", "object_id", "object_repr", "action_flag", "change_message", "content_type_id", "user_id") FROM stdin;
1	2023-11-24 10:32:13.526678+00	2	Luis Cuba	2	[{"changed": {"fields": ["Staff status", "Phone"]}}]	19	1
2	2023-11-24 10:32:47.342604+00	1	Blog	1	[{"added": {}}]	3	1
3	2023-11-24 10:32:58.15983+00	2	Luis Cuba	2	[{"changed": {"fields": ["Groups"]}}]	19	1
4	2023-11-24 10:38:13.532427+00	1	Lembá	1	[{"added": {}}]	18	2
5	2023-11-24 10:40:27.67299+00	1	Prueba de Asociação	1	[{"added": {}}]	6	2
6	2023-11-24 10:40:30.092225+00	2	Prueba de Asociação	1	[{"added": {}}]	6	2
7	2023-11-24 10:41:35.606948+00	1	Prueba de Asociação	3		6	2
8	2023-11-24 10:44:45.429987+00	1	AssociationImages object (1)	1	[{"added": {}}]	16	2
9	2023-11-24 10:49:56.276845+00	1	Band object (1)	1	[{"added": {}}]	7	2
10	2023-11-24 10:52:55.434545+00	1	Kaoká	1	[{"added": {}}]	17	2
11	2023-11-24 10:55:37.242701+00	1	YearGols object (1)	1	[{"added": {}}]	12	2
12	2023-11-24 10:57:36.166698+00	1	Diretor Executivo	1	[{"added": {}}]	10	2
13	2023-11-24 10:57:46.490723+00	1	Team object (1)	1	[{"added": {}}]	13	2
14	2023-11-24 10:59:34.340444+00	1	Spot object (1)	1	[{"added": {}}]	11	2
15	2023-11-24 11:02:28.34571+00	1	dia-da-mulher	1	[{"added": {}}]	9	2
16	2023-11-24 12:29:22.553777+00	1	dia-da-mulher	2	[{"changed": {"fields": ["Text file"]}}]	9	1
17	2023-11-24 12:29:40.731171+00	1	PostImages object (1)	1	[{"added": {}}]	14	1
18	2023-11-24 12:37:33.381586+00	1	PostVideos object (1)	1	[{"added": {}}]	20	1
19	2023-11-24 12:38:41.222442+00	1	dia-da-mulher	2	[{"changed": {"fields": ["Text file"]}}]	9	1
20	2023-11-24 12:41:30.427971+00	1	dia-da-mulher	2	[{"changed": {"fields": ["Text file"]}}]	9	1
21	2023-11-24 15:17:31.671052+00	1	PostImages object (1)	3		14	2
22	2023-11-24 15:18:18.409635+00	2	PostImages object (2)	1	[{"added": {}}]	14	2
23	2023-11-24 15:26:03.133468+00	3	Antonio Dias	2	[{"changed": {"fields": ["Groups", "Phone"]}}]	19	1
24	2023-11-24 15:26:14.576443+00	3	Antonio Dias	2	[{"changed": {"fields": ["Staff status"]}}]	19	1
25	2023-11-27 16:04:32.568408+00	2	AssociationImages object (2)	1	[{"added": {}}]	16	2
26	2023-11-27 16:04:56.382392+00	1	AssociationImages object (1)	3		16	2
27	2023-11-27 16:06:40.606027+00	2	Team object (2)	1	[{"added": {}}]	13	2
28	2023-11-27 16:06:51.141079+00	1	Team object (1)	3		13	2
29	2023-11-27 16:09:14.302327+00	1	Kaoká	2	[]	17	2
30	2023-11-27 16:09:27.983623+00	1	Kaoká	2	[{"changed": {"fields": ["Picture"]}}]	17	2
31	2023-11-27 16:10:26.53878+00	1	dia-da-mulher	2	[{"changed": {"fields": ["Picture"]}}]	9	2
32	2023-11-28 10:51:32.09799+00	2	Mé Zochi	1	[{"added": {}}]	18	2
33	2023-11-28 10:52:26.236237+00	3	Lobata	1	[{"added": {}}]	18	2
34	2023-11-28 10:53:26.196274+00	2	Mê Zóchi	2	[{"changed": {"fields": ["Name"]}}]	18	2
35	2023-11-28 11:01:40.165162+00	3	Agua Sampaio	1	[{"added": {}}]	6	2
36	2023-11-28 11:01:50.946004+00	2	Prueba de Asociação	3		6	2
37	2023-11-28 11:03:43.177705+00	4	Agua Francisca	1	[{"added": {}}]	6	2
38	2023-11-28 11:05:13.406562+00	5	Agua Telha	1	[{"added": {}}]	6	2
39	2023-11-28 11:08:25.621796+00	6	Benfica	1	[{"added": {}}]	6	2
40	2023-11-28 11:44:01.016354+00	7	Boa Entrada	1	[{"added": {}}]	6	2
41	2023-11-28 11:44:17.589505+00	3	Agua Sampaio	2	[{"changed": {"fields": ["Number of associated"]}}]	6	2
42	2023-11-28 11:44:28.44916+00	4	Agua Francisca	2	[]	6	2
43	2023-11-28 11:44:45.320489+00	5	Agua Telha	2	[{"changed": {"fields": ["Number of associated"]}}]	6	2
44	2023-11-28 11:45:12.893518+00	6	Benfica	2	[{"changed": {"fields": ["Number of associated"]}}]	6	2
45	2023-11-29 08:24:02.671997+00	8	Caldeira	1	[{"added": {}}]	6	2
46	2023-11-29 08:25:32.563244+00	9	Fernão Dias	1	[{"added": {}}]	6	2
47	2023-11-29 08:26:44.752311+00	10	Filipinas	1	[{"added": {}}]	6	2
48	2023-11-29 08:27:39.728219+00	11	Laranjeira	1	[{"added": {}}]	6	2
49	2023-11-29 08:28:36.560262+00	12	Maianço	1	[{"added": {}}]	6	2
50	2023-11-29 08:29:35.761249+00	13	Monte Macaco	1	[{"added": {}}]	6	2
51	2023-11-29 08:30:14.561747+00	14	Milagrosa	1	[{"added": {}}]	6	2
52	2023-11-29 08:30:59.644009+00	15	Pedra María	1	[{"added": {}}]	6	2
53	2023-11-29 08:31:56.509675+00	16	Plancas I	1	[{"added": {}}]	6	2
54	2023-11-29 08:32:31.429182+00	17	Plancas II	1	[{"added": {}}]	6	2
55	2023-11-29 08:33:07.421642+00	18	Prado	1	[{"added": {}}]	6	2
56	2023-11-29 08:33:50.038302+00	19	Praia das Conchas	1	[{"added": {}}]	6	2
57	2023-11-29 08:34:33.095231+00	20	Queluz	1	[{"added": {}}]	6	2
58	2023-11-29 08:35:16.356547+00	21	Rio Ouro Pequeno	1	[{"added": {}}]	6	2
59	2023-11-29 08:35:57.403587+00	22	Saltado	1	[{"added": {}}]	6	2
60	2023-11-29 08:36:56.308807+00	23	Santa Luzía	1	[{"added": {}}]	6	2
61	2023-11-29 08:37:39.577977+00	24	Vila Braga	1	[{"added": {}}]	6	2
62	2023-11-29 08:38:52.134073+00	25	Vista Alegre	1	[{"added": {}}]	6	2
63	2023-11-29 08:39:42.129262+00	26	Vanguarda Margão	1	[{"added": {}}]	6	2
64	2023-11-29 08:41:03.907365+00	27	Costa Santos	1	[{"added": {}}]	6	2
65	2023-11-29 08:41:37.57656+00	28	Generosa	1	[{"added": {}}]	6	2
66	2023-11-29 08:42:25.090118+00	29	José Luis	1	[{"added": {}}]	6	2
67	2023-11-29 08:42:58.677999+00	30	Lembá	1	[{"added": {}}]	6	2
68	2023-11-29 08:43:31.197829+00	31	María Luisa	1	[{"added": {}}]	6	2
69	2023-11-29 08:44:49.583925+00	32	Monte Forte	1	[{"added": {}}]	6	2
70	2023-11-29 08:45:20.04758+00	33	Malundo	1	[{"added": {}}]	6	2
71	2023-11-29 08:46:07.731196+00	34	Papa Fogo	1	[{"added": {}}]	6	2
72	2023-11-29 08:46:50.96327+00	35	Ribeira Funda	1	[{"added": {}}]	6	2
73	2023-11-29 08:47:40.507125+00	36	Ribeira Palma Praia	1	[{"added": {}}]	6	2
74	2023-11-29 08:48:23.466719+00	37	Rosema	1	[{"added": {}}]	6	2
75	2023-11-29 08:48:57.225256+00	38	Santa Clotilde	1	[{"added": {}}]	6	2
76	2023-11-29 08:49:58.156696+00	39	Sede DA/SM/RA	1	[{"added": {}}]	6	2
77	2023-11-29 08:50:35.127565+00	40	Santa Teresa	1	[{"added": {}}]	6	2
78	2023-11-29 08:51:06.897785+00	41	Santa Jení	1	[{"added": {}}]	6	2
79	2023-11-29 08:51:41.269915+00	42	São José	1	[{"added": {}}]	6	2
80	2024-02-13 09:34:04.454137+00	42	São José	2	[{"changed": {"fields": ["Picture"]}}]	6	2
81	2024-02-13 09:34:34.354424+00	41	Santa Jení	2	[{"changed": {"fields": ["Picture"]}}]	6	2
82	2024-02-13 09:34:50.07448+00	40	Santa Teresa	2	[{"changed": {"fields": ["Picture"]}}]	6	2
83	2024-02-13 09:35:22.309161+00	39	Sede DA/SM/RA	2	[{"changed": {"fields": ["Picture"]}}]	6	2
84	2024-02-13 09:35:44.754018+00	38	Santa Clotilde	2	[{"changed": {"fields": ["Picture"]}}]	6	2
85	2024-02-13 09:36:03.514151+00	37	Rosema	2	[{"changed": {"fields": ["Picture"]}}]	6	2
86	2024-02-13 09:36:27.186203+00	36	Ribeira Palma Praia	2	[{"changed": {"fields": ["Picture"]}}]	6	2
87	2024-02-13 09:36:50.168434+00	35	Ribeira Funda	2	[{"changed": {"fields": ["Picture"]}}]	6	2
88	2024-02-13 09:38:27.038426+00	33	Malundo	2	[{"changed": {"fields": ["Picture"]}}]	6	2
89	2024-02-19 08:40:20.220419+00	32	Monte Forte	2	[{"changed": {"fields": ["Picture"]}}]	6	2
90	2024-02-19 08:45:21.325441+00	32	Monte Forte	2	[{"changed": {"fields": ["Picture"]}}]	6	2
91	2024-02-19 08:47:36.437687+00	32	Monte Forte	2	[{"changed": {"fields": ["Picture"]}}]	6	2
92	2024-02-19 08:49:41.132833+00	32	Monte Forte	2	[{"changed": {"fields": ["Picture"]}}]	6	2
93	2024-02-19 08:51:38.43277+00	32	Monte Forte	2	[{"changed": {"fields": ["Picture"]}}]	6	2
94	2024-02-19 09:16:13.825922+00	4	Agua Francisca	2	[{"changed": {"fields": ["Picture"]}}]	6	2
95	2024-02-19 09:17:48.311489+00	4	Agua Francisca	2	[{"changed": {"fields": ["Picture"]}}]	6	2
96	2024-02-19 09:19:01.957891+00	4	Agua Francisca	2	[{"changed": {"fields": ["Picture"]}}]	6	2
97	2024-02-19 09:20:31.79385+00	4	Agua Francisca	2	[{"changed": {"fields": ["Picture"]}}]	6	2
98	2024-02-19 09:22:07.667384+00	4	Agua Francisca	2	[{"changed": {"fields": ["Picture"]}}]	6	2
99	2024-02-19 09:54:27.926696+00	32	Monte Forte	2	[{"changed": {"fields": ["Picture"]}}]	6	2
100	2024-02-19 14:25:15.741455+00	41	Santa Jení	2	[{"changed": {"fields": ["Picture"]}}]	6	2
\.


--
-- Data for Name: django_content_type; Type: TABLE DATA; Schema: public; Owner: mivtooimwtygwz
--

COPY "public"."django_content_type" ("id", "app_label", "model") FROM stdin;
1	admin	logentry
2	auth	permission
3	auth	group
4	contenttypes	contenttype
5	sessions	session
6	blog	association
7	blog	band
8	blog	messages
9	blog	post
10	blog	role
11	blog	spot
12	blog	yeargols
13	blog	team
14	blog	postimages
15	blog	postdocument
16	blog	associationimages
17	blog	pathner
18	blog	district
19	core	user
20	blog	postvideos
\.


--
-- Data for Name: django_migrations; Type: TABLE DATA; Schema: public; Owner: mivtooimwtygwz
--

COPY "public"."django_migrations" ("id", "app", "name", "applied") FROM stdin;
1	contenttypes	0001_initial	2023-11-24 09:54:08.822986+00
2	contenttypes	0002_remove_content_type_name	2023-11-24 09:54:08.833758+00
3	auth	0001_initial	2023-11-24 09:54:08.911105+00
4	auth	0002_alter_permission_name_max_length	2023-11-24 09:54:08.92127+00
5	auth	0003_alter_user_email_max_length	2023-11-24 09:54:08.929743+00
6	auth	0004_alter_user_username_opts	2023-11-24 09:54:08.936842+00
7	auth	0005_alter_user_last_login_null	2023-11-24 09:54:08.943734+00
8	auth	0006_require_contenttypes_0002	2023-11-24 09:54:08.948445+00
9	auth	0007_alter_validators_add_error_messages	2023-11-24 09:54:08.956264+00
10	auth	0008_alter_user_username_max_length	2023-11-24 09:54:08.963132+00
11	auth	0009_alter_user_last_name_max_length	2023-11-24 09:54:08.971383+00
12	auth	0010_alter_group_name_max_length	2023-11-24 09:54:08.98008+00
13	auth	0011_update_proxy_permissions	2023-11-24 09:54:08.987558+00
14	auth	0012_alter_user_first_name_max_length	2023-11-24 09:54:08.994871+00
15	core	0001_initial	2023-11-24 09:54:09.061217+00
16	admin	0001_initial	2023-11-24 09:54:09.087203+00
17	admin	0002_logentry_remove_auto_add	2023-11-24 09:54:09.095745+00
18	admin	0003_logentry_add_action_flag_choices	2023-11-24 09:54:09.104606+00
19	blog	0001_initial	2023-11-24 09:54:09.247574+00
20	blog	0002_delete_postfile	2023-11-24 09:54:09.258287+00
21	blog	0003_pathner	2023-11-24 09:54:09.27805+00
22	blog	0004_district_association_district	2023-11-24 09:54:09.303644+00
23	blog	0005_alter_association_district	2023-11-24 09:54:09.335365+00
24	blog	0006_band_picture_spot_picture	2023-11-24 09:54:09.348312+00
25	blog	0007_alter_association_picture_and_more	2023-11-24 09:54:09.368391+00
26	sessions	0001_initial	2023-11-24 09:54:09.388273+00
27	blog	0008_postvideos	2023-11-24 12:27:01.22024+00
\.


--
-- Data for Name: django_session; Type: TABLE DATA; Schema: public; Owner: mivtooimwtygwz
--

COPY "public"."django_session" ("session_key", "session_data", "expire_date") FROM stdin;
pyg4i7ycntotbixsbb5m0hw8ht1dk75p	.eJxVjDsOwjAQBe_iGln4b1PS5wzWrr2LAyiW8qkQd4dIKaB9M_NeIsO2trwtNOexiotQ4vS7IZQHTTuod5huXZY-rfOIclfkQRc59ErP6-H-HTRY2re2DEAhkE589mwisvbRcbJKB7JBYYnWI8bolC4eAzAbKqlqx0YnquL9Ae5nOFI:1r6TJY:bJvwNX_Ov9ZKjoliw-5iUEYgeMlTerhmMk8849y9eUE	2023-12-08 10:21:36.061551+00
w8nmfbn3jnrnj2lwn0525eugptqbxn49	.eJxVjMsOwiAQRf-FtSG8GsCle7-BzDCDVA0kpV0Z_12bdKHbe865L5FgW2vaBi9pJnEWRpx-N4T84LYDukO7dZl7W5cZ5a7Igw557cTPy-H-HVQY9VuzmQxFSypD9EDAiEqbXEhpX7SJmhUo8khu0iXaUNBBKNZaFyl4l8X7A__XOFQ:1r6TVW:zCyB_gawe27ubLCYkeUknUjOPbnA16ZpNzMRqgkE4ho	2023-12-08 10:33:58.073638+00
byykgai3idawk3spqkjqv7h69wsihqca	.eJxVjDsOwjAQBe_iGln4b1PS5wzWrr2LAyiW8qkQd4dIKaB9M_NeIsO2trwtNOexiotQ4vS7IZQHTTuod5huXZY-rfOIclfkQRc59ErP6-H-HTRY2re2DEAhkE589mwisvbRcbJKB7JBYYnWI8bolC4eAzAbKqlqx0YnquL9Ae5nOFI:1rMsZ7:S39d1H9xbmopv3uug-bHQtujWmFETv6OdGtocXJz06M	2024-01-22 16:33:29.529917+00
b7dc6vciemw4ql6u6re8o5wv1mm68dkt	.eJxVjEEOwiAQRe_C2hCgA3RcuvcMZGCoVA0kpV0Z765NutDtf-_9lwi0rSVsPS9hZnEWRpx-t0jpkesO-E711mRqdV3mKHdFHrTLa-P8vBzu30GhXr61VaS81QyI3vqk2Qx2AqMHT84goyPI45BRRYWjV2AMIGiXYQIG61i8P6SXNjM:1rMssa:ezhxGAWpFu87qt2vsD6kmnM6X3PdYM_QoCOX-Zqsg38	2024-01-22 16:53:36.013804+00
0evvhv43tl8lno3hklgodcan1wmz1ebn	.eJxVjEEOwiAQRe_C2hCgA3RcuvcMZGCoVA0kpV0Z765NutDtf-_9lwi0rSVsPS9hZnEWRpx-t0jpkesO-E711mRqdV3mKHdFHrTLa-P8vBzu30GhXr61VaS81QyI3vqk2Qx2AqMHT84goyPI45BRRYWjV2AMIGiXYQIG61i8P6SXNjM:1rXHS6:-YkC5kz46rZcL7E85CPlCcyLgiXRnmGs-2WADMCa_-w	2024-02-20 09:09:14.069829+00
u10xic2glo395ke1x7cn09snu46h9lx6	.eJxVjEEOwiAQRe_C2hCgA3RcuvcMZGCoVA0kpV0Z765NutDtf-_9lwi0rSVsPS9hZnEWRpx-t0jpkesO-E711mRqdV3mKHdFHrTLa-P8vBzu30GhXr61VaS81QyI3vqk2Qx2AqMHT84goyPI45BRRYWjV2AMIGiXYQIG61i8P6SXNjM:1rcMrD:1vGfyx_1ItktoVgZ430CxN_4_z8NvAxuLVlvkPg1ses	2024-03-05 09:56:11.682877+00
\.


--
-- Name: auth_group_id_seq; Type: SEQUENCE SET; Schema: public; Owner: mivtooimwtygwz
--

SELECT pg_catalog.setval('"public"."auth_group_id_seq"', 1, true);


--
-- Name: auth_group_permissions_id_seq; Type: SEQUENCE SET; Schema: public; Owner: mivtooimwtygwz
--

SELECT pg_catalog.setval('"public"."auth_group_permissions_id_seq"', 52, true);


--
-- Name: auth_permission_id_seq; Type: SEQUENCE SET; Schema: public; Owner: mivtooimwtygwz
--

SELECT pg_catalog.setval('"public"."auth_permission_id_seq"', 80, true);


--
-- Name: blog_association_id_seq; Type: SEQUENCE SET; Schema: public; Owner: mivtooimwtygwz
--

SELECT pg_catalog.setval('"public"."blog_association_id_seq"', 42, true);


--
-- Name: blog_associationimages_id_seq; Type: SEQUENCE SET; Schema: public; Owner: mivtooimwtygwz
--

SELECT pg_catalog.setval('"public"."blog_associationimages_id_seq"', 2, true);


--
-- Name: blog_band_id_seq; Type: SEQUENCE SET; Schema: public; Owner: mivtooimwtygwz
--

SELECT pg_catalog.setval('"public"."blog_band_id_seq"', 1, true);


--
-- Name: blog_district_id_seq; Type: SEQUENCE SET; Schema: public; Owner: mivtooimwtygwz
--

SELECT pg_catalog.setval('"public"."blog_district_id_seq"', 3, true);


--
-- Name: blog_messages_id_seq; Type: SEQUENCE SET; Schema: public; Owner: mivtooimwtygwz
--

SELECT pg_catalog.setval('"public"."blog_messages_id_seq"', 3, true);


--
-- Name: blog_pathner_id_seq; Type: SEQUENCE SET; Schema: public; Owner: mivtooimwtygwz
--

SELECT pg_catalog.setval('"public"."blog_pathner_id_seq"', 1, true);


--
-- Name: blog_post_id_seq; Type: SEQUENCE SET; Schema: public; Owner: mivtooimwtygwz
--

SELECT pg_catalog.setval('"public"."blog_post_id_seq"', 1, true);


--
-- Name: blog_postdocument_id_seq; Type: SEQUENCE SET; Schema: public; Owner: mivtooimwtygwz
--

SELECT pg_catalog.setval('"public"."blog_postdocument_id_seq"', 1, false);


--
-- Name: blog_postimages_id_seq; Type: SEQUENCE SET; Schema: public; Owner: mivtooimwtygwz
--

SELECT pg_catalog.setval('"public"."blog_postimages_id_seq"', 2, true);


--
-- Name: blog_postvideos_id_seq; Type: SEQUENCE SET; Schema: public; Owner: mivtooimwtygwz
--

SELECT pg_catalog.setval('"public"."blog_postvideos_id_seq"', 1, true);


--
-- Name: blog_role_id_seq; Type: SEQUENCE SET; Schema: public; Owner: mivtooimwtygwz
--

SELECT pg_catalog.setval('"public"."blog_role_id_seq"', 1, true);


--
-- Name: blog_spot_id_seq; Type: SEQUENCE SET; Schema: public; Owner: mivtooimwtygwz
--

SELECT pg_catalog.setval('"public"."blog_spot_id_seq"', 1, true);


--
-- Name: blog_team_id_seq; Type: SEQUENCE SET; Schema: public; Owner: mivtooimwtygwz
--

SELECT pg_catalog.setval('"public"."blog_team_id_seq"', 2, true);


--
-- Name: blog_yeargols_id_seq; Type: SEQUENCE SET; Schema: public; Owner: mivtooimwtygwz
--

SELECT pg_catalog.setval('"public"."blog_yeargols_id_seq"', 1, true);


--
-- Name: core_user_groups_id_seq; Type: SEQUENCE SET; Schema: public; Owner: mivtooimwtygwz
--

SELECT pg_catalog.setval('"public"."core_user_groups_id_seq"', 2, true);


--
-- Name: core_user_id_seq; Type: SEQUENCE SET; Schema: public; Owner: mivtooimwtygwz
--

SELECT pg_catalog.setval('"public"."core_user_id_seq"', 3, true);


--
-- Name: core_user_user_permissions_id_seq; Type: SEQUENCE SET; Schema: public; Owner: mivtooimwtygwz
--

SELECT pg_catalog.setval('"public"."core_user_user_permissions_id_seq"', 1, false);


--
-- Name: django_admin_log_id_seq; Type: SEQUENCE SET; Schema: public; Owner: mivtooimwtygwz
--

SELECT pg_catalog.setval('"public"."django_admin_log_id_seq"', 132, true);


--
-- Name: django_content_type_id_seq; Type: SEQUENCE SET; Schema: public; Owner: mivtooimwtygwz
--

SELECT pg_catalog.setval('"public"."django_content_type_id_seq"', 20, true);


--
-- Name: django_migrations_id_seq; Type: SEQUENCE SET; Schema: public; Owner: mivtooimwtygwz
--

SELECT pg_catalog.setval('"public"."django_migrations_id_seq"', 27, true);


--
-- Name: auth_group auth_group_name_key; Type: CONSTRAINT; Schema: public; Owner: mivtooimwtygwz
--

ALTER TABLE ONLY "public"."auth_group"
    ADD CONSTRAINT "auth_group_name_key" UNIQUE ("name");


--
-- Name: auth_group_permissions auth_group_permissions_group_id_permission_id_0cd325b0_uniq; Type: CONSTRAINT; Schema: public; Owner: mivtooimwtygwz
--

ALTER TABLE ONLY "public"."auth_group_permissions"
    ADD CONSTRAINT "auth_group_permissions_group_id_permission_id_0cd325b0_uniq" UNIQUE ("group_id", "permission_id");


--
-- Name: auth_group_permissions auth_group_permissions_pkey; Type: CONSTRAINT; Schema: public; Owner: mivtooimwtygwz
--

ALTER TABLE ONLY "public"."auth_group_permissions"
    ADD CONSTRAINT "auth_group_permissions_pkey" PRIMARY KEY ("id");


--
-- Name: auth_group auth_group_pkey; Type: CONSTRAINT; Schema: public; Owner: mivtooimwtygwz
--

ALTER TABLE ONLY "public"."auth_group"
    ADD CONSTRAINT "auth_group_pkey" PRIMARY KEY ("id");


--
-- Name: auth_permission auth_permission_content_type_id_codename_01ab375a_uniq; Type: CONSTRAINT; Schema: public; Owner: mivtooimwtygwz
--

ALTER TABLE ONLY "public"."auth_permission"
    ADD CONSTRAINT "auth_permission_content_type_id_codename_01ab375a_uniq" UNIQUE ("content_type_id", "codename");


--
-- Name: auth_permission auth_permission_pkey; Type: CONSTRAINT; Schema: public; Owner: mivtooimwtygwz
--

ALTER TABLE ONLY "public"."auth_permission"
    ADD CONSTRAINT "auth_permission_pkey" PRIMARY KEY ("id");


--
-- Name: blog_association blog_association_pkey; Type: CONSTRAINT; Schema: public; Owner: mivtooimwtygwz
--

ALTER TABLE ONLY "public"."blog_association"
    ADD CONSTRAINT "blog_association_pkey" PRIMARY KEY ("id");


--
-- Name: blog_associationimages blog_associationimages_pkey; Type: CONSTRAINT; Schema: public; Owner: mivtooimwtygwz
--

ALTER TABLE ONLY "public"."blog_associationimages"
    ADD CONSTRAINT "blog_associationimages_pkey" PRIMARY KEY ("id");


--
-- Name: blog_band blog_band_pkey; Type: CONSTRAINT; Schema: public; Owner: mivtooimwtygwz
--

ALTER TABLE ONLY "public"."blog_band"
    ADD CONSTRAINT "blog_band_pkey" PRIMARY KEY ("id");


--
-- Name: blog_district blog_district_pkey; Type: CONSTRAINT; Schema: public; Owner: mivtooimwtygwz
--

ALTER TABLE ONLY "public"."blog_district"
    ADD CONSTRAINT "blog_district_pkey" PRIMARY KEY ("id");


--
-- Name: blog_messages blog_messages_pkey; Type: CONSTRAINT; Schema: public; Owner: mivtooimwtygwz
--

ALTER TABLE ONLY "public"."blog_messages"
    ADD CONSTRAINT "blog_messages_pkey" PRIMARY KEY ("id");


--
-- Name: blog_pathner blog_pathner_pkey; Type: CONSTRAINT; Schema: public; Owner: mivtooimwtygwz
--

ALTER TABLE ONLY "public"."blog_pathner"
    ADD CONSTRAINT "blog_pathner_pkey" PRIMARY KEY ("id");


--
-- Name: blog_post blog_post_pkey; Type: CONSTRAINT; Schema: public; Owner: mivtooimwtygwz
--

ALTER TABLE ONLY "public"."blog_post"
    ADD CONSTRAINT "blog_post_pkey" PRIMARY KEY ("id");


--
-- Name: blog_postdocument blog_postdocument_pkey; Type: CONSTRAINT; Schema: public; Owner: mivtooimwtygwz
--

ALTER TABLE ONLY "public"."blog_postdocument"
    ADD CONSTRAINT "blog_postdocument_pkey" PRIMARY KEY ("id");


--
-- Name: blog_postimages blog_postimages_pkey; Type: CONSTRAINT; Schema: public; Owner: mivtooimwtygwz
--

ALTER TABLE ONLY "public"."blog_postimages"
    ADD CONSTRAINT "blog_postimages_pkey" PRIMARY KEY ("id");


--
-- Name: blog_postvideos blog_postvideos_pkey; Type: CONSTRAINT; Schema: public; Owner: mivtooimwtygwz
--

ALTER TABLE ONLY "public"."blog_postvideos"
    ADD CONSTRAINT "blog_postvideos_pkey" PRIMARY KEY ("id");


--
-- Name: blog_role blog_role_pkey; Type: CONSTRAINT; Schema: public; Owner: mivtooimwtygwz
--

ALTER TABLE ONLY "public"."blog_role"
    ADD CONSTRAINT "blog_role_pkey" PRIMARY KEY ("id");


--
-- Name: blog_spot blog_spot_pkey; Type: CONSTRAINT; Schema: public; Owner: mivtooimwtygwz
--

ALTER TABLE ONLY "public"."blog_spot"
    ADD CONSTRAINT "blog_spot_pkey" PRIMARY KEY ("id");


--
-- Name: blog_team blog_team_pkey; Type: CONSTRAINT; Schema: public; Owner: mivtooimwtygwz
--

ALTER TABLE ONLY "public"."blog_team"
    ADD CONSTRAINT "blog_team_pkey" PRIMARY KEY ("id");


--
-- Name: blog_yeargols blog_yeargols_pkey; Type: CONSTRAINT; Schema: public; Owner: mivtooimwtygwz
--

ALTER TABLE ONLY "public"."blog_yeargols"
    ADD CONSTRAINT "blog_yeargols_pkey" PRIMARY KEY ("id");


--
-- Name: core_user core_user_email_key; Type: CONSTRAINT; Schema: public; Owner: mivtooimwtygwz
--

ALTER TABLE ONLY "public"."core_user"
    ADD CONSTRAINT "core_user_email_key" UNIQUE ("email");


--
-- Name: core_user_groups core_user_groups_pkey; Type: CONSTRAINT; Schema: public; Owner: mivtooimwtygwz
--

ALTER TABLE ONLY "public"."core_user_groups"
    ADD CONSTRAINT "core_user_groups_pkey" PRIMARY KEY ("id");


--
-- Name: core_user_groups core_user_groups_user_id_group_id_c82fcad1_uniq; Type: CONSTRAINT; Schema: public; Owner: mivtooimwtygwz
--

ALTER TABLE ONLY "public"."core_user_groups"
    ADD CONSTRAINT "core_user_groups_user_id_group_id_c82fcad1_uniq" UNIQUE ("user_id", "group_id");


--
-- Name: core_user core_user_pkey; Type: CONSTRAINT; Schema: public; Owner: mivtooimwtygwz
--

ALTER TABLE ONLY "public"."core_user"
    ADD CONSTRAINT "core_user_pkey" PRIMARY KEY ("id");


--
-- Name: core_user_user_permissions core_user_user_permissions_pkey; Type: CONSTRAINT; Schema: public; Owner: mivtooimwtygwz
--

ALTER TABLE ONLY "public"."core_user_user_permissions"
    ADD CONSTRAINT "core_user_user_permissions_pkey" PRIMARY KEY ("id");


--
-- Name: core_user_user_permissions core_user_user_permissions_user_id_permission_id_73ea0daa_uniq; Type: CONSTRAINT; Schema: public; Owner: mivtooimwtygwz
--

ALTER TABLE ONLY "public"."core_user_user_permissions"
    ADD CONSTRAINT "core_user_user_permissions_user_id_permission_id_73ea0daa_uniq" UNIQUE ("user_id", "permission_id");


--
-- Name: core_user core_user_username_key; Type: CONSTRAINT; Schema: public; Owner: mivtooimwtygwz
--

ALTER TABLE ONLY "public"."core_user"
    ADD CONSTRAINT "core_user_username_key" UNIQUE ("username");


--
-- Name: django_admin_log django_admin_log_pkey; Type: CONSTRAINT; Schema: public; Owner: mivtooimwtygwz
--

ALTER TABLE ONLY "public"."django_admin_log"
    ADD CONSTRAINT "django_admin_log_pkey" PRIMARY KEY ("id");


--
-- Name: django_content_type django_content_type_app_label_model_76bd3d3b_uniq; Type: CONSTRAINT; Schema: public; Owner: mivtooimwtygwz
--

ALTER TABLE ONLY "public"."django_content_type"
    ADD CONSTRAINT "django_content_type_app_label_model_76bd3d3b_uniq" UNIQUE ("app_label", "model");


--
-- Name: django_content_type django_content_type_pkey; Type: CONSTRAINT; Schema: public; Owner: mivtooimwtygwz
--

ALTER TABLE ONLY "public"."django_content_type"
    ADD CONSTRAINT "django_content_type_pkey" PRIMARY KEY ("id");


--
-- Name: django_migrations django_migrations_pkey; Type: CONSTRAINT; Schema: public; Owner: mivtooimwtygwz
--

ALTER TABLE ONLY "public"."django_migrations"
    ADD CONSTRAINT "django_migrations_pkey" PRIMARY KEY ("id");


--
-- Name: django_session django_session_pkey; Type: CONSTRAINT; Schema: public; Owner: mivtooimwtygwz
--

ALTER TABLE ONLY "public"."django_session"
    ADD CONSTRAINT "django_session_pkey" PRIMARY KEY ("session_key");


--
-- Name: auth_group_name_a6ea08ec_like; Type: INDEX; Schema: public; Owner: mivtooimwtygwz
--

CREATE INDEX "auth_group_name_a6ea08ec_like" ON "public"."auth_group" USING "btree" ("name" "varchar_pattern_ops");


--
-- Name: auth_group_permissions_group_id_b120cbf9; Type: INDEX; Schema: public; Owner: mivtooimwtygwz
--

CREATE INDEX "auth_group_permissions_group_id_b120cbf9" ON "public"."auth_group_permissions" USING "btree" ("group_id");


--
-- Name: auth_group_permissions_permission_id_84c5c92e; Type: INDEX; Schema: public; Owner: mivtooimwtygwz
--

CREATE INDEX "auth_group_permissions_permission_id_84c5c92e" ON "public"."auth_group_permissions" USING "btree" ("permission_id");


--
-- Name: auth_permission_content_type_id_2f476e4b; Type: INDEX; Schema: public; Owner: mivtooimwtygwz
--

CREATE INDEX "auth_permission_content_type_id_2f476e4b" ON "public"."auth_permission" USING "btree" ("content_type_id");


--
-- Name: blog_association_district_id_9a47130d; Type: INDEX; Schema: public; Owner: mivtooimwtygwz
--

CREATE INDEX "blog_association_district_id_9a47130d" ON "public"."blog_association" USING "btree" ("district_id");


--
-- Name: blog_associationimages_associaton_id_eb6627dd; Type: INDEX; Schema: public; Owner: mivtooimwtygwz
--

CREATE INDEX "blog_associationimages_associaton_id_eb6627dd" ON "public"."blog_associationimages" USING "btree" ("associaton_id");


--
-- Name: blog_post_slug_b95473f2; Type: INDEX; Schema: public; Owner: mivtooimwtygwz
--

CREATE INDEX "blog_post_slug_b95473f2" ON "public"."blog_post" USING "btree" ("slug");


--
-- Name: blog_post_slug_b95473f2_like; Type: INDEX; Schema: public; Owner: mivtooimwtygwz
--

CREATE INDEX "blog_post_slug_b95473f2_like" ON "public"."blog_post" USING "btree" ("slug" "varchar_pattern_ops");


--
-- Name: blog_postdocument_post_id_ac9fc16e; Type: INDEX; Schema: public; Owner: mivtooimwtygwz
--

CREATE INDEX "blog_postdocument_post_id_ac9fc16e" ON "public"."blog_postdocument" USING "btree" ("post_id");


--
-- Name: blog_postimages_post_id_93c16f79; Type: INDEX; Schema: public; Owner: mivtooimwtygwz
--

CREATE INDEX "blog_postimages_post_id_93c16f79" ON "public"."blog_postimages" USING "btree" ("post_id");


--
-- Name: blog_postvideos_post_id_6fefcf6b; Type: INDEX; Schema: public; Owner: mivtooimwtygwz
--

CREATE INDEX "blog_postvideos_post_id_6fefcf6b" ON "public"."blog_postvideos" USING "btree" ("post_id");


--
-- Name: blog_team_role_id_8f10eee7; Type: INDEX; Schema: public; Owner: mivtooimwtygwz
--

CREATE INDEX "blog_team_role_id_8f10eee7" ON "public"."blog_team" USING "btree" ("role_id");


--
-- Name: core_user_email_92a71487_like; Type: INDEX; Schema: public; Owner: mivtooimwtygwz
--

CREATE INDEX "core_user_email_92a71487_like" ON "public"."core_user" USING "btree" ("email" "varchar_pattern_ops");


--
-- Name: core_user_groups_group_id_fe8c697f; Type: INDEX; Schema: public; Owner: mivtooimwtygwz
--

CREATE INDEX "core_user_groups_group_id_fe8c697f" ON "public"."core_user_groups" USING "btree" ("group_id");


--
-- Name: core_user_groups_user_id_70b4d9b8; Type: INDEX; Schema: public; Owner: mivtooimwtygwz
--

CREATE INDEX "core_user_groups_user_id_70b4d9b8" ON "public"."core_user_groups" USING "btree" ("user_id");


--
-- Name: core_user_user_permissions_permission_id_35ccf601; Type: INDEX; Schema: public; Owner: mivtooimwtygwz
--

CREATE INDEX "core_user_user_permissions_permission_id_35ccf601" ON "public"."core_user_user_permissions" USING "btree" ("permission_id");


--
-- Name: core_user_user_permissions_user_id_085123d3; Type: INDEX; Schema: public; Owner: mivtooimwtygwz
--

CREATE INDEX "core_user_user_permissions_user_id_085123d3" ON "public"."core_user_user_permissions" USING "btree" ("user_id");


--
-- Name: core_user_username_36e4f7f7_like; Type: INDEX; Schema: public; Owner: mivtooimwtygwz
--

CREATE INDEX "core_user_username_36e4f7f7_like" ON "public"."core_user" USING "btree" ("username" "varchar_pattern_ops");


--
-- Name: django_admin_log_content_type_id_c4bce8eb; Type: INDEX; Schema: public; Owner: mivtooimwtygwz
--

CREATE INDEX "django_admin_log_content_type_id_c4bce8eb" ON "public"."django_admin_log" USING "btree" ("content_type_id");


--
-- Name: django_admin_log_user_id_c564eba6; Type: INDEX; Schema: public; Owner: mivtooimwtygwz
--

CREATE INDEX "django_admin_log_user_id_c564eba6" ON "public"."django_admin_log" USING "btree" ("user_id");


--
-- Name: django_session_expire_date_a5c62663; Type: INDEX; Schema: public; Owner: mivtooimwtygwz
--

CREATE INDEX "django_session_expire_date_a5c62663" ON "public"."django_session" USING "btree" ("expire_date");


--
-- Name: django_session_session_key_c0390e0f_like; Type: INDEX; Schema: public; Owner: mivtooimwtygwz
--

CREATE INDEX "django_session_session_key_c0390e0f_like" ON "public"."django_session" USING "btree" ("session_key" "varchar_pattern_ops");


--
-- Name: auth_group_permissions auth_group_permissio_permission_id_84c5c92e_fk_auth_perm; Type: FK CONSTRAINT; Schema: public; Owner: mivtooimwtygwz
--

ALTER TABLE ONLY "public"."auth_group_permissions"
    ADD CONSTRAINT "auth_group_permissio_permission_id_84c5c92e_fk_auth_perm" FOREIGN KEY ("permission_id") REFERENCES "public"."auth_permission"("id") DEFERRABLE INITIALLY DEFERRED;


--
-- Name: auth_group_permissions auth_group_permissions_group_id_b120cbf9_fk_auth_group_id; Type: FK CONSTRAINT; Schema: public; Owner: mivtooimwtygwz
--

ALTER TABLE ONLY "public"."auth_group_permissions"
    ADD CONSTRAINT "auth_group_permissions_group_id_b120cbf9_fk_auth_group_id" FOREIGN KEY ("group_id") REFERENCES "public"."auth_group"("id") DEFERRABLE INITIALLY DEFERRED;


--
-- Name: auth_permission auth_permission_content_type_id_2f476e4b_fk_django_co; Type: FK CONSTRAINT; Schema: public; Owner: mivtooimwtygwz
--

ALTER TABLE ONLY "public"."auth_permission"
    ADD CONSTRAINT "auth_permission_content_type_id_2f476e4b_fk_django_co" FOREIGN KEY ("content_type_id") REFERENCES "public"."django_content_type"("id") DEFERRABLE INITIALLY DEFERRED;


--
-- Name: blog_association blog_association_district_id_9a47130d_fk_blog_district_id; Type: FK CONSTRAINT; Schema: public; Owner: mivtooimwtygwz
--

ALTER TABLE ONLY "public"."blog_association"
    ADD CONSTRAINT "blog_association_district_id_9a47130d_fk_blog_district_id" FOREIGN KEY ("district_id") REFERENCES "public"."blog_district"("id") DEFERRABLE INITIALLY DEFERRED;


--
-- Name: blog_associationimages blog_associationimag_associaton_id_eb6627dd_fk_blog_asso; Type: FK CONSTRAINT; Schema: public; Owner: mivtooimwtygwz
--

ALTER TABLE ONLY "public"."blog_associationimages"
    ADD CONSTRAINT "blog_associationimag_associaton_id_eb6627dd_fk_blog_asso" FOREIGN KEY ("associaton_id") REFERENCES "public"."blog_association"("id") DEFERRABLE INITIALLY DEFERRED;


--
-- Name: blog_postdocument blog_postdocument_post_id_ac9fc16e_fk_blog_post_id; Type: FK CONSTRAINT; Schema: public; Owner: mivtooimwtygwz
--

ALTER TABLE ONLY "public"."blog_postdocument"
    ADD CONSTRAINT "blog_postdocument_post_id_ac9fc16e_fk_blog_post_id" FOREIGN KEY ("post_id") REFERENCES "public"."blog_post"("id") DEFERRABLE INITIALLY DEFERRED;


--
-- Name: blog_postimages blog_postimages_post_id_93c16f79_fk_blog_post_id; Type: FK CONSTRAINT; Schema: public; Owner: mivtooimwtygwz
--

ALTER TABLE ONLY "public"."blog_postimages"
    ADD CONSTRAINT "blog_postimages_post_id_93c16f79_fk_blog_post_id" FOREIGN KEY ("post_id") REFERENCES "public"."blog_post"("id") DEFERRABLE INITIALLY DEFERRED;


--
-- Name: blog_postvideos blog_postvideos_post_id_6fefcf6b_fk_blog_post_id; Type: FK CONSTRAINT; Schema: public; Owner: mivtooimwtygwz
--

ALTER TABLE ONLY "public"."blog_postvideos"
    ADD CONSTRAINT "blog_postvideos_post_id_6fefcf6b_fk_blog_post_id" FOREIGN KEY ("post_id") REFERENCES "public"."blog_post"("id") DEFERRABLE INITIALLY DEFERRED;


--
-- Name: blog_team blog_team_role_id_8f10eee7_fk_blog_role_id; Type: FK CONSTRAINT; Schema: public; Owner: mivtooimwtygwz
--

ALTER TABLE ONLY "public"."blog_team"
    ADD CONSTRAINT "blog_team_role_id_8f10eee7_fk_blog_role_id" FOREIGN KEY ("role_id") REFERENCES "public"."blog_role"("id") DEFERRABLE INITIALLY DEFERRED;


--
-- Name: core_user_groups core_user_groups_group_id_fe8c697f_fk_auth_group_id; Type: FK CONSTRAINT; Schema: public; Owner: mivtooimwtygwz
--

ALTER TABLE ONLY "public"."core_user_groups"
    ADD CONSTRAINT "core_user_groups_group_id_fe8c697f_fk_auth_group_id" FOREIGN KEY ("group_id") REFERENCES "public"."auth_group"("id") DEFERRABLE INITIALLY DEFERRED;


--
-- Name: core_user_groups core_user_groups_user_id_70b4d9b8_fk_core_user_id; Type: FK CONSTRAINT; Schema: public; Owner: mivtooimwtygwz
--

ALTER TABLE ONLY "public"."core_user_groups"
    ADD CONSTRAINT "core_user_groups_user_id_70b4d9b8_fk_core_user_id" FOREIGN KEY ("user_id") REFERENCES "public"."core_user"("id") DEFERRABLE INITIALLY DEFERRED;


--
-- Name: core_user_user_permissions core_user_user_permi_permission_id_35ccf601_fk_auth_perm; Type: FK CONSTRAINT; Schema: public; Owner: mivtooimwtygwz
--

ALTER TABLE ONLY "public"."core_user_user_permissions"
    ADD CONSTRAINT "core_user_user_permi_permission_id_35ccf601_fk_auth_perm" FOREIGN KEY ("permission_id") REFERENCES "public"."auth_permission"("id") DEFERRABLE INITIALLY DEFERRED;


--
-- Name: core_user_user_permissions core_user_user_permissions_user_id_085123d3_fk_core_user_id; Type: FK CONSTRAINT; Schema: public; Owner: mivtooimwtygwz
--

ALTER TABLE ONLY "public"."core_user_user_permissions"
    ADD CONSTRAINT "core_user_user_permissions_user_id_085123d3_fk_core_user_id" FOREIGN KEY ("user_id") REFERENCES "public"."core_user"("id") DEFERRABLE INITIALLY DEFERRED;


--
-- Name: django_admin_log django_admin_log_content_type_id_c4bce8eb_fk_django_co; Type: FK CONSTRAINT; Schema: public; Owner: mivtooimwtygwz
--

ALTER TABLE ONLY "public"."django_admin_log"
    ADD CONSTRAINT "django_admin_log_content_type_id_c4bce8eb_fk_django_co" FOREIGN KEY ("content_type_id") REFERENCES "public"."django_content_type"("id") DEFERRABLE INITIALLY DEFERRED;


--
-- Name: django_admin_log django_admin_log_user_id_c564eba6_fk_core_user_id; Type: FK CONSTRAINT; Schema: public; Owner: mivtooimwtygwz
--

ALTER TABLE ONLY "public"."django_admin_log"
    ADD CONSTRAINT "django_admin_log_user_id_c564eba6_fk_core_user_id" FOREIGN KEY ("user_id") REFERENCES "public"."core_user"("id") DEFERRABLE INITIALLY DEFERRED;


--
-- PostgreSQL database dump complete
--

