--
-- PostgreSQL database dump
--

-- Dumped from database version 13.10 (Ubuntu 13.10-1.pgdg22.04+1)
-- Dumped by pg_dump version 13.10 (Ubuntu 13.10-1.pgdg22.04+1)

SET statement_timeout = 0;
SET lock_timeout = 0;
SET idle_in_transaction_session_timeout = 0;
SET client_encoding = 'UTF8';
SET standard_conforming_strings = on;
SELECT pg_catalog.set_config('search_path', '', false);
SET check_function_bodies = false;
SET xmloption = content;
SET client_min_messages = warning;
SET row_security = off;

SET default_tablespace = '';

SET default_table_access_method = heap;

--
-- Name: auth_group; Type: TABLE; Schema: public; Owner: bm_root
--

CREATE TABLE public.auth_group (
    id integer NOT NULL,
    name character varying(150) NOT NULL
);


ALTER TABLE public.auth_group OWNER TO bm_root;

--
-- Name: auth_group_id_seq; Type: SEQUENCE; Schema: public; Owner: bm_root
--

ALTER TABLE public.auth_group ALTER COLUMN id ADD GENERATED BY DEFAULT AS IDENTITY (
    SEQUENCE NAME public.auth_group_id_seq
    START WITH 1
    INCREMENT BY 1
    NO MINVALUE
    NO MAXVALUE
    CACHE 1
);


--
-- Name: auth_group_permissions; Type: TABLE; Schema: public; Owner: bm_root
--

CREATE TABLE public.auth_group_permissions (
    id bigint NOT NULL,
    group_id integer NOT NULL,
    permission_id integer NOT NULL
);


ALTER TABLE public.auth_group_permissions OWNER TO bm_root;

--
-- Name: auth_group_permissions_id_seq; Type: SEQUENCE; Schema: public; Owner: bm_root
--

ALTER TABLE public.auth_group_permissions ALTER COLUMN id ADD GENERATED BY DEFAULT AS IDENTITY (
    SEQUENCE NAME public.auth_group_permissions_id_seq
    START WITH 1
    INCREMENT BY 1
    NO MINVALUE
    NO MAXVALUE
    CACHE 1
);


--
-- Name: auth_permission; Type: TABLE; Schema: public; Owner: bm_root
--

CREATE TABLE public.auth_permission (
    id integer NOT NULL,
    name character varying(255) NOT NULL,
    content_type_id integer NOT NULL,
    codename character varying(100) NOT NULL
);


ALTER TABLE public.auth_permission OWNER TO bm_root;

--
-- Name: auth_permission_id_seq; Type: SEQUENCE; Schema: public; Owner: bm_root
--

ALTER TABLE public.auth_permission ALTER COLUMN id ADD GENERATED BY DEFAULT AS IDENTITY (
    SEQUENCE NAME public.auth_permission_id_seq
    START WITH 1
    INCREMENT BY 1
    NO MINVALUE
    NO MAXVALUE
    CACHE 1
);


--
-- Name: blog_imagestour; Type: TABLE; Schema: public; Owner: bm_root
--

CREATE TABLE public.blog_imagestour (
    id bigint NOT NULL,
    image character varying(100) NOT NULL,
    tour_id bigint NOT NULL
);


ALTER TABLE public.blog_imagestour OWNER TO bm_root;

--
-- Name: blog_imagestour_id_seq; Type: SEQUENCE; Schema: public; Owner: bm_root
--

ALTER TABLE public.blog_imagestour ALTER COLUMN id ADD GENERATED BY DEFAULT AS IDENTITY (
    SEQUENCE NAME public.blog_imagestour_id_seq
    START WITH 1
    INCREMENT BY 1
    NO MINVALUE
    NO MAXVALUE
    CACHE 1
);


--
-- Name: blog_information; Type: TABLE; Schema: public; Owner: bm_root
--

CREATE TABLE public.blog_information (
    id bigint NOT NULL,
    information text NOT NULL,
    question character varying(255) NOT NULL,
    service_id bigint NOT NULL
);


ALTER TABLE public.blog_information OWNER TO bm_root;

--
-- Name: blog_information_id_seq; Type: SEQUENCE; Schema: public; Owner: bm_root
--

ALTER TABLE public.blog_information ALTER COLUMN id ADD GENERATED BY DEFAULT AS IDENTITY (
    SEQUENCE NAME public.blog_information_id_seq
    START WITH 1
    INCREMENT BY 1
    NO MINVALUE
    NO MAXVALUE
    CACHE 1
);


--
-- Name: blog_messages; Type: TABLE; Schema: public; Owner: bm_root
--

CREATE TABLE public.blog_messages (
    id bigint NOT NULL,
    name character varying(255) NOT NULL,
    text text NOT NULL,
    sent boolean NOT NULL,
    date timestamp with time zone,
    subject_id bigint NOT NULL,
    whatsapp character varying(255) NOT NULL
);


ALTER TABLE public.blog_messages OWNER TO bm_root;

--
-- Name: blog_messages_id_seq; Type: SEQUENCE; Schema: public; Owner: bm_root
--

ALTER TABLE public.blog_messages ALTER COLUMN id ADD GENERATED BY DEFAULT AS IDENTITY (
    SEQUENCE NAME public.blog_messages_id_seq
    START WITH 1
    INCREMENT BY 1
    NO MINVALUE
    NO MAXVALUE
    CACHE 1
);


--
-- Name: blog_post; Type: TABLE; Schema: public; Owner: bm_root
--

CREATE TABLE public.blog_post (
    id bigint NOT NULL,
    title character varying(255) NOT NULL,
    slug character varying(255),
    picture character varying(100) NOT NULL,
    text_file character varying(100),
    active boolean NOT NULL,
    date timestamp with time zone NOT NULL,
    user_id bigint NOT NULL
);


ALTER TABLE public.blog_post OWNER TO bm_root;

--
-- Name: blog_post_id_seq; Type: SEQUENCE; Schema: public; Owner: bm_root
--

ALTER TABLE public.blog_post ALTER COLUMN id ADD GENERATED BY DEFAULT AS IDENTITY (
    SEQUENCE NAME public.blog_post_id_seq
    START WITH 1
    INCREMENT BY 1
    NO MINVALUE
    NO MAXVALUE
    CACHE 1
);


--
-- Name: blog_postdocument; Type: TABLE; Schema: public; Owner: bm_root
--

CREATE TABLE public.blog_postdocument (
    id bigint NOT NULL,
    document character varying(100) NOT NULL,
    post_id bigint NOT NULL
);


ALTER TABLE public.blog_postdocument OWNER TO bm_root;

--
-- Name: blog_postdocument_id_seq; Type: SEQUENCE; Schema: public; Owner: bm_root
--

ALTER TABLE public.blog_postdocument ALTER COLUMN id ADD GENERATED BY DEFAULT AS IDENTITY (
    SEQUENCE NAME public.blog_postdocument_id_seq
    START WITH 1
    INCREMENT BY 1
    NO MINVALUE
    NO MAXVALUE
    CACHE 1
);


--
-- Name: blog_postfile; Type: TABLE; Schema: public; Owner: bm_root
--

CREATE TABLE public.blog_postfile (
    id bigint NOT NULL,
    file character varying(100) NOT NULL
);


ALTER TABLE public.blog_postfile OWNER TO bm_root;

--
-- Name: blog_postfile_id_seq; Type: SEQUENCE; Schema: public; Owner: bm_root
--

ALTER TABLE public.blog_postfile ALTER COLUMN id ADD GENERATED BY DEFAULT AS IDENTITY (
    SEQUENCE NAME public.blog_postfile_id_seq
    START WITH 1
    INCREMENT BY 1
    NO MINVALUE
    NO MAXVALUE
    CACHE 1
);


--
-- Name: blog_postimages; Type: TABLE; Schema: public; Owner: bm_root
--

CREATE TABLE public.blog_postimages (
    id bigint NOT NULL,
    picture character varying(100) NOT NULL,
    post_id bigint NOT NULL
);


ALTER TABLE public.blog_postimages OWNER TO bm_root;

--
-- Name: blog_postimages_id_seq; Type: SEQUENCE; Schema: public; Owner: bm_root
--

ALTER TABLE public.blog_postimages ALTER COLUMN id ADD GENERATED BY DEFAULT AS IDENTITY (
    SEQUENCE NAME public.blog_postimages_id_seq
    START WITH 1
    INCREMENT BY 1
    NO MINVALUE
    NO MAXVALUE
    CACHE 1
);


--
-- Name: blog_postvideos; Type: TABLE; Schema: public; Owner: bm_root
--

CREATE TABLE public.blog_postvideos (
    id bigint NOT NULL,
    video character varying(200) NOT NULL,
    post_id bigint NOT NULL
);


ALTER TABLE public.blog_postvideos OWNER TO bm_root;

--
-- Name: blog_postvideos_id_seq; Type: SEQUENCE; Schema: public; Owner: bm_root
--

ALTER TABLE public.blog_postvideos ALTER COLUMN id ADD GENERATED BY DEFAULT AS IDENTITY (
    SEQUENCE NAME public.blog_postvideos_id_seq
    START WITH 1
    INCREMENT BY 1
    NO MINVALUE
    NO MAXVALUE
    CACHE 1
);


--
-- Name: blog_role; Type: TABLE; Schema: public; Owner: bm_root
--

CREATE TABLE public.blog_role (
    id bigint NOT NULL,
    title character varying(255) NOT NULL
);


ALTER TABLE public.blog_role OWNER TO bm_root;

--
-- Name: blog_role_id_seq; Type: SEQUENCE; Schema: public; Owner: bm_root
--

ALTER TABLE public.blog_role ALTER COLUMN id ADD GENERATED BY DEFAULT AS IDENTITY (
    SEQUENCE NAME public.blog_role_id_seq
    START WITH 1
    INCREMENT BY 1
    NO MINVALUE
    NO MAXVALUE
    CACHE 1
);


--
-- Name: blog_secreatarysection; Type: TABLE; Schema: public; Owner: bm_root
--

CREATE TABLE public.blog_secreatarysection (
    id bigint NOT NULL,
    secretary_id bigint NOT NULL,
    section_id bigint NOT NULL
);


ALTER TABLE public.blog_secreatarysection OWNER TO bm_root;

--
-- Name: blog_secreatarysection_id_seq; Type: SEQUENCE; Schema: public; Owner: bm_root
--

ALTER TABLE public.blog_secreatarysection ALTER COLUMN id ADD GENERATED BY DEFAULT AS IDENTITY (
    SEQUENCE NAME public.blog_secreatarysection_id_seq
    START WITH 1
    INCREMENT BY 1
    NO MINVALUE
    NO MAXVALUE
    CACHE 1
);


--
-- Name: blog_secretary; Type: TABLE; Schema: public; Owner: bm_root
--

CREATE TABLE public.blog_secretary (
    id bigint NOT NULL,
    user_id bigint NOT NULL
);


ALTER TABLE public.blog_secretary OWNER TO bm_root;

--
-- Name: blog_secretary_id_seq; Type: SEQUENCE; Schema: public; Owner: bm_root
--

ALTER TABLE public.blog_secretary ALTER COLUMN id ADD GENERATED BY DEFAULT AS IDENTITY (
    SEQUENCE NAME public.blog_secretary_id_seq
    START WITH 1
    INCREMENT BY 1
    NO MINVALUE
    NO MAXVALUE
    CACHE 1
);


--
-- Name: blog_section; Type: TABLE; Schema: public; Owner: bm_root
--

CREATE TABLE public.blog_section (
    id bigint NOT NULL,
    title character varying(255) NOT NULL
);


ALTER TABLE public.blog_section OWNER TO bm_root;

--
-- Name: blog_section_id_seq; Type: SEQUENCE; Schema: public; Owner: bm_root
--

ALTER TABLE public.blog_section ALTER COLUMN id ADD GENERATED BY DEFAULT AS IDENTITY (
    SEQUENCE NAME public.blog_section_id_seq
    START WITH 1
    INCREMENT BY 1
    NO MINVALUE
    NO MAXVALUE
    CACHE 1
);


--
-- Name: blog_service; Type: TABLE; Schema: public; Owner: bm_root
--

CREATE TABLE public.blog_service (
    id bigint NOT NULL,
    name character varying(255) NOT NULL,
    slug character varying(255) NOT NULL,
    picture character varying(100),
    description text NOT NULL
);


ALTER TABLE public.blog_service OWNER TO bm_root;

--
-- Name: blog_service_id_seq; Type: SEQUENCE; Schema: public; Owner: bm_root
--

ALTER TABLE public.blog_service ALTER COLUMN id ADD GENERATED BY DEFAULT AS IDENTITY (
    SEQUENCE NAME public.blog_service_id_seq
    START WITH 1
    INCREMENT BY 1
    NO MINVALUE
    NO MAXVALUE
    CACHE 1
);


--
-- Name: blog_team; Type: TABLE; Schema: public; Owner: bm_root
--

CREATE TABLE public.blog_team (
    id bigint NOT NULL,
    name character varying(255) NOT NULL,
    image character varying(100),
    role_id bigint NOT NULL
);


ALTER TABLE public.blog_team OWNER TO bm_root;

--
-- Name: blog_team_id_seq; Type: SEQUENCE; Schema: public; Owner: bm_root
--

ALTER TABLE public.blog_team ALTER COLUMN id ADD GENERATED BY DEFAULT AS IDENTITY (
    SEQUENCE NAME public.blog_team_id_seq
    START WITH 1
    INCREMENT BY 1
    NO MINVALUE
    NO MAXVALUE
    CACHE 1
);


--
-- Name: blog_tour; Type: TABLE; Schema: public; Owner: bm_root
--

CREATE TABLE public.blog_tour (
    id bigint NOT NULL,
    title character varying(255) NOT NULL,
    slug character varying(255) NOT NULL,
    description text NOT NULL,
    location character varying(200) NOT NULL,
    date timestamp with time zone,
    active boolean NOT NULL
);


ALTER TABLE public.blog_tour OWNER TO bm_root;

--
-- Name: blog_tour_id_seq; Type: SEQUENCE; Schema: public; Owner: bm_root
--

ALTER TABLE public.blog_tour ALTER COLUMN id ADD GENERATED BY DEFAULT AS IDENTITY (
    SEQUENCE NAME public.blog_tour_id_seq
    START WITH 1
    INCREMENT BY 1
    NO MINVALUE
    NO MAXVALUE
    CACHE 1
);


--
-- Name: certificates_biuldingtype; Type: TABLE; Schema: public; Owner: bm_root
--

CREATE TABLE public.certificates_biuldingtype (
    id bigint NOT NULL,
    name character varying(255) NOT NULL,
    prefix character varying(255)
);


ALTER TABLE public.certificates_biuldingtype OWNER TO bm_root;

--
-- Name: certificates_biuldingtype_id_seq; Type: SEQUENCE; Schema: public; Owner: bm_root
--

ALTER TABLE public.certificates_biuldingtype ALTER COLUMN id ADD GENERATED BY DEFAULT AS IDENTITY (
    SEQUENCE NAME public.certificates_biuldingtype_id_seq
    START WITH 1
    INCREMENT BY 1
    NO MINVALUE
    NO MAXVALUE
    CACHE 1
);


--
-- Name: certificates_cemiterio; Type: TABLE; Schema: public; Owner: bm_root
--

CREATE TABLE public.certificates_cemiterio (
    id bigint NOT NULL,
    name character varying(255) NOT NULL,
    county_id bigint NOT NULL
);


ALTER TABLE public.certificates_cemiterio OWNER TO bm_root;

--
-- Name: certificates_cemiterio_id_seq; Type: SEQUENCE; Schema: public; Owner: bm_root
--

ALTER TABLE public.certificates_cemiterio ALTER COLUMN id ADD GENERATED BY DEFAULT AS IDENTITY (
    SEQUENCE NAME public.certificates_cemiterio_id_seq
    START WITH 1
    INCREMENT BY 1
    NO MINVALUE
    NO MAXVALUE
    CACHE 1
);


--
-- Name: certificates_certificate; Type: TABLE; Schema: public; Owner: bm_root
--

CREATE TABLE public.certificates_certificate (
    id bigint NOT NULL,
    number character varying(255) NOT NULL,
    date_issue timestamp with time zone NOT NULL,
    text text NOT NULL,
    main_person_id bigint NOT NULL,
    secondary_person_id bigint,
    type_id bigint NOT NULL,
    house_id bigint,
    file character varying(100),
    status character varying(1) NOT NULL,
    atestado_state integer,
    obs text,
    type1 integer
);


ALTER TABLE public.certificates_certificate OWNER TO bm_root;

--
-- Name: certificates_certificate_id_seq; Type: SEQUENCE; Schema: public; Owner: bm_root
--

ALTER TABLE public.certificates_certificate ALTER COLUMN id ADD GENERATED BY DEFAULT AS IDENTITY (
    SEQUENCE NAME public.certificates_certificate_id_seq
    START WITH 1
    INCREMENT BY 1
    NO MINVALUE
    NO MAXVALUE
    CACHE 1
);


--
-- Name: certificates_certificatedata; Type: TABLE; Schema: public; Owner: bm_root
--

CREATE TABLE public.certificates_certificatedata (
    id bigint NOT NULL,
    house_id bigint NOT NULL,
    certificate_id bigint NOT NULL
);


ALTER TABLE public.certificates_certificatedata OWNER TO bm_root;

--
-- Name: certificates_certificatedata_id_seq; Type: SEQUENCE; Schema: public; Owner: bm_root
--

ALTER TABLE public.certificates_certificatedata ALTER COLUMN id ADD GENERATED BY DEFAULT AS IDENTITY (
    SEQUENCE NAME public.certificates_certificatedata_id_seq
    START WITH 1
    INCREMENT BY 1
    NO MINVALUE
    NO MAXVALUE
    CACHE 1
);


--
-- Name: certificates_certificatedate; Type: TABLE; Schema: public; Owner: bm_root
--

CREATE TABLE public.certificates_certificatedate (
    id bigint NOT NULL,
    date date NOT NULL,
    type_id bigint NOT NULL
);


ALTER TABLE public.certificates_certificatedate OWNER TO bm_root;

--
-- Name: certificates_certificatedate_id_seq; Type: SEQUENCE; Schema: public; Owner: bm_root
--

ALTER TABLE public.certificates_certificatedate ALTER COLUMN id ADD GENERATED BY DEFAULT AS IDENTITY (
    SEQUENCE NAME public.certificates_certificatedate_id_seq
    START WITH 1
    INCREMENT BY 1
    NO MINVALUE
    NO MAXVALUE
    CACHE 1
);


--
-- Name: certificates_certificatesimpleparent; Type: TABLE; Schema: public; Owner: bm_root
--

CREATE TABLE public.certificates_certificatesimpleparent (
    id bigint NOT NULL,
    name character varying(255) NOT NULL,
    birth_date date NOT NULL,
    parent_id bigint NOT NULL,
    type_id bigint NOT NULL
);


ALTER TABLE public.certificates_certificatesimpleparent OWNER TO bm_root;

--
-- Name: certificates_certificatesimplefamily_id_seq; Type: SEQUENCE; Schema: public; Owner: bm_root
--

ALTER TABLE public.certificates_certificatesimpleparent ALTER COLUMN id ADD GENERATED BY DEFAULT AS IDENTITY (
    SEQUENCE NAME public.certificates_certificatesimplefamily_id_seq
    START WITH 1
    INCREMENT BY 1
    NO MINVALUE
    NO MAXVALUE
    CACHE 1
);


--
-- Name: certificates_certificatesimpleperson; Type: TABLE; Schema: public; Owner: bm_root
--

CREATE TABLE public.certificates_certificatesimpleperson (
    id bigint NOT NULL,
    name character varying(255) NOT NULL,
    gender character varying(1) NOT NULL,
    birth_date date NOT NULL,
    type_id bigint NOT NULL
);


ALTER TABLE public.certificates_certificatesimpleperson OWNER TO bm_root;

--
-- Name: certificates_certificatesimpleperson_id_seq; Type: SEQUENCE; Schema: public; Owner: bm_root
--

ALTER TABLE public.certificates_certificatesimpleperson ALTER COLUMN id ADD GENERATED BY DEFAULT AS IDENTITY (
    SEQUENCE NAME public.certificates_certificatesimpleperson_id_seq
    START WITH 1
    INCREMENT BY 1
    NO MINVALUE
    NO MAXVALUE
    CACHE 1
);


--
-- Name: certificates_certificatesingleperson; Type: TABLE; Schema: public; Owner: bm_root
--

CREATE TABLE public.certificates_certificatesingleperson (
    id bigint NOT NULL,
    name character varying(255) NOT NULL,
    gender character varying(1) NOT NULL,
    type_id bigint NOT NULL
);


ALTER TABLE public.certificates_certificatesingleperson OWNER TO bm_root;

--
-- Name: certificates_certificatesingleperson_id_seq; Type: SEQUENCE; Schema: public; Owner: bm_root
--

ALTER TABLE public.certificates_certificatesingleperson ALTER COLUMN id ADD GENERATED BY DEFAULT AS IDENTITY (
    SEQUENCE NAME public.certificates_certificatesingleperson_id_seq
    START WITH 1
    INCREMENT BY 1
    NO MINVALUE
    NO MAXVALUE
    CACHE 1
);


--
-- Name: certificates_certificatetitle; Type: TABLE; Schema: public; Owner: bm_root
--

CREATE TABLE public.certificates_certificatetitle (
    id bigint NOT NULL,
    name character varying(255) NOT NULL,
    type_price numeric(12,2) NOT NULL,
    goal character varying(255),
    certificate_type_id bigint NOT NULL,
    slug character varying(255)
);


ALTER TABLE public.certificates_certificatetitle OWNER TO bm_root;

--
-- Name: certificates_certificatetitle_id_seq; Type: SEQUENCE; Schema: public; Owner: bm_root
--

ALTER TABLE public.certificates_certificatetitle ALTER COLUMN id ADD GENERATED BY DEFAULT AS IDENTITY (
    SEQUENCE NAME public.certificates_certificatetitle_id_seq
    START WITH 1
    INCREMENT BY 1
    NO MINVALUE
    NO MAXVALUE
    CACHE 1
);


--
-- Name: certificates_certificatetypes; Type: TABLE; Schema: public; Owner: bm_root
--

CREATE TABLE public.certificates_certificatetypes (
    id bigint NOT NULL,
    name character varying(255) NOT NULL,
    gender character varying(1) NOT NULL,
    slug character varying(255)
);


ALTER TABLE public.certificates_certificatetypes OWNER TO bm_root;

--
-- Name: certificates_certificatetypes_id_seq; Type: SEQUENCE; Schema: public; Owner: bm_root
--

ALTER TABLE public.certificates_certificatetypes ALTER COLUMN id ADD GENERATED BY DEFAULT AS IDENTITY (
    SEQUENCE NAME public.certificates_certificatetypes_id_seq
    START WITH 1
    INCREMENT BY 1
    NO MINVALUE
    NO MAXVALUE
    CACHE 1
);


--
-- Name: certificates_change; Type: TABLE; Schema: public; Owner: bm_root
--

CREATE TABLE public.certificates_change (
    id bigint NOT NULL,
    name character varying(255) NOT NULL,
    price numeric(6,2) NOT NULL
);


ALTER TABLE public.certificates_change OWNER TO bm_root;

--
-- Name: certificates_change_id_seq; Type: SEQUENCE; Schema: public; Owner: bm_root
--

ALTER TABLE public.certificates_change ALTER COLUMN id ADD GENERATED BY DEFAULT AS IDENTITY (
    SEQUENCE NAME public.certificates_change_id_seq
    START WITH 1
    INCREMENT BY 1
    NO MINVALUE
    NO MAXVALUE
    CACHE 1
);


--
-- Name: certificates_country; Type: TABLE; Schema: public; Owner: bm_root
--

CREATE TABLE public.certificates_country (
    id bigint NOT NULL,
    name character varying(255) NOT NULL,
    slug character varying(255) NOT NULL,
    code integer
);


ALTER TABLE public.certificates_country OWNER TO bm_root;

--
-- Name: certificates_country_id_seq; Type: SEQUENCE; Schema: public; Owner: bm_root
--

ALTER TABLE public.certificates_country ALTER COLUMN id ADD GENERATED BY DEFAULT AS IDENTITY (
    SEQUENCE NAME public.certificates_country_id_seq
    START WITH 1
    INCREMENT BY 1
    NO MINVALUE
    NO MAXVALUE
    CACHE 1
);


--
-- Name: certificates_county; Type: TABLE; Schema: public; Owner: bm_root
--

CREATE TABLE public.certificates_county (
    id bigint NOT NULL,
    name character varying(255) NOT NULL,
    slug character varying(255) NOT NULL,
    country_id bigint NOT NULL
);


ALTER TABLE public.certificates_county OWNER TO bm_root;

--
-- Name: certificates_county_id_seq; Type: SEQUENCE; Schema: public; Owner: bm_root
--

ALTER TABLE public.certificates_county ALTER COLUMN id ADD GENERATED BY DEFAULT AS IDENTITY (
    SEQUENCE NAME public.certificates_county_id_seq
    START WITH 1
    INCREMENT BY 1
    NO MINVALUE
    NO MAXVALUE
    CACHE 1
);


--
-- Name: certificates_coval; Type: TABLE; Schema: public; Owner: bm_root
--

CREATE TABLE public.certificates_coval (
    id bigint NOT NULL,
    nick_number character varying(255) NOT NULL,
    number character varying(255),
    name character varying(255),
    date_used date NOT NULL,
    date_of_deth date,
    gender character varying(1) NOT NULL,
    square character varying(1) NOT NULL,
    closed boolean NOT NULL,
    selled boolean NOT NULL,
    cemiterio_id bigint NOT NULL
);


ALTER TABLE public.certificates_coval OWNER TO bm_root;

--
-- Name: certificates_coval_id_seq; Type: SEQUENCE; Schema: public; Owner: bm_root
--

ALTER TABLE public.certificates_coval ALTER COLUMN id ADD GENERATED BY DEFAULT AS IDENTITY (
    SEQUENCE NAME public.certificates_coval_id_seq
    START WITH 1
    INCREMENT BY 1
    NO MINVALUE
    NO MAXVALUE
    CACHE 1
);


--
-- Name: certificates_covalsalles; Type: TABLE; Schema: public; Owner: bm_root
--

CREATE TABLE public.certificates_covalsalles (
    id bigint NOT NULL,
    coval_id bigint NOT NULL,
    person_id bigint NOT NULL
);


ALTER TABLE public.certificates_covalsalles OWNER TO bm_root;

--
-- Name: certificates_covalsalles_id_seq; Type: SEQUENCE; Schema: public; Owner: bm_root
--

ALTER TABLE public.certificates_covalsalles ALTER COLUMN id ADD GENERATED BY DEFAULT AS IDENTITY (
    SEQUENCE NAME public.certificates_covalsalles_id_seq
    START WITH 1
    INCREMENT BY 1
    NO MINVALUE
    NO MAXVALUE
    CACHE 1
);


--
-- Name: certificates_customer; Type: TABLE; Schema: public; Owner: bm_root
--

CREATE TABLE public.certificates_customer (
    id bigint NOT NULL,
    user_id bigint NOT NULL,
    level integer NOT NULL
);


ALTER TABLE public.certificates_customer OWNER TO bm_root;

--
-- Name: certificates_customer_id_seq; Type: SEQUENCE; Schema: public; Owner: bm_root
--

ALTER TABLE public.certificates_customer ALTER COLUMN id ADD GENERATED BY DEFAULT AS IDENTITY (
    SEQUENCE NAME public.certificates_customer_id_seq
    START WITH 1
    INCREMENT BY 1
    NO MINVALUE
    NO MAXVALUE
    CACHE 1
);


--
-- Name: certificates_house; Type: TABLE; Schema: public; Owner: bm_root
--

CREATE TABLE public.certificates_house (
    id bigint NOT NULL,
    house_number character varying(255),
    street_id bigint NOT NULL
);


ALTER TABLE public.certificates_house OWNER TO bm_root;

--
-- Name: certificates_house_id_seq; Type: SEQUENCE; Schema: public; Owner: bm_root
--

ALTER TABLE public.certificates_house ALTER COLUMN id ADD GENERATED BY DEFAULT AS IDENTITY (
    SEQUENCE NAME public.certificates_house_id_seq
    START WITH 1
    INCREMENT BY 1
    NO MINVALUE
    NO MAXVALUE
    CACHE 1
);


--
-- Name: certificates_idtype; Type: TABLE; Schema: public; Owner: bm_root
--

CREATE TABLE public.certificates_idtype (
    id bigint NOT NULL,
    name character varying(255) NOT NULL
);


ALTER TABLE public.certificates_idtype OWNER TO bm_root;

--
-- Name: certificates_idtype_id_seq; Type: SEQUENCE; Schema: public; Owner: bm_root
--

ALTER TABLE public.certificates_idtype ALTER COLUMN id ADD GENERATED BY DEFAULT AS IDENTITY (
    SEQUENCE NAME public.certificates_idtype_id_seq
    START WITH 1
    INCREMENT BY 1
    NO MINVALUE
    NO MAXVALUE
    CACHE 1
);


--
-- Name: certificates_ifen; Type: TABLE; Schema: public; Owner: bm_root
--

CREATE TABLE public.certificates_ifen (
    id bigint NOT NULL,
    name character varying(255) NOT NULL,
    size integer NOT NULL
);


ALTER TABLE public.certificates_ifen OWNER TO bm_root;

--
-- Name: certificates_ifen_id_seq; Type: SEQUENCE; Schema: public; Owner: bm_root
--

ALTER TABLE public.certificates_ifen ALTER COLUMN id ADD GENERATED BY DEFAULT AS IDENTITY (
    SEQUENCE NAME public.certificates_ifen_id_seq
    START WITH 1
    INCREMENT BY 1
    NO MINVALUE
    NO MAXVALUE
    CACHE 1
);


--
-- Name: certificates_instituition; Type: TABLE; Schema: public; Owner: bm_root
--

CREATE TABLE public.certificates_instituition (
    id bigint NOT NULL,
    name character varying(255) NOT NULL
);


ALTER TABLE public.certificates_instituition OWNER TO bm_root;

--
-- Name: certificates_institution_id_seq; Type: SEQUENCE; Schema: public; Owner: bm_root
--

ALTER TABLE public.certificates_instituition ALTER COLUMN id ADD GENERATED BY DEFAULT AS IDENTITY (
    SEQUENCE NAME public.certificates_institution_id_seq
    START WITH 1
    INCREMENT BY 1
    NO MINVALUE
    NO MAXVALUE
    CACHE 1
);


--
-- Name: certificates_messages; Type: TABLE; Schema: public; Owner: bm_root
--

CREATE TABLE public.certificates_messages (
    id bigint NOT NULL,
    name character varying(255) NOT NULL,
    email character varying(255) NOT NULL,
    text text NOT NULL,
    sent boolean NOT NULL,
    date timestamp with time zone
);


ALTER TABLE public.certificates_messages OWNER TO bm_root;

--
-- Name: certificates_messages_id_seq; Type: SEQUENCE; Schema: public; Owner: bm_root
--

ALTER TABLE public.certificates_messages ALTER COLUMN id ADD GENERATED BY DEFAULT AS IDENTITY (
    SEQUENCE NAME public.certificates_messages_id_seq
    START WITH 1
    INCREMENT BY 1
    NO MINVALUE
    NO MAXVALUE
    CACHE 1
);


--
-- Name: certificates_parent; Type: TABLE; Schema: public; Owner: bm_root
--

CREATE TABLE public.certificates_parent (
    id bigint NOT NULL,
    title character varying(255) NOT NULL,
    in_plural character varying(255) NOT NULL,
    in_plural_mix character varying(255) NOT NULL,
    gender character varying(1) NOT NULL,
    degree integer NOT NULL
);


ALTER TABLE public.certificates_parent OWNER TO bm_root;

--
-- Name: certificates_parents_id_seq; Type: SEQUENCE; Schema: public; Owner: bm_root
--

ALTER TABLE public.certificates_parent ALTER COLUMN id ADD GENERATED BY DEFAULT AS IDENTITY (
    SEQUENCE NAME public.certificates_parents_id_seq
    START WITH 1
    INCREMENT BY 1
    NO MINVALUE
    NO MAXVALUE
    CACHE 1
);


--
-- Name: certificates_person; Type: TABLE; Schema: public; Owner: bm_root
--

CREATE TABLE public.certificates_person (
    id bigint NOT NULL,
    name character varying(255) NOT NULL,
    surname character varying(255) NOT NULL,
    birth_date date,
    id_number character varying(255) NOT NULL,
    id_issue_local_id bigint NOT NULL,
    id_issue_date date,
    id_expire_date date NOT NULL,
    father_name character varying(255),
    mother_name character varying(255),
    status character varying(1),
    gender character varying(1),
    address_id bigint NOT NULL,
    id_issue_country_id bigint NOT NULL,
    id_type_id bigint NOT NULL,
    birth_address_id bigint,
    nationality_id bigint NOT NULL,
    bi_estado integer,
    bi_nasc_loc integer,
    bi_sexo integer,
    birth_day integer,
    birth_month integer,
    birth_year integer,
    id_issue_day date,
    id_issue_month date,
    id_issue_year date
);


ALTER TABLE public.certificates_person OWNER TO bm_root;

--
-- Name: certificates_person_id_seq; Type: SEQUENCE; Schema: public; Owner: bm_root
--

ALTER TABLE public.certificates_person ALTER COLUMN id ADD GENERATED BY DEFAULT AS IDENTITY (
    SEQUENCE NAME public.certificates_person_id_seq
    START WITH 1
    INCREMENT BY 1
    NO MINVALUE
    NO MAXVALUE
    CACHE 1
);


--
-- Name: certificates_personbirthaddress; Type: TABLE; Schema: public; Owner: bm_root
--

CREATE TABLE public.certificates_personbirthaddress (
    id bigint NOT NULL,
    birth_country_id bigint NOT NULL,
    birth_county_id bigint,
    birth_street_id bigint,
    birth_town_id bigint
);


ALTER TABLE public.certificates_personbirthaddress OWNER TO bm_root;

--
-- Name: certificates_personbirthaddress_id_seq; Type: SEQUENCE; Schema: public; Owner: bm_root
--

ALTER TABLE public.certificates_personbirthaddress ALTER COLUMN id ADD GENERATED BY DEFAULT AS IDENTITY (
    SEQUENCE NAME public.certificates_personbirthaddress_id_seq
    START WITH 1
    INCREMENT BY 1
    NO MINVALUE
    NO MAXVALUE
    CACHE 1
);


--
-- Name: certificates_street; Type: TABLE; Schema: public; Owner: bm_root
--

CREATE TABLE public.certificates_street (
    id bigint NOT NULL,
    name character varying(255) NOT NULL,
    slug character varying(255) NOT NULL,
    town_id bigint
);


ALTER TABLE public.certificates_street OWNER TO bm_root;

--
-- Name: certificates_street_id_seq; Type: SEQUENCE; Schema: public; Owner: bm_root
--

ALTER TABLE public.certificates_street ALTER COLUMN id ADD GENERATED BY DEFAULT AS IDENTITY (
    SEQUENCE NAME public.certificates_street_id_seq
    START WITH 1
    INCREMENT BY 1
    NO MINVALUE
    NO MAXVALUE
    CACHE 1
);


--
-- Name: certificates_town; Type: TABLE; Schema: public; Owner: bm_root
--

CREATE TABLE public.certificates_town (
    id bigint NOT NULL,
    name character varying(255) NOT NULL,
    slug character varying(255) NOT NULL,
    county_id bigint
);


ALTER TABLE public.certificates_town OWNER TO bm_root;

--
-- Name: certificates_town_id_seq; Type: SEQUENCE; Schema: public; Owner: bm_root
--

ALTER TABLE public.certificates_town ALTER COLUMN id ADD GENERATED BY DEFAULT AS IDENTITY (
    SEQUENCE NAME public.certificates_town_id_seq
    START WITH 1
    INCREMENT BY 1
    NO MINVALUE
    NO MAXVALUE
    CACHE 1
);


--
-- Name: certificates_university; Type: TABLE; Schema: public; Owner: bm_root
--

CREATE TABLE public.certificates_university (
    id bigint NOT NULL,
    name character varying(255) NOT NULL
);


ALTER TABLE public.certificates_university OWNER TO bm_root;

--
-- Name: certificates_university_id_seq; Type: SEQUENCE; Schema: public; Owner: bm_root
--

ALTER TABLE public.certificates_university ALTER COLUMN id ADD GENERATED BY DEFAULT AS IDENTITY (
    SEQUENCE NAME public.certificates_university_id_seq
    START WITH 1
    INCREMENT BY 1
    NO MINVALUE
    NO MAXVALUE
    CACHE 1
);


--
-- Name: core_user; Type: TABLE; Schema: public; Owner: bm_root
--

CREATE TABLE public.core_user (
    id bigint NOT NULL,
    password character varying(128) NOT NULL,
    last_login timestamp with time zone,
    is_superuser boolean NOT NULL,
    username character varying(150) NOT NULL,
    first_name character varying(150) NOT NULL,
    last_name character varying(150) NOT NULL,
    is_staff boolean NOT NULL,
    is_active boolean NOT NULL,
    date_joined timestamp with time zone NOT NULL,
    email character varying(254) NOT NULL
);


ALTER TABLE public.core_user OWNER TO bm_root;

--
-- Name: core_user_groups; Type: TABLE; Schema: public; Owner: bm_root
--

CREATE TABLE public.core_user_groups (
    id bigint NOT NULL,
    user_id bigint NOT NULL,
    group_id integer NOT NULL
);


ALTER TABLE public.core_user_groups OWNER TO bm_root;

--
-- Name: core_user_groups_id_seq; Type: SEQUENCE; Schema: public; Owner: bm_root
--

ALTER TABLE public.core_user_groups ALTER COLUMN id ADD GENERATED BY DEFAULT AS IDENTITY (
    SEQUENCE NAME public.core_user_groups_id_seq
    START WITH 1
    INCREMENT BY 1
    NO MINVALUE
    NO MAXVALUE
    CACHE 1
);


--
-- Name: core_user_id_seq; Type: SEQUENCE; Schema: public; Owner: bm_root
--

ALTER TABLE public.core_user ALTER COLUMN id ADD GENERATED BY DEFAULT AS IDENTITY (
    SEQUENCE NAME public.core_user_id_seq
    START WITH 1
    INCREMENT BY 1
    NO MINVALUE
    NO MAXVALUE
    CACHE 1
);


--
-- Name: core_user_user_permissions; Type: TABLE; Schema: public; Owner: bm_root
--

CREATE TABLE public.core_user_user_permissions (
    id bigint NOT NULL,
    user_id bigint NOT NULL,
    permission_id integer NOT NULL
);


ALTER TABLE public.core_user_user_permissions OWNER TO bm_root;

--
-- Name: core_user_user_permissions_id_seq; Type: SEQUENCE; Schema: public; Owner: bm_root
--

ALTER TABLE public.core_user_user_permissions ALTER COLUMN id ADD GENERATED BY DEFAULT AS IDENTITY (
    SEQUENCE NAME public.core_user_user_permissions_id_seq
    START WITH 1
    INCREMENT BY 1
    NO MINVALUE
    NO MAXVALUE
    CACHE 1
);


--
-- Name: django_admin_log; Type: TABLE; Schema: public; Owner: bm_root
--

CREATE TABLE public.django_admin_log (
    id integer NOT NULL,
    action_time timestamp with time zone NOT NULL,
    object_id text,
    object_repr character varying(200) NOT NULL,
    action_flag smallint NOT NULL,
    change_message text NOT NULL,
    content_type_id integer,
    user_id bigint NOT NULL,
    CONSTRAINT django_admin_log_action_flag_check CHECK ((action_flag >= 0))
);


ALTER TABLE public.django_admin_log OWNER TO bm_root;

--
-- Name: django_admin_log_id_seq; Type: SEQUENCE; Schema: public; Owner: bm_root
--

ALTER TABLE public.django_admin_log ALTER COLUMN id ADD GENERATED BY DEFAULT AS IDENTITY (
    SEQUENCE NAME public.django_admin_log_id_seq
    START WITH 1
    INCREMENT BY 1
    NO MINVALUE
    NO MAXVALUE
    CACHE 1
);


--
-- Name: django_content_type; Type: TABLE; Schema: public; Owner: bm_root
--

CREATE TABLE public.django_content_type (
    id integer NOT NULL,
    app_label character varying(100) NOT NULL,
    model character varying(100) NOT NULL
);


ALTER TABLE public.django_content_type OWNER TO bm_root;

--
-- Name: django_content_type_id_seq; Type: SEQUENCE; Schema: public; Owner: bm_root
--

ALTER TABLE public.django_content_type ALTER COLUMN id ADD GENERATED BY DEFAULT AS IDENTITY (
    SEQUENCE NAME public.django_content_type_id_seq
    START WITH 1
    INCREMENT BY 1
    NO MINVALUE
    NO MAXVALUE
    CACHE 1
);


--
-- Name: django_migrations; Type: TABLE; Schema: public; Owner: bm_root
--

CREATE TABLE public.django_migrations (
    id bigint NOT NULL,
    app character varying(255) NOT NULL,
    name character varying(255) NOT NULL,
    applied timestamp with time zone NOT NULL
);


ALTER TABLE public.django_migrations OWNER TO bm_root;

--
-- Name: django_migrations_id_seq; Type: SEQUENCE; Schema: public; Owner: bm_root
--

ALTER TABLE public.django_migrations ALTER COLUMN id ADD GENERATED BY DEFAULT AS IDENTITY (
    SEQUENCE NAME public.django_migrations_id_seq
    START WITH 1
    INCREMENT BY 1
    NO MINVALUE
    NO MAXVALUE
    CACHE 1
);


--
-- Name: django_session; Type: TABLE; Schema: public; Owner: bm_root
--

CREATE TABLE public.django_session (
    session_key character varying(40) NOT NULL,
    session_data text NOT NULL,
    expire_date timestamp with time zone NOT NULL
);


ALTER TABLE public.django_session OWNER TO bm_root;

--
-- Data for Name: auth_group; Type: TABLE DATA; Schema: public; Owner: bm_root
--

COPY public.auth_group (id, name) FROM stdin;
\.


--
-- Data for Name: auth_group_permissions; Type: TABLE DATA; Schema: public; Owner: bm_root
--

COPY public.auth_group_permissions (id, group_id, permission_id) FROM stdin;
\.


--
-- Data for Name: auth_permission; Type: TABLE DATA; Schema: public; Owner: bm_root
--

COPY public.auth_permission (id, name, content_type_id, codename) FROM stdin;
1	Can add log entry	1	add_logentry
2	Can change log entry	1	change_logentry
3	Can delete log entry	1	delete_logentry
4	Can view log entry	1	view_logentry
5	Can add permission	2	add_permission
6	Can change permission	2	change_permission
7	Can delete permission	2	delete_permission
8	Can view permission	2	view_permission
9	Can add group	3	add_group
10	Can change group	3	change_group
11	Can delete group	3	delete_group
12	Can view group	3	view_group
13	Can add content type	4	add_contenttype
14	Can change content type	4	change_contenttype
15	Can delete content type	4	delete_contenttype
16	Can view content type	4	view_contenttype
17	Can add session	5	add_session
18	Can change session	5	change_session
19	Can delete session	5	delete_session
20	Can view session	5	view_session
21	Can add certificate	6	add_certificate
22	Can change certificate	6	change_certificate
23	Can delete certificate	6	delete_certificate
24	Can view certificate	6	view_certificate
25	Can add certificate data	7	add_certificatedata
26	Can change certificate data	7	change_certificatedata
27	Can delete certificate data	7	delete_certificatedata
28	Can view certificate data	7	view_certificatedata
29	Can add certificate title	8	add_certificatetitle
30	Can change certificate title	8	change_certificatetitle
31	Can delete certificate title	8	delete_certificatetitle
32	Can view certificate title	8	view_certificatetitle
33	Can add certificate types	9	add_certificatetypes
34	Can change certificate types	9	change_certificatetypes
35	Can delete certificate types	9	delete_certificatetypes
36	Can view certificate types	9	view_certificatetypes
37	Can add country	10	add_country
38	Can change country	10	change_country
39	Can delete country	10	delete_country
40	Can view country	10	view_country
41	Can add county	11	add_county
42	Can change county	11	change_county
43	Can delete county	11	delete_county
44	Can view county	11	view_county
45	Can add customer	12	add_customer
46	Can change customer	12	change_customer
47	Can delete customer	12	delete_customer
48	Can view customer	12	view_customer
49	Can add house	13	add_house
50	Can change house	13	change_house
51	Can delete house	13	delete_house
52	Can view house	13	view_house
53	Can add id type	14	add_idtype
54	Can change id type	14	change_idtype
55	Can delete id type	14	delete_idtype
56	Can view id type	14	view_idtype
57	Can add institution	15	add_institution
58	Can change institution	15	change_institution
59	Can delete institution	15	delete_institution
60	Can view institution	15	view_institution
61	Can add messages	16	add_messages
62	Can change messages	16	change_messages
63	Can delete messages	16	delete_messages
64	Can view messages	16	view_messages
65	Can add university	17	add_university
66	Can change university	17	change_university
67	Can delete university	17	delete_university
68	Can view university	17	view_university
69	Can add town	18	add_town
70	Can change town	18	change_town
71	Can delete town	18	delete_town
72	Can view town	18	view_town
73	Can add street	19	add_street
74	Can change street	19	change_street
75	Can delete street	19	delete_street
76	Can view street	19	view_street
77	Can add person	20	add_person
78	Can change person	20	change_person
79	Can delete person	20	delete_person
80	Can view person	20	view_person
81	Can add user	21	add_user
82	Can change user	21	change_user
83	Can delete user	21	delete_user
84	Can view user	21	view_user
85	Can add person birth address	22	add_personbirthaddress
86	Can change person birth address	22	change_personbirthaddress
87	Can delete person birth address	22	delete_personbirthaddress
88	Can view person birth address	22	view_personbirthaddress
89	Can add instituition	15	add_instituition
90	Can change instituition	15	change_instituition
91	Can delete instituition	15	delete_instituition
92	Can view instituition	15	view_instituition
93	Can add certificate simple person	23	add_certificatesimpleperson
94	Can change certificate simple person	23	change_certificatesimpleperson
95	Can delete certificate simple person	23	delete_certificatesimpleperson
96	Can view certificate simple person	23	view_certificatesimpleperson
97	Can add certificate single person	24	add_certificatesingleperson
98	Can change certificate single person	24	change_certificatesingleperson
99	Can delete certificate single person	24	delete_certificatesingleperson
100	Can view certificate single person	24	view_certificatesingleperson
101	Can add parents	25	add_parents
102	Can change parents	25	change_parents
103	Can delete parents	25	delete_parents
104	Can view parents	25	view_parents
105	Can add parent	25	add_parent
106	Can change parent	25	change_parent
107	Can delete parent	25	delete_parent
108	Can view parent	25	view_parent
109	Can add certificate simple family	26	add_certificatesimplefamily
110	Can change certificate simple family	26	change_certificatesimplefamily
111	Can delete certificate simple family	26	delete_certificatesimplefamily
112	Can view certificate simple family	26	view_certificatesimplefamily
113	Can add certificate simple parent	26	add_certificatesimpleparent
114	Can change certificate simple parent	26	change_certificatesimpleparent
115	Can delete certificate simple parent	26	delete_certificatesimpleparent
116	Can view certificate simple parent	26	view_certificatesimpleparent
117	Can add coval	27	add_coval
118	Can change coval	27	change_coval
119	Can delete coval	27	delete_coval
120	Can view coval	27	view_coval
121	Can add cemiterio	28	add_cemiterio
122	Can change cemiterio	28	change_cemiterio
123	Can delete cemiterio	28	delete_cemiterio
124	Can view cemiterio	28	view_cemiterio
125	Can add biulding type	29	add_biuldingtype
126	Can change biulding type	29	change_biuldingtype
127	Can delete biulding type	29	delete_biuldingtype
128	Can view biulding type	29	view_biuldingtype
129	Can add coval salles	30	add_covalsalles
130	Can change coval salles	30	change_covalsalles
131	Can delete coval salles	30	delete_covalsalles
132	Can view coval salles	30	view_covalsalles
133	Can add change	31	add_change
134	Can change change	31	change_change
135	Can delete change	31	delete_change
136	Can view change	31	view_change
137	Can add certificate date	32	add_certificatedate
138	Can change certificate date	32	change_certificatedate
139	Can delete certificate date	32	delete_certificatedate
140	Can view certificate date	32	view_certificatedate
141	Can add ifen	33	add_ifen
142	Can change ifen	33	change_ifen
143	Can delete ifen	33	delete_ifen
144	Can view ifen	33	view_ifen
145	Can add post file	34	add_postfile
146	Can change post file	34	change_postfile
147	Can delete post file	34	delete_postfile
148	Can view post file	34	view_postfile
149	Can add service	35	add_service
150	Can change service	35	change_service
151	Can delete service	35	delete_service
152	Can view service	35	view_service
153	Can add information	36	add_information
154	Can change information	36	change_information
155	Can delete information	36	delete_information
156	Can view information	36	view_information
157	Can add images tour	37	add_imagestour
158	Can change images tour	37	change_imagestour
159	Can delete images tour	37	delete_imagestour
160	Can view images tour	37	view_imagestour
161	Can add tour	38	add_tour
162	Can change tour	38	change_tour
163	Can delete tour	38	delete_tour
164	Can view tour	38	view_tour
165	Can add role	39	add_role
166	Can change role	39	change_role
167	Can delete role	39	delete_role
168	Can view role	39	view_role
169	Can add team	40	add_team
170	Can change team	40	change_team
171	Can delete team	40	delete_team
172	Can view team	40	view_team
173	Can add section	41	add_section
174	Can change section	41	change_section
175	Can delete section	41	delete_section
176	Can view section	41	view_section
177	Can add secretary	42	add_secretary
178	Can change secretary	42	change_secretary
179	Can delete secretary	42	delete_secretary
180	Can view secretary	42	view_secretary
181	Can add secreatary section	43	add_secreatarysection
182	Can change secreatary section	43	change_secreatarysection
183	Can delete secreatary section	43	delete_secreatarysection
184	Can view secreatary section	43	view_secreatarysection
185	Can add post images	44	add_postimages
186	Can change post images	44	change_postimages
187	Can delete post images	44	delete_postimages
188	Can view post images	44	view_postimages
189	Can add post document	45	add_postdocument
190	Can change post document	45	change_postdocument
191	Can delete post document	45	delete_postdocument
192	Can view post document	45	view_postdocument
193	Can add messages	46	add_messages
194	Can change messages	46	change_messages
195	Can delete messages	46	delete_messages
196	Can view messages	46	view_messages
197	Can add post videos	47	add_postvideos
198	Can change post videos	47	change_postvideos
199	Can delete post videos	47	delete_postvideos
200	Can view post videos	47	view_postvideos
201	Can add post	48	add_post
202	Can change post	48	change_post
203	Can delete post	48	delete_post
204	Can view post	48	view_post
\.


--
-- Data for Name: blog_imagestour; Type: TABLE DATA; Schema: public; Owner: bm_root
--

COPY public.blog_imagestour (id, image, tour_id) FROM stdin;
1	camaramz/tour/images/cris-tagupa-9ZXHUr5aCwM-unsplash.jpg	1
2	camaramz/tour/images/ludovic-gauthier-iiy0rCWN2kc-unsplash.jpg	1
3	camaramz/tour/images/ludovic-gauthier-iiy0rCWN2kc-unsplash_0KQVPFb.jpg	2
4	camaramz/tour/images/cris-tagupa-9ZXHUr5aCwM-unsplash_gGy3akq.jpg	2
\.


--
-- Data for Name: blog_information; Type: TABLE DATA; Schema: public; Owner: bm_root
--

COPY public.blog_information (id, information, question, service_id) FROM stdin;
1	Bom	dd?	1
2	yegdgd	dbdgd?	2
3	dgdvdv	bfgfgd?	2
\.


--
-- Data for Name: blog_messages; Type: TABLE DATA; Schema: public; Owner: bm_root
--

COPY public.blog_messages (id, name, text, sent, date, subject_id, whatsapp) FROM stdin;
1	Autorização	gfiy khgvi	t	2023-08-13 10:13:23.026879+01	1	986544
2	Autorização	gfiy khgvi	t	2023-08-13 10:18:26.173614+01	1	986544
3	Autorização	gfiy khgvi	t	2023-08-13 10:19:37.580241+01	1	986544
\.


--
-- Data for Name: blog_post; Type: TABLE DATA; Schema: public; Owner: bm_root
--

COPY public.blog_post (id, title, slug, picture, text_file, active, date, user_id) FROM stdin;
1	lkjkl	lkjkl	camaramz/posts/images/cris-tagupa-9ZXHUr5aCwM-unsplash.jpg	camaramz/posts/documents/text_cecab_rubish_1.docx	t	2023-08-11 23:29:57.520437+01	1
2	Reportagem Helder Camblé CECAB STP 2	reportagem-helder-camble-cecab-stp-2	camaramz/posts/images/ludovic-gauthier-iiy0rCWN2kc-unsplash.jpg	camaramz/posts/documents/text_cecab_rubish.docx	t	2023-08-12 13:29:43.37956+01	1
\.


--
-- Data for Name: blog_postdocument; Type: TABLE DATA; Schema: public; Owner: bm_root
--

COPY public.blog_postdocument (id, document, post_id) FROM stdin;
\.


--
-- Data for Name: blog_postfile; Type: TABLE DATA; Schema: public; Owner: bm_root
--

COPY public.blog_postfile (id, file) FROM stdin;
\.


--
-- Data for Name: blog_postimages; Type: TABLE DATA; Schema: public; Owner: bm_root
--

COPY public.blog_postimages (id, picture, post_id) FROM stdin;
\.


--
-- Data for Name: blog_postvideos; Type: TABLE DATA; Schema: public; Owner: bm_root
--

COPY public.blog_postvideos (id, video, post_id) FROM stdin;
\.


--
-- Data for Name: blog_role; Type: TABLE DATA; Schema: public; Owner: bm_root
--

COPY public.blog_role (id, title) FROM stdin;
1	Presidente
2	Secreatria
\.


--
-- Data for Name: blog_secreatarysection; Type: TABLE DATA; Schema: public; Owner: bm_root
--

COPY public.blog_secreatarysection (id, secretary_id, section_id) FROM stdin;
1	1	1
\.


--
-- Data for Name: blog_secretary; Type: TABLE DATA; Schema: public; Owner: bm_root
--

COPY public.blog_secretary (id, user_id) FROM stdin;
1	1
2	2
3	3
4	4
5	5
\.


--
-- Data for Name: blog_section; Type: TABLE DATA; Schema: public; Owner: bm_root
--

COPY public.blog_section (id, title) FROM stdin;
1	Atestado
2	Buffete
\.


--
-- Data for Name: blog_service; Type: TABLE DATA; Schema: public; Owner: bm_root
--

COPY public.blog_service (id, name, slug, picture, description) FROM stdin;
2	Service 2	service-2	camaramz/services/images/ludovic-gauthier-iiy0rCWN2kc-unsplash.jpg	Através desse seviço, estarás habilitado para ...
1	Atestado	atestado	camaramz/services/images/71g_uB_ZoAL._AC_SL1500.webp	Através desse seviço, estarás habilitado para ...
\.


--
-- Data for Name: blog_team; Type: TABLE DATA; Schema: public; Owner: bm_root
--

COPY public.blog_team (id, name, image, role_id) FROM stdin;
2	Nela Joia Rara	camaramz/team/images/batel-studio-ttSRjiYG_WM-unsplash.jpg	2
1	Antonio Jose	camaramz/team/images/skin-care_1.png	1
\.


--
-- Data for Name: blog_tour; Type: TABLE DATA; Schema: public; Owner: bm_root
--

COPY public.blog_tour (id, title, slug, description, location, date, active) FROM stdin;
1	Tour 1	tour-1	description	https://www.google.com/maps/embed?pb=!1m18!1m12!1m3!1d99579.4143412365!2d-9.242136754648367!3d38.74405052698457!2m3!1f0!2f0!3f0!3m2!1i1024!2i768!4f13.1!3m3!1m2!1s0xd19331a61e4f33b%3A0x400ebbde49036d0!	2023-08-11 23:02:23.3003+01	t
2	Tour 2	tour-2	ZOna Tourism	https://www.google.com/maps/embed?pb=!1m18!1m12!1m3!1d99579.4143412365!2d-9.242136754648367!3d38.74405052698457!2m3!1f0!2f0!3f0!3m2!1i1024!2i768!4f13.1!3m3!1m2!1s0xd19331a61e4f33b%3A0x400ebbde49036d0!	2023-08-12 22:49:33.042956+01	t
\.


--
-- Data for Name: certificates_biuldingtype; Type: TABLE DATA; Schema: public; Owner: bm_root
--

COPY public.certificates_biuldingtype (id, name, prefix) FROM stdin;
1	Edifício	um
2	Edifício e respectivo muro de vedação	um
4	Muro de vedação	\N
5	Barraca	uma
6	Quiosque	um
7	Estabelecimento comercial	um
\.


--
-- Data for Name: certificates_cemiterio; Type: TABLE DATA; Schema: public; Owner: bm_root
--

COPY public.certificates_cemiterio (id, name, county_id) FROM stdin;
\.


--
-- Data for Name: certificates_certificate; Type: TABLE DATA; Schema: public; Owner: bm_root
--

COPY public.certificates_certificate (id, number, date_issue, text, main_person_id, secondary_person_id, type_id, house_id, file, status, atestado_state, obs, type1) FROM stdin;
\.


--
-- Data for Name: certificates_certificatedata; Type: TABLE DATA; Schema: public; Owner: bm_root
--

COPY public.certificates_certificatedata (id, house_id, certificate_id) FROM stdin;
\.


--
-- Data for Name: certificates_certificatedate; Type: TABLE DATA; Schema: public; Owner: bm_root
--

COPY public.certificates_certificatedate (id, date, type_id) FROM stdin;
4	2023-06-05	31
27	2023-06-04	29
36	2023-03-27	29
37	2023-03-27	29
39	2023-01-30	29
40	2023-10-30	29
\.


--
-- Data for Name: certificates_certificatesimpleparent; Type: TABLE DATA; Schema: public; Owner: bm_root
--

COPY public.certificates_certificatesimpleparent (id, name, birth_date, parent_id, type_id) FROM stdin;
7	Nom	2023-09-26	3	18
8	Nom b	2023-09-26	10	18
\.


--
-- Data for Name: certificates_certificatesimpleperson; Type: TABLE DATA; Schema: public; Owner: bm_root
--

COPY public.certificates_certificatesimpleperson (id, name, gender, birth_date, type_id) FROM stdin;
\.


--
-- Data for Name: certificates_certificatesingleperson; Type: TABLE DATA; Schema: public; Owner: bm_root
--

COPY public.certificates_certificatesingleperson (id, name, gender, type_id) FROM stdin;
5	Sousa Piloto	F	32
15	Bom	M	12
\.


--
-- Data for Name: certificates_certificatetitle; Type: TABLE DATA; Schema: public; Owner: bm_root
--

COPY public.certificates_certificatetitle (id, name, type_price, goal, certificate_type_id, slug) FROM stdin;
26	Registo do enterramento de cadável	350.00	de	5	registo-do-enterramento-de-cadavel
27	Licenças Para Barraca	510.00	de	6	licencas-para-barraca
28	Autorização modificação, construção da sua barraca em alvenaria	1010.00	para	7	autorizacao-modificacao-construcao-da-sua-barraca-em-alvenaria
29	Licença para Bufett	50.00	para	8	licenca-para-bufett
30	Licenças Para Transladação	500.00	para	9	licencas-para-transladacao
31	Licenças para Baile	500.00	para	10	licencas-para-baile
32	Autorização de Enterro	500.00	de	11	autorizacao-de-enterro
33	Convenientes	210.00	para fins	1	convenientes
1	Emprego	140.00	de	1	emprego
2	Bolsa de Estudo	140.00	para	1	bolsa-de-estudo
3	Bolsa Interna	140.00	para	1	bolsa-interna
4	Casamento	140.00	de	1	casamento
5	Candidatura à Transporte Público	140.00	para	1	candidatura-a-transporte-publico
6	Obtenção de Visto	140.00	para	1	obtencao-de-visto
7	Escolares	140.00	para fins	1	escolares
8	Fixação de Residência	2460.00	de	1	fixacao-de-residencia
9	Nacionalidade Santomense	510.00	de	1	nacionalidade-santomense
10	Percepção da Pensão de Aposentação	10.00	de	1	percepcao-da-pensao-de-aposentacao
11	Assistência Judicial	210.00	para	1	assistencia-judicial
12	Percepção da Pensão de Sobrevivência por Morte	140.00	de	1	percepcao-da-pensao-de-sobrevivencia-por-morte
13	Subsídio de Transporte	140.00	para	1	subsidio-de-transporte
14	Transferência de mesada monetária	100.00	para	1	transferencia-de-mesada-monetaria
15	Prova de Vida	10.00	de	1	prova-de-vida
16	Residência	140.00	de	1	residencia
17	Abertura de Conta Bancária	140.00	para	1	abertura-de-conta-bancaria
18	Agregado Familiar	140.00	de	1	agregado-familiar
19	Viagem	140.00	para	1	viagem
20	Cargo Público	140.00	para	1	cargo-publico
21	Profissionais	100.00	para motivos	1	profissionais
22	Percepção da Pensão de Reforma	10.00	de	1	percepcao-da-pensao-de-reforma
23	Autorização de Construção	1010.00	para	2	autorizacao-de-construcao
24	Certificado de Compra de Coval	25010.00	de	3	certificado-de-compra-de-coval
25	Autorização para Modificar o Coval	300.00	de	4	autorizacao-para-modificar-o-coval
\.


--
-- Data for Name: certificates_certificatetypes; Type: TABLE DATA; Schema: public; Owner: bm_root
--

COPY public.certificates_certificatetypes (id, name, gender, slug) FROM stdin;
11	Autorização	a	autorizacao
10	Autorização	a	autorizacao
9	Licença	a	licenca
8	Licença	a	licenca
7	Autorização	a	autorizacao
6	Licença	a	licenca
5	Registo	o	registo
4	Autorização	a	autorizacao
3	Certificado	o	certificado
2	Autorização	a	autorizacao
1	Atestado	o	atestado
\.


--
-- Data for Name: certificates_change; Type: TABLE DATA; Schema: public; Owner: bm_root
--

COPY public.certificates_change (id, name, price) FROM stdin;
1	Cruz de Madeira	500.00
2	Cruz de Alvenaria	1000.00
3	Campa	2222.00
4	Jazigo	2222.00
\.


--
-- Data for Name: certificates_country; Type: TABLE DATA; Schema: public; Owner: bm_root
--

COPY public.certificates_country (id, name, slug, code) FROM stdin;
\.


--
-- Data for Name: certificates_county; Type: TABLE DATA; Schema: public; Owner: bm_root
--

COPY public.certificates_county (id, name, slug, country_id) FROM stdin;
\.


--
-- Data for Name: certificates_coval; Type: TABLE DATA; Schema: public; Owner: bm_root
--

COPY public.certificates_coval (id, nick_number, number, name, date_used, date_of_deth, gender, square, closed, selled, cemiterio_id) FROM stdin;
\.


--
-- Data for Name: certificates_covalsalles; Type: TABLE DATA; Schema: public; Owner: bm_root
--

COPY public.certificates_covalsalles (id, coval_id, person_id) FROM stdin;
\.


--
-- Data for Name: certificates_customer; Type: TABLE DATA; Schema: public; Owner: bm_root
--

COPY public.certificates_customer (id, user_id, level) FROM stdin;
1	2	1
2	3	1
3	4	1
4	5	1
\.


--
-- Data for Name: certificates_house; Type: TABLE DATA; Schema: public; Owner: bm_root
--

COPY public.certificates_house (id, house_number, street_id) FROM stdin;
\.


--
-- Data for Name: certificates_idtype; Type: TABLE DATA; Schema: public; Owner: bm_root
--

COPY public.certificates_idtype (id, name) FROM stdin;
\.


--
-- Data for Name: certificates_ifen; Type: TABLE DATA; Schema: public; Owner: bm_root
--

COPY public.certificates_ifen (id, name, size) FROM stdin;
4	VALIDADE	56
7	CONTA	16
5	PRESIDENTE	35
6	CORPO	747
3	DATA	174
\.


--
-- Data for Name: certificates_instituition; Type: TABLE DATA; Schema: public; Owner: bm_root
--

COPY public.certificates_instituition (id, name) FROM stdin;
\.


--
-- Data for Name: certificates_messages; Type: TABLE DATA; Schema: public; Owner: bm_root
--

COPY public.certificates_messages (id, name, email, text, sent, date) FROM stdin;
\.


--
-- Data for Name: certificates_parent; Type: TABLE DATA; Schema: public; Owner: bm_root
--

COPY public.certificates_parent (id, title, in_plural, in_plural_mix, gender, degree) FROM stdin;
12	Tia	Tias	Tios	F	6
11	Tio	Tios	Tios	M	6
10	Sobrinha	Sobrinhas	Sobrinhos	F	7
9	Sobrinho	Sobrinhos	Sobrinhos	M	7
8	Irmã	Irmãs	Irmãos	F	5
7	Irmão	Irmãos	Irmãos	M	5
6	Neta	Netas	Netos	F	4
5	Neto	Netos	Netos	M	4
4	Filha	Filhas	Filhos	F	3
3	Filho	Filhos	Filhos	M	3
22	Bisneta	Bisnetas	Bisnetos	F	8
21	Bisneto	Bisnetos	Bisnetos	M	8
16	Entiada	Entiadas	Entiados	F	9
15	Entiado	Entiados	Entiados	M	9
14	Afilhada	Afilhadas	Afilhados	F	10
13	Afilhado	Afilhados	Afilhados	M	10
18	Companheira	Companheiras	Companheiros	F	-1
17	Companheiro	Companheiros	Companheiros	M	-1
20	Avô	Avôs	Avôs	M	2
19	Avó	Avós	Avôs	F	2
2	Mãe	Mães	Pais	F	1
1	Pai	Pais	Pais	M	1
\.


--
-- Data for Name: certificates_person; Type: TABLE DATA; Schema: public; Owner: bm_root
--

COPY public.certificates_person (id, name, surname, birth_date, id_number, id_issue_local_id, id_issue_date, id_expire_date, father_name, mother_name, status, gender, address_id, id_issue_country_id, id_type_id, birth_address_id, nationality_id, bi_estado, bi_nasc_loc, bi_sexo, birth_day, birth_month, birth_year, id_issue_day, id_issue_month, id_issue_year) FROM stdin;
\.


--
-- Data for Name: certificates_personbirthaddress; Type: TABLE DATA; Schema: public; Owner: bm_root
--

COPY public.certificates_personbirthaddress (id, birth_country_id, birth_county_id, birth_street_id, birth_town_id) FROM stdin;
\.


--
-- Data for Name: certificates_street; Type: TABLE DATA; Schema: public; Owner: bm_root
--

COPY public.certificates_street (id, name, slug, town_id) FROM stdin;
\.


--
-- Data for Name: certificates_town; Type: TABLE DATA; Schema: public; Owner: bm_root
--

COPY public.certificates_town (id, name, slug, county_id) FROM stdin;
\.


--
-- Data for Name: certificates_university; Type: TABLE DATA; Schema: public; Owner: bm_root
--

COPY public.certificates_university (id, name) FROM stdin;
\.


--
-- Data for Name: core_user; Type: TABLE DATA; Schema: public; Owner: bm_root
--

COPY public.core_user (id, password, last_login, is_superuser, username, first_name, last_name, is_staff, is_active, date_joined, email) FROM stdin;
2	pbkdf2_sha256$600000$Z2hibA3MqXlgaobaNce4iJ$Tjb+dB1z3KxlpPXmITJsql3xbMcfhnftTi4MH5nozoE=	\N	f	sara653@gmail.com	Hamilton	Ramos	f	t	2023-10-19 21:21:23.374316+01	sara653@gmail.com
3	pbkdf2_sha256$600000$wb4uCnBogPCfpMs2aeIqUZ$UZSLlohdbJ9fUIfQCXoCbg9BbUJKweiMQagGwtcePbU=	\N	f	sara653@gmail.co	Hamilton	Ramos	f	t	2023-10-19 21:36:57.295697+01	sara653@gmail.co
4	pbkdf2_sha256$600000$s4R10GcvcIZUC7D00yTD4C$dgYIuxoOWOSOYBybgzA6Em6RyciHZ6okR28OYkW6Ji4=	\N	f	sara653@gmail.ci	Hamilton	Ramos	f	t	2023-10-19 21:38:40.868857+01	sara653@gmail.ci
5	pbkdf2_sha256$600000$QmxDTqaSXnZs9Ci81f6yIK$TZPYC8Z1cK3Vg132MglRl7pq9EP1jxwXdkrVBIsRc4I=	\N	f	sara653@gmail.cim	Hamilton	Ramos	f	t	2023-10-19 21:47:58.566011+01	sara653@gmail.cim
1	pbkdf2_sha256$600000$9Nlv8lQMZScRVwvmMpLvBA$QMaW8li/D2iZEuDe39S5HkcTdn0bcM+nHkrIn0qiVeA=	2023-10-24 23:02:22.690278+01	t	edmilbe			t	t	2023-06-11 08:03:38.245707+01	edmilbe@gmail.com
\.


--
-- Data for Name: core_user_groups; Type: TABLE DATA; Schema: public; Owner: bm_root
--

COPY public.core_user_groups (id, user_id, group_id) FROM stdin;
\.


--
-- Data for Name: core_user_user_permissions; Type: TABLE DATA; Schema: public; Owner: bm_root
--

COPY public.core_user_user_permissions (id, user_id, permission_id) FROM stdin;
\.


--
-- Data for Name: django_admin_log; Type: TABLE DATA; Schema: public; Owner: bm_root
--

COPY public.django_admin_log (id, action_time, object_id, object_repr, action_flag, change_message, content_type_id, user_id) FROM stdin;
1	2023-06-11 12:31:22.574446+01	1	Atestado	1	[{"added": {}}]	9	1
2	2023-06-11 12:31:48.053597+01	2	Autorização	1	[{"added": {}}]	9	1
3	2023-06-11 12:32:00.082897+01	3	Certificado	1	[{"added": {}}]	9	1
4	2023-06-11 12:32:06.701763+01	4	Autorização	1	[{"added": {}}]	9	1
5	2023-06-11 12:32:15.252975+01	5	Registo	1	[{"added": {}}]	9	1
6	2023-06-11 12:32:22.798409+01	6	Licença	1	[{"added": {}}]	9	1
7	2023-06-11 12:32:33.764371+01	7	Autorização	1	[{"added": {}}]	9	1
8	2023-06-11 12:32:40.242254+01	8	Licença	1	[{"added": {}}]	9	1
9	2023-06-11 12:32:46.185705+01	9	Licença	1	[{"added": {}}]	9	1
10	2023-06-11 12:32:51.689238+01	10	Autorização	1	[{"added": {}}]	9	1
11	2023-06-11 12:33:51.107538+01	1	Atestado Fins de Emprego	1	[{"added": {}}]	8	1
12	2023-06-16 08:07:38.036733+01	1	São Tomé e Príncipe	1	[{"added": {}}]	10	1
13	2023-06-16 08:07:56.604109+01	1	Mé-Zóchi - São Tomé e Príncipe	1	[{"added": {}}]	11	1
14	2023-06-16 08:08:14.691191+01	1	Trindade - Mé-Zóchi	1	[{"added": {}}]	18	1
15	2023-06-16 08:08:31.204566+01	1	Piedade Cima - Trindade	1	[{"added": {}}]	19	1
16	2023-06-16 08:37:15.470933+01	1	Centro de Identificação Civil e Criminal de São Tomé e Príncipe	1	[{"added": {}}]	15	1
17	2023-06-16 09:12:44.831148+01	1	Bilhete de Identidade	1	[{"added": {}}]	14	1
18	2023-06-19 00:47:05.183342+01	2	Atestado A Fim de Bolsa de Estudo	1	[{"added": {}}]	8	1
19	2023-06-19 00:53:30.718795+01	1	Lusíadas	1	[{"added": {}}]	17	1
20	2023-06-19 01:32:40.57157+01	3	Atestado Afim de Bolsa Interna	1	[{"added": {}}]	8	1
21	2023-06-19 02:31:28.266286+01	4	Atestado g Casamento	1	[{"added": {}}]	8	1
22	2023-06-19 02:31:48.625181+01	5	Atestado f Candidatura à Transporte Público	1	[{"added": {}}]	8	1
23	2023-06-19 02:32:15.858935+01	6	Atestado Fins de Obtenção de Visto	1	[{"added": {}}]	8	1
24	2023-06-19 02:32:37.835912+01	7	Atestado v Escolares	1	[{"added": {}}]	8	1
25	2023-06-19 02:33:06.037865+01	8	Atestado db Fixação de Residência	1	[{"added": {}}]	8	1
26	2023-06-19 02:33:24.914237+01	9	Atestado qwd Nacionalidade Santomense	1	[{"added": {}}]	8	1
27	2023-06-19 02:34:04.761503+01	10	Atestado db Percepção da Pensão de Aposentação	1	[{"added": {}}]	8	1
28	2023-06-19 02:34:24.203583+01	11	Atestado ed Assistência Judicial	1	[{"added": {}}]	8	1
29	2023-06-19 02:34:47.463484+01	12	Atestado dd Percepção da Pensão de Sobrevivência por Morte	1	[{"added": {}}]	8	1
30	2023-06-19 02:35:18.745215+01	13	Atestado 3e Subsídio de Transporte	1	[{"added": {}}]	8	1
31	2023-06-19 02:35:43.360691+01	14	Atestado Good Transferência de mesada monetária	1	[{"added": {}}]	8	1
32	2023-06-19 02:36:03.287138+01	15	Atestado sd Prova de Vida	1	[{"added": {}}]	8	1
33	2023-06-19 02:36:24.224381+01	16	Atestado khvh Residência	1	[{"added": {}}]	8	1
34	2023-06-19 02:37:03.300719+01	17	Atestado vh Abertura de Conta Bancária	1	[{"added": {}}]	8	1
35	2023-06-19 02:37:33.036581+01	18	Atestado jgcgh Agregado Familiar	1	[{"added": {}}]	8	1
36	2023-06-19 02:37:52.525921+01	19	Atestado khgi kjhb Viagem	1	[{"added": {}}]	8	1
37	2023-06-19 02:38:13.152576+01	20	Atestado khi kjhbj Cargo Público	1	[{"added": {}}]	8	1
38	2023-06-19 02:38:32.386417+01	21	Atestado hv khbih khjv Profissionais	1	[{"added": {}}]	8	1
39	2023-06-19 02:39:30.375922+01	22	Atestado jhgvg khvih Percepção da Pensão de Reforma	1	[{"added": {}}]	8	1
40	2023-06-19 10:12:18.461737+01	17	Atestado para Abertura de Conta Bancária	2	[{"changed": {"fields": ["Goal"]}}]	8	1
41	2023-06-19 10:12:18.464479+01	18	Atestado de Agregado Familiar	2	[{"changed": {"fields": ["Goal"]}}]	8	1
42	2023-06-19 10:12:18.466112+01	11	Atestado para Assistência Judicial	2	[{"changed": {"fields": ["Goal"]}}]	8	1
43	2023-06-19 10:12:18.467252+01	3	Atestado para Bolsa Interna	2	[{"changed": {"fields": ["Goal"]}}]	8	1
44	2023-06-19 10:12:18.468365+01	2	Atestado para Bolsa de Estudo	2	[{"changed": {"fields": ["Goal"]}}]	8	1
45	2023-06-19 10:12:18.469605+01	5	Atestado para Candidatura à Transporte Público	2	[{"changed": {"fields": ["Goal"]}}]	8	1
46	2023-06-19 10:12:18.470731+01	20	Atestado para Cargo Público	2	[{"changed": {"fields": ["Goal"]}}]	8	1
47	2023-06-19 10:12:18.471957+01	4	Atestado de Casamento	2	[{"changed": {"fields": ["Goal"]}}]	8	1
48	2023-06-19 10:12:18.473096+01	1	Atestado de Emprego	2	[{"changed": {"fields": ["Goal"]}}]	8	1
49	2023-06-19 10:12:18.474175+01	7	Atestado para fins Escolares	2	[{"changed": {"fields": ["Goal"]}}]	8	1
50	2023-06-19 10:13:15.607682+01	8	Atestado de Fixação de Residência	2	[{"changed": {"fields": ["Goal"]}}]	8	1
51	2023-06-19 10:13:15.60918+01	9	Atestado de Nacionalidade Santomense	2	[{"changed": {"fields": ["Goal"]}}]	8	1
52	2023-06-19 10:13:15.610416+01	6	Atestado para Obtenção de Visto	2	[{"changed": {"fields": ["Goal"]}}]	8	1
53	2023-06-19 10:13:15.611546+01	10	Atestado de Percepção da Pensão de Aposentação	2	[{"changed": {"fields": ["Goal"]}}]	8	1
54	2023-06-19 10:13:15.612659+01	22	Atestado de Percepção da Pensão de Reforma	2	[{"changed": {"fields": ["Goal"]}}]	8	1
55	2023-06-19 10:13:15.613907+01	12	Atestado de Percepção da Pensão de Sobrevivência por Morte	2	[{"changed": {"fields": ["Goal"]}}]	8	1
56	2023-06-19 10:13:15.615103+01	21	Atestado para motivos Profissionais	2	[{"changed": {"fields": ["Goal"]}}]	8	1
57	2023-06-19 10:13:15.616551+01	15	Atestado de Prova de Vida	2	[{"changed": {"fields": ["Goal"]}}]	8	1
58	2023-06-19 10:13:15.618591+01	16	Atestado de Residência	2	[{"changed": {"fields": ["Goal"]}}]	8	1
59	2023-06-19 10:13:15.620501+01	13	Atestado para Subsídio de Transporte	2	[{"changed": {"fields": ["Goal"]}}]	8	1
60	2023-06-19 10:13:30.45062+01	14	Atestado para Transferência de mesada monetária	2	[{"changed": {"fields": ["Goal"]}}]	8	1
61	2023-06-19 10:13:30.452321+01	19	Atestado para Viagem	2	[{"changed": {"fields": ["Goal"]}}]	8	1
62	2023-06-19 10:27:08.39083+01	1	Parents object (1)	1	[{"added": {}}]	25	1
63	2023-06-19 10:27:44.692351+01	2	Parents object (2)	1	[{"added": {}}]	25	1
64	2023-06-19 10:28:10.283195+01	3	Parents object (3)	1	[{"added": {}}]	25	1
65	2023-06-19 10:28:23.238081+01	4	Parents object (4)	1	[{"added": {}}]	25	1
66	2023-06-19 10:29:15.444834+01	5	Parents object (5)	1	[{"added": {}}]	25	1
67	2023-06-19 10:30:55.695766+01	6	Parents object (6)	1	[{"added": {}}]	25	1
68	2023-06-19 10:31:22.765005+01	7	Parents object (7)	1	[{"added": {}}]	25	1
69	2023-06-19 10:33:15.253595+01	6	Parents object (6)	2	[{"changed": {"fields": ["Gender"]}}]	25	1
337	2023-10-22 18:31:15.821806+01	38	Emprego 7-2023	3		6	1
70	2023-06-19 10:33:15.255126+01	4	Parents object (4)	2	[{"changed": {"fields": ["Gender"]}}]	25	1
71	2023-06-19 10:33:15.256553+01	2	Parents object (2)	2	[{"changed": {"fields": ["Gender"]}}]	25	1
72	2023-06-19 10:33:45.305293+01	8	Parents object (8)	1	[{"added": {}}]	25	1
73	2023-06-19 10:34:20.413802+01	9	Parents object (9)	1	[{"added": {}}]	25	1
74	2023-06-19 10:34:42.838243+01	10	Parents object (10)	1	[{"added": {}}]	25	1
75	2023-06-19 10:34:58.931002+01	11	Parents object (11)	1	[{"added": {}}]	25	1
76	2023-06-19 10:35:10.359839+01	12	Parents object (12)	1	[{"added": {}}]	25	1
77	2023-06-19 10:35:33.032723+01	13	Parents object (13)	1	[{"added": {}}]	25	1
78	2023-06-19 10:35:47.552434+01	14	Parents object (14)	1	[{"added": {}}]	25	1
79	2023-06-19 10:36:19.562252+01	15	Parents object (15)	1	[{"added": {}}]	25	1
80	2023-06-19 10:36:34.134144+01	16	Parents object (16)	1	[{"added": {}}]	25	1
81	2023-06-19 10:37:10.42374+01	17	Parents object (17)	1	[{"added": {}}]	25	1
82	2023-06-19 10:37:25.230007+01	18	Parents object (18)	1	[{"added": {}}]	25	1
83	2023-06-19 10:37:57.259037+01	19	Parents object (19)	1	[{"added": {}}]	25	1
84	2023-06-19 10:38:09.771505+01	20	Parents object (20)	1	[{"added": {}}]	25	1
85	2023-06-19 10:39:43.840652+01	21	Parents object (21)	1	[{"added": {}}]	25	1
86	2023-06-19 10:40:05.690775+01	22	Parents object (22)	1	[{"added": {}}]	25	1
87	2023-06-19 10:40:44.210778+01	8	Parents object (8)	2	[{"changed": {"fields": ["Gender"]}}]	25	1
88	2023-06-19 11:50:27.673463+01	2	Mãe	2	[{"changed": {"fields": ["Degree"]}}]	25	1
89	2023-06-19 11:50:27.675875+01	1	Pai	2	[{"changed": {"fields": ["Degree"]}}]	25	1
90	2023-06-19 11:51:08.78892+01	12	Tia	2	[{"changed": {"fields": ["Degree"]}}]	25	1
91	2023-06-19 11:51:08.790637+01	11	Tio	2	[{"changed": {"fields": ["Degree"]}}]	25	1
92	2023-06-19 11:51:08.791825+01	10	Sobrinha	2	[{"changed": {"fields": ["Degree"]}}]	25	1
93	2023-06-19 11:51:08.79296+01	9	Sobrinho	2	[{"changed": {"fields": ["Degree"]}}]	25	1
94	2023-06-19 11:51:08.79416+01	8	Irmã	2	[{"changed": {"fields": ["Degree"]}}]	25	1
95	2023-06-19 11:51:08.795732+01	7	Irmão	2	[{"changed": {"fields": ["Degree"]}}]	25	1
96	2023-06-19 11:51:08.797773+01	6	Neta	2	[{"changed": {"fields": ["Degree"]}}]	25	1
97	2023-06-19 11:51:08.799182+01	5	Neto	2	[{"changed": {"fields": ["Degree"]}}]	25	1
98	2023-06-19 11:51:08.800355+01	4	Filha	2	[{"changed": {"fields": ["Degree"]}}]	25	1
99	2023-06-19 11:51:08.801498+01	3	Filho	2	[{"changed": {"fields": ["Degree"]}}]	25	1
100	2023-06-19 11:51:45.287497+01	22	Bisneta	2	[{"changed": {"fields": ["Degree"]}}]	25	1
101	2023-06-19 11:51:45.289591+01	21	Bisneto	2	[{"changed": {"fields": ["Degree"]}}]	25	1
102	2023-06-19 11:51:45.29083+01	18	Companheira	2	[{"changed": {"fields": ["Degree"]}}]	25	1
103	2023-06-19 11:51:45.291986+01	17	Companheiro	2	[{"changed": {"fields": ["Degree"]}}]	25	1
104	2023-06-19 11:51:45.293119+01	16	Entiada	2	[{"changed": {"fields": ["Degree"]}}]	25	1
105	2023-06-19 11:51:45.294175+01	15	Entiado	2	[{"changed": {"fields": ["Degree"]}}]	25	1
106	2023-06-19 11:51:45.295244+01	14	Afilhada	2	[{"changed": {"fields": ["Degree"]}}]	25	1
107	2023-06-19 11:51:45.296303+01	13	Afilhado	2	[{"changed": {"fields": ["Degree"]}}]	25	1
108	2023-06-19 13:02:08.653164+01	18	Companheira	2	[{"changed": {"fields": ["Degree"]}}]	25	1
109	2023-06-19 13:02:08.656109+01	17	Companheiro	2	[{"changed": {"fields": ["Degree"]}}]	25	1
110	2023-06-19 13:03:52.76941+01	20	Avô	2	[{"changed": {"fields": ["Degree"]}}]	25	1
111	2023-06-19 13:03:52.772853+01	19	Avó	2	[{"changed": {"fields": ["Degree"]}}]	25	1
112	2023-06-19 13:03:52.77456+01	2	Mãe	2	[{"changed": {"fields": ["Degree"]}}]	25	1
113	2023-06-19 13:03:52.775842+01	1	Pai	2	[{"changed": {"fields": ["Degree"]}}]	25	1
114	2023-06-19 14:26:21.99264+01	23	Autorização para Autorização de Construção	1	[{"added": {}}]	8	1
115	2023-06-19 14:26:53.755976+01	24	Certificado de Certificado de Compra de Coval	1	[{"added": {}}]	8	1
116	2023-06-19 14:27:22.69074+01	25	Autorização de Autorização para Modificar o Coval	1	[{"added": {}}]	8	1
117	2023-06-19 14:27:42.341455+01	26	Registo de Registo do enterramento de cadável	1	[{"added": {}}]	8	1
118	2023-06-19 14:28:04.716037+01	27	Licença de Licenças Para Barraca	1	[{"added": {}}]	8	1
119	2023-06-19 14:28:55.532809+01	28	Autorização para Autorização modificação, construção da sua barraca em alvenaria	1	[{"added": {}}]	8	1
120	2023-06-19 14:29:20.795+01	29	Licença para Licença para Bufett	1	[{"added": {}}]	8	1
121	2023-06-19 14:29:56.190958+01	30	Licença para Licenças Para Transladação	1	[{"added": {}}]	8	1
122	2023-06-19 14:30:37.528554+01	31	Autorização para Licenças para Baile	1	[{"added": {}}]	8	1
123	2023-06-19 14:31:53.637848+01	11	Autorização	1	[{"added": {}}]	9	1
124	2023-06-19 14:34:28.727929+01	32	Autorização de Autorização de Enterro	1	[{"added": {}}]	8	1
125	2023-06-19 14:41:47.672816+01	33	Atestado para fins Convenientes	1	[{"added": {}}]	8	1
126	2023-06-19 15:03:11.732493+01	1	None - nic-4	1	[{"added": {}}]	27	1
127	2023-06-19 15:03:46.96957+01	2	None - hvgkj ljh	1	[{"added": {}}]	27	1
128	2023-06-19 15:03:58.134424+01	3	None - hgvig	1	[{"added": {}}]	27	1
129	2023-06-19 15:04:08.761672+01	4	None - fiy khiy	1	[{"added": {}}]	27	1
130	2023-06-19 15:04:23.473257+01	5	None - jhhk jhbjhk	1	[{"added": {}}]	27	1
131	2023-06-19 15:04:34.910045+01	6	None - mhgfgh jhvkhj	1	[{"added": {}}]	27	1
132	2023-06-19 15:37:04.053001+01	2	1-2002A | hvgkj ljh	2	[{"changed": {"fields": ["Square"]}}]	27	1
133	2023-06-19 15:37:04.054754+01	1	2-2005A | nic-4	2	[{"changed": {"fields": ["Square"]}}]	27	1
134	2023-06-19 15:37:04.05602+01	5	3-2017B | jhhk jhbjhk	2	[{"changed": {"fields": ["Square"]}}]	27	1
135	2023-06-19 15:37:04.058581+01	4	4-2019A | fiy khiy	2	[{"changed": {"fields": ["Square"]}}]	27	1
136	2023-06-19 15:37:04.060302+01	3	5-2020A | hgvig	2	[{"changed": {"fields": ["Square"]}}]	27	1
137	2023-06-19 15:37:04.061751+01	6	6-2022A | mhgfgh jhvkhj	2	[{"changed": {"fields": ["Square"]}}]	27	1
138	2023-06-19 15:37:17.827602+01	1	2-2005C | nic-4	2	[{"changed": {"fields": ["Square"]}}]	27	1
139	2023-06-19 15:37:17.829309+01	4	4-2019B | fiy khiy	2	[{"changed": {"fields": ["Square"]}}]	27	1
140	2023-06-19 15:37:17.831397+01	3	5-2020B | hgvig	2	[{"changed": {"fields": ["Square"]}}]	27	1
141	2023-06-19 15:55:56.870197+01	1	Trindade	1	[{"added": {}}]	28	1
142	2023-06-19 15:56:15.186655+01	2	Madalena	1	[{"added": {}}]	28	1
143	2023-06-19 19:35:17.351627+01	1	um Edifício	1	[{"added": {}}]	29	1
144	2023-06-19 19:36:01.292218+01	2	um Edifício e respectivo muro de vedação	1	[{"added": {}}]	29	1
145	2023-06-19 19:38:35.131152+01	4	None Muro de vedação	1	[{"added": {}}]	29	1
146	2023-06-19 19:39:22.853043+01	5	uma Barraca	1	[{"added": {}}]	29	1
147	2023-06-19 19:39:39.763996+01	6	um Quiosque	1	[{"added": {}}]	29	1
148	2023-06-19 19:39:59.085801+01	7	um Estabelecimento comercial	1	[{"added": {}}]	29	1
149	2023-06-19 21:40:55.411069+01	1	Change object (1)	1	[{"added": {}}]	31	1
150	2023-06-19 21:41:11.686206+01	2	Change object (2)	1	[{"added": {}}]	31	1
151	2023-06-19 21:41:28.909861+01	3	Change object (3)	1	[{"added": {}}]	31	1
152	2023-06-19 21:41:39.401466+01	4	Change object (4)	1	[{"added": {}}]	31	1
153	2023-06-20 08:54:20.157649+01	11	Autorização	2	[{"changed": {"fields": ["Gender"]}}]	9	1
154	2023-06-20 08:54:20.163503+01	10	Autorização	2	[{"changed": {"fields": ["Gender"]}}]	9	1
155	2023-06-20 08:54:20.164758+01	9	Licença	2	[{"changed": {"fields": ["Gender"]}}]	9	1
156	2023-06-20 08:54:20.165877+01	8	Licença	2	[{"changed": {"fields": ["Gender"]}}]	9	1
157	2023-06-20 08:54:20.166907+01	7	Autorização	2	[{"changed": {"fields": ["Gender"]}}]	9	1
158	2023-06-20 08:54:20.1681+01	6	Licença	2	[{"changed": {"fields": ["Gender"]}}]	9	1
159	2023-06-20 08:54:20.169244+01	4	Autorização	2	[{"changed": {"fields": ["Gender"]}}]	9	1
160	2023-06-20 08:54:20.170333+01	2	Autorização	2	[{"changed": {"fields": ["Gender"]}}]	9	1
161	2023-06-20 11:43:58.725509+01	3	-------------	1	[{"added": {}}]	33	1
162	2023-06-20 11:44:33.858914+01	4	---------------------------------------------------------	1	[{"added": {}}]	33	1
163	2023-06-20 11:44:44.748306+01	5	------------------------------------	1	[{"added": {}}]	33	1
164	2023-06-20 11:45:15.689151+01	6	-------------------------------------------------------------------------------------------	1	[{"added": {}}]	33	1
165	2023-06-20 11:45:41.881201+01	7	-----------------	1	[{"added": {}}]	33	1
166	2023-06-20 11:46:18.821982+01	5	------------------------------------	2	[]	33	1
167	2023-06-21 00:26:46.173819+01	173	Licença para Bufett 9-2023	2	[{"changed": {"fields": ["Secondary person", "House", "File"]}}]	6	1
168	2023-06-29 10:14:48.968455+01	11	Autorização	2	[{"changed": {"fields": ["Slug"]}}]	9	1
169	2023-06-29 10:14:54.425191+01	10	Autorização	2	[{"changed": {"fields": ["Slug"]}}]	9	1
170	2023-06-29 10:14:59.033435+01	9	Licença	2	[{"changed": {"fields": ["Slug"]}}]	9	1
171	2023-06-29 10:15:04.070802+01	8	Licença	2	[{"changed": {"fields": ["Slug"]}}]	9	1
172	2023-06-29 10:15:09.459832+01	7	Autorização	2	[{"changed": {"fields": ["Slug"]}}]	9	1
173	2023-06-29 10:15:20.57115+01	7	Autorização	2	[]	9	1
174	2023-06-29 10:15:26.130374+01	6	Licença	2	[{"changed": {"fields": ["Slug"]}}]	9	1
175	2023-06-29 10:15:32.198313+01	5	Registo	2	[{"changed": {"fields": ["Slug"]}}]	9	1
176	2023-06-29 10:15:37.192382+01	4	Autorização	2	[{"changed": {"fields": ["Slug"]}}]	9	1
177	2023-06-29 10:15:48.63318+01	3	Certificado	2	[{"changed": {"fields": ["Slug"]}}]	9	1
178	2023-06-29 10:15:55.556651+01	2	Autorização	2	[{"changed": {"fields": ["Slug"]}}]	9	1
179	2023-06-29 10:16:01.519496+01	1	Atestado	2	[{"changed": {"fields": ["Slug"]}}]	9	1
180	2023-06-29 10:16:57.812336+01	1	Atestado de Emprego	2	[{"changed": {"fields": ["Slug"]}}]	8	1
181	2023-06-29 10:17:03.833825+01	2	Atestado para Bolsa de Estudo	2	[{"changed": {"fields": ["Slug"]}}]	8	1
182	2023-06-29 10:17:08.801646+01	3	Atestado para Bolsa Interna	2	[{"changed": {"fields": ["Slug"]}}]	8	1
183	2023-06-29 10:17:19.794974+01	4	Atestado de Casamento	2	[{"changed": {"fields": ["Slug"]}}]	8	1
184	2023-06-29 10:17:35.450984+01	5	Atestado para Candidatura à Transporte Público	2	[{"changed": {"fields": ["Slug"]}}]	8	1
185	2023-06-29 10:17:41.415238+01	6	Atestado para Obtenção de Visto	2	[{"changed": {"fields": ["Slug"]}}]	8	1
186	2023-06-29 10:17:47.847517+01	7	Atestado para fins Escolares	2	[{"changed": {"fields": ["Slug"]}}]	8	1
187	2023-06-29 10:17:54.796031+01	7	Atestado para fins Escolares	2	[]	8	1
188	2023-06-29 10:18:00.45914+01	8	Atestado de Fixação de Residência	2	[{"changed": {"fields": ["Slug"]}}]	8	1
189	2023-06-29 10:18:07.620747+01	9	Atestado de Nacionalidade Santomense	2	[{"changed": {"fields": ["Slug"]}}]	8	1
190	2023-06-29 10:18:13.640702+01	10	Atestado de Percepção da Pensão de Aposentação	2	[{"changed": {"fields": ["Slug"]}}]	8	1
191	2023-06-29 10:18:21.892435+01	11	Atestado para Assistência Judicial	2	[{"changed": {"fields": ["Slug"]}}]	8	1
192	2023-06-29 10:18:26.219503+01	12	Atestado de Percepção da Pensão de Sobrevivência por Morte	2	[{"changed": {"fields": ["Slug"]}}]	8	1
193	2023-06-29 10:18:32.225882+01	12	Atestado de Percepção da Pensão de Sobrevivência por Morte	2	[]	8	1
194	2023-06-29 10:18:36.712203+01	13	Atestado para Subsídio de Transporte	2	[{"changed": {"fields": ["Slug"]}}]	8	1
195	2023-06-29 10:18:41.557906+01	14	Atestado para Transferência de mesada monetária	2	[{"changed": {"fields": ["Slug"]}}]	8	1
196	2023-06-29 10:18:45.802025+01	15	Atestado de Prova de Vida	2	[{"changed": {"fields": ["Slug"]}}]	8	1
197	2023-06-29 10:18:51.524475+01	16	Atestado de Residência	2	[{"changed": {"fields": ["Slug"]}}]	8	1
198	2023-06-29 10:18:56.169516+01	17	Atestado para Abertura de Conta Bancária	2	[{"changed": {"fields": ["Slug"]}}]	8	1
199	2023-06-29 10:19:05.242987+01	18	Atestado de Agregado Familiar	2	[{"changed": {"fields": ["Slug"]}}]	8	1
200	2023-06-29 10:19:10.999295+01	19	Atestado para Viagem	2	[{"changed": {"fields": ["Slug"]}}]	8	1
201	2023-06-29 10:19:16.429841+01	20	Atestado para Cargo Público	2	[{"changed": {"fields": ["Slug"]}}]	8	1
202	2023-06-29 10:19:23.859144+01	21	Atestado para motivos Profissionais	2	[{"changed": {"fields": ["Slug"]}}]	8	1
203	2023-06-29 10:19:28.369863+01	22	Atestado de Percepção da Pensão de Reforma	2	[{"changed": {"fields": ["Slug"]}}]	8	1
204	2023-06-29 10:19:33.980111+01	23	Autorização para Autorização de Construção	2	[{"changed": {"fields": ["Slug"]}}]	8	1
205	2023-06-29 10:19:40.888004+01	24	Certificado de Certificado de Compra de Coval	2	[{"changed": {"fields": ["Slug"]}}]	8	1
206	2023-06-29 10:19:47.249218+01	25	Autorização de Autorização para Modificar o Coval	2	[{"changed": {"fields": ["Slug"]}}]	8	1
207	2023-06-29 10:19:52.745304+01	26	Registo de Registo do enterramento de cadável	2	[{"changed": {"fields": ["Slug"]}}]	8	1
208	2023-06-29 10:19:59.411143+01	27	Licença de Licenças Para Barraca	2	[{"changed": {"fields": ["Slug"]}}]	8	1
209	2023-06-29 10:20:08.185862+01	28	Autorização para Autorização modificação, construção da sua barraca em alvenaria	2	[{"changed": {"fields": ["Slug"]}}]	8	1
210	2023-06-29 10:20:13.104723+01	28	Autorização para Autorização modificação, construção da sua barraca em alvenaria	2	[]	8	1
211	2023-06-29 10:20:17.891384+01	29	Licença para Licença para Bufett	2	[{"changed": {"fields": ["Slug"]}}]	8	1
212	2023-06-29 10:20:27.155732+01	30	Licença para Licenças Para Transladação	2	[{"changed": {"fields": ["Slug"]}}]	8	1
213	2023-06-29 10:20:35.595262+01	30	Licença para Licenças Para Transladação	2	[]	8	1
214	2023-06-29 10:20:43.373711+01	31	Autorização para Licenças para Baile	2	[{"changed": {"fields": ["Slug"]}}]	8	1
215	2023-06-29 10:20:48.242835+01	32	Autorização de Autorização de Enterro	2	[{"changed": {"fields": ["Slug"]}}]	8	1
216	2023-06-29 10:20:52.817413+01	33	Atestado para fins Convenientes	2	[{"changed": {"fields": ["Slug"]}}]	8	1
217	2023-07-02 09:19:55.265105+01	3	-------------------------------------------------------------------------------------------	2	[{"changed": {"fields": ["Size"]}}]	33	1
218	2023-07-02 09:22:42.228387+01	3	-------------------------------------------------------------------------------------------------------------------------------------------------------	2	[{"changed": {"fields": ["Size"]}}]	33	1
219	2023-07-02 09:23:36.002961+01	3	--------------------------------------------------------------------------------------------------------------------------------------------------------------------------------------------------------	2	[{"changed": {"fields": ["Size"]}}]	33	1
220	2023-07-02 09:25:10.712896+01	3	--------------------------------------------------------------------------------------------------------------------------------------------------------------------------------------------------------	2	[{"changed": {"fields": ["Size"]}}]	33	1
221	2023-07-02 09:25:52.861221+01	3	-------------------------------------------------------------------------------------------------------------------------------------------------------------------------------------	2	[{"changed": {"fields": ["Size"]}}]	33	1
222	2023-07-02 09:27:49.609438+01	3	------------------------------------------------------------------------------------------------------------------------------------------------------------------------------	2	[{"changed": {"fields": ["Size"]}}]	33	1
223	2023-07-02 09:34:23.613992+01	6	--------------------------------------------------------------------------------------------------------------------------------------------------------------------------------------------------------	2	[{"changed": {"fields": ["Size"]}}]	33	1
224	2023-07-02 09:35:35.123371+01	6	--------------------------------------------------------------------------------------------------------------------------------------------------------------------------------------------------------	2	[{"changed": {"fields": ["Size"]}}]	33	1
225	2023-07-02 09:36:27.023045+01	6	--------------------------------------------------------------------------------------------------------------------------------------------------------------------------------------------------------	2	[{"changed": {"fields": ["Size"]}}]	33	1
226	2023-07-02 09:37:30.678687+01	6	--------------------------------------------------------------------------------------------------------------------------------------------------------------------------------------------------------	2	[{"changed": {"fields": ["Size"]}}]	33	1
227	2023-07-02 09:38:00.500748+01	6	--------------------------------------------------------------------------------------------------------------------------------------------------------------------------------------------------------	2	[{"changed": {"fields": ["Size"]}}]	33	1
228	2023-07-02 09:38:47.122429+01	3	--------------------------------------------------------------------------------------------------------------------------------------------------------------------------------	2	[{"changed": {"fields": ["Size"]}}]	33	1
229	2023-07-02 09:50:20.883007+01	6	--------------------------------------------------------------------------------------------------------------------------------------------------------------------------------------------------------	2	[{"changed": {"fields": ["Size"]}}]	33	1
230	2023-07-02 09:51:23.504731+01	6	--------------------------------------------------------------------------------------------------------------------------------------------------------------------------------------------------------	2	[{"changed": {"fields": ["Size"]}}]	33	1
231	2023-07-02 09:52:05.359705+01	6	--------------------------------------------------------------------------------------------------------------------------------------------------------------------------------------------------------	2	[{"changed": {"fields": ["Size"]}}]	33	1
232	2023-07-02 09:52:34.482538+01	6	--------------------------------------------------------------------------------------------------------------------------------------------------------------------------------------------------------	2	[{"changed": {"fields": ["Size"]}}]	33	1
233	2023-07-02 09:53:05.028901+01	3	-------------------------------------------------------------------------------------------------------------------------------------------------------------------------------	2	[{"changed": {"fields": ["Size"]}}]	33	1
234	2023-08-11 23:02:23.311053+01	1	Tour 1	1	[{"added": {}}, {"added": {"name": "images tour", "object": "ImagesTour object (1)"}}, {"added": {"name": "images tour", "object": "ImagesTour object (2)"}}]	38	1
235	2023-08-11 23:04:07.734+01	1	Presidente	1	[{"added": {}}]	39	1
236	2023-08-11 23:04:45.720952+01	1	Antonio Jose - Presidente	1	[{"added": {}}]	40	1
237	2023-08-11 23:06:49.371672+01	1	Atestado	1	[{"added": {}}]	41	1
238	2023-08-11 23:07:29.738507+01	2	Buffete	1	[{"added": {}}]	41	1
239	2023-08-11 23:08:30.515379+01	1	 	1	[{"added": {}}]	42	1
240	2023-08-11 23:08:50.166645+01	1	SecreatarySection object (1)	1	[{"added": {}}]	43	1
241	2023-08-11 23:23:18.594647+01	1	Atestado	1	[{"added": {}}, {"added": {"name": "information", "object": "dd?"}}]	35	1
242	2023-08-11 23:29:57.52546+01	1	lkjkl	1	[{"added": {}}]	48	1
243	2023-08-12 03:43:59.022798+01	1	lkjkl	2	[{"changed": {"fields": ["Picture"]}}]	48	1
244	2023-08-12 04:12:45.174871+01	1	Atestado	2	[{"changed": {"fields": ["Picture"]}}]	35	1
245	2023-08-12 13:29:43.3965+01	2	Reportagem Helder Camblé CECAB STP 2	1	[{"added": {}}]	48	1
246	2023-08-12 19:14:32.22002+01	2	Service 2	1	[{"added": {}}, {"added": {"name": "information", "object": "dbdgd?"}}, {"added": {"name": "information", "object": "bfgfgd?"}}]	35	1
247	2023-08-12 22:22:22.161472+01	2	Secreatria	1	[{"added": {}}]	39	1
248	2023-08-12 22:22:53.359819+01	2	Nela Joia Rara - Secreatria	1	[{"added": {}}]	40	1
249	2023-08-12 22:49:33.05456+01	2	Tour 2	1	[{"added": {}}, {"added": {"name": "images tour", "object": "ImagesTour object (3)"}}, {"added": {"name": "images tour", "object": "ImagesTour object (4)"}}]	38	1
250	2023-08-13 00:24:08.492706+01	2	Tour 2	2	[{"changed": {"fields": ["Location"]}}]	38	1
251	2023-08-13 00:24:46.847097+01	1	Tour 1	2	[{"changed": {"fields": ["Location"]}}]	38	1
252	2023-08-13 00:26:46.320008+01	1	Tour 1	2	[{"changed": {"fields": ["Location"]}}]	38	1
253	2023-08-13 00:26:54.015873+01	2	Tour 2	2	[{"changed": {"fields": ["Location"]}}]	38	1
254	2023-08-13 21:33:31.969887+01	1	Atestado	2	[{"changed": {"fields": ["Picture"]}}]	35	1
255	2023-08-13 21:34:32.503511+01	1	Antonio Jose - Presidente	2	[{"changed": {"fields": ["Image"]}}]	40	1
256	2023-08-15 10:19:07.876466+01	2	Dulcineia da Silvsa Lopes Martins dos Ramos with Bilhete de Identidade 138432 from São Tomé e Príncipe	2	[{"changed": {"fields": ["Address"]}}]	20	1
257	2023-10-07 19:40:25.129068+01	2	Favorita - Trindade	1	[{"added": {}}]	19	1
258	2023-10-07 19:40:58.10023+01	2	Madalena - Mé-Zóchi	1	[{"added": {}}]	18	1
259	2023-10-07 19:41:12.390819+01	3	Bombom - Mé-Zóchi	1	[{"added": {}}]	18	1
260	2023-10-07 19:41:37.667315+01	2	SEF Portugal	1	[{"added": {}}]	15	1
261	2023-10-07 19:41:55.547202+01	2	Portugal	1	[{"added": {}}]	10	1
262	2023-10-08 22:30:42.912152+01	13	1-2023 CC | nic-4	3		27	1
263	2023-10-08 22:33:06.837926+01	12	1-2023 BB | hgvig	2	[{"changed": {"fields": ["Date used"]}}]	27	1
264	2023-10-08 22:33:06.839637+01	11	2-2023 BB | fiy khiy	2	[{"changed": {"fields": ["Date used"]}}]	27	1
265	2023-10-16 19:29:08.804161+01	10	3-2023 BB | jhhk jhbjhk	2	[{"changed": {"fields": ["Date used"]}}]	27	1
266	2023-10-22 18:31:15.709214+01	502	Emprego 99-2023	3		6	1
267	2023-10-22 18:31:15.729935+01	363	Emprego 98-2023	3		6	1
268	2023-10-22 18:31:15.732225+01	358	Emprego 97-2023	3		6	1
269	2023-10-22 18:31:15.733727+01	357	Emprego 96-2023	3		6	1
270	2023-10-22 18:31:15.735439+01	356	Emprego 95-2023	3		6	1
271	2023-10-22 18:31:15.73682+01	355	Emprego 94-2023	3		6	1
272	2023-10-22 18:31:15.73911+01	354	Emprego 93-2023	3		6	1
273	2023-10-22 18:31:15.741015+01	352	Emprego 92-2023	3		6	1
274	2023-10-22 18:31:15.742502+01	351	Emprego 91-2023	3		6	1
275	2023-10-22 18:31:15.743681+01	349	Emprego 90-2023	3		6	1
276	2023-10-22 18:31:15.744604+01	643	Fixação de Residência 9-2023	3		6	1
277	2023-10-22 18:31:15.745943+01	633	Autorização de Enterro 9-2023	3		6	1
278	2023-10-22 18:31:15.747582+01	626	Licenças Para Barraca 9-2023	3		6	1
279	2023-10-22 18:31:15.749273+01	616	Autorização de Construção 9-2023	3		6	1
280	2023-10-22 18:31:15.750474+01	581	Bolsa Interna 9-2023	3		6	1
281	2023-10-22 18:31:15.751389+01	439	Casamento 9-2023	3		6	1
282	2023-10-22 18:31:15.752423+01	173	Licença para Bufett 9-2023	3		6	1
283	2023-10-22 18:31:15.753635+01	116	Agregado Familiar 9-2023	3		6	1
284	2023-10-22 18:31:15.755484+01	95	Percepção da Pensão de Sobrevivência por Morte 9-2023	3		6	1
285	2023-10-22 18:31:15.7577+01	74	Bolsa de Estudo 9-2023	3		6	1
286	2023-10-22 18:31:15.759216+01	40	Emprego 9-2023	3		6	1
287	2023-10-22 18:31:15.760611+01	343	Emprego 89-2023	3		6	1
288	2023-10-22 18:31:15.761676+01	342	Emprego 88-2023	3		6	1
289	2023-10-22 18:31:15.762638+01	340	Emprego 87-2023	3		6	1
290	2023-10-22 18:31:15.763501+01	339	Emprego 86-2023	3		6	1
291	2023-10-22 18:31:15.764437+01	338	Emprego 85-2023	3		6	1
292	2023-10-22 18:31:15.765371+01	337	Emprego 84-2023	3		6	1
293	2023-10-22 18:31:15.766334+01	335	Emprego 83-2023	3		6	1
294	2023-10-22 18:31:15.767318+01	334	Emprego 82-2023	3		6	1
295	2023-10-22 18:31:15.768178+01	333	Emprego 81-2023	3		6	1
296	2023-10-22 18:31:15.769071+01	332	Emprego 80-2023	3		6	1
297	2023-10-22 18:31:15.769806+01	642	Fixação de Residência 8-2023	3		6	1
298	2023-10-22 18:31:15.771066+01	634	Licenças Para Barraca 8-2023	3		6	1
299	2023-10-22 18:31:15.772661+01	632	Autorização de Enterro 8-2023	3		6	1
300	2023-10-22 18:31:15.774327+01	615	Autorização de Construção 8-2023	3		6	1
301	2023-10-22 18:31:15.775713+01	580	Bolsa Interna 8-2023	3		6	1
302	2023-10-22 18:31:15.776929+01	438	Casamento 8-2023	3		6	1
303	2023-10-22 18:31:15.777942+01	172	Licença para Bufett 8-2023	3		6	1
304	2023-10-22 18:31:15.779324+01	114	Agregado Familiar 8-2023	3		6	1
305	2023-10-22 18:31:15.781064+01	94	Percepção da Pensão de Sobrevivência por Morte 8-2023	3		6	1
306	2023-10-22 18:31:15.782486+01	73	Bolsa de Estudo 8-2023	3		6	1
307	2023-10-22 18:31:15.783746+01	39	Emprego 8-2023	3		6	1
308	2023-10-22 18:31:15.785062+01	740	Licença para Bufett 79-2023	3		6	1
309	2023-10-22 18:31:15.786233+01	331	Emprego 79-2023	3		6	1
310	2023-10-22 18:31:15.787874+01	742	Licença para Bufett 78-2023	3		6	1
311	2023-10-22 18:31:15.789702+01	330	Emprego 78-2023	3		6	1
312	2023-10-22 18:31:15.791233+01	741	Licença para Bufett 77-2023	3		6	1
313	2023-10-22 18:31:15.792426+01	329	Emprego 77-2023	3		6	1
314	2023-10-22 18:31:15.793315+01	328	Emprego 76-2023	3		6	1
315	2023-10-22 18:31:15.794046+01	739	Licença para Bufett 75-2023	3		6	1
316	2023-10-22 18:31:15.794877+01	327	Emprego 75-2023	3		6	1
317	2023-10-22 18:31:15.795786+01	738	Licença para Bufett 74-2023	3		6	1
318	2023-10-22 18:31:15.79658+01	326	Emprego 74-2023	3		6	1
319	2023-10-22 18:31:15.797635+01	737	Licença para Bufett 73-2023	3		6	1
320	2023-10-22 18:31:15.798728+01	325	Emprego 73-2023	3		6	1
321	2023-10-22 18:31:15.799849+01	736	Licença para Bufett 72-2023	3		6	1
322	2023-10-22 18:31:15.801093+01	324	Emprego 72-2023	3		6	1
323	2023-10-22 18:31:15.80229+01	735	Licença para Bufett 71-2023	3		6	1
324	2023-10-22 18:31:15.803389+01	323	Emprego 71-2023	3		6	1
325	2023-10-22 18:31:15.804951+01	734	Licença para Bufett 70-2023	3		6	1
326	2023-10-22 18:31:15.806522+01	322	Emprego 70-2023	3		6	1
327	2023-10-22 18:31:15.808032+01	641	Fixação de Residência 7-2023	3		6	1
328	2023-10-22 18:31:15.809074+01	627	Licenças Para Barraca 7-2023	3		6	1
329	2023-10-22 18:31:15.810077+01	579	Bolsa Interna 7-2023	3		6	1
330	2023-10-22 18:31:15.810948+01	437	Casamento 7-2023	3		6	1
331	2023-10-22 18:31:15.813215+01	391	Autorização de Construção 7-2023	3		6	1
332	2023-10-22 18:31:15.814857+01	171	Licença para Bufett 7-2023	3		6	1
333	2023-10-22 18:31:15.816133+01	129	Autorização de Enterro 7-2023	3		6	1
334	2023-10-22 18:31:15.817377+01	113	Agregado Familiar 7-2023	3		6	1
335	2023-10-22 18:31:15.818772+01	93	Percepção da Pensão de Sobrevivência por Morte 7-2023	3		6	1
336	2023-10-22 18:31:15.820087+01	72	Bolsa de Estudo 7-2023	3		6	1
338	2023-10-22 18:31:15.82406+01	733	Licença para Bufett 69-2023	3		6	1
339	2023-10-22 18:31:15.825502+01	321	Emprego 69-2023	3		6	1
340	2023-10-22 18:31:15.826711+01	732	Licença para Bufett 68-2023	3		6	1
341	2023-10-22 18:31:15.827838+01	320	Emprego 68-2023	3		6	1
342	2023-10-22 18:31:15.828747+01	731	Licença para Bufett 67-2023	3		6	1
343	2023-10-22 18:31:15.829583+01	319	Emprego 67-2023	3		6	1
344	2023-10-22 18:31:15.830447+01	730	Licença para Bufett 66-2023	3		6	1
345	2023-10-22 18:31:15.831165+01	318	Emprego 66-2023	3		6	1
346	2023-10-22 18:31:15.831887+01	729	Licença para Bufett 65-2023	3		6	1
347	2023-10-22 18:31:15.832575+01	317	Emprego 65-2023	3		6	1
348	2023-10-22 18:31:15.833511+01	728	Licença para Bufett 64-2023	3		6	1
349	2023-10-22 18:31:15.834478+01	316	Emprego 64-2023	3		6	1
350	2023-10-22 18:31:15.835416+01	727	Licença para Bufett 63-2023	3		6	1
351	2023-10-22 18:31:15.836296+01	315	Emprego 63-2023	3		6	1
352	2023-10-22 18:31:15.837196+01	726	Licença para Bufett 62-2023	3		6	1
353	2023-10-22 18:31:15.839003+01	314	Emprego 62-2023	3		6	1
354	2023-10-22 18:31:15.840434+01	725	Licença para Bufett 61-2023	3		6	1
355	2023-10-22 18:31:15.841638+01	313	Emprego 61-2023	3		6	1
356	2023-10-22 18:31:15.842533+01	724	Licença para Bufett 60-2023	3		6	1
357	2023-10-22 18:31:15.843433+01	312	Emprego 60-2023	3		6	1
358	2023-10-22 18:31:15.845629+01	753	Subsídio de Transporte 6-2023	3		6	1
359	2023-10-22 18:31:15.847611+01	751	Subsídio de Transporte 6-2023	3		6	1
360	2023-10-22 18:31:15.849328+01	640	Fixação de Residência 6-2023	3		6	1
361	2023-10-22 18:31:15.850515+01	578	Bolsa Interna 6-2023	3		6	1
362	2023-10-22 18:31:15.851546+01	436	Casamento 6-2023	3		6	1
363	2023-10-22 18:31:15.852768+01	429	Convenientes 6-2023	3		6	1
364	2023-10-22 18:31:15.854361+01	350	Autorização de Construção 6-2023	3		6	1
365	2023-10-22 18:31:15.856002+01	170	Licença para Bufett 6-2023	3		6	1
366	2023-10-22 18:31:15.858107+01	128	Autorização de Enterro 6-2023	3		6	1
367	2023-10-22 18:31:15.859609+01	112	Agregado Familiar 6-2023	3		6	1
368	2023-10-22 18:31:15.860954+01	92	Percepção da Pensão de Sobrevivência por Morte 6-2023	3		6	1
369	2023-10-22 18:31:15.861981+01	69	Bolsa de Estudo 6-2023	3		6	1
370	2023-10-22 18:31:15.86283+01	37	Emprego 6-2023	3		6	1
371	2023-10-22 18:31:15.863615+01	754	Casamento 59-2023	3		6	1
372	2023-10-22 18:31:15.864381+01	723	Licença para Bufett 59-2023	3		6	1
373	2023-10-22 18:31:15.865347+01	311	Emprego 59-2023	3		6	1
374	2023-10-22 18:31:15.8663+01	722	Licença para Bufett 58-2023	3		6	1
375	2023-10-22 18:31:15.867051+01	310	Emprego 58-2023	3		6	1
376	2023-10-22 18:31:15.867737+01	721	Licença para Bufett 57-2023	3		6	1
377	2023-10-22 18:31:15.868626+01	501	Casamento 57-2023	3		6	1
378	2023-10-22 18:31:15.869347+01	309	Emprego 57-2023	3		6	1
379	2023-10-22 18:31:15.870167+01	720	Licença para Bufett 56-2023	3		6	1
380	2023-10-22 18:31:15.871759+01	500	Casamento 56-2023	3		6	1
381	2023-10-22 18:31:15.873237+01	308	Emprego 56-2023	3		6	1
382	2023-10-22 18:31:15.8746+01	799	Bolsa de Estudo 55-2023	3		6	1
383	2023-10-22 18:31:15.87594+01	719	Licença para Bufett 55-2023	3		6	1
384	2023-10-22 18:31:15.877043+01	499	Casamento 55-2023	3		6	1
385	2023-10-22 18:31:15.877934+01	307	Emprego 55-2023	3		6	1
386	2023-10-22 18:31:15.879084+01	798	Bolsa de Estudo 54-2023	3		6	1
387	2023-10-22 18:31:15.880333+01	718	Licença para Bufett 54-2023	3		6	1
388	2023-10-22 18:31:15.881582+01	498	Casamento 54-2023	3		6	1
389	2023-10-22 18:31:15.882831+01	306	Emprego 54-2023	3		6	1
390	2023-10-22 18:31:15.884123+01	789	Bolsa de Estudo 53-2023	3		6	1
391	2023-10-22 18:31:15.885298+01	717	Licença para Bufett 53-2023	3		6	1
392	2023-10-22 18:31:15.886286+01	497	Casamento 53-2023	3		6	1
393	2023-10-22 18:31:15.888183+01	305	Emprego 53-2023	3		6	1
394	2023-10-22 18:31:15.889768+01	716	Licença para Bufett 52-2023	3		6	1
395	2023-10-22 18:31:15.891296+01	496	Casamento 52-2023	3		6	1
396	2023-10-22 18:31:15.893262+01	304	Emprego 52-2023	3		6	1
397	2023-10-22 18:31:15.894573+01	788	Bolsa de Estudo 51-2023	3		6	1
398	2023-10-22 18:31:15.896031+01	715	Licença para Bufett 51-2023	3		6	1
399	2023-10-22 18:31:15.89746+01	604	Bolsa de Estudo 51-2023	3		6	1
400	2023-10-22 18:31:15.899022+01	495	Casamento 51-2023	3		6	1
401	2023-10-22 18:31:15.900054+01	303	Emprego 51-2023	3		6	1
402	2023-10-22 18:31:15.900939+01	714	Licença para Bufett 50-2023	3		6	1
403	2023-10-22 18:31:15.901722+01	609	Bolsa de Estudo 50-2023	3		6	1
404	2023-10-22 18:31:15.902636+01	493	Casamento 50-2023	3		6	1
405	2023-10-22 18:31:15.903421+01	302	Emprego 50-2023	3		6	1
406	2023-10-22 18:31:15.904461+01	752	Subsídio de Transporte 5-2023	3		6	1
407	2023-10-22 18:31:15.905839+01	639	Fixação de Residência 5-2023	3		6	1
408	2023-10-22 18:31:15.907301+01	577	Bolsa Interna 5-2023	3		6	1
409	2023-10-22 18:31:15.909311+01	435	Casamento 5-2023	3		6	1
410	2023-10-22 18:31:15.910711+01	431	Licenças Para Barraca 5-2023	3		6	1
411	2023-10-22 18:31:15.911533+01	428	Convenientes 5-2023	3		6	1
412	2023-10-22 18:31:15.912351+01	416	Licenças para Baile 5-2023	3		6	1
413	2023-10-22 18:31:15.913212+01	169	Licença para Bufett 5-2023	3		6	1
414	2023-10-22 18:31:15.913923+01	135	Autorização de Construção 5-2023	3		6	1
415	2023-10-22 18:31:15.91463+01	127	Autorização de Enterro 5-2023	3		6	1
416	2023-10-22 18:31:15.91568+01	111	Agregado Familiar 5-2023	3		6	1
417	2023-10-22 18:31:15.916415+01	91	Percepção da Pensão de Sobrevivência por Morte 5-2023	3		6	1
418	2023-10-22 18:31:15.917055+01	68	Bolsa de Estudo 5-2023	3		6	1
419	2023-10-22 18:31:15.917784+01	36	Emprego 5-2023	3		6	1
420	2023-10-22 18:31:15.91867+01	713	Licença para Bufett 49-2023	3		6	1
421	2023-10-22 18:31:15.919718+01	608	Bolsa de Estudo 49-2023	3		6	1
422	2023-10-22 18:31:15.92118+01	492	Casamento 49-2023	3		6	1
423	2023-10-22 18:31:15.922428+01	301	Emprego 49-2023	3		6	1
424	2023-10-22 18:31:15.924541+01	712	Licença para Bufett 48-2023	3		6	1
425	2023-10-22 18:31:15.926114+01	607	Bolsa de Estudo 48-2023	3		6	1
426	2023-10-22 18:31:15.927556+01	491	Casamento 48-2023	3		6	1
427	2023-10-22 18:31:15.929057+01	300	Emprego 48-2023	3		6	1
428	2023-10-22 18:31:15.930448+01	711	Licença para Bufett 47-2023	3		6	1
429	2023-10-22 18:31:15.931386+01	606	Bolsa de Estudo 47-2023	3		6	1
430	2023-10-22 18:31:15.93214+01	490	Casamento 47-2023	3		6	1
431	2023-10-22 18:31:15.932808+01	299	Emprego 47-2023	3		6	1
432	2023-10-22 18:31:15.933466+01	710	Licença para Bufett 46-2023	3		6	1
433	2023-10-22 18:31:15.934369+01	605	Bolsa de Estudo 46-2023	3		6	1
434	2023-10-22 18:31:15.935197+01	489	Casamento 46-2023	3		6	1
435	2023-10-22 18:31:15.9361+01	298	Emprego 46-2023	3		6	1
436	2023-10-22 18:31:15.936919+01	709	Licença para Bufett 45-2023	3		6	1
437	2023-10-22 18:31:15.938416+01	488	Casamento 45-2023	3		6	1
438	2023-10-22 18:31:15.939744+01	297	Emprego 45-2023	3		6	1
439	2023-10-22 18:31:15.940959+01	708	Licença para Bufett 44-2023	3		6	1
440	2023-10-22 18:31:15.941873+01	603	Bolsa de Estudo 44-2023	3		6	1
441	2023-10-22 18:31:15.942632+01	487	Casamento 44-2023	3		6	1
442	2023-10-22 18:31:15.943342+01	296	Emprego 44-2023	3		6	1
443	2023-10-22 18:31:15.945142+01	707	Licença para Bufett 43-2023	3		6	1
444	2023-10-22 18:31:15.946246+01	687	Percepção da Pensão de Sobrevivência por Morte 43-2023	3		6	1
445	2023-10-22 18:31:15.947539+01	602	Bolsa de Estudo 43-2023	3		6	1
446	2023-10-22 18:31:15.948547+01	486	Casamento 43-2023	3		6	1
447	2023-10-22 18:31:15.949753+01	295	Emprego 43-2023	3		6	1
448	2023-10-22 18:31:15.950896+01	706	Licença para Bufett 42-2023	3		6	1
449	2023-10-22 18:31:15.952143+01	686	Percepção da Pensão de Sobrevivência por Morte 42-2023	3		6	1
450	2023-10-22 18:31:15.953274+01	601	Bolsa de Estudo 42-2023	3		6	1
451	2023-10-22 18:31:15.954837+01	484	Casamento 42-2023	3		6	1
452	2023-10-22 18:31:15.95689+01	294	Emprego 42-2023	3		6	1
453	2023-10-22 18:31:15.95884+01	705	Licença para Bufett 41-2023	3		6	1
454	2023-10-22 18:31:15.960323+01	685	Percepção da Pensão de Sobrevivência por Morte 41-2023	3		6	1
455	2023-10-22 18:31:15.961902+01	600	Bolsa de Estudo 41-2023	3		6	1
456	2023-10-22 18:31:15.963298+01	483	Casamento 41-2023	3		6	1
457	2023-10-22 18:31:15.96451+01	293	Emprego 41-2023	3		6	1
458	2023-10-22 18:31:15.965753+01	704	Licença para Bufett 40-2023	3		6	1
459	2023-10-22 18:31:15.966619+01	684	Percepção da Pensão de Sobrevivência por Morte 40-2023	3		6	1
460	2023-10-22 18:31:15.967675+01	599	Bolsa de Estudo 40-2023	3		6	1
461	2023-10-22 18:31:15.968522+01	482	Casamento 40-2023	3		6	1
462	2023-10-22 18:31:15.969156+01	292	Emprego 40-2023	3		6	1
463	2023-10-22 18:31:15.969758+01	638	Fixação de Residência 4-2023	3		6	1
464	2023-10-22 18:31:15.971204+01	635	Autorização para Modificar o Coval 4-2023	3		6	1
465	2023-10-22 18:31:15.972615+01	576	Bolsa Interna 4-2023	3		6	1
466	2023-10-22 18:31:15.974171+01	434	Casamento 4-2023	3		6	1
467	2023-10-22 18:31:15.975492+01	427	Convenientes 4-2023	3		6	1
468	2023-10-22 18:31:15.976533+01	399	Licenças Para Barraca 4-2023	3		6	1
469	2023-10-22 18:31:15.977736+01	196	Licenças para Baile 4-2023	3		6	1
470	2023-10-22 18:31:15.978857+01	167	Licença para Bufett 4-2023	3		6	1
471	2023-10-22 18:31:15.979924+01	134	Autorização de Construção 4-2023	3		6	1
472	2023-10-22 18:31:15.981128+01	126	Autorização de Enterro 4-2023	3		6	1
473	2023-10-22 18:31:15.982043+01	110	Agregado Familiar 4-2023	3		6	1
474	2023-10-22 18:31:15.98296+01	89	Percepção da Pensão de Sobrevivência por Morte 4-2023	3		6	1
475	2023-10-22 18:31:15.984283+01	67	Bolsa de Estudo 4-2023	3		6	1
476	2023-10-22 18:31:15.985679+01	35	Emprego 4-2023	3		6	1
477	2023-10-22 18:31:15.986797+01	703	Licença para Bufett 39-2023	3		6	1
478	2023-10-22 18:31:15.98916+01	683	Percepção da Pensão de Sobrevivência por Morte 39-2023	3		6	1
479	2023-10-22 18:31:15.991665+01	598	Bolsa de Estudo 39-2023	3		6	1
480	2023-10-22 18:31:15.993536+01	481	Casamento 39-2023	3		6	1
481	2023-10-22 18:31:15.995048+01	291	Emprego 39-2023	3		6	1
482	2023-10-22 18:31:15.996673+01	702	Licença para Bufett 38-2023	3		6	1
483	2023-10-22 18:31:15.998482+01	682	Percepção da Pensão de Sobrevivência por Morte 38-2023	3		6	1
484	2023-10-22 18:31:16.000319+01	597	Bolsa de Estudo 38-2023	3		6	1
485	2023-10-22 18:31:16.001988+01	480	Casamento 38-2023	3		6	1
486	2023-10-22 18:31:16.0033+01	285	Emprego 38-2023	3		6	1
487	2023-10-22 18:31:16.00552+01	701	Licença para Bufett 37-2023	3		6	1
488	2023-10-22 18:31:16.007652+01	681	Percepção da Pensão de Sobrevivência por Morte 37-2023	3		6	1
489	2023-10-22 18:31:16.008963+01	596	Bolsa de Estudo 37-2023	3		6	1
490	2023-10-22 18:31:16.010341+01	479	Casamento 37-2023	3		6	1
491	2023-10-22 18:31:16.01188+01	282	Emprego 37-2023	3		6	1
492	2023-10-22 18:31:16.013312+01	700	Licença para Bufett 36-2023	3		6	1
493	2023-10-22 18:31:16.01463+01	680	Percepção da Pensão de Sobrevivência por Morte 36-2023	3		6	1
494	2023-10-22 18:31:16.016221+01	595	Bolsa de Estudo 36-2023	3		6	1
495	2023-10-22 18:31:16.017445+01	478	Casamento 36-2023	3		6	1
496	2023-10-22 18:31:16.018826+01	280	Emprego 36-2023	3		6	1
497	2023-10-22 18:31:16.020663+01	699	Licença para Bufett 35-2023	3		6	1
498	2023-10-22 18:31:16.022811+01	679	Percepção da Pensão de Sobrevivência por Morte 35-2023	3		6	1
499	2023-10-22 18:31:16.024639+01	593	Bolsa de Estudo 35-2023	3		6	1
500	2023-10-22 18:31:16.026013+01	477	Casamento 35-2023	3		6	1
501	2023-10-22 18:31:16.02756+01	279	Emprego 35-2023	3		6	1
502	2023-10-22 18:31:16.028984+01	698	Licença para Bufett 34-2023	3		6	1
503	2023-10-22 18:31:16.03035+01	678	Percepção da Pensão de Sobrevivência por Morte 34-2023	3		6	1
504	2023-10-22 18:31:16.031535+01	592	Bolsa de Estudo 34-2023	3		6	1
505	2023-10-22 18:31:16.03264+01	476	Casamento 34-2023	3		6	1
506	2023-10-22 18:31:16.033747+01	278	Emprego 34-2023	3		6	1
507	2023-10-22 18:31:16.034943+01	697	Licença para Bufett 33-2023	3		6	1
508	2023-10-22 18:31:16.037012+01	677	Percepção da Pensão de Sobrevivência por Morte 33-2023	3		6	1
509	2023-10-22 18:31:16.03915+01	566	Bolsa de Estudo 33-2023	3		6	1
510	2023-10-22 18:31:16.041429+01	565	Bolsa de Estudo 33-2023	3		6	1
511	2023-10-22 18:31:16.042891+01	475	Casamento 33-2023	3		6	1
512	2023-10-22 18:31:16.044367+01	277	Emprego 33-2023	3		6	1
513	2023-10-22 18:31:16.045746+01	696	Licença para Bufett 32-2023	3		6	1
514	2023-10-22 18:31:16.047514+01	676	Percepção da Pensão de Sobrevivência por Morte 32-2023	3		6	1
515	2023-10-22 18:31:16.049107+01	474	Casamento 32-2023	3		6	1
516	2023-10-22 18:31:16.050685+01	276	Emprego 32-2023	3		6	1
517	2023-10-22 18:31:16.052918+01	695	Licença para Bufett 31-2023	3		6	1
518	2023-10-22 18:31:16.055332+01	675	Percepção da Pensão de Sobrevivência por Morte 31-2023	3		6	1
519	2023-10-22 18:31:16.056859+01	564	Bolsa de Estudo 31-2023	3		6	1
520	2023-10-22 18:31:16.058539+01	473	Casamento 31-2023	3		6	1
521	2023-10-22 18:31:16.06016+01	275	Emprego 31-2023	3		6	1
522	2023-10-22 18:31:16.06173+01	694	Licença para Bufett 30-2023	3		6	1
523	2023-10-22 18:31:16.063379+01	674	Percepção da Pensão de Sobrevivência por Morte 30-2023	3		6	1
524	2023-10-22 18:31:16.06462+01	563	Bolsa de Estudo 30-2023	3		6	1
525	2023-10-22 18:31:16.066315+01	472	Casamento 30-2023	3		6	1
526	2023-10-22 18:31:16.067767+01	274	Emprego 30-2023	3		6	1
527	2023-10-22 18:31:16.068866+01	637	Fixação de Residência 3-2023	3		6	1
528	2023-10-22 18:31:16.069966+01	625	Autorização para Modificar o Coval 3-2023	3		6	1
529	2023-10-22 18:31:16.071869+01	621	Certificado de Compra de Coval 3-2023	3		6	1
530	2023-10-22 18:31:16.073489+01	575	Bolsa Interna 3-2023	3		6	1
531	2023-10-22 18:31:16.075612+01	433	Casamento 3-2023	3		6	1
532	2023-10-22 18:31:16.076957+01	426	Convenientes 3-2023	3		6	1
533	2023-10-22 18:31:16.078478+01	415	Licenças Para Transladação 3-2023	3		6	1
534	2023-10-22 18:31:16.079758+01	398	Licenças Para Barraca 3-2023	3		6	1
535	2023-10-22 18:31:16.081193+01	373	Escolares 3-2023	3		6	1
536	2023-10-22 18:31:16.082412+01	195	Licenças para Baile 3-2023	3		6	1
537	2023-10-22 18:31:16.083919+01	166	Licença para Bufett 3-2023	3		6	1
538	2023-10-22 18:31:16.08572+01	133	Autorização de Construção 3-2023	3		6	1
539	2023-10-22 18:31:16.087729+01	125	Autorização de Enterro 3-2023	3		6	1
540	2023-10-22 18:31:16.089334+01	104	Agregado Familiar 3-2023	3		6	1
541	2023-10-22 18:31:16.090678+01	88	Percepção da Pensão de Sobrevivência por Morte 3-2023	3		6	1
542	2023-10-22 18:31:16.091949+01	66	Bolsa de Estudo 3-2023	3		6	1
543	2023-10-22 18:31:16.093104+01	34	Emprego 3-2023	3		6	1
544	2023-10-22 18:31:16.094078+01	693	Licença para Bufett 29-2023	3		6	1
545	2023-10-22 18:31:16.095415+01	673	Percepção da Pensão de Sobrevivência por Morte 29-2023	3		6	1
546	2023-10-22 18:31:16.096673+01	562	Bolsa de Estudo 29-2023	3		6	1
547	2023-10-22 18:31:16.09806+01	471	Casamento 29-2023	3		6	1
548	2023-10-22 18:31:16.099272+01	273	Emprego 29-2023	3		6	1
549	2023-10-22 18:31:16.100513+01	692	Licença para Bufett 28-2023	3		6	1
550	2023-10-22 18:31:16.101589+01	672	Percepção da Pensão de Sobrevivência por Morte 28-2023	3		6	1
551	2023-10-22 18:31:16.102371+01	617	Licença para Bufett 28-2023	3		6	1
552	2023-10-22 18:31:16.103259+01	561	Bolsa de Estudo 28-2023	3		6	1
553	2023-10-22 18:31:16.104549+01	470	Casamento 28-2023	3		6	1
554	2023-10-22 18:31:16.106133+01	272	Emprego 28-2023	3		6	1
555	2023-10-22 18:31:16.107739+01	671	Percepção da Pensão de Sobrevivência por Morte 27-2023	3		6	1
556	2023-10-22 18:31:16.108967+01	618	Licença para Bufett 27-2023	3		6	1
557	2023-10-22 18:31:16.109907+01	560	Bolsa de Estudo 27-2023	3		6	1
558	2023-10-22 18:31:16.111133+01	466	Casamento 27-2023	3		6	1
559	2023-10-22 18:31:16.112491+01	271	Emprego 27-2023	3		6	1
560	2023-10-22 18:31:16.113826+01	670	Percepção da Pensão de Sobrevivência por Morte 26-2023	3		6	1
561	2023-10-22 18:31:16.114841+01	559	Bolsa de Estudo 26-2023	3		6	1
562	2023-10-22 18:31:16.116568+01	462	Casamento 26-2023	3		6	1
563	2023-10-22 18:31:16.118135+01	270	Emprego 26-2023	3		6	1
564	2023-10-22 18:31:16.11934+01	669	Percepção da Pensão de Sobrevivência por Morte 25-2023	3		6	1
565	2023-10-22 18:31:16.121033+01	659	Fixação de Residência 25-2023	3		6	1
566	2023-10-22 18:31:16.122966+01	558	Bolsa de Estudo 25-2023	3		6	1
567	2023-10-22 18:31:16.124578+01	460	Casamento 25-2023	3		6	1
568	2023-10-22 18:31:16.126152+01	412	Licença para Bufett 25-2023	3		6	1
569	2023-10-22 18:31:16.127435+01	269	Emprego 25-2023	3		6	1
570	2023-10-22 18:31:16.128469+01	746	Bolsa Interna 24-2023	3		6	1
571	2023-10-22 18:31:16.129381+01	668	Percepção da Pensão de Sobrevivência por Morte 24-2023	3		6	1
572	2023-10-22 18:31:16.130511+01	658	Fixação de Residência 24-2023	3		6	1
573	2023-10-22 18:31:16.131385+01	557	Bolsa de Estudo 24-2023	3		6	1
574	2023-10-22 18:31:16.132045+01	459	Casamento 24-2023	3		6	1
575	2023-10-22 18:31:16.132651+01	268	Emprego 24-2023	3		6	1
576	2023-10-22 18:31:16.13324+01	191	Licença para Bufett 24-2023	3		6	1
577	2023-10-22 18:31:16.133833+01	749	Bolsa Interna 23-2023	3		6	1
578	2023-10-22 18:31:16.134408+01	667	Percepção da Pensão de Sobrevivência por Morte 23-2023	3		6	1
579	2023-10-22 18:31:16.135326+01	657	Fixação de Residência 23-2023	3		6	1
580	2023-10-22 18:31:16.136393+01	556	Bolsa de Estudo 23-2023	3		6	1
581	2023-10-22 18:31:16.137601+01	458	Casamento 23-2023	3		6	1
582	2023-10-22 18:31:16.139383+01	267	Emprego 23-2023	3		6	1
583	2023-10-22 18:31:16.14108+01	190	Licença para Bufett 23-2023	3		6	1
584	2023-10-22 18:31:16.142233+01	748	Bolsa Interna 22-2023	3		6	1
585	2023-10-22 18:31:16.143618+01	666	Percepção da Pensão de Sobrevivência por Morte 22-2023	3		6	1
586	2023-10-22 18:31:16.144901+01	656	Fixação de Residência 22-2023	3		6	1
587	2023-10-22 18:31:16.146108+01	512	Bolsa de Estudo 22-2023	3		6	1
588	2023-10-22 18:31:16.147397+01	452	Casamento 22-2023	3		6	1
589	2023-10-22 18:31:16.149073+01	266	Emprego 22-2023	3		6	1
590	2023-10-22 18:31:16.150413+01	189	Licença para Bufett 22-2023	3		6	1
591	2023-10-22 18:31:16.151568+01	747	Bolsa Interna 21-2023	3		6	1
592	2023-10-22 18:31:16.152929+01	665	Percepção da Pensão de Sobrevivência por Morte 21-2023	3		6	1
593	2023-10-22 18:31:16.155162+01	655	Fixação de Residência 21-2023	3		6	1
594	2023-10-22 18:31:16.156955+01	511	Bolsa de Estudo 21-2023	3		6	1
595	2023-10-22 18:31:16.158114+01	451	Casamento 21-2023	3		6	1
596	2023-10-22 18:31:16.159752+01	265	Emprego 21-2023	3		6	1
597	2023-10-22 18:31:16.160922+01	188	Licença para Bufett 21-2023	3		6	1
598	2023-10-22 18:31:16.161884+01	664	Percepção da Pensão de Sobrevivência por Morte 20-2023	3		6	1
599	2023-10-22 18:31:16.162735+01	654	Fixação de Residência 20-2023	3		6	1
600	2023-10-22 18:31:16.163486+01	510	Bolsa de Estudo 20-2023	3		6	1
601	2023-10-22 18:31:16.164206+01	450	Casamento 20-2023	3		6	1
602	2023-10-22 18:31:16.165072+01	197	Emprego 20-2023	3		6	1
603	2023-10-22 18:31:16.166078+01	187	Licença para Bufett 20-2023	3		6	1
604	2023-10-22 18:31:16.166861+01	636	Fixação de Residência 2-2023	3		6	1
605	2023-10-22 18:31:16.167723+01	513	Candidatura à Transporte Público 2-2023	3		6	1
606	2023-10-22 18:31:16.168784+01	432	Casamento 2-2023	3		6	1
607	2023-10-22 18:31:16.169507+01	424	Convenientes 2-2023	3		6	1
608	2023-10-22 18:31:16.170319+01	414	Licenças Para Transladação 2-2023	3		6	1
609	2023-10-22 18:31:16.171748+01	395	Autorização para Modificar o Coval 2-2023	3		6	1
610	2023-10-22 18:31:16.172923+01	394	Certificado de Compra de Coval 2-2023	3		6	1
611	2023-10-22 18:31:16.173887+01	381	Subsídio de Transporte 2-2023	3		6	1
612	2023-10-22 18:31:16.174943+01	375	Nacionalidade Santomense 2-2023	3		6	1
613	2023-10-22 18:31:16.175938+01	372	Escolares 2-2023	3		6	1
614	2023-10-22 18:31:16.176766+01	367	Bolsa Interna 2-2023	3		6	1
615	2023-10-22 18:31:16.177684+01	194	Licenças para Baile 2-2023	3		6	1
616	2023-10-22 18:31:16.17874+01	165	Licença para Bufett 2-2023	3		6	1
617	2023-10-22 18:31:16.180464+01	158	Licenças Para Barraca 2-2023	3		6	1
618	2023-10-22 18:31:16.182054+01	132	Autorização de Construção 2-2023	3		6	1
619	2023-10-22 18:31:16.183226+01	124	Autorização de Enterro 2-2023	3		6	1
620	2023-10-22 18:31:16.184464+01	103	Agregado Familiar 2-2023	3		6	1
621	2023-10-22 18:31:16.18575+01	87	Percepção da Pensão de Sobrevivência por Morte 2-2023	3		6	1
622	2023-10-22 18:31:16.187184+01	65	Bolsa de Estudo 2-2023	3		6	1
623	2023-10-22 18:31:16.189003+01	12	Emprego 2-2023	3		6	1
624	2023-10-22 18:31:16.190787+01	745	Bolsa Interna 19-2023	3		6	1
625	2023-10-22 18:31:16.192032+01	663	Percepção da Pensão de Sobrevivência por Morte 19-2023	3		6	1
626	2023-10-22 18:31:16.192853+01	653	Fixação de Residência 19-2023	3		6	1
627	2023-10-22 18:31:16.193581+01	509	Bolsa de Estudo 19-2023	3		6	1
628	2023-10-22 18:31:16.194276+01	449	Casamento 19-2023	3		6	1
629	2023-10-22 18:31:16.195199+01	183	Licença para Bufett 19-2023	3		6	1
630	2023-10-22 18:31:16.1961+01	53	Emprego 19-2023	3		6	1
631	2023-10-22 18:31:16.196875+01	744	Bolsa Interna 18-2023	3		6	1
632	2023-10-22 18:31:16.198078+01	691	Agregado Familiar 18-2023	3		6	1
633	2023-10-22 18:31:16.199135+01	662	Percepção da Pensão de Sobrevivência por Morte 18-2023	3		6	1
634	2023-10-22 18:31:16.200315+01	652	Fixação de Residência 18-2023	3		6	1
635	2023-10-22 18:31:16.201248+01	508	Bolsa de Estudo 18-2023	3		6	1
636	2023-10-22 18:31:16.202124+01	448	Casamento 18-2023	3		6	1
637	2023-10-22 18:31:16.202941+01	182	Licença para Bufett 18-2023	3		6	1
638	2023-10-22 18:31:16.203894+01	52	Emprego 18-2023	3		6	1
639	2023-10-22 18:31:16.205449+01	690	Agregado Familiar 17-2023	3		6	1
640	2023-10-22 18:31:16.206994+01	661	Percepção da Pensão de Sobrevivência por Morte 17-2023	3		6	1
641	2023-10-22 18:31:16.208539+01	651	Fixação de Residência 17-2023	3		6	1
642	2023-10-22 18:31:16.209784+01	611	Bolsa Interna 17-2023	3		6	1
643	2023-10-22 18:31:16.21104+01	507	Bolsa de Estudo 17-2023	3		6	1
644	2023-10-22 18:31:16.212571+01	447	Casamento 17-2023	3		6	1
645	2023-10-22 18:31:16.2138+01	181	Licença para Bufett 17-2023	3		6	1
646	2023-10-22 18:31:16.214916+01	51	Emprego 17-2023	3		6	1
647	2023-10-22 18:31:16.21633+01	689	Agregado Familiar 16-2023	3		6	1
648	2023-10-22 18:31:16.217507+01	660	Percepção da Pensão de Sobrevivência por Morte 16-2023	3		6	1
649	2023-10-22 18:31:16.21892+01	650	Fixação de Residência 16-2023	3		6	1
650	2023-10-22 18:31:16.220744+01	590	Bolsa Interna 16-2023	3		6	1
651	2023-10-22 18:31:16.222514+01	506	Bolsa de Estudo 16-2023	3		6	1
652	2023-10-22 18:31:16.223747+01	446	Casamento 16-2023	3		6	1
653	2023-10-22 18:31:16.224932+01	180	Licença para Bufett 16-2023	3		6	1
654	2023-10-22 18:31:16.226061+01	48	Emprego 16-2023	3		6	1
655	2023-10-22 18:31:16.226825+01	688	Agregado Familiar 15-2023	3		6	1
656	2023-10-22 18:31:16.227817+01	649	Fixação de Residência 15-2023	3		6	1
657	2023-10-22 18:31:16.228532+01	613	Percepção da Pensão de Sobrevivência por Morte 15-2023	3		6	1
658	2023-10-22 18:31:16.229368+01	589	Bolsa Interna 15-2023	3		6	1
659	2023-10-22 18:31:16.229982+01	505	Bolsa de Estudo 15-2023	3		6	1
660	2023-10-22 18:31:16.231072+01	445	Casamento 15-2023	3		6	1
661	2023-10-22 18:31:16.231686+01	179	Licença para Bufett 15-2023	3		6	1
662	2023-10-22 18:31:16.232261+01	47	Emprego 15-2023	3		6	1
663	2023-10-22 18:31:16.232823+01	797	Emprego 145-2023	3		6	1
664	2023-10-22 18:31:16.233376+01	796	Emprego 144-2023	3		6	1
665	2023-10-22 18:31:16.234005+01	795	Emprego 143-2023	3		6	1
666	2023-10-22 18:31:16.234554+01	787	Emprego 141-2023	3		6	1
667	2023-10-22 18:31:16.235417+01	743	Emprego 140-2023	3		6	1
668	2023-10-22 18:31:16.236482+01	614	Agregado Familiar 14-2023	3		6	1
669	2023-10-22 18:31:16.237825+01	586	Bolsa Interna 14-2023	3		6	1
670	2023-10-22 18:31:16.239531+01	504	Bolsa de Estudo 14-2023	3		6	1
671	2023-10-22 18:31:16.241062+01	444	Casamento 14-2023	3		6	1
672	2023-10-22 18:31:16.242276+01	380	Percepção da Pensão de Sobrevivência por Morte 14-2023	3		6	1
673	2023-10-22 18:31:16.243458+01	178	Licença para Bufett 14-2023	3		6	1
674	2023-10-22 18:31:16.245269+01	46	Emprego 14-2023	3		6	1
675	2023-10-22 18:31:16.246801+01	612	Emprego 139-2023	3		6	1
676	2023-10-22 18:31:16.248542+01	591	Emprego 138-2023	3		6	1
677	2023-10-22 18:31:16.249919+01	555	Emprego 138-2023	3		6	1
678	2023-10-22 18:31:16.251093+01	554	Emprego 136-2023	3		6	1
679	2023-10-22 18:31:16.25257+01	553	Emprego 135-2023	3		6	1
680	2023-10-22 18:31:16.253783+01	550	Emprego 135-2023	3		6	1
681	2023-10-22 18:31:16.255548+01	552	Emprego 134-2023	3		6	1
682	2023-10-22 18:31:16.257053+01	551	Emprego 133-2023	3		6	1
683	2023-10-22 18:31:16.258202+01	549	Emprego 131-2023	3		6	1
684	2023-10-22 18:31:16.259577+01	548	Emprego 130-2023	3		6	1
685	2023-10-22 18:31:16.260876+01	648	Fixação de Residência 13-2023	3		6	1
686	2023-10-22 18:31:16.262055+01	647	Fixação de Residência 13-2023	3		6	1
687	2023-10-22 18:31:16.26309+01	585	Bolsa Interna 13-2023	3		6	1
688	2023-10-22 18:31:16.264163+01	443	Casamento 13-2023	3		6	1
689	2023-10-22 18:31:16.265133+01	386	Agregado Familiar 13-2023	3		6	1
690	2023-10-22 18:31:16.266249+01	364	Bolsa de Estudo 13-2023	3		6	1
691	2023-10-22 18:31:16.267481+01	360	Percepção da Pensão de Sobrevivência por Morte 13-2023	3		6	1
692	2023-10-22 18:31:16.268577+01	177	Licença para Bufett 13-2023	3		6	1
693	2023-10-22 18:31:16.269722+01	44	Emprego 13-2023	3		6	1
694	2023-10-22 18:31:16.27125+01	547	Emprego 129-2023	3		6	1
695	2023-10-22 18:31:16.272787+01	546	Emprego 128-2023	3		6	1
696	2023-10-22 18:31:16.274201+01	544	Emprego 127-2023	3		6	1
697	2023-10-22 18:31:16.275408+01	541	Emprego 126-2023	3		6	1
698	2023-10-22 18:31:16.276555+01	539	Emprego 125-2023	3		6	1
699	2023-10-22 18:31:16.278974+01	538	Emprego 124-2023	3		6	1
700	2023-10-22 18:31:16.280779+01	537	Emprego 123-2023	3		6	1
701	2023-10-22 18:31:16.282007+01	536	Emprego 122-2023	3		6	1
702	2023-10-22 18:31:16.283967+01	535	Emprego 121-2023	3		6	1
703	2023-10-22 18:31:16.285387+01	534	Emprego 120-2023	3		6	1
704	2023-10-22 18:31:16.286888+01	646	Fixação de Residência 12-2023	3		6	1
705	2023-10-22 18:31:16.289043+01	584	Bolsa Interna 12-2023	3		6	1
706	2023-10-22 18:31:16.290642+01	442	Casamento 12-2023	3		6	1
707	2023-10-22 18:31:16.291771+01	362	Agregado Familiar 12-2023	3		6	1
708	2023-10-22 18:31:16.292923+01	359	Percepção da Pensão de Sobrevivência por Morte 12-2023	3		6	1
709	2023-10-22 18:31:16.293946+01	176	Licença para Bufett 12-2023	3		6	1
710	2023-10-22 18:31:16.295036+01	78	Bolsa de Estudo 12-2023	3		6	1
711	2023-10-22 18:31:16.296253+01	43	Emprego 12-2023	3		6	1
712	2023-10-22 18:31:16.297393+01	533	Emprego 119-2023	3		6	1
713	2023-10-22 18:31:16.298624+01	532	Emprego 118-2023	3		6	1
714	2023-10-22 18:31:16.299976+01	531	Emprego 117-2023	3		6	1
715	2023-10-22 18:31:16.301281+01	530	Emprego 116-2023	3		6	1
716	2023-10-22 18:31:16.302344+01	529	Emprego 115-2023	3		6	1
717	2023-10-22 18:31:16.303597+01	528	Emprego 114-2023	3		6	1
718	2023-10-22 18:31:16.30525+01	527	Emprego 113-2023	3		6	1
719	2023-10-22 18:31:16.306798+01	526	Emprego 112-2023	3		6	1
720	2023-10-22 18:31:16.308361+01	524	Emprego 111-2023	3		6	1
721	2023-10-22 18:31:16.309398+01	523	Emprego 110-2023	3		6	1
722	2023-10-22 18:31:16.31054+01	645	Fixação de Residência 11-2023	3		6	1
723	2023-10-22 18:31:16.311545+01	583	Bolsa Interna 11-2023	3		6	1
724	2023-10-22 18:31:16.312558+01	441	Casamento 11-2023	3		6	1
725	2023-10-22 18:31:16.313529+01	361	Agregado Familiar 11-2023	3		6	1
726	2023-10-22 18:31:16.314393+01	175	Licença para Bufett 11-2023	3		6	1
727	2023-10-22 18:31:16.315374+01	97	Percepção da Pensão de Sobrevivência por Morte 11-2023	3		6	1
728	2023-10-22 18:31:16.316441+01	77	Bolsa de Estudo 11-2023	3		6	1
729	2023-10-22 18:31:16.317413+01	42	Emprego 11-2023	3		6	1
730	2023-10-22 18:31:16.318223+01	522	Emprego 109-2023	3		6	1
731	2023-10-22 18:31:16.319168+01	521	Emprego 108-2023	3		6	1
732	2023-10-22 18:31:16.320142+01	520	Emprego 107-2023	3		6	1
733	2023-10-22 18:31:16.32144+01	519	Emprego 106-2023	3		6	1
734	2023-10-22 18:31:16.32266+01	518	Emprego 105-2023	3		6	1
735	2023-10-22 18:31:16.324005+01	517	Emprego 104-2023	3		6	1
736	2023-10-22 18:31:16.32543+01	516	Emprego 103-2023	3		6	1
737	2023-10-22 18:31:16.326786+01	515	Emprego 102-2023	3		6	1
738	2023-10-22 18:31:16.328203+01	514	Emprego 101-2023	3		6	1
739	2023-10-22 18:31:16.329336+01	503	Emprego 100-2023	3		6	1
740	2023-10-22 18:31:16.330583+01	793	Autorização de Enterro 10-2023	3		6	1
741	2023-10-22 18:31:16.331622+01	790	Autorização de Construção 10-2023	3		6	1
742	2023-10-22 18:31:16.332599+01	644	Fixação de Residência 10-2023	3		6	1
743	2023-10-22 18:31:16.333509+01	582	Bolsa Interna 10-2023	3		6	1
744	2023-10-22 18:31:16.334586+01	440	Casamento 10-2023	3		6	1
745	2023-10-22 18:31:16.335442+01	174	Licença para Bufett 10-2023	3		6	1
746	2023-10-22 18:31:16.336777+01	117	Agregado Familiar 10-2023	3		6	1
747	2023-10-22 18:31:16.338314+01	96	Percepção da Pensão de Sobrevivência por Morte 10-2023	3		6	1
748	2023-10-22 18:31:16.340046+01	75	Bolsa de Estudo 10-2023	3		6	1
749	2023-10-22 18:31:16.341349+01	41	Emprego 10-2023	3		6	1
750	2023-10-22 18:31:16.342412+01	422	Convenientes 1-2023	3		6	1
751	2023-10-22 18:31:16.343554+01	400	Autorização modificação, construção da sua barraca em alvenaria 1-2023	3		6	1
752	2023-10-22 18:31:16.344742+01	390	Percepção da Pensão de Reforma 1-2023	3		6	1
753	2023-10-22 18:31:16.3458+01	389	Profissionais 1-2023	3		6	1
754	2023-10-22 18:31:16.346603+01	388	Cargo Público 1-2023	3		6	1
755	2023-10-22 18:31:16.347471+01	387	Viagem 1-2023	3		6	1
756	2023-10-22 18:31:16.348464+01	385	Abertura de Conta Bancária 1-2023	3		6	1
757	2023-10-22 18:31:16.349411+01	384	Residência 1-2023	3		6	1
758	2023-10-22 18:31:16.350452+01	383	Prova de Vida 1-2023	3		6	1
759	2023-10-22 18:31:16.351465+01	379	Assistência Judicial 1-2023	3		6	1
760	2023-10-22 18:31:16.35246+01	378	Percepção da Pensão de Aposentação 1-2023	3		6	1
761	2023-10-22 18:31:16.353513+01	374	Fixação de Residência 1-2023	3		6	1
762	2023-10-22 18:31:16.355671+01	371	Escolares 1-2023	3		6	1
763	2023-10-22 18:31:16.357568+01	370	Obtenção de Visto 1-2023	3		6	1
764	2023-10-22 18:31:16.358977+01	369	Candidatura à Transporte Público 1-2023	3		6	1
765	2023-10-22 18:31:16.360237+01	368	Casamento 1-2023	3		6	1
766	2023-10-22 18:31:16.361743+01	192	Licenças para Baile 1-2023	3		6	1
767	2023-10-22 18:31:16.363231+01	164	Licença para Bufett 1-2023	3		6	1
768	2023-10-22 18:31:16.364543+01	157	Licenças Para Barraca 1-2023	3		6	1
769	2023-10-22 18:31:16.365812+01	153	Licenças Para Transladação 1-2023	3		6	1
770	2023-10-22 18:31:16.367196+01	149	Autorização para Modificar o Coval 1-2023	3		6	1
771	2023-10-22 18:31:16.368359+01	147	Certificado de Compra de Coval 1-2023	3		6	1
772	2023-10-22 18:31:16.369383+01	131	Autorização de Construção 1-2023	3		6	1
773	2023-10-22 18:31:16.370356+01	123	Autorização de Enterro 1-2023	3		6	1
774	2023-10-22 18:31:16.372094+01	101	Agregado Familiar 1-2023	3		6	1
775	2023-10-22 18:31:16.373654+01	98	Subsídio de Transporte 1-2023	3		6	1
776	2023-10-22 18:31:16.375113+01	84	Percepção da Pensão de Sobrevivência por Morte 1-2023	3		6	1
777	2023-10-22 18:31:16.376362+01	79	Nacionalidade Santomense 1-2023	3		6	1
778	2023-10-22 18:31:16.37771+01	76	Bolsa Interna 1-2023	3		6	1
779	2023-10-22 18:31:16.379064+01	64	Bolsa de Estudo 1-2023	3		6	1
780	2023-10-22 18:31:16.380404+01	6	Emprego 1-2023	3		6	1
781	2023-10-22 18:32:22.691468+01	16	CovalSalles object (16)	3		30	1
782	2023-10-22 18:32:22.69411+01	13	CovalSalles object (13)	3		30	1
783	2023-10-22 18:32:22.695833+01	10	CovalSalles object (10)	3		30	1
784	2023-10-22 18:32:58.186059+01	2	Dulcineia da Silvsa Lopes Martins dos Ramos with Bilhete de Identidade 138432 from São Tomé e Príncipe	3		20	1
785	2023-10-22 18:32:58.189313+01	1	Edmilbe b Nogueira Martins dos Ramos with Bilhete de Identidade 134125 from São Tomé e Príncipe	3		20	1
786	2023-10-22 18:32:58.192044+01	3	gfdf mhgfkdh with Bilhete de Identidade 765876 from Portugal	3		20	1
787	2023-10-22 18:33:12.227712+01	1	Centro de Identificação Civil e Criminal de São Tomé e Príncipe	3		15	1
788	2023-10-22 18:33:12.230415+01	2	SEF Portugal	3		15	1
789	2023-10-22 18:33:45.275583+01	1	Bilhete de Identidade	3		14	1
790	2023-10-22 18:34:51.377498+01	2	1-2002 AA | hvgkj ljh	3		27	1
791	2023-10-22 18:34:51.382883+01	1	1-2005 CC | nic-4	3		27	1
792	2023-10-22 18:34:51.384434+01	11	2-2023 BB | fiy khiy	3		27	1
793	2023-10-22 18:34:51.386097+01	10	3-2023 BB | jhhk jhbjhk	3		27	1
794	2023-10-22 18:34:51.387871+01	12	1-2023 BB | hgvig	3		27	1
795	2023-10-22 18:34:51.389352+01	5	1-2017 BB | jhhk jhbjhk	3		27	1
796	2023-10-22 18:34:51.390975+01	4	2-2019 BB | fiy khiy	3		27	1
797	2023-10-22 18:34:51.392499+01	3	3-2020 BB | hgvig	3		27	1
798	2023-10-22 18:34:51.394695+01	6	2-2022 AA | mhgfgh jhvkhj	3		27	1
799	2023-10-22 18:34:51.39707+01	9	2-2023 AA | hvgkj ljh	3		27	1
800	2023-10-22 18:34:51.399181+01	8	2-2023 AA | hvgkj ljh	3		27	1
801	2023-10-22 18:34:51.400733+01	7	22023 AA | hvgkj ljh	3		27	1
802	2023-10-22 18:34:51.402162+01	18	1-2023 BB | jhhk jhbjhk	3		27	1
803	2023-10-22 18:34:51.403578+01	17	1-2023 BB | hgvig	3		27	1
804	2023-10-22 18:34:51.405026+01	16	2-2023 BB | fiy khiy	3		27	1
805	2023-10-22 22:03:27.028577+01	8	Favorita, São Tomé e Príncipe	3		22	1
806	2023-10-22 22:03:27.032872+01	7	Piedade Cima, São Tomé e Príncipe	3		22	1
807	2023-10-22 22:03:27.034505+01	6	Piedade Cima, , distrito de Piedade Cima, Mé-Zóchi, São Tomé e Príncipe	3		22	1
808	2023-10-22 22:03:27.036271+01	5	São Tomé e Príncipe	3		22	1
809	2023-10-22 22:03:27.038198+01	2	Piedade Cima, Trindade, , distrito de Piedade Cima, Trindade, Mé-Zóchi, São Tomé e Príncipe	3		22	1
810	2023-10-22 22:03:27.040177+01	1	distrito de Mé-Zóchi, São Tomé e Príncipe	3		22	1
811	2023-10-22 22:03:52.067679+01	2	Favorita - Trindade	3		19	1
812	2023-10-22 22:03:52.070082+01	1	Piedade Cima - Trindade	3		19	1
813	2023-10-22 22:10:37.745085+01	1	Lusíadas	3		17	1
814	2023-10-22 22:11:12.270545+01	3	Bombom - Mé-Zóchi	3		18	1
815	2023-10-22 22:11:12.272918+01	2	Madalena - Mé-Zóchi	3		18	1
816	2023-10-22 22:11:12.274585+01	1	Trindade - Mé-Zóchi	3		18	1
817	2023-10-22 22:12:44.194606+01	1	Mé-Zóchi - São Tomé e Príncipe	3		11	1
818	2023-10-22 22:12:57.423719+01	2	Portugal	3		10	1
819	2023-10-22 22:12:57.425981+01	1	São Tomé e Príncipe	3		10	1
820	2023-10-23 21:12:47.217219+01	4	Angola	3		10	1
821	2023-10-23 21:12:47.22233+01	13	Brasil	3		10	1
822	2023-10-23 21:12:47.22364+01	8	Cabo Verde	3		10	1
823	2023-10-23 21:12:47.224912+01	6	China	3		10	1
824	2023-10-23 21:12:47.226866+01	17	Cuba	3		10	1
825	2023-10-23 21:12:47.228245+01	11	Espanha	3		10	1
826	2023-10-23 21:12:47.229363+01	16	França	3		10	1
827	2023-10-23 21:12:47.230342+01	5	Gabão	3		10	1
828	2023-10-23 21:12:47.231288+01	15	Guine Bissau	3		10	1
829	2023-10-23 21:12:47.232185+01	7	Guine Equatorial	3		10	1
830	2023-10-23 21:12:47.233015+01	20	Libano	3		10	1
831	2023-10-23 21:12:47.234065+01	12	Moçambique	3		10	1
832	2023-10-23 21:12:47.234975+01	19	Nigeria	3		10	1
833	2023-10-23 21:12:47.23592+01	10	Pakistan 	3		10	1
834	2023-10-23 21:12:47.236847+01	18	Palestina	3		10	1
835	2023-10-23 21:12:47.237893+01	9	Portugal	3		10	1
836	2023-10-23 21:12:47.238696+01	3	São Tomé e Príncipe	3		10	1
837	2023-10-23 21:12:47.239709+01	14	Timor Leste	3		10	1
\.


--
-- Data for Name: django_content_type; Type: TABLE DATA; Schema: public; Owner: bm_root
--

COPY public.django_content_type (id, app_label, model) FROM stdin;
1	admin	logentry
2	auth	permission
3	auth	group
4	contenttypes	contenttype
5	sessions	session
6	certificates	certificate
7	certificates	certificatedata
8	certificates	certificatetitle
9	certificates	certificatetypes
10	certificates	country
11	certificates	county
12	certificates	customer
13	certificates	house
14	certificates	idtype
16	certificates	messages
17	certificates	university
18	certificates	town
19	certificates	street
20	certificates	person
21	core	user
22	certificates	personbirthaddress
15	certificates	instituition
23	certificates	certificatesimpleperson
24	certificates	certificatesingleperson
25	certificates	parent
26	certificates	certificatesimpleparent
27	certificates	coval
28	certificates	cemiterio
29	certificates	biuldingtype
30	certificates	covalsalles
31	certificates	change
32	certificates	certificatedate
33	certificates	ifen
34	blog	postfile
35	blog	service
36	blog	information
37	blog	imagestour
38	blog	tour
39	blog	role
40	blog	team
41	blog	section
42	blog	secretary
43	blog	secreatarysection
44	blog	postimages
45	blog	postdocument
46	blog	messages
47	blog	postvideos
48	blog	post
\.


--
-- Data for Name: django_migrations; Type: TABLE DATA; Schema: public; Owner: bm_root
--

COPY public.django_migrations (id, app, name, applied) FROM stdin;
1	contenttypes	0001_initial	2023-06-11 07:58:30.426084+01
2	contenttypes	0002_remove_content_type_name	2023-06-11 07:58:30.438731+01
3	auth	0001_initial	2023-06-11 07:58:30.507822+01
4	auth	0002_alter_permission_name_max_length	2023-06-11 07:58:30.513269+01
5	auth	0003_alter_user_email_max_length	2023-06-11 07:58:30.520055+01
6	auth	0004_alter_user_username_opts	2023-06-11 07:58:30.528331+01
7	auth	0005_alter_user_last_login_null	2023-06-11 07:58:30.538734+01
8	auth	0006_require_contenttypes_0002	2023-06-11 07:58:30.542631+01
9	auth	0007_alter_validators_add_error_messages	2023-06-11 07:58:30.552862+01
10	auth	0008_alter_user_username_max_length	2023-06-11 07:58:30.563397+01
11	auth	0009_alter_user_last_name_max_length	2023-06-11 07:58:30.570261+01
12	auth	0010_alter_group_name_max_length	2023-06-11 07:58:30.581892+01
13	auth	0011_update_proxy_permissions	2023-06-11 07:58:30.588281+01
14	auth	0012_alter_user_first_name_max_length	2023-06-11 07:58:30.59639+01
15	core	0001_initial	2023-06-11 07:58:30.652665+01
16	admin	0001_initial	2023-06-11 07:58:30.677855+01
17	admin	0002_logentry_remove_auto_add	2023-06-11 07:58:30.68724+01
18	admin	0003_logentry_add_action_flag_choices	2023-06-11 07:58:30.699905+01
19	certificates	0001_initial	2023-06-11 07:58:31.118165+01
20	certificates	0002_initial	2023-06-11 07:58:31.360628+01
21	certificates	0003_remove_addressto_cart_remove_airport_country_and_more	2023-06-11 07:58:31.749546+01
22	sessions	0001_initial	2023-06-11 07:58:31.769324+01
23	certificates	0004_remove_person_birth_country_and_more	2023-06-16 07:37:50.700585+01
24	certificates	0005_person_nationality_and_more	2023-06-16 09:44:09.894702+01
25	certificates	0006_certificate_house_alter_certificatedata_certificate_and_more	2023-06-16 10:04:45.351657+01
26	certificates	0007_alter_certificate_text	2023-06-16 10:14:49.585792+01
27	certificates	0008_alter_person_father_name_alter_person_mother_name	2023-06-16 18:45:46.53021+01
28	certificates	0009_rename_institution_instituition	2023-06-19 00:57:04.625113+01
29	certificates	0010_alter_person_gender_certificatesimpleperson	2023-06-19 07:32:15.544317+01
30	certificates	0011_certificatesingleperson	2023-06-19 08:19:06.534072+01
31	certificates	0012_parents	2023-06-19 10:26:20.179346+01
32	certificates	0013_parents_gender	2023-06-19 10:32:21.970583+01
33	certificates	0014_rename_parents_parent_certificatesimplefamily	2023-06-19 10:47:40.237642+01
34	certificates	0015_rename_certificatesimplefamily_certificatesimpleparent	2023-06-19 11:00:11.845494+01
35	certificates	0016_remove_certificatesimpleparent_gender	2023-06-19 11:03:12.676463+01
36	certificates	0017_parent_degree	2023-06-19 11:48:19.42545+01
37	certificates	0018_coval	2023-06-19 14:55:11.296315+01
38	certificates	0019_alter_coval_date_of_deth_alter_coval_gender_and_more	2023-06-19 15:02:31.829414+01
39	certificates	0020_coval_square	2023-06-19 15:29:41.687782+01
40	certificates	0021_alter_coval_square	2023-06-19 15:36:55.790115+01
41	certificates	0022_cemiterio	2023-06-19 15:54:34.368254+01
42	certificates	0023_coval_closed	2023-06-19 18:54:58.464077+01
43	certificates	0024_biuldingtype	2023-06-19 19:33:51.466301+01
44	certificates	0025_alter_biuldingtype_prefix	2023-06-19 19:37:10.581513+01
45	certificates	0026_alter_biuldingtype_prefix	2023-06-19 19:38:28.040746+01
46	certificates	0027_alter_biuldingtype_prefix_alter_certificate_house	2023-06-19 20:01:36.655717+01
47	certificates	0028_coval_selled_covalsalles	2023-06-19 20:52:58.771584+01
48	certificates	0029_alter_covalsalles_coval	2023-06-19 21:02:43.732399+01
49	certificates	0030_coval_cemiterio	2023-06-19 21:06:26.453284+01
50	certificates	0031_change	2023-06-19 21:38:56.431367+01
51	certificates	0032_certificatedate	2023-06-19 23:37:26.083529+01
52	certificates	0033_rename_data_certificatedate_date	2023-06-19 23:39:05.307849+01
53	certificates	0034_ifen_certificatetypes_gender	2023-06-20 08:52:52.112585+01
54	certificates	0035_alter_ifen_size	2023-06-20 11:43:53.546015+01
55	certificates	0036_certificate_file	2023-06-21 00:25:20.187871+01
56	certificates	0037_certificatetitle_slug_certificatetypes_slug_and_more	2023-06-29 10:14:05.550303+01
57	blog	0001_initial	2023-08-10 23:37:39.161108+01
58	certificates	0038_secretary_delete_customer	2023-08-10 23:37:39.197383+01
59	certificates	0039_customer_delete_secretary	2023-08-10 23:37:39.224773+01
60	blog	0002_service_slug	2023-08-10 23:48:05.245944+01
61	blog	0003_alter_information_service_and_more	2023-08-11 23:27:50.404122+01
62	blog	0004_service_picture	2023-08-12 04:12:26.442634+01
63	blog	0005_service_description	2023-08-12 04:20:46.236292+01
64	blog	0006_remove_messages_email_messages_whatsapp	2023-08-13 10:10:16.541944+01
65	certificates	0040_certificate_status_alter_certificate_file	2023-10-15 11:37:44.453923+01
66	certificates	0041_alter_certificate_status	2023-10-15 11:38:28.328959+01
67	certificates	0042_alter_certificatedata_certificate_and_more	2023-10-15 20:48:22.900013+01
68	certificates	0043_customer_level	2023-10-19 20:17:50.315324+01
69	core	0002_remove_user_code_remove_user_phone	2023-10-19 20:22:20.519142+01
70	certificates	0044_certificate_atestado_state_certificate_obs_and_more	2023-10-22 21:51:07.340458+01
71	certificates	0045_alter_person_id_issue_day_and_more	2023-10-23 21:32:48.926284+01
\.


--
-- Data for Name: django_session; Type: TABLE DATA; Schema: public; Owner: bm_root
--

COPY public.django_session (session_key, session_data, expire_date) FROM stdin;
pv8jxofdua0e5sptsrsiqcxdan1069ty	.eJxVjMsOwiAURP-FtSGXAlJduu83NPcBUjWQlHZl_HfbpAtNZjXnzLzViOuSx7XFeZxEXZVRp9-OkJ-x7EAeWO5Vcy3LPJHeFX3Qpocq8XU73L-DjC1v64sDIfbOQkqWwXjHIfSOfddFB3i2TH6LIRBJxnsbOBEbtAGxB0rq8wXc2Dg9:1q8F7Z:QOdtgGYhSBEffYkQku_xwoEl7Lr5DS3OsAZssHbsjYc	2023-06-25 08:04:17.446104+01
dw2vfdfe8v2p0a2lgxrxzom2zo8k826j	.eJxVjMsOwiAURP-FtSGXAlJduu83NPcBUjWQlHZl_HfbpAtNZjXnzLzViOuSx7XFeZxEXZVRp9-OkJ-x7EAeWO5Vcy3LPJHeFX3Qpocq8XU73L-DjC1v64sDIfbOQkqWwXjHIfSOfddFB3i2TH6LIRBJxnsbOBEbtAGxB0rq8wXc2Dg9:1qA3Xu:pqbu0qqBjAYZnWctKAHnSmYzQcwpn6EsOyWlIxLs0tQ	2023-06-30 08:06:58.48945+01
mt71vg45v6bgvqtn1y9nx1zd2v0iw6qn	.eJxVjMsOwiAURP-FtSGXAlJduu83NPcBUjWQlHZl_HfbpAtNZjXnzLzViOuSx7XFeZxEXZVRp9-OkJ-x7EAeWO5Vcy3LPJHeFX3Qpocq8XU73L-DjC1v64sDIfbOQkqWwXjHIfSOfddFB3i2TH6LIRBJxnsbOBEbtAGxB0rq8wXc2Dg9:1qB246:NIkOypwm1PYjY8MVJ1O2Gftau23_PTnbk63ruF9fFbk	2023-07-03 00:44:14.870637+01
qw4i6a3cx5xuxvscb1h1fgc64klbmc7s	.eJxVjMsOwiAURP-FtSGXAlJduu83NPcBUjWQlHZl_HfbpAtNZjXnzLzViOuSx7XFeZxEXZVRp9-OkJ-x7EAeWO5Vcy3LPJHeFX3Qpocq8XU73L-DjC1v64sDIfbOQkqWwXjHIfSOfddFB3i2TH6LIRBJxnsbOBEbtAGxB0rq8wXc2Dg9:1qEgL6:kZEZgjHhsmrUJs0zCSSBZoBBr34AWkPjHrUy2VgD80U	2023-07-13 02:20:52.314348+01
i4jgliqwayr64acjtuobxxust5egdxtl	.eJxVjMsOwiAURP-FtSGXAlJduu83NPcBUjWQlHZl_HfbpAtNZjXnzLzViOuSx7XFeZxEXZVRp9-OkJ-x7EAeWO5Vcy3LPJHeFX3Qpocq8XU73L-DjC1v64sDIfbOQkqWwXjHIfSOfddFB3i2TH6LIRBJxnsbOBEbtAGxB0rq8wXc2Dg9:1qFilo:oJ2BrPSmYtKNm-E6NmF954A02qEmXIQQJUirkd_08-E	2023-07-15 23:08:44.842581+01
n3x87tw98mygmfvtai6jwomf7vmd377u	.eJxVjMsOwiAURP-FtSGXAlJduu83NPcBUjWQlHZl_HfbpAtNZjXnzLzViOuSx7XFeZxEXZVRp9-OkJ-x7EAeWO5Vcy3LPJHeFX3Qpocq8XU73L-DjC1v64sDIfbOQkqWwXjHIfSOfddFB3i2TH6LIRBJxnsbOBEbtAGxB0rq8wXc2Dg9:1qUEIl:dejSx5uaa3AkyzQFlj8_xxQs_e_OvC8XQl5NhnOmCcM	2023-08-24 23:38:43.596629+01
k9glrpwt9edoure8l0qdjo2715mum2hv	.eJxVjMsOwiAURP-FtSGXAlJduu83NPcBUjWQlHZl_HfbpAtNZjXnzLzViOuSx7XFeZxEXZVRp9-OkJ-x7EAeWO5Vcy3LPJHeFX3Qpocq8XU73L-DjC1v64sDIfbOQkqWwXjHIfSOfddFB3i2TH6LIRBJxnsbOBEbtAGxB0rq8wXc2Dg9:1qUebI:DV1xc5T-jWkwlzL34mdyUDLly5Danlp_kKh3iiBNpxA	2023-08-26 03:43:36.85049+01
sud4dvsmij9yaqfjzlbrgepoq9uueup1	.eJxVjMsOwiAURP-FtSGXAlJduu83NPcBUjWQlHZl_HfbpAtNZjXnzLzViOuSx7XFeZxEXZVRp9-OkJ-x7EAeWO5Vcy3LPJHeFX3Qpocq8XU73L-DjC1v64sDIfbOQkqWwXjHIfSOfddFB3i2TH6LIRBJxnsbOBEbtAGxB0rq8wXc2Dg9:1qVqC5:rFl2dZHdtUj9KNhKMTJKnfnA3BxCGmzzzZ43F94XOmQ	2023-08-29 10:18:29.935262+01
49cim128yto1iy2ahhdyidz9s6i4lab8	.eJxVjMsOwiAURP-FtSGXAlJduu83NPcBUjWQlHZl_HfbpAtNZjXnzLzViOuSx7XFeZxEXZVRp9-OkJ-x7EAeWO5Vcy3LPJHeFX3Qpocq8XU73L-DjC1v64sDIfbOQkqWwXjHIfSOfddFB3i2TH6LIRBJxnsbOBEbtAGxB0rq8wXc2Dg9:1qpCDU:_Lv9fYQy4lCQGOOXZg6HiHYEDlpeLyeVb9Xui1xaPIk	2023-10-21 19:39:56.881993+01
ya6sv18xamidn1lyik8h61k2qpa5y682	.eJxVjMsOwiAURP-FtSGXAlJduu83NPcBUjWQlHZl_HfbpAtNZjXnzLzViOuSx7XFeZxEXZVRp9-OkJ-x7EAeWO5Vcy3LPJHeFX3Qpocq8XU73L-DjC1v64sDIfbOQkqWwXjHIfSOfddFB3i2TH6LIRBJxnsbOBEbtAGxB0rq8wXc2Dg9:1qpENb:c-N4RKDOBORvgfQM7zVdUZqTXBO149G_PDWm-VD_CPM	2023-10-21 21:58:31.964515+01
2c6j7v01fq0j2i2apj7pc7nan16tbxv5	.eJxVjMsOwiAURP-FtSGXAlJduu83NPcBUjWQlHZl_HfbpAtNZjXnzLzViOuSx7XFeZxEXZVRp9-OkJ-x7EAeWO5Vcy3LPJHeFX3Qpocq8XU73L-DjC1v64sDIfbOQkqWwXjHIfSOfddFB3i2TH6LIRBJxnsbOBEbtAGxB0rq8wXc2Dg9:1qsSK9:Y0gj9-9b_EGNRmyC3rovptKKdMDN9h2RxKG9kkCaTxA	2023-10-30 18:28:17.00863+00
fd6yvffucds4istv9b19o6n2sea4jx7u	.eJxVjM0OwiAQhN-FsyHlT8Cjd5-B7LIbqRpISnsyvrs06UGP88038xYJtrWkrfOSZhIXocTplyHkJ9e9oAfUe5O51XWZUe6KPNoub434dT3cv4MCvYw1hilERB-DVUZ7coYtYw4MnIkmi5HQkcsjoqds_JmiVhA1EA4cxecLBeA5WQ:1qucFJ:1gjbNCNVJd-tnFrvs9dJgcXCV299Nc5pMIbv8C8Xrsg	2023-11-05 17:28:13.71734+00
jvbrzbnqxh2x3bwco7qzksl48sb87wok	.eJxVjM0OwiAQhN-FsyHlT8Cjd5-B7LIbqRpISnsyvrs06UGP88038xYJtrWkrfOSZhIXocTplyHkJ9e9oAfUe5O51XWZUe6KPNoub434dT3cv4MCvYw1hilERB-DVUZ7coYtYw4MnIkmi5HQkcsjoqds_JmiVhA1EA4cxecLBeA5WQ:1qv1HN:TBJu_mxdHyxqM_jXufiX-qaAD6uZCKg-KjlvgKdS9P4	2023-11-06 20:12:01.200531+00
00d1f2k84whvn640cknawwqgqp6hl1qo	.eJxVjM0OwiAQhN-FsyHlT8Cjd5-B7LIbqRpISnsyvrs06UGP88038xYJtrWkrfOSZhIXocTplyHkJ9e9oAfUe5O51XWZUe6KPNoub434dT3cv4MCvYw1hilERB-DVUZ7coYtYw4MnIkmi5HQkcsjoqds_JmiVhA1EA4cxecLBeA5WQ:1qvPTi:hV_ctcfLvId6w4p7wM42KogRmWuschR4PhMiVOLi9tI	2023-11-07 22:02:22.69246+00
\.


--
-- Name: auth_group_id_seq; Type: SEQUENCE SET; Schema: public; Owner: bm_root
--

SELECT pg_catalog.setval('public.auth_group_id_seq', 1, false);


--
-- Name: auth_group_permissions_id_seq; Type: SEQUENCE SET; Schema: public; Owner: bm_root
--

SELECT pg_catalog.setval('public.auth_group_permissions_id_seq', 1, false);


--
-- Name: auth_permission_id_seq; Type: SEQUENCE SET; Schema: public; Owner: bm_root
--

SELECT pg_catalog.setval('public.auth_permission_id_seq', 204, true);


--
-- Name: blog_imagestour_id_seq; Type: SEQUENCE SET; Schema: public; Owner: bm_root
--

SELECT pg_catalog.setval('public.blog_imagestour_id_seq', 4, true);


--
-- Name: blog_information_id_seq; Type: SEQUENCE SET; Schema: public; Owner: bm_root
--

SELECT pg_catalog.setval('public.blog_information_id_seq', 3, true);


--
-- Name: blog_messages_id_seq; Type: SEQUENCE SET; Schema: public; Owner: bm_root
--

SELECT pg_catalog.setval('public.blog_messages_id_seq', 3, true);


--
-- Name: blog_post_id_seq; Type: SEQUENCE SET; Schema: public; Owner: bm_root
--

SELECT pg_catalog.setval('public.blog_post_id_seq', 2, true);


--
-- Name: blog_postdocument_id_seq; Type: SEQUENCE SET; Schema: public; Owner: bm_root
--

SELECT pg_catalog.setval('public.blog_postdocument_id_seq', 1, false);


--
-- Name: blog_postfile_id_seq; Type: SEQUENCE SET; Schema: public; Owner: bm_root
--

SELECT pg_catalog.setval('public.blog_postfile_id_seq', 1, false);


--
-- Name: blog_postimages_id_seq; Type: SEQUENCE SET; Schema: public; Owner: bm_root
--

SELECT pg_catalog.setval('public.blog_postimages_id_seq', 1, false);


--
-- Name: blog_postvideos_id_seq; Type: SEQUENCE SET; Schema: public; Owner: bm_root
--

SELECT pg_catalog.setval('public.blog_postvideos_id_seq', 1, false);


--
-- Name: blog_role_id_seq; Type: SEQUENCE SET; Schema: public; Owner: bm_root
--

SELECT pg_catalog.setval('public.blog_role_id_seq', 2, true);


--
-- Name: blog_secreatarysection_id_seq; Type: SEQUENCE SET; Schema: public; Owner: bm_root
--

SELECT pg_catalog.setval('public.blog_secreatarysection_id_seq', 1, true);


--
-- Name: blog_secretary_id_seq; Type: SEQUENCE SET; Schema: public; Owner: bm_root
--

SELECT pg_catalog.setval('public.blog_secretary_id_seq', 5, true);


--
-- Name: blog_section_id_seq; Type: SEQUENCE SET; Schema: public; Owner: bm_root
--

SELECT pg_catalog.setval('public.blog_section_id_seq', 2, true);


--
-- Name: blog_service_id_seq; Type: SEQUENCE SET; Schema: public; Owner: bm_root
--

SELECT pg_catalog.setval('public.blog_service_id_seq', 2, true);


--
-- Name: blog_team_id_seq; Type: SEQUENCE SET; Schema: public; Owner: bm_root
--

SELECT pg_catalog.setval('public.blog_team_id_seq', 2, true);


--
-- Name: blog_tour_id_seq; Type: SEQUENCE SET; Schema: public; Owner: bm_root
--

SELECT pg_catalog.setval('public.blog_tour_id_seq', 2, true);


--
-- Name: certificates_biuldingtype_id_seq; Type: SEQUENCE SET; Schema: public; Owner: bm_root
--

SELECT pg_catalog.setval('public.certificates_biuldingtype_id_seq', 7, true);


--
-- Name: certificates_cemiterio_id_seq; Type: SEQUENCE SET; Schema: public; Owner: bm_root
--

SELECT pg_catalog.setval('public.certificates_cemiterio_id_seq', 2, true);


--
-- Name: certificates_certificate_id_seq; Type: SEQUENCE SET; Schema: public; Owner: bm_root
--

SELECT pg_catalog.setval('public.certificates_certificate_id_seq', 799, true);


--
-- Name: certificates_certificatedata_id_seq; Type: SEQUENCE SET; Schema: public; Owner: bm_root
--

SELECT pg_catalog.setval('public.certificates_certificatedata_id_seq', 563, true);


--
-- Name: certificates_certificatedate_id_seq; Type: SEQUENCE SET; Schema: public; Owner: bm_root
--

SELECT pg_catalog.setval('public.certificates_certificatedate_id_seq', 40, true);


--
-- Name: certificates_certificatesimplefamily_id_seq; Type: SEQUENCE SET; Schema: public; Owner: bm_root
--

SELECT pg_catalog.setval('public.certificates_certificatesimplefamily_id_seq', 8, true);


--
-- Name: certificates_certificatesimpleperson_id_seq; Type: SEQUENCE SET; Schema: public; Owner: bm_root
--

SELECT pg_catalog.setval('public.certificates_certificatesimpleperson_id_seq', 18, true);


--
-- Name: certificates_certificatesingleperson_id_seq; Type: SEQUENCE SET; Schema: public; Owner: bm_root
--

SELECT pg_catalog.setval('public.certificates_certificatesingleperson_id_seq', 15, true);


--
-- Name: certificates_certificatetitle_id_seq; Type: SEQUENCE SET; Schema: public; Owner: bm_root
--

SELECT pg_catalog.setval('public.certificates_certificatetitle_id_seq', 33, true);


--
-- Name: certificates_certificatetypes_id_seq; Type: SEQUENCE SET; Schema: public; Owner: bm_root
--

SELECT pg_catalog.setval('public.certificates_certificatetypes_id_seq', 11, true);


--
-- Name: certificates_change_id_seq; Type: SEQUENCE SET; Schema: public; Owner: bm_root
--

SELECT pg_catalog.setval('public.certificates_change_id_seq', 4, true);


--
-- Name: certificates_country_id_seq; Type: SEQUENCE SET; Schema: public; Owner: bm_root
--

SELECT pg_catalog.setval('public.certificates_country_id_seq', 2, true);


--
-- Name: certificates_county_id_seq; Type: SEQUENCE SET; Schema: public; Owner: bm_root
--

SELECT pg_catalog.setval('public.certificates_county_id_seq', 1, true);


--
-- Name: certificates_coval_id_seq; Type: SEQUENCE SET; Schema: public; Owner: bm_root
--

SELECT pg_catalog.setval('public.certificates_coval_id_seq', 18, true);


--
-- Name: certificates_covalsalles_id_seq; Type: SEQUENCE SET; Schema: public; Owner: bm_root
--

SELECT pg_catalog.setval('public.certificates_covalsalles_id_seq', 21, true);


--
-- Name: certificates_customer_id_seq; Type: SEQUENCE SET; Schema: public; Owner: bm_root
--

SELECT pg_catalog.setval('public.certificates_customer_id_seq', 4, true);


--
-- Name: certificates_house_id_seq; Type: SEQUENCE SET; Schema: public; Owner: bm_root
--

SELECT pg_catalog.setval('public.certificates_house_id_seq', 7, true);


--
-- Name: certificates_idtype_id_seq; Type: SEQUENCE SET; Schema: public; Owner: bm_root
--

SELECT pg_catalog.setval('public.certificates_idtype_id_seq', 1, true);


--
-- Name: certificates_ifen_id_seq; Type: SEQUENCE SET; Schema: public; Owner: bm_root
--

SELECT pg_catalog.setval('public.certificates_ifen_id_seq', 7, true);


--
-- Name: certificates_institution_id_seq; Type: SEQUENCE SET; Schema: public; Owner: bm_root
--

SELECT pg_catalog.setval('public.certificates_institution_id_seq', 2, true);


--
-- Name: certificates_messages_id_seq; Type: SEQUENCE SET; Schema: public; Owner: bm_root
--

SELECT pg_catalog.setval('public.certificates_messages_id_seq', 1, false);


--
-- Name: certificates_parents_id_seq; Type: SEQUENCE SET; Schema: public; Owner: bm_root
--

SELECT pg_catalog.setval('public.certificates_parents_id_seq', 22, true);


--
-- Name: certificates_person_id_seq; Type: SEQUENCE SET; Schema: public; Owner: bm_root
--

SELECT pg_catalog.setval('public.certificates_person_id_seq', 3, true);


--
-- Name: certificates_personbirthaddress_id_seq; Type: SEQUENCE SET; Schema: public; Owner: bm_root
--

SELECT pg_catalog.setval('public.certificates_personbirthaddress_id_seq', 8, true);


--
-- Name: certificates_street_id_seq; Type: SEQUENCE SET; Schema: public; Owner: bm_root
--

SELECT pg_catalog.setval('public.certificates_street_id_seq', 2, true);


--
-- Name: certificates_town_id_seq; Type: SEQUENCE SET; Schema: public; Owner: bm_root
--

SELECT pg_catalog.setval('public.certificates_town_id_seq', 3, true);


--
-- Name: certificates_university_id_seq; Type: SEQUENCE SET; Schema: public; Owner: bm_root
--

SELECT pg_catalog.setval('public.certificates_university_id_seq', 1, true);


--
-- Name: core_user_groups_id_seq; Type: SEQUENCE SET; Schema: public; Owner: bm_root
--

SELECT pg_catalog.setval('public.core_user_groups_id_seq', 1, false);


--
-- Name: core_user_id_seq; Type: SEQUENCE SET; Schema: public; Owner: bm_root
--

SELECT pg_catalog.setval('public.core_user_id_seq', 5, true);


--
-- Name: core_user_user_permissions_id_seq; Type: SEQUENCE SET; Schema: public; Owner: bm_root
--

SELECT pg_catalog.setval('public.core_user_user_permissions_id_seq', 1, false);


--
-- Name: django_admin_log_id_seq; Type: SEQUENCE SET; Schema: public; Owner: bm_root
--

SELECT pg_catalog.setval('public.django_admin_log_id_seq', 837, true);


--
-- Name: django_content_type_id_seq; Type: SEQUENCE SET; Schema: public; Owner: bm_root
--

SELECT pg_catalog.setval('public.django_content_type_id_seq', 48, true);


--
-- Name: django_migrations_id_seq; Type: SEQUENCE SET; Schema: public; Owner: bm_root
--

SELECT pg_catalog.setval('public.django_migrations_id_seq', 71, true);


--
-- Name: auth_group auth_group_name_key; Type: CONSTRAINT; Schema: public; Owner: bm_root
--

ALTER TABLE ONLY public.auth_group
    ADD CONSTRAINT auth_group_name_key UNIQUE (name);


--
-- Name: auth_group_permissions auth_group_permissions_group_id_permission_id_0cd325b0_uniq; Type: CONSTRAINT; Schema: public; Owner: bm_root
--

ALTER TABLE ONLY public.auth_group_permissions
    ADD CONSTRAINT auth_group_permissions_group_id_permission_id_0cd325b0_uniq UNIQUE (group_id, permission_id);


--
-- Name: auth_group_permissions auth_group_permissions_pkey; Type: CONSTRAINT; Schema: public; Owner: bm_root
--

ALTER TABLE ONLY public.auth_group_permissions
    ADD CONSTRAINT auth_group_permissions_pkey PRIMARY KEY (id);


--
-- Name: auth_group auth_group_pkey; Type: CONSTRAINT; Schema: public; Owner: bm_root
--

ALTER TABLE ONLY public.auth_group
    ADD CONSTRAINT auth_group_pkey PRIMARY KEY (id);


--
-- Name: auth_permission auth_permission_content_type_id_codename_01ab375a_uniq; Type: CONSTRAINT; Schema: public; Owner: bm_root
--

ALTER TABLE ONLY public.auth_permission
    ADD CONSTRAINT auth_permission_content_type_id_codename_01ab375a_uniq UNIQUE (content_type_id, codename);


--
-- Name: auth_permission auth_permission_pkey; Type: CONSTRAINT; Schema: public; Owner: bm_root
--

ALTER TABLE ONLY public.auth_permission
    ADD CONSTRAINT auth_permission_pkey PRIMARY KEY (id);


--
-- Name: blog_imagestour blog_imagestour_pkey; Type: CONSTRAINT; Schema: public; Owner: bm_root
--

ALTER TABLE ONLY public.blog_imagestour
    ADD CONSTRAINT blog_imagestour_pkey PRIMARY KEY (id);


--
-- Name: blog_information blog_information_pkey; Type: CONSTRAINT; Schema: public; Owner: bm_root
--

ALTER TABLE ONLY public.blog_information
    ADD CONSTRAINT blog_information_pkey PRIMARY KEY (id);


--
-- Name: blog_messages blog_messages_pkey; Type: CONSTRAINT; Schema: public; Owner: bm_root
--

ALTER TABLE ONLY public.blog_messages
    ADD CONSTRAINT blog_messages_pkey PRIMARY KEY (id);


--
-- Name: blog_post blog_post_pkey; Type: CONSTRAINT; Schema: public; Owner: bm_root
--

ALTER TABLE ONLY public.blog_post
    ADD CONSTRAINT blog_post_pkey PRIMARY KEY (id);


--
-- Name: blog_postdocument blog_postdocument_pkey; Type: CONSTRAINT; Schema: public; Owner: bm_root
--

ALTER TABLE ONLY public.blog_postdocument
    ADD CONSTRAINT blog_postdocument_pkey PRIMARY KEY (id);


--
-- Name: blog_postfile blog_postfile_pkey; Type: CONSTRAINT; Schema: public; Owner: bm_root
--

ALTER TABLE ONLY public.blog_postfile
    ADD CONSTRAINT blog_postfile_pkey PRIMARY KEY (id);


--
-- Name: blog_postimages blog_postimages_pkey; Type: CONSTRAINT; Schema: public; Owner: bm_root
--

ALTER TABLE ONLY public.blog_postimages
    ADD CONSTRAINT blog_postimages_pkey PRIMARY KEY (id);


--
-- Name: blog_postvideos blog_postvideos_pkey; Type: CONSTRAINT; Schema: public; Owner: bm_root
--

ALTER TABLE ONLY public.blog_postvideos
    ADD CONSTRAINT blog_postvideos_pkey PRIMARY KEY (id);


--
-- Name: blog_role blog_role_pkey; Type: CONSTRAINT; Schema: public; Owner: bm_root
--

ALTER TABLE ONLY public.blog_role
    ADD CONSTRAINT blog_role_pkey PRIMARY KEY (id);


--
-- Name: blog_secreatarysection blog_secreatarysection_pkey; Type: CONSTRAINT; Schema: public; Owner: bm_root
--

ALTER TABLE ONLY public.blog_secreatarysection
    ADD CONSTRAINT blog_secreatarysection_pkey PRIMARY KEY (id);


--
-- Name: blog_secretary blog_secretary_pkey; Type: CONSTRAINT; Schema: public; Owner: bm_root
--

ALTER TABLE ONLY public.blog_secretary
    ADD CONSTRAINT blog_secretary_pkey PRIMARY KEY (id);


--
-- Name: blog_section blog_section_pkey; Type: CONSTRAINT; Schema: public; Owner: bm_root
--

ALTER TABLE ONLY public.blog_section
    ADD CONSTRAINT blog_section_pkey PRIMARY KEY (id);


--
-- Name: blog_service blog_service_pkey; Type: CONSTRAINT; Schema: public; Owner: bm_root
--

ALTER TABLE ONLY public.blog_service
    ADD CONSTRAINT blog_service_pkey PRIMARY KEY (id);


--
-- Name: blog_team blog_team_name_role_id_2c0a055e_uniq; Type: CONSTRAINT; Schema: public; Owner: bm_root
--

ALTER TABLE ONLY public.blog_team
    ADD CONSTRAINT blog_team_name_role_id_2c0a055e_uniq UNIQUE (name, role_id);


--
-- Name: blog_team blog_team_pkey; Type: CONSTRAINT; Schema: public; Owner: bm_root
--

ALTER TABLE ONLY public.blog_team
    ADD CONSTRAINT blog_team_pkey PRIMARY KEY (id);


--
-- Name: blog_tour blog_tour_pkey; Type: CONSTRAINT; Schema: public; Owner: bm_root
--

ALTER TABLE ONLY public.blog_tour
    ADD CONSTRAINT blog_tour_pkey PRIMARY KEY (id);


--
-- Name: certificates_biuldingtype certificates_biuldingtype_pkey; Type: CONSTRAINT; Schema: public; Owner: bm_root
--

ALTER TABLE ONLY public.certificates_biuldingtype
    ADD CONSTRAINT certificates_biuldingtype_pkey PRIMARY KEY (id);


--
-- Name: certificates_cemiterio certificates_cemiterio_pkey; Type: CONSTRAINT; Schema: public; Owner: bm_root
--

ALTER TABLE ONLY public.certificates_cemiterio
    ADD CONSTRAINT certificates_cemiterio_pkey PRIMARY KEY (id);


--
-- Name: certificates_certificate certificates_certificate_pkey; Type: CONSTRAINT; Schema: public; Owner: bm_root
--

ALTER TABLE ONLY public.certificates_certificate
    ADD CONSTRAINT certificates_certificate_pkey PRIMARY KEY (id);


--
-- Name: certificates_certificatedata certificates_certificatedata_pkey; Type: CONSTRAINT; Schema: public; Owner: bm_root
--

ALTER TABLE ONLY public.certificates_certificatedata
    ADD CONSTRAINT certificates_certificatedata_pkey PRIMARY KEY (id);


--
-- Name: certificates_certificatedate certificates_certificatedate_pkey; Type: CONSTRAINT; Schema: public; Owner: bm_root
--

ALTER TABLE ONLY public.certificates_certificatedate
    ADD CONSTRAINT certificates_certificatedate_pkey PRIMARY KEY (id);


--
-- Name: certificates_certificatesimpleparent certificates_certificatesimplefamily_pkey; Type: CONSTRAINT; Schema: public; Owner: bm_root
--

ALTER TABLE ONLY public.certificates_certificatesimpleparent
    ADD CONSTRAINT certificates_certificatesimplefamily_pkey PRIMARY KEY (id);


--
-- Name: certificates_certificatesimpleperson certificates_certificatesimpleperson_pkey; Type: CONSTRAINT; Schema: public; Owner: bm_root
--

ALTER TABLE ONLY public.certificates_certificatesimpleperson
    ADD CONSTRAINT certificates_certificatesimpleperson_pkey PRIMARY KEY (id);


--
-- Name: certificates_certificatesingleperson certificates_certificatesingleperson_pkey; Type: CONSTRAINT; Schema: public; Owner: bm_root
--

ALTER TABLE ONLY public.certificates_certificatesingleperson
    ADD CONSTRAINT certificates_certificatesingleperson_pkey PRIMARY KEY (id);


--
-- Name: certificates_certificatetitle certificates_certificatetitle_pkey; Type: CONSTRAINT; Schema: public; Owner: bm_root
--

ALTER TABLE ONLY public.certificates_certificatetitle
    ADD CONSTRAINT certificates_certificatetitle_pkey PRIMARY KEY (id);


--
-- Name: certificates_certificatetypes certificates_certificatetypes_pkey; Type: CONSTRAINT; Schema: public; Owner: bm_root
--

ALTER TABLE ONLY public.certificates_certificatetypes
    ADD CONSTRAINT certificates_certificatetypes_pkey PRIMARY KEY (id);


--
-- Name: certificates_change certificates_change_pkey; Type: CONSTRAINT; Schema: public; Owner: bm_root
--

ALTER TABLE ONLY public.certificates_change
    ADD CONSTRAINT certificates_change_pkey PRIMARY KEY (id);


--
-- Name: certificates_country certificates_country_pkey; Type: CONSTRAINT; Schema: public; Owner: bm_root
--

ALTER TABLE ONLY public.certificates_country
    ADD CONSTRAINT certificates_country_pkey PRIMARY KEY (id);


--
-- Name: certificates_county certificates_county_pkey; Type: CONSTRAINT; Schema: public; Owner: bm_root
--

ALTER TABLE ONLY public.certificates_county
    ADD CONSTRAINT certificates_county_pkey PRIMARY KEY (id);


--
-- Name: certificates_coval certificates_coval_pkey; Type: CONSTRAINT; Schema: public; Owner: bm_root
--

ALTER TABLE ONLY public.certificates_coval
    ADD CONSTRAINT certificates_coval_pkey PRIMARY KEY (id);


--
-- Name: certificates_covalsalles certificates_covalsalles_pkey; Type: CONSTRAINT; Schema: public; Owner: bm_root
--

ALTER TABLE ONLY public.certificates_covalsalles
    ADD CONSTRAINT certificates_covalsalles_pkey PRIMARY KEY (id);


--
-- Name: certificates_customer certificates_customer_pkey; Type: CONSTRAINT; Schema: public; Owner: bm_root
--

ALTER TABLE ONLY public.certificates_customer
    ADD CONSTRAINT certificates_customer_pkey PRIMARY KEY (id);


--
-- Name: certificates_customer certificates_customer_user_id_key; Type: CONSTRAINT; Schema: public; Owner: bm_root
--

ALTER TABLE ONLY public.certificates_customer
    ADD CONSTRAINT certificates_customer_user_id_key UNIQUE (user_id);


--
-- Name: certificates_house certificates_house_pkey; Type: CONSTRAINT; Schema: public; Owner: bm_root
--

ALTER TABLE ONLY public.certificates_house
    ADD CONSTRAINT certificates_house_pkey PRIMARY KEY (id);


--
-- Name: certificates_idtype certificates_idtype_pkey; Type: CONSTRAINT; Schema: public; Owner: bm_root
--

ALTER TABLE ONLY public.certificates_idtype
    ADD CONSTRAINT certificates_idtype_pkey PRIMARY KEY (id);


--
-- Name: certificates_ifen certificates_ifen_pkey; Type: CONSTRAINT; Schema: public; Owner: bm_root
--

ALTER TABLE ONLY public.certificates_ifen
    ADD CONSTRAINT certificates_ifen_pkey PRIMARY KEY (id);


--
-- Name: certificates_instituition certificates_institution_pkey; Type: CONSTRAINT; Schema: public; Owner: bm_root
--

ALTER TABLE ONLY public.certificates_instituition
    ADD CONSTRAINT certificates_institution_pkey PRIMARY KEY (id);


--
-- Name: certificates_messages certificates_messages_pkey; Type: CONSTRAINT; Schema: public; Owner: bm_root
--

ALTER TABLE ONLY public.certificates_messages
    ADD CONSTRAINT certificates_messages_pkey PRIMARY KEY (id);


--
-- Name: certificates_parent certificates_parents_pkey; Type: CONSTRAINT; Schema: public; Owner: bm_root
--

ALTER TABLE ONLY public.certificates_parent
    ADD CONSTRAINT certificates_parents_pkey PRIMARY KEY (id);


--
-- Name: certificates_person certificates_person_pkey; Type: CONSTRAINT; Schema: public; Owner: bm_root
--

ALTER TABLE ONLY public.certificates_person
    ADD CONSTRAINT certificates_person_pkey PRIMARY KEY (id);


--
-- Name: certificates_personbirthaddress certificates_personbirthaddress_pkey; Type: CONSTRAINT; Schema: public; Owner: bm_root
--

ALTER TABLE ONLY public.certificates_personbirthaddress
    ADD CONSTRAINT certificates_personbirthaddress_pkey PRIMARY KEY (id);


--
-- Name: certificates_street certificates_street_pkey; Type: CONSTRAINT; Schema: public; Owner: bm_root
--

ALTER TABLE ONLY public.certificates_street
    ADD CONSTRAINT certificates_street_pkey PRIMARY KEY (id);


--
-- Name: certificates_town certificates_town_pkey; Type: CONSTRAINT; Schema: public; Owner: bm_root
--

ALTER TABLE ONLY public.certificates_town
    ADD CONSTRAINT certificates_town_pkey PRIMARY KEY (id);


--
-- Name: certificates_university certificates_university_pkey; Type: CONSTRAINT; Schema: public; Owner: bm_root
--

ALTER TABLE ONLY public.certificates_university
    ADD CONSTRAINT certificates_university_pkey PRIMARY KEY (id);


--
-- Name: core_user core_user_email_key; Type: CONSTRAINT; Schema: public; Owner: bm_root
--

ALTER TABLE ONLY public.core_user
    ADD CONSTRAINT core_user_email_key UNIQUE (email);


--
-- Name: core_user_groups core_user_groups_pkey; Type: CONSTRAINT; Schema: public; Owner: bm_root
--

ALTER TABLE ONLY public.core_user_groups
    ADD CONSTRAINT core_user_groups_pkey PRIMARY KEY (id);


--
-- Name: core_user_groups core_user_groups_user_id_group_id_c82fcad1_uniq; Type: CONSTRAINT; Schema: public; Owner: bm_root
--

ALTER TABLE ONLY public.core_user_groups
    ADD CONSTRAINT core_user_groups_user_id_group_id_c82fcad1_uniq UNIQUE (user_id, group_id);


--
-- Name: core_user core_user_pkey; Type: CONSTRAINT; Schema: public; Owner: bm_root
--

ALTER TABLE ONLY public.core_user
    ADD CONSTRAINT core_user_pkey PRIMARY KEY (id);


--
-- Name: core_user_user_permissions core_user_user_permissions_pkey; Type: CONSTRAINT; Schema: public; Owner: bm_root
--

ALTER TABLE ONLY public.core_user_user_permissions
    ADD CONSTRAINT core_user_user_permissions_pkey PRIMARY KEY (id);


--
-- Name: core_user_user_permissions core_user_user_permissions_user_id_permission_id_73ea0daa_uniq; Type: CONSTRAINT; Schema: public; Owner: bm_root
--

ALTER TABLE ONLY public.core_user_user_permissions
    ADD CONSTRAINT core_user_user_permissions_user_id_permission_id_73ea0daa_uniq UNIQUE (user_id, permission_id);


--
-- Name: core_user core_user_username_key; Type: CONSTRAINT; Schema: public; Owner: bm_root
--

ALTER TABLE ONLY public.core_user
    ADD CONSTRAINT core_user_username_key UNIQUE (username);


--
-- Name: django_admin_log django_admin_log_pkey; Type: CONSTRAINT; Schema: public; Owner: bm_root
--

ALTER TABLE ONLY public.django_admin_log
    ADD CONSTRAINT django_admin_log_pkey PRIMARY KEY (id);


--
-- Name: django_content_type django_content_type_app_label_model_76bd3d3b_uniq; Type: CONSTRAINT; Schema: public; Owner: bm_root
--

ALTER TABLE ONLY public.django_content_type
    ADD CONSTRAINT django_content_type_app_label_model_76bd3d3b_uniq UNIQUE (app_label, model);


--
-- Name: django_content_type django_content_type_pkey; Type: CONSTRAINT; Schema: public; Owner: bm_root
--

ALTER TABLE ONLY public.django_content_type
    ADD CONSTRAINT django_content_type_pkey PRIMARY KEY (id);


--
-- Name: django_migrations django_migrations_pkey; Type: CONSTRAINT; Schema: public; Owner: bm_root
--

ALTER TABLE ONLY public.django_migrations
    ADD CONSTRAINT django_migrations_pkey PRIMARY KEY (id);


--
-- Name: django_session django_session_pkey; Type: CONSTRAINT; Schema: public; Owner: bm_root
--

ALTER TABLE ONLY public.django_session
    ADD CONSTRAINT django_session_pkey PRIMARY KEY (session_key);


--
-- Name: auth_group_name_a6ea08ec_like; Type: INDEX; Schema: public; Owner: bm_root
--

CREATE INDEX auth_group_name_a6ea08ec_like ON public.auth_group USING btree (name varchar_pattern_ops);


--
-- Name: auth_group_permissions_group_id_b120cbf9; Type: INDEX; Schema: public; Owner: bm_root
--

CREATE INDEX auth_group_permissions_group_id_b120cbf9 ON public.auth_group_permissions USING btree (group_id);


--
-- Name: auth_group_permissions_permission_id_84c5c92e; Type: INDEX; Schema: public; Owner: bm_root
--

CREATE INDEX auth_group_permissions_permission_id_84c5c92e ON public.auth_group_permissions USING btree (permission_id);


--
-- Name: auth_permission_content_type_id_2f476e4b; Type: INDEX; Schema: public; Owner: bm_root
--

CREATE INDEX auth_permission_content_type_id_2f476e4b ON public.auth_permission USING btree (content_type_id);


--
-- Name: blog_imagestour_tour_id_8dd08878; Type: INDEX; Schema: public; Owner: bm_root
--

CREATE INDEX blog_imagestour_tour_id_8dd08878 ON public.blog_imagestour USING btree (tour_id);


--
-- Name: blog_information_service_id_497d7671; Type: INDEX; Schema: public; Owner: bm_root
--

CREATE INDEX blog_information_service_id_497d7671 ON public.blog_information USING btree (service_id);


--
-- Name: blog_messages_subject_id_763e941b; Type: INDEX; Schema: public; Owner: bm_root
--

CREATE INDEX blog_messages_subject_id_763e941b ON public.blog_messages USING btree (subject_id);


--
-- Name: blog_post_slug_b95473f2; Type: INDEX; Schema: public; Owner: bm_root
--

CREATE INDEX blog_post_slug_b95473f2 ON public.blog_post USING btree (slug);


--
-- Name: blog_post_slug_b95473f2_like; Type: INDEX; Schema: public; Owner: bm_root
--

CREATE INDEX blog_post_slug_b95473f2_like ON public.blog_post USING btree (slug varchar_pattern_ops);


--
-- Name: blog_post_user_id_710cc4d2; Type: INDEX; Schema: public; Owner: bm_root
--

CREATE INDEX blog_post_user_id_710cc4d2 ON public.blog_post USING btree (user_id);


--
-- Name: blog_postdocument_post_id_ac9fc16e; Type: INDEX; Schema: public; Owner: bm_root
--

CREATE INDEX blog_postdocument_post_id_ac9fc16e ON public.blog_postdocument USING btree (post_id);


--
-- Name: blog_postimages_post_id_93c16f79; Type: INDEX; Schema: public; Owner: bm_root
--

CREATE INDEX blog_postimages_post_id_93c16f79 ON public.blog_postimages USING btree (post_id);


--
-- Name: blog_postvideos_post_id_6fefcf6b; Type: INDEX; Schema: public; Owner: bm_root
--

CREATE INDEX blog_postvideos_post_id_6fefcf6b ON public.blog_postvideos USING btree (post_id);


--
-- Name: blog_secreatarysection_secretary_id_8539e942; Type: INDEX; Schema: public; Owner: bm_root
--

CREATE INDEX blog_secreatarysection_secretary_id_8539e942 ON public.blog_secreatarysection USING btree (secretary_id);


--
-- Name: blog_secreatarysection_section_id_b39dd532; Type: INDEX; Schema: public; Owner: bm_root
--

CREATE INDEX blog_secreatarysection_section_id_b39dd532 ON public.blog_secreatarysection USING btree (section_id);


--
-- Name: blog_secretary_user_id_2599788d; Type: INDEX; Schema: public; Owner: bm_root
--

CREATE INDEX blog_secretary_user_id_2599788d ON public.blog_secretary USING btree (user_id);


--
-- Name: blog_service_slug_935cbe6a; Type: INDEX; Schema: public; Owner: bm_root
--

CREATE INDEX blog_service_slug_935cbe6a ON public.blog_service USING btree (slug);


--
-- Name: blog_service_slug_935cbe6a_like; Type: INDEX; Schema: public; Owner: bm_root
--

CREATE INDEX blog_service_slug_935cbe6a_like ON public.blog_service USING btree (slug varchar_pattern_ops);


--
-- Name: blog_team_role_id_8f10eee7; Type: INDEX; Schema: public; Owner: bm_root
--

CREATE INDEX blog_team_role_id_8f10eee7 ON public.blog_team USING btree (role_id);


--
-- Name: blog_tour_slug_1e14ee01; Type: INDEX; Schema: public; Owner: bm_root
--

CREATE INDEX blog_tour_slug_1e14ee01 ON public.blog_tour USING btree (slug);


--
-- Name: blog_tour_slug_1e14ee01_like; Type: INDEX; Schema: public; Owner: bm_root
--

CREATE INDEX blog_tour_slug_1e14ee01_like ON public.blog_tour USING btree (slug varchar_pattern_ops);


--
-- Name: certificates_cemiterio_county_id_8831d510; Type: INDEX; Schema: public; Owner: bm_root
--

CREATE INDEX certificates_cemiterio_county_id_8831d510 ON public.certificates_cemiterio USING btree (county_id);


--
-- Name: certificates_certificate_house_id_9bbefafd; Type: INDEX; Schema: public; Owner: bm_root
--

CREATE INDEX certificates_certificate_house_id_9bbefafd ON public.certificates_certificate USING btree (house_id);


--
-- Name: certificates_certificate_main_person_id_979c3025; Type: INDEX; Schema: public; Owner: bm_root
--

CREATE INDEX certificates_certificate_main_person_id_979c3025 ON public.certificates_certificate USING btree (main_person_id);


--
-- Name: certificates_certificate_secondary_person_id_867d2654; Type: INDEX; Schema: public; Owner: bm_root
--

CREATE INDEX certificates_certificate_secondary_person_id_867d2654 ON public.certificates_certificate USING btree (secondary_person_id);


--
-- Name: certificates_certificate_type_id_4a9132d6; Type: INDEX; Schema: public; Owner: bm_root
--

CREATE INDEX certificates_certificate_type_id_4a9132d6 ON public.certificates_certificate USING btree (type_id);


--
-- Name: certificates_certificatedata_certificate_id_3889aa48; Type: INDEX; Schema: public; Owner: bm_root
--

CREATE INDEX certificates_certificatedata_certificate_id_3889aa48 ON public.certificates_certificatedata USING btree (certificate_id);


--
-- Name: certificates_certificatedata_house_id_473c4962; Type: INDEX; Schema: public; Owner: bm_root
--

CREATE INDEX certificates_certificatedata_house_id_473c4962 ON public.certificates_certificatedata USING btree (house_id);


--
-- Name: certificates_certificatedate_type_id_3b64928c; Type: INDEX; Schema: public; Owner: bm_root
--

CREATE INDEX certificates_certificatedate_type_id_3b64928c ON public.certificates_certificatedate USING btree (type_id);


--
-- Name: certificates_certificatesimplefamily_parent_id_856f4413; Type: INDEX; Schema: public; Owner: bm_root
--

CREATE INDEX certificates_certificatesimplefamily_parent_id_856f4413 ON public.certificates_certificatesimpleparent USING btree (parent_id);


--
-- Name: certificates_certificatesimplefamily_type_id_ee81710a; Type: INDEX; Schema: public; Owner: bm_root
--

CREATE INDEX certificates_certificatesimplefamily_type_id_ee81710a ON public.certificates_certificatesimpleparent USING btree (type_id);


--
-- Name: certificates_certificatesimpleperson_type_id_eb108c6c; Type: INDEX; Schema: public; Owner: bm_root
--

CREATE INDEX certificates_certificatesimpleperson_type_id_eb108c6c ON public.certificates_certificatesimpleperson USING btree (type_id);


--
-- Name: certificates_certificatesingleperson_type_id_b6743fb4; Type: INDEX; Schema: public; Owner: bm_root
--

CREATE INDEX certificates_certificatesingleperson_type_id_b6743fb4 ON public.certificates_certificatesingleperson USING btree (type_id);


--
-- Name: certificates_certificatetitle_certificate_type_id_6db9cf7f; Type: INDEX; Schema: public; Owner: bm_root
--

CREATE INDEX certificates_certificatetitle_certificate_type_id_6db9cf7f ON public.certificates_certificatetitle USING btree (certificate_type_id);


--
-- Name: certificates_certificatetitle_slug_0cc48053; Type: INDEX; Schema: public; Owner: bm_root
--

CREATE INDEX certificates_certificatetitle_slug_0cc48053 ON public.certificates_certificatetitle USING btree (slug);


--
-- Name: certificates_certificatetitle_slug_0cc48053_like; Type: INDEX; Schema: public; Owner: bm_root
--

CREATE INDEX certificates_certificatetitle_slug_0cc48053_like ON public.certificates_certificatetitle USING btree (slug varchar_pattern_ops);


--
-- Name: certificates_certificatetypes_slug_8f328a4b; Type: INDEX; Schema: public; Owner: bm_root
--

CREATE INDEX certificates_certificatetypes_slug_8f328a4b ON public.certificates_certificatetypes USING btree (slug);


--
-- Name: certificates_certificatetypes_slug_8f328a4b_like; Type: INDEX; Schema: public; Owner: bm_root
--

CREATE INDEX certificates_certificatetypes_slug_8f328a4b_like ON public.certificates_certificatetypes USING btree (slug varchar_pattern_ops);


--
-- Name: certificates_country_slug_786d35af; Type: INDEX; Schema: public; Owner: bm_root
--

CREATE INDEX certificates_country_slug_786d35af ON public.certificates_country USING btree (slug);


--
-- Name: certificates_country_slug_786d35af_like; Type: INDEX; Schema: public; Owner: bm_root
--

CREATE INDEX certificates_country_slug_786d35af_like ON public.certificates_country USING btree (slug varchar_pattern_ops);


--
-- Name: certificates_county_country_id_ecc410b6; Type: INDEX; Schema: public; Owner: bm_root
--

CREATE INDEX certificates_county_country_id_ecc410b6 ON public.certificates_county USING btree (country_id);


--
-- Name: certificates_county_slug_c9e3bed8; Type: INDEX; Schema: public; Owner: bm_root
--

CREATE INDEX certificates_county_slug_c9e3bed8 ON public.certificates_county USING btree (slug);


--
-- Name: certificates_county_slug_c9e3bed8_like; Type: INDEX; Schema: public; Owner: bm_root
--

CREATE INDEX certificates_county_slug_c9e3bed8_like ON public.certificates_county USING btree (slug varchar_pattern_ops);


--
-- Name: certificates_coval_cemiterio_id_aee77d0d; Type: INDEX; Schema: public; Owner: bm_root
--

CREATE INDEX certificates_coval_cemiterio_id_aee77d0d ON public.certificates_coval USING btree (cemiterio_id);


--
-- Name: certificates_covalsalles_coval_id_4be93c1e; Type: INDEX; Schema: public; Owner: bm_root
--

CREATE INDEX certificates_covalsalles_coval_id_4be93c1e ON public.certificates_covalsalles USING btree (coval_id);


--
-- Name: certificates_covalsalles_person_id_72eba974; Type: INDEX; Schema: public; Owner: bm_root
--

CREATE INDEX certificates_covalsalles_person_id_72eba974 ON public.certificates_covalsalles USING btree (person_id);


--
-- Name: certificates_house_street_id_3c8c965e; Type: INDEX; Schema: public; Owner: bm_root
--

CREATE INDEX certificates_house_street_id_3c8c965e ON public.certificates_house USING btree (street_id);


--
-- Name: certificates_person_address_id_891bdd2c; Type: INDEX; Schema: public; Owner: bm_root
--

CREATE INDEX certificates_person_address_id_891bdd2c ON public.certificates_person USING btree (address_id);


--
-- Name: certificates_person_birth_address_id_4fc7bce6; Type: INDEX; Schema: public; Owner: bm_root
--

CREATE INDEX certificates_person_birth_address_id_4fc7bce6 ON public.certificates_person USING btree (birth_address_id);


--
-- Name: certificates_person_id_issue_country_id_95028c66; Type: INDEX; Schema: public; Owner: bm_root
--

CREATE INDEX certificates_person_id_issue_country_id_95028c66 ON public.certificates_person USING btree (id_issue_country_id);


--
-- Name: certificates_person_id_issue_local_id_a359e77f; Type: INDEX; Schema: public; Owner: bm_root
--

CREATE INDEX certificates_person_id_issue_local_id_a359e77f ON public.certificates_person USING btree (id_issue_local_id);


--
-- Name: certificates_person_id_type_id_858f63d9; Type: INDEX; Schema: public; Owner: bm_root
--

CREATE INDEX certificates_person_id_type_id_858f63d9 ON public.certificates_person USING btree (id_type_id);


--
-- Name: certificates_person_nationality_id_60675e1c; Type: INDEX; Schema: public; Owner: bm_root
--

CREATE INDEX certificates_person_nationality_id_60675e1c ON public.certificates_person USING btree (nationality_id);


--
-- Name: certificates_personbirthaddress_birth_country_id_d55738bd; Type: INDEX; Schema: public; Owner: bm_root
--

CREATE INDEX certificates_personbirthaddress_birth_country_id_d55738bd ON public.certificates_personbirthaddress USING btree (birth_country_id);


--
-- Name: certificates_personbirthaddress_birth_county_id_413de345; Type: INDEX; Schema: public; Owner: bm_root
--

CREATE INDEX certificates_personbirthaddress_birth_county_id_413de345 ON public.certificates_personbirthaddress USING btree (birth_county_id);


--
-- Name: certificates_personbirthaddress_birth_street_id_1757709c; Type: INDEX; Schema: public; Owner: bm_root
--

CREATE INDEX certificates_personbirthaddress_birth_street_id_1757709c ON public.certificates_personbirthaddress USING btree (birth_street_id);


--
-- Name: certificates_personbirthaddress_birth_town_id_513497eb; Type: INDEX; Schema: public; Owner: bm_root
--

CREATE INDEX certificates_personbirthaddress_birth_town_id_513497eb ON public.certificates_personbirthaddress USING btree (birth_town_id);


--
-- Name: certificates_street_slug_902b8a4a; Type: INDEX; Schema: public; Owner: bm_root
--

CREATE INDEX certificates_street_slug_902b8a4a ON public.certificates_street USING btree (slug);


--
-- Name: certificates_street_slug_902b8a4a_like; Type: INDEX; Schema: public; Owner: bm_root
--

CREATE INDEX certificates_street_slug_902b8a4a_like ON public.certificates_street USING btree (slug varchar_pattern_ops);


--
-- Name: certificates_street_town_id_542f73f8; Type: INDEX; Schema: public; Owner: bm_root
--

CREATE INDEX certificates_street_town_id_542f73f8 ON public.certificates_street USING btree (town_id);


--
-- Name: certificates_town_county_id_1252f6d1; Type: INDEX; Schema: public; Owner: bm_root
--

CREATE INDEX certificates_town_county_id_1252f6d1 ON public.certificates_town USING btree (county_id);


--
-- Name: certificates_town_slug_d806f3fd; Type: INDEX; Schema: public; Owner: bm_root
--

CREATE INDEX certificates_town_slug_d806f3fd ON public.certificates_town USING btree (slug);


--
-- Name: certificates_town_slug_d806f3fd_like; Type: INDEX; Schema: public; Owner: bm_root
--

CREATE INDEX certificates_town_slug_d806f3fd_like ON public.certificates_town USING btree (slug varchar_pattern_ops);


--
-- Name: core_user_email_92a71487_like; Type: INDEX; Schema: public; Owner: bm_root
--

CREATE INDEX core_user_email_92a71487_like ON public.core_user USING btree (email varchar_pattern_ops);


--
-- Name: core_user_groups_group_id_fe8c697f; Type: INDEX; Schema: public; Owner: bm_root
--

CREATE INDEX core_user_groups_group_id_fe8c697f ON public.core_user_groups USING btree (group_id);


--
-- Name: core_user_groups_user_id_70b4d9b8; Type: INDEX; Schema: public; Owner: bm_root
--

CREATE INDEX core_user_groups_user_id_70b4d9b8 ON public.core_user_groups USING btree (user_id);


--
-- Name: core_user_user_permissions_permission_id_35ccf601; Type: INDEX; Schema: public; Owner: bm_root
--

CREATE INDEX core_user_user_permissions_permission_id_35ccf601 ON public.core_user_user_permissions USING btree (permission_id);


--
-- Name: core_user_user_permissions_user_id_085123d3; Type: INDEX; Schema: public; Owner: bm_root
--

CREATE INDEX core_user_user_permissions_user_id_085123d3 ON public.core_user_user_permissions USING btree (user_id);


--
-- Name: core_user_username_36e4f7f7_like; Type: INDEX; Schema: public; Owner: bm_root
--

CREATE INDEX core_user_username_36e4f7f7_like ON public.core_user USING btree (username varchar_pattern_ops);


--
-- Name: django_admin_log_content_type_id_c4bce8eb; Type: INDEX; Schema: public; Owner: bm_root
--

CREATE INDEX django_admin_log_content_type_id_c4bce8eb ON public.django_admin_log USING btree (content_type_id);


--
-- Name: django_admin_log_user_id_c564eba6; Type: INDEX; Schema: public; Owner: bm_root
--

CREATE INDEX django_admin_log_user_id_c564eba6 ON public.django_admin_log USING btree (user_id);


--
-- Name: django_session_expire_date_a5c62663; Type: INDEX; Schema: public; Owner: bm_root
--

CREATE INDEX django_session_expire_date_a5c62663 ON public.django_session USING btree (expire_date);


--
-- Name: django_session_session_key_c0390e0f_like; Type: INDEX; Schema: public; Owner: bm_root
--

CREATE INDEX django_session_session_key_c0390e0f_like ON public.django_session USING btree (session_key varchar_pattern_ops);


--
-- Name: auth_group_permissions auth_group_permissio_permission_id_84c5c92e_fk_auth_perm; Type: FK CONSTRAINT; Schema: public; Owner: bm_root
--

ALTER TABLE ONLY public.auth_group_permissions
    ADD CONSTRAINT auth_group_permissio_permission_id_84c5c92e_fk_auth_perm FOREIGN KEY (permission_id) REFERENCES public.auth_permission(id) DEFERRABLE INITIALLY DEFERRED;


--
-- Name: auth_group_permissions auth_group_permissions_group_id_b120cbf9_fk_auth_group_id; Type: FK CONSTRAINT; Schema: public; Owner: bm_root
--

ALTER TABLE ONLY public.auth_group_permissions
    ADD CONSTRAINT auth_group_permissions_group_id_b120cbf9_fk_auth_group_id FOREIGN KEY (group_id) REFERENCES public.auth_group(id) DEFERRABLE INITIALLY DEFERRED;


--
-- Name: auth_permission auth_permission_content_type_id_2f476e4b_fk_django_co; Type: FK CONSTRAINT; Schema: public; Owner: bm_root
--

ALTER TABLE ONLY public.auth_permission
    ADD CONSTRAINT auth_permission_content_type_id_2f476e4b_fk_django_co FOREIGN KEY (content_type_id) REFERENCES public.django_content_type(id) DEFERRABLE INITIALLY DEFERRED;


--
-- Name: blog_imagestour blog_imagestour_tour_id_8dd08878_fk_blog_tour_id; Type: FK CONSTRAINT; Schema: public; Owner: bm_root
--

ALTER TABLE ONLY public.blog_imagestour
    ADD CONSTRAINT blog_imagestour_tour_id_8dd08878_fk_blog_tour_id FOREIGN KEY (tour_id) REFERENCES public.blog_tour(id) DEFERRABLE INITIALLY DEFERRED;


--
-- Name: blog_information blog_information_service_id_497d7671_fk_blog_service_id; Type: FK CONSTRAINT; Schema: public; Owner: bm_root
--

ALTER TABLE ONLY public.blog_information
    ADD CONSTRAINT blog_information_service_id_497d7671_fk_blog_service_id FOREIGN KEY (service_id) REFERENCES public.blog_service(id) DEFERRABLE INITIALLY DEFERRED;


--
-- Name: blog_messages blog_messages_subject_id_763e941b_fk_blog_section_id; Type: FK CONSTRAINT; Schema: public; Owner: bm_root
--

ALTER TABLE ONLY public.blog_messages
    ADD CONSTRAINT blog_messages_subject_id_763e941b_fk_blog_section_id FOREIGN KEY (subject_id) REFERENCES public.blog_section(id) DEFERRABLE INITIALLY DEFERRED;


--
-- Name: blog_post blog_post_user_id_710cc4d2_fk_core_user_id; Type: FK CONSTRAINT; Schema: public; Owner: bm_root
--

ALTER TABLE ONLY public.blog_post
    ADD CONSTRAINT blog_post_user_id_710cc4d2_fk_core_user_id FOREIGN KEY (user_id) REFERENCES public.core_user(id) DEFERRABLE INITIALLY DEFERRED;


--
-- Name: blog_postdocument blog_postdocument_post_id_ac9fc16e_fk_blog_post_id; Type: FK CONSTRAINT; Schema: public; Owner: bm_root
--

ALTER TABLE ONLY public.blog_postdocument
    ADD CONSTRAINT blog_postdocument_post_id_ac9fc16e_fk_blog_post_id FOREIGN KEY (post_id) REFERENCES public.blog_post(id) DEFERRABLE INITIALLY DEFERRED;


--
-- Name: blog_postimages blog_postimages_post_id_93c16f79_fk_blog_post_id; Type: FK CONSTRAINT; Schema: public; Owner: bm_root
--

ALTER TABLE ONLY public.blog_postimages
    ADD CONSTRAINT blog_postimages_post_id_93c16f79_fk_blog_post_id FOREIGN KEY (post_id) REFERENCES public.blog_post(id) DEFERRABLE INITIALLY DEFERRED;


--
-- Name: blog_postvideos blog_postvideos_post_id_6fefcf6b_fk_blog_post_id; Type: FK CONSTRAINT; Schema: public; Owner: bm_root
--

ALTER TABLE ONLY public.blog_postvideos
    ADD CONSTRAINT blog_postvideos_post_id_6fefcf6b_fk_blog_post_id FOREIGN KEY (post_id) REFERENCES public.blog_post(id) DEFERRABLE INITIALLY DEFERRED;


--
-- Name: blog_secreatarysection blog_secreatarysecti_secretary_id_8539e942_fk_blog_secr; Type: FK CONSTRAINT; Schema: public; Owner: bm_root
--

ALTER TABLE ONLY public.blog_secreatarysection
    ADD CONSTRAINT blog_secreatarysecti_secretary_id_8539e942_fk_blog_secr FOREIGN KEY (secretary_id) REFERENCES public.blog_secretary(id) DEFERRABLE INITIALLY DEFERRED;


--
-- Name: blog_secreatarysection blog_secreatarysection_section_id_b39dd532_fk_blog_section_id; Type: FK CONSTRAINT; Schema: public; Owner: bm_root
--

ALTER TABLE ONLY public.blog_secreatarysection
    ADD CONSTRAINT blog_secreatarysection_section_id_b39dd532_fk_blog_section_id FOREIGN KEY (section_id) REFERENCES public.blog_section(id) DEFERRABLE INITIALLY DEFERRED;


--
-- Name: blog_secretary blog_secretary_user_id_2599788d_fk_core_user_id; Type: FK CONSTRAINT; Schema: public; Owner: bm_root
--

ALTER TABLE ONLY public.blog_secretary
    ADD CONSTRAINT blog_secretary_user_id_2599788d_fk_core_user_id FOREIGN KEY (user_id) REFERENCES public.core_user(id) DEFERRABLE INITIALLY DEFERRED;


--
-- Name: blog_team blog_team_role_id_8f10eee7_fk_blog_role_id; Type: FK CONSTRAINT; Schema: public; Owner: bm_root
--

ALTER TABLE ONLY public.blog_team
    ADD CONSTRAINT blog_team_role_id_8f10eee7_fk_blog_role_id FOREIGN KEY (role_id) REFERENCES public.blog_role(id) DEFERRABLE INITIALLY DEFERRED;


--
-- Name: certificates_cemiterio certificates_cemiter_county_id_8831d510_fk_certifica; Type: FK CONSTRAINT; Schema: public; Owner: bm_root
--

ALTER TABLE ONLY public.certificates_cemiterio
    ADD CONSTRAINT certificates_cemiter_county_id_8831d510_fk_certifica FOREIGN KEY (county_id) REFERENCES public.certificates_county(id) DEFERRABLE INITIALLY DEFERRED;


--
-- Name: certificates_certificatedata certificates_certifi_certificate_id_3889aa48_fk_certifica; Type: FK CONSTRAINT; Schema: public; Owner: bm_root
--

ALTER TABLE ONLY public.certificates_certificatedata
    ADD CONSTRAINT certificates_certifi_certificate_id_3889aa48_fk_certifica FOREIGN KEY (certificate_id) REFERENCES public.certificates_certificate(id) DEFERRABLE INITIALLY DEFERRED;


--
-- Name: certificates_certificatetitle certificates_certifi_certificate_type_id_6db9cf7f_fk_certifica; Type: FK CONSTRAINT; Schema: public; Owner: bm_root
--

ALTER TABLE ONLY public.certificates_certificatetitle
    ADD CONSTRAINT certificates_certifi_certificate_type_id_6db9cf7f_fk_certifica FOREIGN KEY (certificate_type_id) REFERENCES public.certificates_certificatetypes(id) DEFERRABLE INITIALLY DEFERRED;


--
-- Name: certificates_certificatedata certificates_certifi_house_id_473c4962_fk_certifica; Type: FK CONSTRAINT; Schema: public; Owner: bm_root
--

ALTER TABLE ONLY public.certificates_certificatedata
    ADD CONSTRAINT certificates_certifi_house_id_473c4962_fk_certifica FOREIGN KEY (house_id) REFERENCES public.certificates_house(id) DEFERRABLE INITIALLY DEFERRED;


--
-- Name: certificates_certificate certificates_certifi_house_id_9bbefafd_fk_certifica; Type: FK CONSTRAINT; Schema: public; Owner: bm_root
--

ALTER TABLE ONLY public.certificates_certificate
    ADD CONSTRAINT certificates_certifi_house_id_9bbefafd_fk_certifica FOREIGN KEY (house_id) REFERENCES public.certificates_house(id) DEFERRABLE INITIALLY DEFERRED;


--
-- Name: certificates_certificate certificates_certifi_main_person_id_979c3025_fk_certifica; Type: FK CONSTRAINT; Schema: public; Owner: bm_root
--

ALTER TABLE ONLY public.certificates_certificate
    ADD CONSTRAINT certificates_certifi_main_person_id_979c3025_fk_certifica FOREIGN KEY (main_person_id) REFERENCES public.certificates_person(id) DEFERRABLE INITIALLY DEFERRED;


--
-- Name: certificates_certificatesimpleparent certificates_certifi_parent_id_856f4413_fk_certifica; Type: FK CONSTRAINT; Schema: public; Owner: bm_root
--

ALTER TABLE ONLY public.certificates_certificatesimpleparent
    ADD CONSTRAINT certificates_certifi_parent_id_856f4413_fk_certifica FOREIGN KEY (parent_id) REFERENCES public.certificates_parent(id) DEFERRABLE INITIALLY DEFERRED;


--
-- Name: certificates_certificate certificates_certifi_secondary_person_id_867d2654_fk_certifica; Type: FK CONSTRAINT; Schema: public; Owner: bm_root
--

ALTER TABLE ONLY public.certificates_certificate
    ADD CONSTRAINT certificates_certifi_secondary_person_id_867d2654_fk_certifica FOREIGN KEY (secondary_person_id) REFERENCES public.certificates_person(id) DEFERRABLE INITIALLY DEFERRED;


--
-- Name: certificates_certificatedate certificates_certifi_type_id_3b64928c_fk_certifica; Type: FK CONSTRAINT; Schema: public; Owner: bm_root
--

ALTER TABLE ONLY public.certificates_certificatedate
    ADD CONSTRAINT certificates_certifi_type_id_3b64928c_fk_certifica FOREIGN KEY (type_id) REFERENCES public.certificates_certificatetitle(id) DEFERRABLE INITIALLY DEFERRED;


--
-- Name: certificates_certificate certificates_certifi_type_id_4a9132d6_fk_certifica; Type: FK CONSTRAINT; Schema: public; Owner: bm_root
--

ALTER TABLE ONLY public.certificates_certificate
    ADD CONSTRAINT certificates_certifi_type_id_4a9132d6_fk_certifica FOREIGN KEY (type_id) REFERENCES public.certificates_certificatetitle(id) DEFERRABLE INITIALLY DEFERRED;


--
-- Name: certificates_certificatesingleperson certificates_certifi_type_id_b6743fb4_fk_certifica; Type: FK CONSTRAINT; Schema: public; Owner: bm_root
--

ALTER TABLE ONLY public.certificates_certificatesingleperson
    ADD CONSTRAINT certificates_certifi_type_id_b6743fb4_fk_certifica FOREIGN KEY (type_id) REFERENCES public.certificates_certificatetitle(id) DEFERRABLE INITIALLY DEFERRED;


--
-- Name: certificates_certificatesimpleperson certificates_certifi_type_id_eb108c6c_fk_certifica; Type: FK CONSTRAINT; Schema: public; Owner: bm_root
--

ALTER TABLE ONLY public.certificates_certificatesimpleperson
    ADD CONSTRAINT certificates_certifi_type_id_eb108c6c_fk_certifica FOREIGN KEY (type_id) REFERENCES public.certificates_certificatetitle(id) DEFERRABLE INITIALLY DEFERRED;


--
-- Name: certificates_certificatesimpleparent certificates_certifi_type_id_ee81710a_fk_certifica; Type: FK CONSTRAINT; Schema: public; Owner: bm_root
--

ALTER TABLE ONLY public.certificates_certificatesimpleparent
    ADD CONSTRAINT certificates_certifi_type_id_ee81710a_fk_certifica FOREIGN KEY (type_id) REFERENCES public.certificates_certificatetitle(id) DEFERRABLE INITIALLY DEFERRED;


--
-- Name: certificates_county certificates_county_country_id_ecc410b6_fk_certifica; Type: FK CONSTRAINT; Schema: public; Owner: bm_root
--

ALTER TABLE ONLY public.certificates_county
    ADD CONSTRAINT certificates_county_country_id_ecc410b6_fk_certifica FOREIGN KEY (country_id) REFERENCES public.certificates_country(id) DEFERRABLE INITIALLY DEFERRED;


--
-- Name: certificates_coval certificates_coval_cemiterio_id_aee77d0d_fk_certifica; Type: FK CONSTRAINT; Schema: public; Owner: bm_root
--

ALTER TABLE ONLY public.certificates_coval
    ADD CONSTRAINT certificates_coval_cemiterio_id_aee77d0d_fk_certifica FOREIGN KEY (cemiterio_id) REFERENCES public.certificates_cemiterio(id) DEFERRABLE INITIALLY DEFERRED;


--
-- Name: certificates_covalsalles certificates_covalsa_coval_id_4be93c1e_fk_certifica; Type: FK CONSTRAINT; Schema: public; Owner: bm_root
--

ALTER TABLE ONLY public.certificates_covalsalles
    ADD CONSTRAINT certificates_covalsa_coval_id_4be93c1e_fk_certifica FOREIGN KEY (coval_id) REFERENCES public.certificates_coval(id) DEFERRABLE INITIALLY DEFERRED;


--
-- Name: certificates_covalsalles certificates_covalsa_person_id_72eba974_fk_certifica; Type: FK CONSTRAINT; Schema: public; Owner: bm_root
--

ALTER TABLE ONLY public.certificates_covalsalles
    ADD CONSTRAINT certificates_covalsa_person_id_72eba974_fk_certifica FOREIGN KEY (person_id) REFERENCES public.certificates_person(id) DEFERRABLE INITIALLY DEFERRED;


--
-- Name: certificates_customer certificates_customer_user_id_05f5f542_fk_core_user_id; Type: FK CONSTRAINT; Schema: public; Owner: bm_root
--

ALTER TABLE ONLY public.certificates_customer
    ADD CONSTRAINT certificates_customer_user_id_05f5f542_fk_core_user_id FOREIGN KEY (user_id) REFERENCES public.core_user(id) DEFERRABLE INITIALLY DEFERRED;


--
-- Name: certificates_house certificates_house_street_id_3c8c965e_fk_certificates_street_id; Type: FK CONSTRAINT; Schema: public; Owner: bm_root
--

ALTER TABLE ONLY public.certificates_house
    ADD CONSTRAINT certificates_house_street_id_3c8c965e_fk_certificates_street_id FOREIGN KEY (street_id) REFERENCES public.certificates_street(id) DEFERRABLE INITIALLY DEFERRED;


--
-- Name: certificates_person certificates_person_address_id_891bdd2c_fk_certifica; Type: FK CONSTRAINT; Schema: public; Owner: bm_root
--

ALTER TABLE ONLY public.certificates_person
    ADD CONSTRAINT certificates_person_address_id_891bdd2c_fk_certifica FOREIGN KEY (address_id) REFERENCES public.certificates_house(id) DEFERRABLE INITIALLY DEFERRED;


--
-- Name: certificates_person certificates_person_birth_address_id_4fc7bce6_fk_certifica; Type: FK CONSTRAINT; Schema: public; Owner: bm_root
--

ALTER TABLE ONLY public.certificates_person
    ADD CONSTRAINT certificates_person_birth_address_id_4fc7bce6_fk_certifica FOREIGN KEY (birth_address_id) REFERENCES public.certificates_personbirthaddress(id) DEFERRABLE INITIALLY DEFERRED;


--
-- Name: certificates_person certificates_person_id_issue_country_id_95028c66_fk_certifica; Type: FK CONSTRAINT; Schema: public; Owner: bm_root
--

ALTER TABLE ONLY public.certificates_person
    ADD CONSTRAINT certificates_person_id_issue_country_id_95028c66_fk_certifica FOREIGN KEY (id_issue_country_id) REFERENCES public.certificates_country(id) DEFERRABLE INITIALLY DEFERRED;


--
-- Name: certificates_person certificates_person_id_issue_local_id_a359e77f_fk_certifica; Type: FK CONSTRAINT; Schema: public; Owner: bm_root
--

ALTER TABLE ONLY public.certificates_person
    ADD CONSTRAINT certificates_person_id_issue_local_id_a359e77f_fk_certifica FOREIGN KEY (id_issue_local_id) REFERENCES public.certificates_instituition(id) DEFERRABLE INITIALLY DEFERRED;


--
-- Name: certificates_person certificates_person_id_type_id_858f63d9_fk_certifica; Type: FK CONSTRAINT; Schema: public; Owner: bm_root
--

ALTER TABLE ONLY public.certificates_person
    ADD CONSTRAINT certificates_person_id_type_id_858f63d9_fk_certifica FOREIGN KEY (id_type_id) REFERENCES public.certificates_idtype(id) DEFERRABLE INITIALLY DEFERRED;


--
-- Name: certificates_person certificates_person_nationality_id_60675e1c_fk_certifica; Type: FK CONSTRAINT; Schema: public; Owner: bm_root
--

ALTER TABLE ONLY public.certificates_person
    ADD CONSTRAINT certificates_person_nationality_id_60675e1c_fk_certifica FOREIGN KEY (nationality_id) REFERENCES public.certificates_country(id) DEFERRABLE INITIALLY DEFERRED;


--
-- Name: certificates_personbirthaddress certificates_personb_birth_country_id_d55738bd_fk_certifica; Type: FK CONSTRAINT; Schema: public; Owner: bm_root
--

ALTER TABLE ONLY public.certificates_personbirthaddress
    ADD CONSTRAINT certificates_personb_birth_country_id_d55738bd_fk_certifica FOREIGN KEY (birth_country_id) REFERENCES public.certificates_country(id) DEFERRABLE INITIALLY DEFERRED;


--
-- Name: certificates_personbirthaddress certificates_personb_birth_county_id_413de345_fk_certifica; Type: FK CONSTRAINT; Schema: public; Owner: bm_root
--

ALTER TABLE ONLY public.certificates_personbirthaddress
    ADD CONSTRAINT certificates_personb_birth_county_id_413de345_fk_certifica FOREIGN KEY (birth_county_id) REFERENCES public.certificates_county(id) DEFERRABLE INITIALLY DEFERRED;


--
-- Name: certificates_personbirthaddress certificates_personb_birth_street_id_1757709c_fk_certifica; Type: FK CONSTRAINT; Schema: public; Owner: bm_root
--

ALTER TABLE ONLY public.certificates_personbirthaddress
    ADD CONSTRAINT certificates_personb_birth_street_id_1757709c_fk_certifica FOREIGN KEY (birth_street_id) REFERENCES public.certificates_street(id) DEFERRABLE INITIALLY DEFERRED;


--
-- Name: certificates_personbirthaddress certificates_personb_birth_town_id_513497eb_fk_certifica; Type: FK CONSTRAINT; Schema: public; Owner: bm_root
--

ALTER TABLE ONLY public.certificates_personbirthaddress
    ADD CONSTRAINT certificates_personb_birth_town_id_513497eb_fk_certifica FOREIGN KEY (birth_town_id) REFERENCES public.certificates_town(id) DEFERRABLE INITIALLY DEFERRED;


--
-- Name: certificates_street certificates_street_town_id_542f73f8_fk_certificates_town_id; Type: FK CONSTRAINT; Schema: public; Owner: bm_root
--

ALTER TABLE ONLY public.certificates_street
    ADD CONSTRAINT certificates_street_town_id_542f73f8_fk_certificates_town_id FOREIGN KEY (town_id) REFERENCES public.certificates_town(id) DEFERRABLE INITIALLY DEFERRED;


--
-- Name: certificates_town certificates_town_county_id_1252f6d1_fk_certificates_county_id; Type: FK CONSTRAINT; Schema: public; Owner: bm_root
--

ALTER TABLE ONLY public.certificates_town
    ADD CONSTRAINT certificates_town_county_id_1252f6d1_fk_certificates_county_id FOREIGN KEY (county_id) REFERENCES public.certificates_county(id) DEFERRABLE INITIALLY DEFERRED;


--
-- Name: core_user_groups core_user_groups_group_id_fe8c697f_fk_auth_group_id; Type: FK CONSTRAINT; Schema: public; Owner: bm_root
--

ALTER TABLE ONLY public.core_user_groups
    ADD CONSTRAINT core_user_groups_group_id_fe8c697f_fk_auth_group_id FOREIGN KEY (group_id) REFERENCES public.auth_group(id) DEFERRABLE INITIALLY DEFERRED;


--
-- Name: core_user_groups core_user_groups_user_id_70b4d9b8_fk_core_user_id; Type: FK CONSTRAINT; Schema: public; Owner: bm_root
--

ALTER TABLE ONLY public.core_user_groups
    ADD CONSTRAINT core_user_groups_user_id_70b4d9b8_fk_core_user_id FOREIGN KEY (user_id) REFERENCES public.core_user(id) DEFERRABLE INITIALLY DEFERRED;


--
-- Name: core_user_user_permissions core_user_user_permi_permission_id_35ccf601_fk_auth_perm; Type: FK CONSTRAINT; Schema: public; Owner: bm_root
--

ALTER TABLE ONLY public.core_user_user_permissions
    ADD CONSTRAINT core_user_user_permi_permission_id_35ccf601_fk_auth_perm FOREIGN KEY (permission_id) REFERENCES public.auth_permission(id) DEFERRABLE INITIALLY DEFERRED;


--
-- Name: core_user_user_permissions core_user_user_permissions_user_id_085123d3_fk_core_user_id; Type: FK CONSTRAINT; Schema: public; Owner: bm_root
--

ALTER TABLE ONLY public.core_user_user_permissions
    ADD CONSTRAINT core_user_user_permissions_user_id_085123d3_fk_core_user_id FOREIGN KEY (user_id) REFERENCES public.core_user(id) DEFERRABLE INITIALLY DEFERRED;


--
-- Name: django_admin_log django_admin_log_content_type_id_c4bce8eb_fk_django_co; Type: FK CONSTRAINT; Schema: public; Owner: bm_root
--

ALTER TABLE ONLY public.django_admin_log
    ADD CONSTRAINT django_admin_log_content_type_id_c4bce8eb_fk_django_co FOREIGN KEY (content_type_id) REFERENCES public.django_content_type(id) DEFERRABLE INITIALLY DEFERRED;


--
-- Name: django_admin_log django_admin_log_user_id_c564eba6_fk_core_user_id; Type: FK CONSTRAINT; Schema: public; Owner: bm_root
--

ALTER TABLE ONLY public.django_admin_log
    ADD CONSTRAINT django_admin_log_user_id_c564eba6_fk_core_user_id FOREIGN KEY (user_id) REFERENCES public.core_user(id) DEFERRABLE INITIALLY DEFERRED;


--
-- PostgreSQL database dump complete
--

