--
-- PostgreSQL database dump
--

-- Dumped from database version 15.6 (Ubuntu 15.6-1.pgdg20.04+1)
-- Dumped by pg_dump version 15.1

SET statement_timeout = 0;
SET lock_timeout = 0;
SET idle_in_transaction_session_timeout = 0;
SET client_encoding = 'UTF8';
SET standard_conforming_strings = on;
SELECT pg_catalog.set_config('search_path', '', false);
SET check_function_bodies = false;
SET xmloption = content;
SET client_min_messages = warning;
SET row_security = off;

--
-- Name: public; Type: SCHEMA; Schema: -; Owner: eurrkvbyncwetd
--

-- *not* creating schema, since initdb creates it


ALTER SCHEMA public OWNER TO eurrkvbyncwetd;

--
-- Name: SCHEMA "public"; Type: COMMENT; Schema: -; Owner: eurrkvbyncwetd
--

COMMENT ON SCHEMA "public" IS 'standard public schema';


--
-- Name: pg_stat_statements; Type: EXTENSION; Schema: -; Owner: -
--

CREATE EXTENSION IF NOT EXISTS "pg_stat_statements" WITH SCHEMA "heroku_ext";


--
-- Name: EXTENSION "pg_stat_statements"; Type: COMMENT; Schema: -; Owner: 
--

COMMENT ON EXTENSION "pg_stat_statements" IS 'track planning and execution statistics of all SQL statements executed';


SET default_tablespace = '';

SET default_table_access_method = heap;

--
-- Name: auth_group; Type: TABLE; Schema: public; Owner: eurrkvbyncwetd
--

CREATE TABLE "public"."auth_group" (
    "id" integer NOT NULL,
    "name" character varying(150) NOT NULL
);


ALTER TABLE public.auth_group OWNER TO eurrkvbyncwetd;

--
-- Name: auth_group_id_seq; Type: SEQUENCE; Schema: public; Owner: eurrkvbyncwetd
--

ALTER TABLE "public"."auth_group" ALTER COLUMN "id" ADD GENERATED BY DEFAULT AS IDENTITY (
    SEQUENCE NAME "public"."auth_group_id_seq"
    START WITH 1
    INCREMENT BY 1
    NO MINVALUE
    NO MAXVALUE
    CACHE 1
);


--
-- Name: auth_group_permissions; Type: TABLE; Schema: public; Owner: eurrkvbyncwetd
--

CREATE TABLE "public"."auth_group_permissions" (
    "id" bigint NOT NULL,
    "group_id" integer NOT NULL,
    "permission_id" integer NOT NULL
);


ALTER TABLE public.auth_group_permissions OWNER TO eurrkvbyncwetd;

--
-- Name: auth_group_permissions_id_seq; Type: SEQUENCE; Schema: public; Owner: eurrkvbyncwetd
--

ALTER TABLE "public"."auth_group_permissions" ALTER COLUMN "id" ADD GENERATED BY DEFAULT AS IDENTITY (
    SEQUENCE NAME "public"."auth_group_permissions_id_seq"
    START WITH 1
    INCREMENT BY 1
    NO MINVALUE
    NO MAXVALUE
    CACHE 1
);


--
-- Name: auth_permission; Type: TABLE; Schema: public; Owner: eurrkvbyncwetd
--

CREATE TABLE "public"."auth_permission" (
    "id" integer NOT NULL,
    "name" character varying(255) NOT NULL,
    "content_type_id" integer NOT NULL,
    "codename" character varying(100) NOT NULL
);


ALTER TABLE public.auth_permission OWNER TO eurrkvbyncwetd;

--
-- Name: auth_permission_id_seq; Type: SEQUENCE; Schema: public; Owner: eurrkvbyncwetd
--

ALTER TABLE "public"."auth_permission" ALTER COLUMN "id" ADD GENERATED BY DEFAULT AS IDENTITY (
    SEQUENCE NAME "public"."auth_permission_id_seq"
    START WITH 1
    INCREMENT BY 1
    NO MINVALUE
    NO MAXVALUE
    CACHE 1
);


--
-- Name: blog_imagestour; Type: TABLE; Schema: public; Owner: eurrkvbyncwetd
--

CREATE TABLE "public"."blog_imagestour" (
    "id" bigint NOT NULL,
    "image" character varying(100) NOT NULL,
    "tour_id" bigint NOT NULL
);


ALTER TABLE public.blog_imagestour OWNER TO eurrkvbyncwetd;

--
-- Name: blog_imagestour_id_seq; Type: SEQUENCE; Schema: public; Owner: eurrkvbyncwetd
--

ALTER TABLE "public"."blog_imagestour" ALTER COLUMN "id" ADD GENERATED BY DEFAULT AS IDENTITY (
    SEQUENCE NAME "public"."blog_imagestour_id_seq"
    START WITH 1
    INCREMENT BY 1
    NO MINVALUE
    NO MAXVALUE
    CACHE 1
);


--
-- Name: blog_information; Type: TABLE; Schema: public; Owner: eurrkvbyncwetd
--

CREATE TABLE "public"."blog_information" (
    "id" bigint NOT NULL,
    "information" "text" NOT NULL,
    "question" character varying(255) NOT NULL,
    "service_id" bigint NOT NULL
);


ALTER TABLE public.blog_information OWNER TO eurrkvbyncwetd;

--
-- Name: blog_information_id_seq; Type: SEQUENCE; Schema: public; Owner: eurrkvbyncwetd
--

ALTER TABLE "public"."blog_information" ALTER COLUMN "id" ADD GENERATED BY DEFAULT AS IDENTITY (
    SEQUENCE NAME "public"."blog_information_id_seq"
    START WITH 1
    INCREMENT BY 1
    NO MINVALUE
    NO MAXVALUE
    CACHE 1
);


--
-- Name: blog_messages; Type: TABLE; Schema: public; Owner: eurrkvbyncwetd
--

CREATE TABLE "public"."blog_messages" (
    "id" bigint NOT NULL,
    "name" character varying(255) NOT NULL,
    "text" "text" NOT NULL,
    "sent" boolean NOT NULL,
    "date" timestamp with time zone,
    "subject_id" bigint NOT NULL,
    "whatsapp" character varying(255) NOT NULL
);


ALTER TABLE public.blog_messages OWNER TO eurrkvbyncwetd;

--
-- Name: blog_messages_id_seq; Type: SEQUENCE; Schema: public; Owner: eurrkvbyncwetd
--

ALTER TABLE "public"."blog_messages" ALTER COLUMN "id" ADD GENERATED BY DEFAULT AS IDENTITY (
    SEQUENCE NAME "public"."blog_messages_id_seq"
    START WITH 1
    INCREMENT BY 1
    NO MINVALUE
    NO MAXVALUE
    CACHE 1
);


--
-- Name: blog_post; Type: TABLE; Schema: public; Owner: eurrkvbyncwetd
--

CREATE TABLE "public"."blog_post" (
    "id" bigint NOT NULL,
    "title" character varying(255) NOT NULL,
    "slug" character varying(255),
    "picture" character varying(100) NOT NULL,
    "text_file" character varying(100),
    "active" boolean NOT NULL,
    "date" timestamp with time zone NOT NULL,
    "user_id" bigint NOT NULL
);


ALTER TABLE public.blog_post OWNER TO eurrkvbyncwetd;

--
-- Name: blog_post_id_seq; Type: SEQUENCE; Schema: public; Owner: eurrkvbyncwetd
--

ALTER TABLE "public"."blog_post" ALTER COLUMN "id" ADD GENERATED BY DEFAULT AS IDENTITY (
    SEQUENCE NAME "public"."blog_post_id_seq"
    START WITH 1
    INCREMENT BY 1
    NO MINVALUE
    NO MAXVALUE
    CACHE 1
);


--
-- Name: blog_postdocument; Type: TABLE; Schema: public; Owner: eurrkvbyncwetd
--

CREATE TABLE "public"."blog_postdocument" (
    "id" bigint NOT NULL,
    "document" character varying(100) NOT NULL,
    "post_id" bigint NOT NULL
);


ALTER TABLE public.blog_postdocument OWNER TO eurrkvbyncwetd;

--
-- Name: blog_postdocument_id_seq; Type: SEQUENCE; Schema: public; Owner: eurrkvbyncwetd
--

ALTER TABLE "public"."blog_postdocument" ALTER COLUMN "id" ADD GENERATED BY DEFAULT AS IDENTITY (
    SEQUENCE NAME "public"."blog_postdocument_id_seq"
    START WITH 1
    INCREMENT BY 1
    NO MINVALUE
    NO MAXVALUE
    CACHE 1
);


--
-- Name: blog_postfile; Type: TABLE; Schema: public; Owner: eurrkvbyncwetd
--

CREATE TABLE "public"."blog_postfile" (
    "id" bigint NOT NULL,
    "file" character varying(100) NOT NULL
);


ALTER TABLE public.blog_postfile OWNER TO eurrkvbyncwetd;

--
-- Name: blog_postfile_id_seq; Type: SEQUENCE; Schema: public; Owner: eurrkvbyncwetd
--

ALTER TABLE "public"."blog_postfile" ALTER COLUMN "id" ADD GENERATED BY DEFAULT AS IDENTITY (
    SEQUENCE NAME "public"."blog_postfile_id_seq"
    START WITH 1
    INCREMENT BY 1
    NO MINVALUE
    NO MAXVALUE
    CACHE 1
);


--
-- Name: blog_postimages; Type: TABLE; Schema: public; Owner: eurrkvbyncwetd
--

CREATE TABLE "public"."blog_postimages" (
    "id" bigint NOT NULL,
    "picture" character varying(100) NOT NULL,
    "post_id" bigint NOT NULL
);


ALTER TABLE public.blog_postimages OWNER TO eurrkvbyncwetd;

--
-- Name: blog_postimages_id_seq; Type: SEQUENCE; Schema: public; Owner: eurrkvbyncwetd
--

ALTER TABLE "public"."blog_postimages" ALTER COLUMN "id" ADD GENERATED BY DEFAULT AS IDENTITY (
    SEQUENCE NAME "public"."blog_postimages_id_seq"
    START WITH 1
    INCREMENT BY 1
    NO MINVALUE
    NO MAXVALUE
    CACHE 1
);


--
-- Name: blog_postvideos; Type: TABLE; Schema: public; Owner: eurrkvbyncwetd
--

CREATE TABLE "public"."blog_postvideos" (
    "id" bigint NOT NULL,
    "video" character varying(200) NOT NULL,
    "post_id" bigint NOT NULL
);


ALTER TABLE public.blog_postvideos OWNER TO eurrkvbyncwetd;

--
-- Name: blog_postvideos_id_seq; Type: SEQUENCE; Schema: public; Owner: eurrkvbyncwetd
--

ALTER TABLE "public"."blog_postvideos" ALTER COLUMN "id" ADD GENERATED BY DEFAULT AS IDENTITY (
    SEQUENCE NAME "public"."blog_postvideos_id_seq"
    START WITH 1
    INCREMENT BY 1
    NO MINVALUE
    NO MAXVALUE
    CACHE 1
);


--
-- Name: blog_role; Type: TABLE; Schema: public; Owner: eurrkvbyncwetd
--

CREATE TABLE "public"."blog_role" (
    "id" bigint NOT NULL,
    "title" character varying(255) NOT NULL
);


ALTER TABLE public.blog_role OWNER TO eurrkvbyncwetd;

--
-- Name: blog_role_id_seq; Type: SEQUENCE; Schema: public; Owner: eurrkvbyncwetd
--

ALTER TABLE "public"."blog_role" ALTER COLUMN "id" ADD GENERATED BY DEFAULT AS IDENTITY (
    SEQUENCE NAME "public"."blog_role_id_seq"
    START WITH 1
    INCREMENT BY 1
    NO MINVALUE
    NO MAXVALUE
    CACHE 1
);


--
-- Name: blog_secreatarysection; Type: TABLE; Schema: public; Owner: eurrkvbyncwetd
--

CREATE TABLE "public"."blog_secreatarysection" (
    "id" bigint NOT NULL,
    "secretary_id" bigint NOT NULL,
    "section_id" bigint NOT NULL
);


ALTER TABLE public.blog_secreatarysection OWNER TO eurrkvbyncwetd;

--
-- Name: blog_secreatarysection_id_seq; Type: SEQUENCE; Schema: public; Owner: eurrkvbyncwetd
--

ALTER TABLE "public"."blog_secreatarysection" ALTER COLUMN "id" ADD GENERATED BY DEFAULT AS IDENTITY (
    SEQUENCE NAME "public"."blog_secreatarysection_id_seq"
    START WITH 1
    INCREMENT BY 1
    NO MINVALUE
    NO MAXVALUE
    CACHE 1
);


--
-- Name: blog_secretary; Type: TABLE; Schema: public; Owner: eurrkvbyncwetd
--

CREATE TABLE "public"."blog_secretary" (
    "id" bigint NOT NULL,
    "user_id" bigint NOT NULL
);


ALTER TABLE public.blog_secretary OWNER TO eurrkvbyncwetd;

--
-- Name: blog_secretary_id_seq; Type: SEQUENCE; Schema: public; Owner: eurrkvbyncwetd
--

ALTER TABLE "public"."blog_secretary" ALTER COLUMN "id" ADD GENERATED BY DEFAULT AS IDENTITY (
    SEQUENCE NAME "public"."blog_secretary_id_seq"
    START WITH 1
    INCREMENT BY 1
    NO MINVALUE
    NO MAXVALUE
    CACHE 1
);


--
-- Name: blog_section; Type: TABLE; Schema: public; Owner: eurrkvbyncwetd
--

CREATE TABLE "public"."blog_section" (
    "id" bigint NOT NULL,
    "title" character varying(255) NOT NULL
);


ALTER TABLE public.blog_section OWNER TO eurrkvbyncwetd;

--
-- Name: blog_section_id_seq; Type: SEQUENCE; Schema: public; Owner: eurrkvbyncwetd
--

ALTER TABLE "public"."blog_section" ALTER COLUMN "id" ADD GENERATED BY DEFAULT AS IDENTITY (
    SEQUENCE NAME "public"."blog_section_id_seq"
    START WITH 1
    INCREMENT BY 1
    NO MINVALUE
    NO MAXVALUE
    CACHE 1
);


--
-- Name: blog_service; Type: TABLE; Schema: public; Owner: eurrkvbyncwetd
--

CREATE TABLE "public"."blog_service" (
    "id" bigint NOT NULL,
    "name" character varying(255) NOT NULL,
    "slug" character varying(255) NOT NULL,
    "picture" character varying(100),
    "description" "text" NOT NULL
);


ALTER TABLE public.blog_service OWNER TO eurrkvbyncwetd;

--
-- Name: blog_service_id_seq; Type: SEQUENCE; Schema: public; Owner: eurrkvbyncwetd
--

ALTER TABLE "public"."blog_service" ALTER COLUMN "id" ADD GENERATED BY DEFAULT AS IDENTITY (
    SEQUENCE NAME "public"."blog_service_id_seq"
    START WITH 1
    INCREMENT BY 1
    NO MINVALUE
    NO MAXVALUE
    CACHE 1
);


--
-- Name: blog_team; Type: TABLE; Schema: public; Owner: eurrkvbyncwetd
--

CREATE TABLE "public"."blog_team" (
    "id" bigint NOT NULL,
    "name" character varying(255) NOT NULL,
    "image" character varying(100),
    "role_id" bigint NOT NULL
);


ALTER TABLE public.blog_team OWNER TO eurrkvbyncwetd;

--
-- Name: blog_team_id_seq; Type: SEQUENCE; Schema: public; Owner: eurrkvbyncwetd
--

ALTER TABLE "public"."blog_team" ALTER COLUMN "id" ADD GENERATED BY DEFAULT AS IDENTITY (
    SEQUENCE NAME "public"."blog_team_id_seq"
    START WITH 1
    INCREMENT BY 1
    NO MINVALUE
    NO MAXVALUE
    CACHE 1
);


--
-- Name: blog_tour; Type: TABLE; Schema: public; Owner: eurrkvbyncwetd
--

CREATE TABLE "public"."blog_tour" (
    "id" bigint NOT NULL,
    "title" character varying(255) NOT NULL,
    "slug" character varying(255) NOT NULL,
    "description" "text" NOT NULL,
    "location" character varying(200) NOT NULL,
    "date" timestamp with time zone,
    "active" boolean NOT NULL
);


ALTER TABLE public.blog_tour OWNER TO eurrkvbyncwetd;

--
-- Name: blog_tour_id_seq; Type: SEQUENCE; Schema: public; Owner: eurrkvbyncwetd
--

ALTER TABLE "public"."blog_tour" ALTER COLUMN "id" ADD GENERATED BY DEFAULT AS IDENTITY (
    SEQUENCE NAME "public"."blog_tour_id_seq"
    START WITH 1
    INCREMENT BY 1
    NO MINVALUE
    NO MAXVALUE
    CACHE 1
);


--
-- Name: cecab_association; Type: TABLE; Schema: public; Owner: eurrkvbyncwetd
--

CREATE TABLE "public"."cecab_association" (
    "id" bigint NOT NULL,
    "name" character varying(255) NOT NULL,
    "registered" "date" NOT NULL,
    "address" character varying(255) NOT NULL,
    "president_name" character varying(255) NOT NULL,
    "number_of_associated" integer NOT NULL,
    "picture" character varying(100) NOT NULL,
    "district_id" bigint NOT NULL
);


ALTER TABLE public.cecab_association OWNER TO eurrkvbyncwetd;

--
-- Name: cecab_association_id_seq; Type: SEQUENCE; Schema: public; Owner: eurrkvbyncwetd
--

ALTER TABLE "public"."cecab_association" ALTER COLUMN "id" ADD GENERATED BY DEFAULT AS IDENTITY (
    SEQUENCE NAME "public"."cecab_association_id_seq"
    START WITH 1
    INCREMENT BY 1
    NO MINVALUE
    NO MAXVALUE
    CACHE 1
);


--
-- Name: cecab_associationimages; Type: TABLE; Schema: public; Owner: eurrkvbyncwetd
--

CREATE TABLE "public"."cecab_associationimages" (
    "id" bigint NOT NULL,
    "image" character varying(100) NOT NULL,
    "associaton_id" bigint NOT NULL
);


ALTER TABLE public.cecab_associationimages OWNER TO eurrkvbyncwetd;

--
-- Name: cecab_associationimages_id_seq; Type: SEQUENCE; Schema: public; Owner: eurrkvbyncwetd
--

ALTER TABLE "public"."cecab_associationimages" ALTER COLUMN "id" ADD GENERATED BY DEFAULT AS IDENTITY (
    SEQUENCE NAME "public"."cecab_associationimages_id_seq"
    START WITH 1
    INCREMENT BY 1
    NO MINVALUE
    NO MAXVALUE
    CACHE 1
);


--
-- Name: cecab_band; Type: TABLE; Schema: public; Owner: eurrkvbyncwetd
--

CREATE TABLE "public"."cecab_band" (
    "id" bigint NOT NULL,
    "title" character varying(255) NOT NULL,
    "link" character varying(200) NOT NULL,
    "picture" character varying(100)
);


ALTER TABLE public.cecab_band OWNER TO eurrkvbyncwetd;

--
-- Name: cecab_band_id_seq; Type: SEQUENCE; Schema: public; Owner: eurrkvbyncwetd
--

ALTER TABLE "public"."cecab_band" ALTER COLUMN "id" ADD GENERATED BY DEFAULT AS IDENTITY (
    SEQUENCE NAME "public"."cecab_band_id_seq"
    START WITH 1
    INCREMENT BY 1
    NO MINVALUE
    NO MAXVALUE
    CACHE 1
);


--
-- Name: cecab_district; Type: TABLE; Schema: public; Owner: eurrkvbyncwetd
--

CREATE TABLE "public"."cecab_district" (
    "id" bigint NOT NULL,
    "name" character varying(255) NOT NULL
);


ALTER TABLE public.cecab_district OWNER TO eurrkvbyncwetd;

--
-- Name: cecab_district_id_seq; Type: SEQUENCE; Schema: public; Owner: eurrkvbyncwetd
--

ALTER TABLE "public"."cecab_district" ALTER COLUMN "id" ADD GENERATED BY DEFAULT AS IDENTITY (
    SEQUENCE NAME "public"."cecab_district_id_seq"
    START WITH 1
    INCREMENT BY 1
    NO MINVALUE
    NO MAXVALUE
    CACHE 1
);


--
-- Name: cecab_messages; Type: TABLE; Schema: public; Owner: eurrkvbyncwetd
--

CREATE TABLE "public"."cecab_messages" (
    "id" bigint NOT NULL,
    "name" character varying(255) NOT NULL,
    "email" character varying(255) NOT NULL,
    "text" "text" NOT NULL,
    "subject" character varying(255) NOT NULL,
    "sent" boolean NOT NULL,
    "date" timestamp with time zone
);


ALTER TABLE public.cecab_messages OWNER TO eurrkvbyncwetd;

--
-- Name: cecab_messages_id_seq; Type: SEQUENCE; Schema: public; Owner: eurrkvbyncwetd
--

ALTER TABLE "public"."cecab_messages" ALTER COLUMN "id" ADD GENERATED BY DEFAULT AS IDENTITY (
    SEQUENCE NAME "public"."cecab_messages_id_seq"
    START WITH 1
    INCREMENT BY 1
    NO MINVALUE
    NO MAXVALUE
    CACHE 1
);


--
-- Name: cecab_pathner; Type: TABLE; Schema: public; Owner: eurrkvbyncwetd
--

CREATE TABLE "public"."cecab_pathner" (
    "id" bigint NOT NULL,
    "title" character varying(255) NOT NULL,
    "picture" character varying(100) NOT NULL
);


ALTER TABLE public.cecab_pathner OWNER TO eurrkvbyncwetd;

--
-- Name: cecab_pathner_id_seq; Type: SEQUENCE; Schema: public; Owner: eurrkvbyncwetd
--

ALTER TABLE "public"."cecab_pathner" ALTER COLUMN "id" ADD GENERATED BY DEFAULT AS IDENTITY (
    SEQUENCE NAME "public"."cecab_pathner_id_seq"
    START WITH 1
    INCREMENT BY 1
    NO MINVALUE
    NO MAXVALUE
    CACHE 1
);


--
-- Name: cecab_post; Type: TABLE; Schema: public; Owner: eurrkvbyncwetd
--

CREATE TABLE "public"."cecab_post" (
    "id" bigint NOT NULL,
    "title" character varying(255) NOT NULL,
    "slug" character varying(255),
    "picture" character varying(100) NOT NULL,
    "text_file" character varying(100) NOT NULL,
    "active" boolean NOT NULL,
    "date" timestamp with time zone NOT NULL
);


ALTER TABLE public.cecab_post OWNER TO eurrkvbyncwetd;

--
-- Name: cecab_post_id_seq; Type: SEQUENCE; Schema: public; Owner: eurrkvbyncwetd
--

ALTER TABLE "public"."cecab_post" ALTER COLUMN "id" ADD GENERATED BY DEFAULT AS IDENTITY (
    SEQUENCE NAME "public"."cecab_post_id_seq"
    START WITH 1
    INCREMENT BY 1
    NO MINVALUE
    NO MAXVALUE
    CACHE 1
);


--
-- Name: cecab_postdocument; Type: TABLE; Schema: public; Owner: eurrkvbyncwetd
--

CREATE TABLE "public"."cecab_postdocument" (
    "id" bigint NOT NULL,
    "document" character varying(100) NOT NULL,
    "post_id" bigint NOT NULL
);


ALTER TABLE public.cecab_postdocument OWNER TO eurrkvbyncwetd;

--
-- Name: cecab_postdocument_id_seq; Type: SEQUENCE; Schema: public; Owner: eurrkvbyncwetd
--

ALTER TABLE "public"."cecab_postdocument" ALTER COLUMN "id" ADD GENERATED BY DEFAULT AS IDENTITY (
    SEQUENCE NAME "public"."cecab_postdocument_id_seq"
    START WITH 1
    INCREMENT BY 1
    NO MINVALUE
    NO MAXVALUE
    CACHE 1
);


--
-- Name: cecab_postimages; Type: TABLE; Schema: public; Owner: eurrkvbyncwetd
--

CREATE TABLE "public"."cecab_postimages" (
    "id" bigint NOT NULL,
    "picture" character varying(100) NOT NULL,
    "post_id" bigint NOT NULL
);


ALTER TABLE public.cecab_postimages OWNER TO eurrkvbyncwetd;

--
-- Name: cecab_postimages_id_seq; Type: SEQUENCE; Schema: public; Owner: eurrkvbyncwetd
--

ALTER TABLE "public"."cecab_postimages" ALTER COLUMN "id" ADD GENERATED BY DEFAULT AS IDENTITY (
    SEQUENCE NAME "public"."cecab_postimages_id_seq"
    START WITH 1
    INCREMENT BY 1
    NO MINVALUE
    NO MAXVALUE
    CACHE 1
);


--
-- Name: cecab_postvideos; Type: TABLE; Schema: public; Owner: eurrkvbyncwetd
--

CREATE TABLE "public"."cecab_postvideos" (
    "id" bigint NOT NULL,
    "video" character varying(200),
    "post_id" bigint
);


ALTER TABLE public.cecab_postvideos OWNER TO eurrkvbyncwetd;

--
-- Name: cecab_postvideos_id_seq; Type: SEQUENCE; Schema: public; Owner: eurrkvbyncwetd
--

ALTER TABLE "public"."cecab_postvideos" ALTER COLUMN "id" ADD GENERATED BY DEFAULT AS IDENTITY (
    SEQUENCE NAME "public"."cecab_postvideos_id_seq"
    START WITH 1
    INCREMENT BY 1
    NO MINVALUE
    NO MAXVALUE
    CACHE 1
);


--
-- Name: cecab_role; Type: TABLE; Schema: public; Owner: eurrkvbyncwetd
--

CREATE TABLE "public"."cecab_role" (
    "id" bigint NOT NULL,
    "title" character varying(255) NOT NULL
);


ALTER TABLE public.cecab_role OWNER TO eurrkvbyncwetd;

--
-- Name: cecab_role_id_seq; Type: SEQUENCE; Schema: public; Owner: eurrkvbyncwetd
--

ALTER TABLE "public"."cecab_role" ALTER COLUMN "id" ADD GENERATED BY DEFAULT AS IDENTITY (
    SEQUENCE NAME "public"."cecab_role_id_seq"
    START WITH 1
    INCREMENT BY 1
    NO MINVALUE
    NO MAXVALUE
    CACHE 1
);


--
-- Name: cecab_spot; Type: TABLE; Schema: public; Owner: eurrkvbyncwetd
--

CREATE TABLE "public"."cecab_spot" (
    "id" bigint NOT NULL,
    "title" character varying(255) NOT NULL,
    "link" character varying(200) NOT NULL,
    "created_at" "date" NOT NULL,
    "picture" character varying(100)
);


ALTER TABLE public.cecab_spot OWNER TO eurrkvbyncwetd;

--
-- Name: cecab_spot_id_seq; Type: SEQUENCE; Schema: public; Owner: eurrkvbyncwetd
--

ALTER TABLE "public"."cecab_spot" ALTER COLUMN "id" ADD GENERATED BY DEFAULT AS IDENTITY (
    SEQUENCE NAME "public"."cecab_spot_id_seq"
    START WITH 1
    INCREMENT BY 1
    NO MINVALUE
    NO MAXVALUE
    CACHE 1
);


--
-- Name: cecab_team; Type: TABLE; Schema: public; Owner: eurrkvbyncwetd
--

CREATE TABLE "public"."cecab_team" (
    "id" bigint NOT NULL,
    "name" character varying(255) NOT NULL,
    "picture" character varying(100) NOT NULL,
    "role_id" bigint NOT NULL
);


ALTER TABLE public.cecab_team OWNER TO eurrkvbyncwetd;

--
-- Name: cecab_team_id_seq; Type: SEQUENCE; Schema: public; Owner: eurrkvbyncwetd
--

ALTER TABLE "public"."cecab_team" ALTER COLUMN "id" ADD GENERATED BY DEFAULT AS IDENTITY (
    SEQUENCE NAME "public"."cecab_team_id_seq"
    START WITH 1
    INCREMENT BY 1
    NO MINVALUE
    NO MAXVALUE
    CACHE 1
);


--
-- Name: cecab_yeargols; Type: TABLE; Schema: public; Owner: eurrkvbyncwetd
--

CREATE TABLE "public"."cecab_yeargols" (
    "id" bigint NOT NULL,
    "year" integer NOT NULL,
    "associations" integer NOT NULL,
    "agricultors" integer NOT NULL,
    "products" numeric(10,2) NOT NULL
);


ALTER TABLE public.cecab_yeargols OWNER TO eurrkvbyncwetd;

--
-- Name: cecab_yeargols_id_seq; Type: SEQUENCE; Schema: public; Owner: eurrkvbyncwetd
--

ALTER TABLE "public"."cecab_yeargols" ALTER COLUMN "id" ADD GENERATED BY DEFAULT AS IDENTITY (
    SEQUENCE NAME "public"."cecab_yeargols_id_seq"
    START WITH 1
    INCREMENT BY 1
    NO MINVALUE
    NO MAXVALUE
    CACHE 1
);


--
-- Name: certificates_biuldingtype; Type: TABLE; Schema: public; Owner: eurrkvbyncwetd
--

CREATE TABLE "public"."certificates_biuldingtype" (
    "id" bigint NOT NULL,
    "name" character varying(255) NOT NULL,
    "prefix" character varying(255)
);


ALTER TABLE public.certificates_biuldingtype OWNER TO eurrkvbyncwetd;

--
-- Name: certificates_biuldingtype_id_seq; Type: SEQUENCE; Schema: public; Owner: eurrkvbyncwetd
--

ALTER TABLE "public"."certificates_biuldingtype" ALTER COLUMN "id" ADD GENERATED BY DEFAULT AS IDENTITY (
    SEQUENCE NAME "public"."certificates_biuldingtype_id_seq"
    START WITH 1
    INCREMENT BY 1
    NO MINVALUE
    NO MAXVALUE
    CACHE 1
);


--
-- Name: certificates_cemiterio; Type: TABLE; Schema: public; Owner: eurrkvbyncwetd
--

CREATE TABLE "public"."certificates_cemiterio" (
    "id" bigint NOT NULL,
    "name" character varying(255) NOT NULL,
    "county_id" bigint NOT NULL
);


ALTER TABLE public.certificates_cemiterio OWNER TO eurrkvbyncwetd;

--
-- Name: certificates_cemiterio_id_seq; Type: SEQUENCE; Schema: public; Owner: eurrkvbyncwetd
--

ALTER TABLE "public"."certificates_cemiterio" ALTER COLUMN "id" ADD GENERATED BY DEFAULT AS IDENTITY (
    SEQUENCE NAME "public"."certificates_cemiterio_id_seq"
    START WITH 1
    INCREMENT BY 1
    NO MINVALUE
    NO MAXVALUE
    CACHE 1
);


--
-- Name: certificates_certificate; Type: TABLE; Schema: public; Owner: eurrkvbyncwetd
--

CREATE TABLE "public"."certificates_certificate" (
    "id" integer NOT NULL,
    "number" character varying(255),
    "date_issue" timestamp with time zone,
    "text" "text",
    "main_person_id" integer,
    "secondary_person_id" integer,
    "type_id" bigint,
    "house_id" bigint,
    "file" character varying(100),
    "type_id1" integer,
    "obs" "text",
    "atestado_state" integer,
    "status" character varying(1)
);


ALTER TABLE public.certificates_certificate OWNER TO eurrkvbyncwetd;

--
-- Name: certificates_certificate_id_seq; Type: SEQUENCE; Schema: public; Owner: eurrkvbyncwetd
--

ALTER TABLE "public"."certificates_certificate" ALTER COLUMN "id" ADD GENERATED BY DEFAULT AS IDENTITY (
    SEQUENCE NAME "public"."certificates_certificate_id_seq"
    START WITH 1
    INCREMENT BY 1
    NO MINVALUE
    NO MAXVALUE
    CACHE 1
);


--
-- Name: certificates_certificatedata; Type: TABLE; Schema: public; Owner: eurrkvbyncwetd
--

CREATE TABLE "public"."certificates_certificatedata" (
    "id" bigint NOT NULL,
    "house_id" bigint NOT NULL,
    "certificate_id" integer NOT NULL
);


ALTER TABLE public.certificates_certificatedata OWNER TO eurrkvbyncwetd;

--
-- Name: certificates_certificatedata_id_seq; Type: SEQUENCE; Schema: public; Owner: eurrkvbyncwetd
--

ALTER TABLE "public"."certificates_certificatedata" ALTER COLUMN "id" ADD GENERATED BY DEFAULT AS IDENTITY (
    SEQUENCE NAME "public"."certificates_certificatedata_id_seq"
    START WITH 1
    INCREMENT BY 1
    NO MINVALUE
    NO MAXVALUE
    CACHE 1
);


--
-- Name: certificates_certificatedate; Type: TABLE; Schema: public; Owner: eurrkvbyncwetd
--

CREATE TABLE "public"."certificates_certificatedate" (
    "id" bigint NOT NULL,
    "date" "date" NOT NULL,
    "type_id" bigint NOT NULL
);


ALTER TABLE public.certificates_certificatedate OWNER TO eurrkvbyncwetd;

--
-- Name: certificates_certificatedate_id_seq; Type: SEQUENCE; Schema: public; Owner: eurrkvbyncwetd
--

ALTER TABLE "public"."certificates_certificatedate" ALTER COLUMN "id" ADD GENERATED BY DEFAULT AS IDENTITY (
    SEQUENCE NAME "public"."certificates_certificatedate_id_seq"
    START WITH 1
    INCREMENT BY 1
    NO MINVALUE
    NO MAXVALUE
    CACHE 1
);


--
-- Name: certificates_certificatesimpleparent; Type: TABLE; Schema: public; Owner: eurrkvbyncwetd
--

CREATE TABLE "public"."certificates_certificatesimpleparent" (
    "id" bigint NOT NULL,
    "name" character varying(255) NOT NULL,
    "birth_date" "date" NOT NULL,
    "parent_id" bigint NOT NULL,
    "type_id" bigint NOT NULL
);


ALTER TABLE public.certificates_certificatesimpleparent OWNER TO eurrkvbyncwetd;

--
-- Name: certificates_certificatesimplefamily_id_seq; Type: SEQUENCE; Schema: public; Owner: eurrkvbyncwetd
--

ALTER TABLE "public"."certificates_certificatesimpleparent" ALTER COLUMN "id" ADD GENERATED BY DEFAULT AS IDENTITY (
    SEQUENCE NAME "public"."certificates_certificatesimplefamily_id_seq"
    START WITH 1
    INCREMENT BY 1
    NO MINVALUE
    NO MAXVALUE
    CACHE 1
);


--
-- Name: certificates_certificatesimpleperson; Type: TABLE; Schema: public; Owner: eurrkvbyncwetd
--

CREATE TABLE "public"."certificates_certificatesimpleperson" (
    "id" bigint NOT NULL,
    "name" character varying(255) NOT NULL,
    "gender" character varying(1) NOT NULL,
    "birth_date" "date" NOT NULL,
    "type_id" bigint NOT NULL
);


ALTER TABLE public.certificates_certificatesimpleperson OWNER TO eurrkvbyncwetd;

--
-- Name: certificates_certificatesimpleperson_id_seq; Type: SEQUENCE; Schema: public; Owner: eurrkvbyncwetd
--

ALTER TABLE "public"."certificates_certificatesimpleperson" ALTER COLUMN "id" ADD GENERATED BY DEFAULT AS IDENTITY (
    SEQUENCE NAME "public"."certificates_certificatesimpleperson_id_seq"
    START WITH 1
    INCREMENT BY 1
    NO MINVALUE
    NO MAXVALUE
    CACHE 1
);


--
-- Name: certificates_certificatesingleperson; Type: TABLE; Schema: public; Owner: eurrkvbyncwetd
--

CREATE TABLE "public"."certificates_certificatesingleperson" (
    "id" bigint NOT NULL,
    "name" character varying(255) NOT NULL,
    "gender" character varying(1) NOT NULL,
    "type_id" bigint NOT NULL
);


ALTER TABLE public.certificates_certificatesingleperson OWNER TO eurrkvbyncwetd;

--
-- Name: certificates_certificatesingleperson_id_seq; Type: SEQUENCE; Schema: public; Owner: eurrkvbyncwetd
--

ALTER TABLE "public"."certificates_certificatesingleperson" ALTER COLUMN "id" ADD GENERATED BY DEFAULT AS IDENTITY (
    SEQUENCE NAME "public"."certificates_certificatesingleperson_id_seq"
    START WITH 1
    INCREMENT BY 1
    NO MINVALUE
    NO MAXVALUE
    CACHE 1
);


--
-- Name: certificates_certificatetitle; Type: TABLE; Schema: public; Owner: eurrkvbyncwetd
--

CREATE TABLE "public"."certificates_certificatetitle" (
    "id" bigint NOT NULL,
    "name" character varying(255) NOT NULL,
    "type_price" numeric(12,2),
    "goal" character varying(255),
    "certificate_type_id" bigint,
    "slug" character varying(255)
);


ALTER TABLE public.certificates_certificatetitle OWNER TO eurrkvbyncwetd;

--
-- Name: certificates_certificatetitle_id_seq; Type: SEQUENCE; Schema: public; Owner: eurrkvbyncwetd
--

ALTER TABLE "public"."certificates_certificatetitle" ALTER COLUMN "id" ADD GENERATED BY DEFAULT AS IDENTITY (
    SEQUENCE NAME "public"."certificates_certificatetitle_id_seq"
    START WITH 1
    INCREMENT BY 1
    NO MINVALUE
    NO MAXVALUE
    CACHE 1
);


--
-- Name: certificates_certificatetypes; Type: TABLE; Schema: public; Owner: eurrkvbyncwetd
--

CREATE TABLE "public"."certificates_certificatetypes" (
    "id" bigint NOT NULL,
    "name" character varying(255) NOT NULL,
    "gender" character varying(1),
    "slug" character varying(255)
);


ALTER TABLE public.certificates_certificatetypes OWNER TO eurrkvbyncwetd;

--
-- Name: certificates_certificatetypes_id_seq; Type: SEQUENCE; Schema: public; Owner: eurrkvbyncwetd
--

ALTER TABLE "public"."certificates_certificatetypes" ALTER COLUMN "id" ADD GENERATED BY DEFAULT AS IDENTITY (
    SEQUENCE NAME "public"."certificates_certificatetypes_id_seq"
    START WITH 1
    INCREMENT BY 1
    NO MINVALUE
    NO MAXVALUE
    CACHE 1
);


--
-- Name: certificates_change; Type: TABLE; Schema: public; Owner: eurrkvbyncwetd
--

CREATE TABLE "public"."certificates_change" (
    "id" bigint NOT NULL,
    "name" character varying(255) NOT NULL,
    "price" numeric(6,2) NOT NULL
);


ALTER TABLE public.certificates_change OWNER TO eurrkvbyncwetd;

--
-- Name: certificates_change_id_seq; Type: SEQUENCE; Schema: public; Owner: eurrkvbyncwetd
--

ALTER TABLE "public"."certificates_change" ALTER COLUMN "id" ADD GENERATED BY DEFAULT AS IDENTITY (
    SEQUENCE NAME "public"."certificates_change_id_seq"
    START WITH 1
    INCREMENT BY 1
    NO MINVALUE
    NO MAXVALUE
    CACHE 1
);


--
-- Name: certificates_country; Type: TABLE; Schema: public; Owner: eurrkvbyncwetd
--

CREATE TABLE "public"."certificates_country" (
    "id" bigint NOT NULL,
    "name" character varying(255) NOT NULL,
    "slug" character varying(255) NOT NULL,
    "code" integer
);


ALTER TABLE public.certificates_country OWNER TO eurrkvbyncwetd;

--
-- Name: certificates_country_id_seq; Type: SEQUENCE; Schema: public; Owner: eurrkvbyncwetd
--

ALTER TABLE "public"."certificates_country" ALTER COLUMN "id" ADD GENERATED BY DEFAULT AS IDENTITY (
    SEQUENCE NAME "public"."certificates_country_id_seq"
    START WITH 1
    INCREMENT BY 1
    NO MINVALUE
    NO MAXVALUE
    CACHE 1
);


--
-- Name: certificates_county; Type: TABLE; Schema: public; Owner: eurrkvbyncwetd
--

CREATE TABLE "public"."certificates_county" (
    "id" bigint NOT NULL,
    "name" character varying(255) NOT NULL,
    "slug" character varying(255) NOT NULL,
    "country_id" bigint NOT NULL
);


ALTER TABLE public.certificates_county OWNER TO eurrkvbyncwetd;

--
-- Name: certificates_county_id_seq; Type: SEQUENCE; Schema: public; Owner: eurrkvbyncwetd
--

ALTER TABLE "public"."certificates_county" ALTER COLUMN "id" ADD GENERATED BY DEFAULT AS IDENTITY (
    SEQUENCE NAME "public"."certificates_county_id_seq"
    START WITH 1
    INCREMENT BY 1
    NO MINVALUE
    NO MAXVALUE
    CACHE 1
);


--
-- Name: certificates_coval; Type: TABLE; Schema: public; Owner: eurrkvbyncwetd
--

CREATE TABLE "public"."certificates_coval" (
    "id" bigint NOT NULL,
    "nick_number" character varying(255) NOT NULL,
    "number" character varying(255),
    "name" character varying(255),
    "date_used" "date" NOT NULL,
    "date_of_deth" "date",
    "gender" character varying(1) NOT NULL,
    "square" character varying(1) NOT NULL,
    "closed" boolean NOT NULL,
    "selled" boolean NOT NULL,
    "cemiterio_id" bigint NOT NULL
);


ALTER TABLE public.certificates_coval OWNER TO eurrkvbyncwetd;

--
-- Name: certificates_coval_id_seq; Type: SEQUENCE; Schema: public; Owner: eurrkvbyncwetd
--

ALTER TABLE "public"."certificates_coval" ALTER COLUMN "id" ADD GENERATED BY DEFAULT AS IDENTITY (
    SEQUENCE NAME "public"."certificates_coval_id_seq"
    START WITH 1
    INCREMENT BY 1
    NO MINVALUE
    NO MAXVALUE
    CACHE 1
);


--
-- Name: certificates_covalsalles; Type: TABLE; Schema: public; Owner: eurrkvbyncwetd
--

CREATE TABLE "public"."certificates_covalsalles" (
    "id" bigint NOT NULL,
    "coval_id" bigint NOT NULL,
    "person_id" integer NOT NULL
);


ALTER TABLE public.certificates_covalsalles OWNER TO eurrkvbyncwetd;

--
-- Name: certificates_covalsalles_id_seq; Type: SEQUENCE; Schema: public; Owner: eurrkvbyncwetd
--

ALTER TABLE "public"."certificates_covalsalles" ALTER COLUMN "id" ADD GENERATED BY DEFAULT AS IDENTITY (
    SEQUENCE NAME "public"."certificates_covalsalles_id_seq"
    START WITH 1
    INCREMENT BY 1
    NO MINVALUE
    NO MAXVALUE
    CACHE 1
);


--
-- Name: certificates_customer; Type: TABLE; Schema: public; Owner: eurrkvbyncwetd
--

CREATE TABLE "public"."certificates_customer" (
    "id" bigint NOT NULL,
    "user_id" bigint NOT NULL,
    "level" integer
);


ALTER TABLE public.certificates_customer OWNER TO eurrkvbyncwetd;

--
-- Name: certificates_customer_id_seq; Type: SEQUENCE; Schema: public; Owner: eurrkvbyncwetd
--

ALTER TABLE "public"."certificates_customer" ALTER COLUMN "id" ADD GENERATED BY DEFAULT AS IDENTITY (
    SEQUENCE NAME "public"."certificates_customer_id_seq"
    START WITH 1
    INCREMENT BY 1
    NO MINVALUE
    NO MAXVALUE
    CACHE 1
);


--
-- Name: certificates_house; Type: TABLE; Schema: public; Owner: eurrkvbyncwetd
--

CREATE TABLE "public"."certificates_house" (
    "id" bigint NOT NULL,
    "house_number" character varying(255),
    "street_id" bigint NOT NULL
);


ALTER TABLE public.certificates_house OWNER TO eurrkvbyncwetd;

--
-- Name: certificates_house_id_seq; Type: SEQUENCE; Schema: public; Owner: eurrkvbyncwetd
--

ALTER TABLE "public"."certificates_house" ALTER COLUMN "id" ADD GENERATED BY DEFAULT AS IDENTITY (
    SEQUENCE NAME "public"."certificates_house_id_seq"
    START WITH 1
    INCREMENT BY 1
    NO MINVALUE
    NO MAXVALUE
    CACHE 1
);


--
-- Name: certificates_idtype; Type: TABLE; Schema: public; Owner: eurrkvbyncwetd
--

CREATE TABLE "public"."certificates_idtype" (
    "id" bigint NOT NULL,
    "name" character varying(255) NOT NULL
);


ALTER TABLE public.certificates_idtype OWNER TO eurrkvbyncwetd;

--
-- Name: certificates_idtype_id_seq; Type: SEQUENCE; Schema: public; Owner: eurrkvbyncwetd
--

ALTER TABLE "public"."certificates_idtype" ALTER COLUMN "id" ADD GENERATED BY DEFAULT AS IDENTITY (
    SEQUENCE NAME "public"."certificates_idtype_id_seq"
    START WITH 1
    INCREMENT BY 1
    NO MINVALUE
    NO MAXVALUE
    CACHE 1
);


--
-- Name: certificates_ifen; Type: TABLE; Schema: public; Owner: eurrkvbyncwetd
--

CREATE TABLE "public"."certificates_ifen" (
    "id" bigint NOT NULL,
    "name" character varying(255) NOT NULL,
    "size" integer NOT NULL
);


ALTER TABLE public.certificates_ifen OWNER TO eurrkvbyncwetd;

--
-- Name: certificates_ifen_id_seq; Type: SEQUENCE; Schema: public; Owner: eurrkvbyncwetd
--

ALTER TABLE "public"."certificates_ifen" ALTER COLUMN "id" ADD GENERATED BY DEFAULT AS IDENTITY (
    SEQUENCE NAME "public"."certificates_ifen_id_seq"
    START WITH 1
    INCREMENT BY 1
    NO MINVALUE
    NO MAXVALUE
    CACHE 1
);


--
-- Name: certificates_instituition; Type: TABLE; Schema: public; Owner: eurrkvbyncwetd
--

CREATE TABLE "public"."certificates_instituition" (
    "id" bigint NOT NULL,
    "name" character varying(255) NOT NULL
);


ALTER TABLE public.certificates_instituition OWNER TO eurrkvbyncwetd;

--
-- Name: certificates_institution_id_seq; Type: SEQUENCE; Schema: public; Owner: eurrkvbyncwetd
--

ALTER TABLE "public"."certificates_instituition" ALTER COLUMN "id" ADD GENERATED BY DEFAULT AS IDENTITY (
    SEQUENCE NAME "public"."certificates_institution_id_seq"
    START WITH 1
    INCREMENT BY 1
    NO MINVALUE
    NO MAXVALUE
    CACHE 1
);


--
-- Name: certificates_messages; Type: TABLE; Schema: public; Owner: eurrkvbyncwetd
--

CREATE TABLE "public"."certificates_messages" (
    "id" bigint NOT NULL,
    "name" character varying(255) NOT NULL,
    "email" character varying(255) NOT NULL,
    "text" "text" NOT NULL,
    "sent" boolean NOT NULL,
    "date" timestamp with time zone
);


ALTER TABLE public.certificates_messages OWNER TO eurrkvbyncwetd;

--
-- Name: certificates_messages_id_seq; Type: SEQUENCE; Schema: public; Owner: eurrkvbyncwetd
--

ALTER TABLE "public"."certificates_messages" ALTER COLUMN "id" ADD GENERATED BY DEFAULT AS IDENTITY (
    SEQUENCE NAME "public"."certificates_messages_id_seq"
    START WITH 1
    INCREMENT BY 1
    NO MINVALUE
    NO MAXVALUE
    CACHE 1
);


--
-- Name: certificates_parent; Type: TABLE; Schema: public; Owner: eurrkvbyncwetd
--

CREATE TABLE "public"."certificates_parent" (
    "id" bigint NOT NULL,
    "title" character varying(255) NOT NULL,
    "in_plural" character varying(255) NOT NULL,
    "in_plural_mix" character varying(255) NOT NULL,
    "gender" character varying(1) NOT NULL,
    "degree" integer NOT NULL
);


ALTER TABLE public.certificates_parent OWNER TO eurrkvbyncwetd;

--
-- Name: certificates_parents_id_seq; Type: SEQUENCE; Schema: public; Owner: eurrkvbyncwetd
--

ALTER TABLE "public"."certificates_parent" ALTER COLUMN "id" ADD GENERATED BY DEFAULT AS IDENTITY (
    SEQUENCE NAME "public"."certificates_parents_id_seq"
    START WITH 1
    INCREMENT BY 1
    NO MINVALUE
    NO MAXVALUE
    CACHE 1
);


--
-- Name: certificates_person; Type: TABLE; Schema: public; Owner: eurrkvbyncwetd
--

CREATE TABLE "public"."certificates_person" (
    "id" integer NOT NULL,
    "name" character varying(255) NOT NULL,
    "surname" character varying(255),
    "id_number" character varying(255) NOT NULL,
    "id_issue_local_id" bigint NOT NULL,
    "father_name" character varying(255),
    "mother_name" character varying(255),
    "address_id" bigint,
    "id_type_id" bigint NOT NULL,
    "birth_day" integer,
    "birth_month" integer,
    "birth_year" integer,
    "bi_nasc_loc" integer,
    "id_issue_day" integer,
    "id_issue_month" integer,
    "id_issue_year" integer,
    "bi_estado" integer,
    "bi_sexo" integer,
    "birth_address_id" bigint,
    "birth_date" "date",
    "gender" character varying(1),
    "id_expire_date" "date",
    "id_issue_country_id" bigint,
    "id_issue_date" "date",
    "nationality_id" bigint,
    "status" character varying(1)
);


ALTER TABLE public.certificates_person OWNER TO eurrkvbyncwetd;

--
-- Name: certificates_person_id_seq; Type: SEQUENCE; Schema: public; Owner: eurrkvbyncwetd
--

ALTER TABLE "public"."certificates_person" ALTER COLUMN "id" ADD GENERATED BY DEFAULT AS IDENTITY (
    SEQUENCE NAME "public"."certificates_person_id_seq"
    START WITH 1
    INCREMENT BY 1
    NO MINVALUE
    NO MAXVALUE
    CACHE 1
);


--
-- Name: certificates_personbirthaddress; Type: TABLE; Schema: public; Owner: eurrkvbyncwetd
--

CREATE TABLE "public"."certificates_personbirthaddress" (
    "id" bigint NOT NULL,
    "birth_country_id" bigint NOT NULL,
    "birth_county_id" bigint,
    "birth_street_id" bigint,
    "birth_town_id" bigint
);


ALTER TABLE public.certificates_personbirthaddress OWNER TO eurrkvbyncwetd;

--
-- Name: certificates_personbirthaddress_id_seq; Type: SEQUENCE; Schema: public; Owner: eurrkvbyncwetd
--

ALTER TABLE "public"."certificates_personbirthaddress" ALTER COLUMN "id" ADD GENERATED BY DEFAULT AS IDENTITY (
    SEQUENCE NAME "public"."certificates_personbirthaddress_id_seq"
    START WITH 1
    INCREMENT BY 1
    NO MINVALUE
    NO MAXVALUE
    CACHE 1
);


--
-- Name: certificates_street; Type: TABLE; Schema: public; Owner: eurrkvbyncwetd
--

CREATE TABLE "public"."certificates_street" (
    "id" bigint NOT NULL,
    "name" character varying(255) NOT NULL,
    "slug" character varying(255) NOT NULL,
    "town_id" bigint,
    "county_id" bigint
);


ALTER TABLE public.certificates_street OWNER TO eurrkvbyncwetd;

--
-- Name: certificates_street_id_seq; Type: SEQUENCE; Schema: public; Owner: eurrkvbyncwetd
--

ALTER TABLE "public"."certificates_street" ALTER COLUMN "id" ADD GENERATED BY DEFAULT AS IDENTITY (
    SEQUENCE NAME "public"."certificates_street_id_seq"
    START WITH 1
    INCREMENT BY 1
    NO MINVALUE
    NO MAXVALUE
    CACHE 1
);


--
-- Name: certificates_town; Type: TABLE; Schema: public; Owner: eurrkvbyncwetd
--

CREATE TABLE "public"."certificates_town" (
    "id" bigint NOT NULL,
    "name" character varying(255) NOT NULL,
    "slug" character varying(255) NOT NULL,
    "county_id" bigint
);


ALTER TABLE public.certificates_town OWNER TO eurrkvbyncwetd;

--
-- Name: certificates_town_id_seq; Type: SEQUENCE; Schema: public; Owner: eurrkvbyncwetd
--

ALTER TABLE "public"."certificates_town" ALTER COLUMN "id" ADD GENERATED BY DEFAULT AS IDENTITY (
    SEQUENCE NAME "public"."certificates_town_id_seq"
    START WITH 1
    INCREMENT BY 1
    NO MINVALUE
    NO MAXVALUE
    CACHE 1
);


--
-- Name: certificates_university; Type: TABLE; Schema: public; Owner: eurrkvbyncwetd
--

CREATE TABLE "public"."certificates_university" (
    "id" bigint NOT NULL,
    "name" character varying(255) NOT NULL
);


ALTER TABLE public.certificates_university OWNER TO eurrkvbyncwetd;

--
-- Name: certificates_university_id_seq; Type: SEQUENCE; Schema: public; Owner: eurrkvbyncwetd
--

ALTER TABLE "public"."certificates_university" ALTER COLUMN "id" ADD GENERATED BY DEFAULT AS IDENTITY (
    SEQUENCE NAME "public"."certificates_university_id_seq"
    START WITH 1
    INCREMENT BY 1
    NO MINVALUE
    NO MAXVALUE
    CACHE 1
);


--
-- Name: cmz_imagestour; Type: TABLE; Schema: public; Owner: eurrkvbyncwetd
--

CREATE TABLE "public"."cmz_imagestour" (
    "id" bigint NOT NULL,
    "image" character varying(100) NOT NULL,
    "tour_id" bigint NOT NULL
);


ALTER TABLE public.cmz_imagestour OWNER TO eurrkvbyncwetd;

--
-- Name: cmz_imagestour_id_seq; Type: SEQUENCE; Schema: public; Owner: eurrkvbyncwetd
--

ALTER TABLE "public"."cmz_imagestour" ALTER COLUMN "id" ADD GENERATED BY DEFAULT AS IDENTITY (
    SEQUENCE NAME "public"."cmz_imagestour_id_seq"
    START WITH 1
    INCREMENT BY 1
    NO MINVALUE
    NO MAXVALUE
    CACHE 1
);


--
-- Name: cmz_information; Type: TABLE; Schema: public; Owner: eurrkvbyncwetd
--

CREATE TABLE "public"."cmz_information" (
    "id" bigint NOT NULL,
    "information" "text" NOT NULL,
    "question" character varying(255) NOT NULL,
    "service_id" bigint NOT NULL
);


ALTER TABLE public.cmz_information OWNER TO eurrkvbyncwetd;

--
-- Name: cmz_information_id_seq; Type: SEQUENCE; Schema: public; Owner: eurrkvbyncwetd
--

ALTER TABLE "public"."cmz_information" ALTER COLUMN "id" ADD GENERATED BY DEFAULT AS IDENTITY (
    SEQUENCE NAME "public"."cmz_information_id_seq"
    START WITH 1
    INCREMENT BY 1
    NO MINVALUE
    NO MAXVALUE
    CACHE 1
);


--
-- Name: cmz_messages; Type: TABLE; Schema: public; Owner: eurrkvbyncwetd
--

CREATE TABLE "public"."cmz_messages" (
    "id" bigint NOT NULL,
    "name" character varying(255) NOT NULL,
    "email" character varying(255) NOT NULL,
    "text" "text" NOT NULL,
    "sent" boolean NOT NULL,
    "date" timestamp with time zone,
    "subject" character varying(255) NOT NULL
);


ALTER TABLE public.cmz_messages OWNER TO eurrkvbyncwetd;

--
-- Name: cmz_messages_id_seq; Type: SEQUENCE; Schema: public; Owner: eurrkvbyncwetd
--

ALTER TABLE "public"."cmz_messages" ALTER COLUMN "id" ADD GENERATED BY DEFAULT AS IDENTITY (
    SEQUENCE NAME "public"."cmz_messages_id_seq"
    START WITH 1
    INCREMENT BY 1
    NO MINVALUE
    NO MAXVALUE
    CACHE 1
);


--
-- Name: cmz_post; Type: TABLE; Schema: public; Owner: eurrkvbyncwetd
--

CREATE TABLE "public"."cmz_post" (
    "id" bigint NOT NULL,
    "title" character varying(255) NOT NULL,
    "slug" character varying(255),
    "picture" character varying(100) NOT NULL,
    "text_file" character varying(100),
    "active" boolean NOT NULL,
    "date" timestamp with time zone NOT NULL,
    "user_id" bigint
);


ALTER TABLE public.cmz_post OWNER TO eurrkvbyncwetd;

--
-- Name: cmz_post_id_seq; Type: SEQUENCE; Schema: public; Owner: eurrkvbyncwetd
--

ALTER TABLE "public"."cmz_post" ALTER COLUMN "id" ADD GENERATED BY DEFAULT AS IDENTITY (
    SEQUENCE NAME "public"."cmz_post_id_seq"
    START WITH 1
    INCREMENT BY 1
    NO MINVALUE
    NO MAXVALUE
    CACHE 1
);


--
-- Name: cmz_postdocument; Type: TABLE; Schema: public; Owner: eurrkvbyncwetd
--

CREATE TABLE "public"."cmz_postdocument" (
    "id" bigint NOT NULL,
    "document" character varying(100) NOT NULL,
    "post_id" bigint NOT NULL
);


ALTER TABLE public.cmz_postdocument OWNER TO eurrkvbyncwetd;

--
-- Name: cmz_postdocument_id_seq; Type: SEQUENCE; Schema: public; Owner: eurrkvbyncwetd
--

ALTER TABLE "public"."cmz_postdocument" ALTER COLUMN "id" ADD GENERATED BY DEFAULT AS IDENTITY (
    SEQUENCE NAME "public"."cmz_postdocument_id_seq"
    START WITH 1
    INCREMENT BY 1
    NO MINVALUE
    NO MAXVALUE
    CACHE 1
);


--
-- Name: cmz_postfile; Type: TABLE; Schema: public; Owner: eurrkvbyncwetd
--

CREATE TABLE "public"."cmz_postfile" (
    "id" bigint NOT NULL,
    "file" character varying(100) NOT NULL
);


ALTER TABLE public.cmz_postfile OWNER TO eurrkvbyncwetd;

--
-- Name: cmz_postfile_id_seq; Type: SEQUENCE; Schema: public; Owner: eurrkvbyncwetd
--

ALTER TABLE "public"."cmz_postfile" ALTER COLUMN "id" ADD GENERATED BY DEFAULT AS IDENTITY (
    SEQUENCE NAME "public"."cmz_postfile_id_seq"
    START WITH 1
    INCREMENT BY 1
    NO MINVALUE
    NO MAXVALUE
    CACHE 1
);


--
-- Name: cmz_postimages; Type: TABLE; Schema: public; Owner: eurrkvbyncwetd
--

CREATE TABLE "public"."cmz_postimages" (
    "id" bigint NOT NULL,
    "picture" character varying(100) NOT NULL,
    "post_id" bigint NOT NULL
);


ALTER TABLE public.cmz_postimages OWNER TO eurrkvbyncwetd;

--
-- Name: cmz_postimages_id_seq; Type: SEQUENCE; Schema: public; Owner: eurrkvbyncwetd
--

ALTER TABLE "public"."cmz_postimages" ALTER COLUMN "id" ADD GENERATED BY DEFAULT AS IDENTITY (
    SEQUENCE NAME "public"."cmz_postimages_id_seq"
    START WITH 1
    INCREMENT BY 1
    NO MINVALUE
    NO MAXVALUE
    CACHE 1
);


--
-- Name: cmz_postvideos; Type: TABLE; Schema: public; Owner: eurrkvbyncwetd
--

CREATE TABLE "public"."cmz_postvideos" (
    "id" bigint NOT NULL,
    "video" character varying(200) NOT NULL,
    "post_id" bigint NOT NULL
);


ALTER TABLE public.cmz_postvideos OWNER TO eurrkvbyncwetd;

--
-- Name: cmz_postvideos_id_seq; Type: SEQUENCE; Schema: public; Owner: eurrkvbyncwetd
--

ALTER TABLE "public"."cmz_postvideos" ALTER COLUMN "id" ADD GENERATED BY DEFAULT AS IDENTITY (
    SEQUENCE NAME "public"."cmz_postvideos_id_seq"
    START WITH 1
    INCREMENT BY 1
    NO MINVALUE
    NO MAXVALUE
    CACHE 1
);


--
-- Name: cmz_role; Type: TABLE; Schema: public; Owner: eurrkvbyncwetd
--

CREATE TABLE "public"."cmz_role" (
    "id" bigint NOT NULL,
    "title" character varying(255) NOT NULL
);


ALTER TABLE public.cmz_role OWNER TO eurrkvbyncwetd;

--
-- Name: cmz_role_id_seq; Type: SEQUENCE; Schema: public; Owner: eurrkvbyncwetd
--

ALTER TABLE "public"."cmz_role" ALTER COLUMN "id" ADD GENERATED BY DEFAULT AS IDENTITY (
    SEQUENCE NAME "public"."cmz_role_id_seq"
    START WITH 1
    INCREMENT BY 1
    NO MINVALUE
    NO MAXVALUE
    CACHE 1
);


--
-- Name: cmz_secreatarysection; Type: TABLE; Schema: public; Owner: eurrkvbyncwetd
--

CREATE TABLE "public"."cmz_secreatarysection" (
    "id" bigint NOT NULL,
    "secretary_id" bigint NOT NULL,
    "section_id" bigint NOT NULL
);


ALTER TABLE public.cmz_secreatarysection OWNER TO eurrkvbyncwetd;

--
-- Name: cmz_secreatarysection_id_seq; Type: SEQUENCE; Schema: public; Owner: eurrkvbyncwetd
--

ALTER TABLE "public"."cmz_secreatarysection" ALTER COLUMN "id" ADD GENERATED BY DEFAULT AS IDENTITY (
    SEQUENCE NAME "public"."cmz_secreatarysection_id_seq"
    START WITH 1
    INCREMENT BY 1
    NO MINVALUE
    NO MAXVALUE
    CACHE 1
);


--
-- Name: cmz_secretary; Type: TABLE; Schema: public; Owner: eurrkvbyncwetd
--

CREATE TABLE "public"."cmz_secretary" (
    "id" bigint NOT NULL,
    "user_id" bigint NOT NULL
);


ALTER TABLE public.cmz_secretary OWNER TO eurrkvbyncwetd;

--
-- Name: cmz_secretary_id_seq; Type: SEQUENCE; Schema: public; Owner: eurrkvbyncwetd
--

ALTER TABLE "public"."cmz_secretary" ALTER COLUMN "id" ADD GENERATED BY DEFAULT AS IDENTITY (
    SEQUENCE NAME "public"."cmz_secretary_id_seq"
    START WITH 1
    INCREMENT BY 1
    NO MINVALUE
    NO MAXVALUE
    CACHE 1
);


--
-- Name: cmz_section; Type: TABLE; Schema: public; Owner: eurrkvbyncwetd
--

CREATE TABLE "public"."cmz_section" (
    "id" bigint NOT NULL,
    "title" character varying(255) NOT NULL
);


ALTER TABLE public.cmz_section OWNER TO eurrkvbyncwetd;

--
-- Name: cmz_section_id_seq; Type: SEQUENCE; Schema: public; Owner: eurrkvbyncwetd
--

ALTER TABLE "public"."cmz_section" ALTER COLUMN "id" ADD GENERATED BY DEFAULT AS IDENTITY (
    SEQUENCE NAME "public"."cmz_section_id_seq"
    START WITH 1
    INCREMENT BY 1
    NO MINVALUE
    NO MAXVALUE
    CACHE 1
);


--
-- Name: cmz_service; Type: TABLE; Schema: public; Owner: eurrkvbyncwetd
--

CREATE TABLE "public"."cmz_service" (
    "id" bigint NOT NULL,
    "name" character varying(255) NOT NULL,
    "slug" character varying(255) NOT NULL,
    "picture" character varying(100),
    "description" "text" NOT NULL
);


ALTER TABLE public.cmz_service OWNER TO eurrkvbyncwetd;

--
-- Name: cmz_service_id_seq; Type: SEQUENCE; Schema: public; Owner: eurrkvbyncwetd
--

ALTER TABLE "public"."cmz_service" ALTER COLUMN "id" ADD GENERATED BY DEFAULT AS IDENTITY (
    SEQUENCE NAME "public"."cmz_service_id_seq"
    START WITH 1
    INCREMENT BY 1
    NO MINVALUE
    NO MAXVALUE
    CACHE 1
);


--
-- Name: cmz_team; Type: TABLE; Schema: public; Owner: eurrkvbyncwetd
--

CREATE TABLE "public"."cmz_team" (
    "id" bigint NOT NULL,
    "name" character varying(255) NOT NULL,
    "image" character varying(100),
    "role_id" bigint NOT NULL
);


ALTER TABLE public.cmz_team OWNER TO eurrkvbyncwetd;

--
-- Name: cmz_team_id_seq; Type: SEQUENCE; Schema: public; Owner: eurrkvbyncwetd
--

ALTER TABLE "public"."cmz_team" ALTER COLUMN "id" ADD GENERATED BY DEFAULT AS IDENTITY (
    SEQUENCE NAME "public"."cmz_team_id_seq"
    START WITH 1
    INCREMENT BY 1
    NO MINVALUE
    NO MAXVALUE
    CACHE 1
);


--
-- Name: cmz_tour; Type: TABLE; Schema: public; Owner: eurrkvbyncwetd
--

CREATE TABLE "public"."cmz_tour" (
    "id" bigint NOT NULL,
    "title" character varying(255) NOT NULL,
    "slug" character varying(255) NOT NULL,
    "description" "text" NOT NULL,
    "location" character varying(200) NOT NULL,
    "date" timestamp with time zone,
    "active" boolean NOT NULL
);


ALTER TABLE public.cmz_tour OWNER TO eurrkvbyncwetd;

--
-- Name: cmz_tour_id_seq; Type: SEQUENCE; Schema: public; Owner: eurrkvbyncwetd
--

ALTER TABLE "public"."cmz_tour" ALTER COLUMN "id" ADD GENERATED BY DEFAULT AS IDENTITY (
    SEQUENCE NAME "public"."cmz_tour_id_seq"
    START WITH 1
    INCREMENT BY 1
    NO MINVALUE
    NO MAXVALUE
    CACHE 1
);


--
-- Name: core_user; Type: TABLE; Schema: public; Owner: eurrkvbyncwetd
--

CREATE TABLE "public"."core_user" (
    "id" bigint NOT NULL,
    "password" character varying(128) NOT NULL,
    "last_login" timestamp with time zone,
    "is_superuser" boolean NOT NULL,
    "username" character varying(150) NOT NULL,
    "first_name" character varying(150) NOT NULL,
    "last_name" character varying(150) NOT NULL,
    "is_staff" boolean NOT NULL,
    "is_active" boolean NOT NULL,
    "date_joined" timestamp with time zone NOT NULL,
    "email" character varying(254) NOT NULL,
    "parthner" integer,
    "phone" character varying(255),
    "valid" boolean NOT NULL
);


ALTER TABLE public.core_user OWNER TO eurrkvbyncwetd;

--
-- Name: core_user_groups; Type: TABLE; Schema: public; Owner: eurrkvbyncwetd
--

CREATE TABLE "public"."core_user_groups" (
    "id" bigint NOT NULL,
    "user_id" bigint NOT NULL,
    "group_id" integer NOT NULL
);


ALTER TABLE public.core_user_groups OWNER TO eurrkvbyncwetd;

--
-- Name: core_user_groups_id_seq; Type: SEQUENCE; Schema: public; Owner: eurrkvbyncwetd
--

ALTER TABLE "public"."core_user_groups" ALTER COLUMN "id" ADD GENERATED BY DEFAULT AS IDENTITY (
    SEQUENCE NAME "public"."core_user_groups_id_seq"
    START WITH 1
    INCREMENT BY 1
    NO MINVALUE
    NO MAXVALUE
    CACHE 1
);


--
-- Name: core_user_id_seq; Type: SEQUENCE; Schema: public; Owner: eurrkvbyncwetd
--

ALTER TABLE "public"."core_user" ALTER COLUMN "id" ADD GENERATED BY DEFAULT AS IDENTITY (
    SEQUENCE NAME "public"."core_user_id_seq"
    START WITH 1
    INCREMENT BY 1
    NO MINVALUE
    NO MAXVALUE
    CACHE 1
);


--
-- Name: core_user_user_permissions; Type: TABLE; Schema: public; Owner: eurrkvbyncwetd
--

CREATE TABLE "public"."core_user_user_permissions" (
    "id" bigint NOT NULL,
    "user_id" bigint NOT NULL,
    "permission_id" integer NOT NULL
);


ALTER TABLE public.core_user_user_permissions OWNER TO eurrkvbyncwetd;

--
-- Name: core_user_user_permissions_id_seq; Type: SEQUENCE; Schema: public; Owner: eurrkvbyncwetd
--

ALTER TABLE "public"."core_user_user_permissions" ALTER COLUMN "id" ADD GENERATED BY DEFAULT AS IDENTITY (
    SEQUENCE NAME "public"."core_user_user_permissions_id_seq"
    START WITH 1
    INCREMENT BY 1
    NO MINVALUE
    NO MAXVALUE
    CACHE 1
);


--
-- Name: django_admin_log; Type: TABLE; Schema: public; Owner: eurrkvbyncwetd
--

CREATE TABLE "public"."django_admin_log" (
    "id" integer NOT NULL,
    "action_time" timestamp with time zone NOT NULL,
    "object_id" "text",
    "object_repr" character varying(200) NOT NULL,
    "action_flag" smallint NOT NULL,
    "change_message" "text" NOT NULL,
    "content_type_id" integer,
    "user_id" bigint NOT NULL,
    CONSTRAINT "django_admin_log_action_flag_check" CHECK (("action_flag" >= 0))
);


ALTER TABLE public.django_admin_log OWNER TO eurrkvbyncwetd;

--
-- Name: django_admin_log_id_seq; Type: SEQUENCE; Schema: public; Owner: eurrkvbyncwetd
--

ALTER TABLE "public"."django_admin_log" ALTER COLUMN "id" ADD GENERATED BY DEFAULT AS IDENTITY (
    SEQUENCE NAME "public"."django_admin_log_id_seq"
    START WITH 1
    INCREMENT BY 1
    NO MINVALUE
    NO MAXVALUE
    CACHE 1
);


--
-- Name: django_content_type; Type: TABLE; Schema: public; Owner: eurrkvbyncwetd
--

CREATE TABLE "public"."django_content_type" (
    "id" integer NOT NULL,
    "app_label" character varying(100) NOT NULL,
    "model" character varying(100) NOT NULL
);


ALTER TABLE public.django_content_type OWNER TO eurrkvbyncwetd;

--
-- Name: django_content_type_id_seq; Type: SEQUENCE; Schema: public; Owner: eurrkvbyncwetd
--

ALTER TABLE "public"."django_content_type" ALTER COLUMN "id" ADD GENERATED BY DEFAULT AS IDENTITY (
    SEQUENCE NAME "public"."django_content_type_id_seq"
    START WITH 1
    INCREMENT BY 1
    NO MINVALUE
    NO MAXVALUE
    CACHE 1
);


--
-- Name: django_migrations; Type: TABLE; Schema: public; Owner: eurrkvbyncwetd
--

CREATE TABLE "public"."django_migrations" (
    "id" bigint NOT NULL,
    "app" character varying(255) NOT NULL,
    "name" character varying(255) NOT NULL,
    "applied" timestamp with time zone NOT NULL
);


ALTER TABLE public.django_migrations OWNER TO eurrkvbyncwetd;

--
-- Name: django_migrations_id_seq; Type: SEQUENCE; Schema: public; Owner: eurrkvbyncwetd
--

ALTER TABLE "public"."django_migrations" ALTER COLUMN "id" ADD GENERATED BY DEFAULT AS IDENTITY (
    SEQUENCE NAME "public"."django_migrations_id_seq"
    START WITH 1
    INCREMENT BY 1
    NO MINVALUE
    NO MAXVALUE
    CACHE 1
);


--
-- Name: django_session; Type: TABLE; Schema: public; Owner: eurrkvbyncwetd
--

CREATE TABLE "public"."django_session" (
    "session_key" character varying(40) NOT NULL,
    "session_data" "text" NOT NULL,
    "expire_date" timestamp with time zone NOT NULL
);


ALTER TABLE public.django_session OWNER TO eurrkvbyncwetd;

--
-- Name: nanehouse_city; Type: TABLE; Schema: public; Owner: eurrkvbyncwetd
--

CREATE TABLE "public"."nanehouse_city" (
    "id" bigint NOT NULL,
    "name" character varying(255) NOT NULL,
    "slug" character varying(255) NOT NULL,
    "country_id" bigint NOT NULL
);


ALTER TABLE public.nanehouse_city OWNER TO eurrkvbyncwetd;

--
-- Name: nanehouse_city_id_seq; Type: SEQUENCE; Schema: public; Owner: eurrkvbyncwetd
--

ALTER TABLE "public"."nanehouse_city" ALTER COLUMN "id" ADD GENERATED BY DEFAULT AS IDENTITY (
    SEQUENCE NAME "public"."nanehouse_city_id_seq"
    START WITH 1
    INCREMENT BY 1
    NO MINVALUE
    NO MAXVALUE
    CACHE 1
);


--
-- Name: nanehouse_client; Type: TABLE; Schema: public; Owner: eurrkvbyncwetd
--

CREATE TABLE "public"."nanehouse_client" (
    "id" bigint NOT NULL,
    "first_name" character varying(255) NOT NULL,
    "last_name" character varying(255) NOT NULL,
    "email" character varying(255) NOT NULL,
    "phone" character varying(255) NOT NULL,
    "country_id" bigint NOT NULL
);


ALTER TABLE public.nanehouse_client OWNER TO eurrkvbyncwetd;

--
-- Name: nanehouse_client_id_seq; Type: SEQUENCE; Schema: public; Owner: eurrkvbyncwetd
--

ALTER TABLE "public"."nanehouse_client" ALTER COLUMN "id" ADD GENERATED BY DEFAULT AS IDENTITY (
    SEQUENCE NAME "public"."nanehouse_client_id_seq"
    START WITH 1
    INCREMENT BY 1
    NO MINVALUE
    NO MAXVALUE
    CACHE 1
);


--
-- Name: nanehouse_clienthouse; Type: TABLE; Schema: public; Owner: eurrkvbyncwetd
--

CREATE TABLE "public"."nanehouse_clienthouse" (
    "id" bigint NOT NULL,
    "price" numeric(8,2) NOT NULL,
    "start_date" "date" NOT NULL,
    "end_date" "date",
    "client_id" bigint NOT NULL,
    "house_id" bigint NOT NULL
);


ALTER TABLE public.nanehouse_clienthouse OWNER TO eurrkvbyncwetd;

--
-- Name: nanehouse_clienthouse_id_seq; Type: SEQUENCE; Schema: public; Owner: eurrkvbyncwetd
--

ALTER TABLE "public"."nanehouse_clienthouse" ALTER COLUMN "id" ADD GENERATED BY DEFAULT AS IDENTITY (
    SEQUENCE NAME "public"."nanehouse_clienthouse_id_seq"
    START WITH 1
    INCREMENT BY 1
    NO MINVALUE
    NO MAXVALUE
    CACHE 1
);


--
-- Name: nanehouse_clientpayment; Type: TABLE; Schema: public; Owner: eurrkvbyncwetd
--

CREATE TABLE "public"."nanehouse_clientpayment" (
    "id" bigint NOT NULL,
    "value" numeric(8,2) NOT NULL,
    "date" "date",
    "client_id" bigint NOT NULL
);


ALTER TABLE public.nanehouse_clientpayment OWNER TO eurrkvbyncwetd;

--
-- Name: nanehouse_clientpayment_id_seq; Type: SEQUENCE; Schema: public; Owner: eurrkvbyncwetd
--

ALTER TABLE "public"."nanehouse_clientpayment" ALTER COLUMN "id" ADD GENERATED BY DEFAULT AS IDENTITY (
    SEQUENCE NAME "public"."nanehouse_clientpayment_id_seq"
    START WITH 1
    INCREMENT BY 1
    NO MINVALUE
    NO MAXVALUE
    CACHE 1
);


--
-- Name: nanehouse_country; Type: TABLE; Schema: public; Owner: eurrkvbyncwetd
--

CREATE TABLE "public"."nanehouse_country" (
    "id" bigint NOT NULL,
    "name" character varying(255) NOT NULL,
    "slug" character varying(255) NOT NULL,
    "currency_id" bigint NOT NULL
);


ALTER TABLE public.nanehouse_country OWNER TO eurrkvbyncwetd;

--
-- Name: nanehouse_country_id_seq; Type: SEQUENCE; Schema: public; Owner: eurrkvbyncwetd
--

ALTER TABLE "public"."nanehouse_country" ALTER COLUMN "id" ADD GENERATED BY DEFAULT AS IDENTITY (
    SEQUENCE NAME "public"."nanehouse_country_id_seq"
    START WITH 1
    INCREMENT BY 1
    NO MINVALUE
    NO MAXVALUE
    CACHE 1
);


--
-- Name: nanehouse_currency; Type: TABLE; Schema: public; Owner: eurrkvbyncwetd
--

CREATE TABLE "public"."nanehouse_currency" (
    "id" bigint NOT NULL,
    "name" character varying(255) NOT NULL,
    "code" character varying(3) NOT NULL
);


ALTER TABLE public.nanehouse_currency OWNER TO eurrkvbyncwetd;

--
-- Name: nanehouse_currency_id_seq; Type: SEQUENCE; Schema: public; Owner: eurrkvbyncwetd
--

ALTER TABLE "public"."nanehouse_currency" ALTER COLUMN "id" ADD GENERATED BY DEFAULT AS IDENTITY (
    SEQUENCE NAME "public"."nanehouse_currency_id_seq"
    START WITH 1
    INCREMENT BY 1
    NO MINVALUE
    NO MAXVALUE
    CACHE 1
);


--
-- Name: nanehouse_customer; Type: TABLE; Schema: public; Owner: eurrkvbyncwetd
--

CREATE TABLE "public"."nanehouse_customer" (
    "id" bigint NOT NULL,
    "user_id" bigint NOT NULL
);


ALTER TABLE public.nanehouse_customer OWNER TO eurrkvbyncwetd;

--
-- Name: nanehouse_customer_id_seq; Type: SEQUENCE; Schema: public; Owner: eurrkvbyncwetd
--

ALTER TABLE "public"."nanehouse_customer" ALTER COLUMN "id" ADD GENERATED BY DEFAULT AS IDENTITY (
    SEQUENCE NAME "public"."nanehouse_customer_id_seq"
    START WITH 1
    INCREMENT BY 1
    NO MINVALUE
    NO MAXVALUE
    CACHE 1
);


--
-- Name: nanehouse_house; Type: TABLE; Schema: public; Owner: eurrkvbyncwetd
--

CREATE TABLE "public"."nanehouse_house" (
    "id" bigint NOT NULL,
    "number" character varying(255) NOT NULL,
    "slug" character varying(255) NOT NULL,
    "price_for_nane" numeric(8,2) NOT NULL,
    "price_rent" numeric(8,2),
    "price_sell" numeric(8,2),
    "rooms" integer,
    "bath_room" integer NOT NULL,
    "description" "text" NOT NULL,
    "energy_level" character varying(1) NOT NULL,
    "avaliable_from" "date",
    "active" boolean NOT NULL,
    "type" character varying(2) NOT NULL,
    "owner_id" bigint NOT NULL,
    "street_id" bigint
);


ALTER TABLE public.nanehouse_house OWNER TO eurrkvbyncwetd;

--
-- Name: nanehouse_house_id_seq; Type: SEQUENCE; Schema: public; Owner: eurrkvbyncwetd
--

ALTER TABLE "public"."nanehouse_house" ALTER COLUMN "id" ADD GENERATED BY DEFAULT AS IDENTITY (
    SEQUENCE NAME "public"."nanehouse_house_id_seq"
    START WITH 1
    INCREMENT BY 1
    NO MINVALUE
    NO MAXVALUE
    CACHE 1
);


--
-- Name: nanehouse_houseimage; Type: TABLE; Schema: public; Owner: eurrkvbyncwetd
--

CREATE TABLE "public"."nanehouse_houseimage" (
    "id" bigint NOT NULL,
    "image" character varying(100) NOT NULL,
    "house_id" bigint NOT NULL
);


ALTER TABLE public.nanehouse_houseimage OWNER TO eurrkvbyncwetd;

--
-- Name: nanehouse_houseimage_id_seq; Type: SEQUENCE; Schema: public; Owner: eurrkvbyncwetd
--

ALTER TABLE "public"."nanehouse_houseimage" ALTER COLUMN "id" ADD GENERATED BY DEFAULT AS IDENTITY (
    SEQUENCE NAME "public"."nanehouse_houseimage_id_seq"
    START WITH 1
    INCREMENT BY 1
    NO MINVALUE
    NO MAXVALUE
    CACHE 1
);


--
-- Name: nanehouse_ownerpayment; Type: TABLE; Schema: public; Owner: eurrkvbyncwetd
--

CREATE TABLE "public"."nanehouse_ownerpayment" (
    "id" bigint NOT NULL,
    "value" numeric(8,2) NOT NULL,
    "date" "date",
    "owner_id" bigint NOT NULL
);


ALTER TABLE public.nanehouse_ownerpayment OWNER TO eurrkvbyncwetd;

--
-- Name: nanehouse_ownerpayment_id_seq; Type: SEQUENCE; Schema: public; Owner: eurrkvbyncwetd
--

ALTER TABLE "public"."nanehouse_ownerpayment" ALTER COLUMN "id" ADD GENERATED BY DEFAULT AS IDENTITY (
    SEQUENCE NAME "public"."nanehouse_ownerpayment_id_seq"
    START WITH 1
    INCREMENT BY 1
    NO MINVALUE
    NO MAXVALUE
    CACHE 1
);


--
-- Name: nanehouse_street; Type: TABLE; Schema: public; Owner: eurrkvbyncwetd
--

CREATE TABLE "public"."nanehouse_street" (
    "id" bigint NOT NULL,
    "name" character varying(255) NOT NULL,
    "slug" character varying(255) NOT NULL,
    "city_id" bigint NOT NULL
);


ALTER TABLE public.nanehouse_street OWNER TO eurrkvbyncwetd;

--
-- Name: nanehouse_street_id_seq; Type: SEQUENCE; Schema: public; Owner: eurrkvbyncwetd
--

ALTER TABLE "public"."nanehouse_street" ALTER COLUMN "id" ADD GENERATED BY DEFAULT AS IDENTITY (
    SEQUENCE NAME "public"."nanehouse_street_id_seq"
    START WITH 1
    INCREMENT BY 1
    NO MINVALUE
    NO MAXVALUE
    CACHE 1
);


--
-- Name: ormed_area; Type: TABLE; Schema: public; Owner: eurrkvbyncwetd
--

CREATE TABLE "public"."ormed_area" (
    "id" bigint NOT NULL,
    "title" character varying(255) NOT NULL
);


ALTER TABLE public.ormed_area OWNER TO eurrkvbyncwetd;

--
-- Name: ormed_area_id_seq; Type: SEQUENCE; Schema: public; Owner: eurrkvbyncwetd
--

ALTER TABLE "public"."ormed_area" ALTER COLUMN "id" ADD GENERATED BY DEFAULT AS IDENTITY (
    SEQUENCE NAME "public"."ormed_area_id_seq"
    START WITH 1
    INCREMENT BY 1
    NO MINVALUE
    NO MAXVALUE
    CACHE 1
);


--
-- Name: ormed_country; Type: TABLE; Schema: public; Owner: eurrkvbyncwetd
--

CREATE TABLE "public"."ormed_country" (
    "id" bigint NOT NULL,
    "name" character varying(255) NOT NULL
);


ALTER TABLE public.ormed_country OWNER TO eurrkvbyncwetd;

--
-- Name: ormed_country_id_seq; Type: SEQUENCE; Schema: public; Owner: eurrkvbyncwetd
--

ALTER TABLE "public"."ormed_country" ALTER COLUMN "id" ADD GENERATED BY DEFAULT AS IDENTITY (
    SEQUENCE NAME "public"."ormed_country_id_seq"
    START WITH 1
    INCREMENT BY 1
    NO MINVALUE
    NO MAXVALUE
    CACHE 1
);


--
-- Name: ormed_doctor; Type: TABLE; Schema: public; Owner: eurrkvbyncwetd
--

CREATE TABLE "public"."ormed_doctor" (
    "id" bigint NOT NULL,
    "birth_date" "date" NOT NULL,
    "bio" "text" NOT NULL,
    "id_number" character varying(255),
    "id_valid" "date",
    "verified" boolean NOT NULL,
    "create_at" timestamp with time zone,
    "picture" character varying(100),
    "document" character varying(100),
    "area_id" bigint NOT NULL,
    "country_id" bigint NOT NULL,
    "id_type_id" bigint,
    "level_id" bigint NOT NULL,
    "user_id" bigint
);


ALTER TABLE public.ormed_doctor OWNER TO eurrkvbyncwetd;

--
-- Name: ormed_doctor_id_seq; Type: SEQUENCE; Schema: public; Owner: eurrkvbyncwetd
--

ALTER TABLE "public"."ormed_doctor" ALTER COLUMN "id" ADD GENERATED BY DEFAULT AS IDENTITY (
    SEQUENCE NAME "public"."ormed_doctor_id_seq"
    START WITH 1
    INCREMENT BY 1
    NO MINVALUE
    NO MAXVALUE
    CACHE 1
);


--
-- Name: ormed_gallery; Type: TABLE; Schema: public; Owner: eurrkvbyncwetd
--

CREATE TABLE "public"."ormed_gallery" (
    "id" bigint NOT NULL,
    "title" character varying(255) NOT NULL,
    "slug" character varying(255) NOT NULL,
    "description" "text" NOT NULL,
    "date" timestamp with time zone,
    "active" boolean NOT NULL
);


ALTER TABLE public.ormed_gallery OWNER TO eurrkvbyncwetd;

--
-- Name: ormed_gallery_id_seq; Type: SEQUENCE; Schema: public; Owner: eurrkvbyncwetd
--

ALTER TABLE "public"."ormed_gallery" ALTER COLUMN "id" ADD GENERATED BY DEFAULT AS IDENTITY (
    SEQUENCE NAME "public"."ormed_gallery_id_seq"
    START WITH 1
    INCREMENT BY 1
    NO MINVALUE
    NO MAXVALUE
    CACHE 1
);


--
-- Name: ormed_idtype; Type: TABLE; Schema: public; Owner: eurrkvbyncwetd
--

CREATE TABLE "public"."ormed_idtype" (
    "id" bigint NOT NULL,
    "name" character varying(255) NOT NULL
);


ALTER TABLE public.ormed_idtype OWNER TO eurrkvbyncwetd;

--
-- Name: ormed_idtype_id_seq; Type: SEQUENCE; Schema: public; Owner: eurrkvbyncwetd
--

ALTER TABLE "public"."ormed_idtype" ALTER COLUMN "id" ADD GENERATED BY DEFAULT AS IDENTITY (
    SEQUENCE NAME "public"."ormed_idtype_id_seq"
    START WITH 1
    INCREMENT BY 1
    NO MINVALUE
    NO MAXVALUE
    CACHE 1
);


--
-- Name: ormed_imagesgallery; Type: TABLE; Schema: public; Owner: eurrkvbyncwetd
--

CREATE TABLE "public"."ormed_imagesgallery" (
    "id" bigint NOT NULL,
    "image" character varying(100) NOT NULL,
    "gallery_id" bigint NOT NULL
);


ALTER TABLE public.ormed_imagesgallery OWNER TO eurrkvbyncwetd;

--
-- Name: ormed_imagesgallery_id_seq; Type: SEQUENCE; Schema: public; Owner: eurrkvbyncwetd
--

ALTER TABLE "public"."ormed_imagesgallery" ALTER COLUMN "id" ADD GENERATED BY DEFAULT AS IDENTITY (
    SEQUENCE NAME "public"."ormed_imagesgallery_id_seq"
    START WITH 1
    INCREMENT BY 1
    NO MINVALUE
    NO MAXVALUE
    CACHE 1
);


--
-- Name: ormed_law; Type: TABLE; Schema: public; Owner: eurrkvbyncwetd
--

CREATE TABLE "public"."ormed_law" (
    "id" bigint NOT NULL,
    "file" character varying(100) NOT NULL,
    "title" character varying(255) NOT NULL,
    "slug" character varying(255),
    "description" "text" NOT NULL
);


ALTER TABLE public.ormed_law OWNER TO eurrkvbyncwetd;

--
-- Name: ormed_law_id_seq; Type: SEQUENCE; Schema: public; Owner: eurrkvbyncwetd
--

ALTER TABLE "public"."ormed_law" ALTER COLUMN "id" ADD GENERATED BY DEFAULT AS IDENTITY (
    SEQUENCE NAME "public"."ormed_law_id_seq"
    START WITH 1
    INCREMENT BY 1
    NO MINVALUE
    NO MAXVALUE
    CACHE 1
);


--
-- Name: ormed_level; Type: TABLE; Schema: public; Owner: eurrkvbyncwetd
--

CREATE TABLE "public"."ormed_level" (
    "id" bigint NOT NULL,
    "title" character varying(255) NOT NULL
);


ALTER TABLE public.ormed_level OWNER TO eurrkvbyncwetd;

--
-- Name: ormed_level_id_seq; Type: SEQUENCE; Schema: public; Owner: eurrkvbyncwetd
--

ALTER TABLE "public"."ormed_level" ALTER COLUMN "id" ADD GENERATED BY DEFAULT AS IDENTITY (
    SEQUENCE NAME "public"."ormed_level_id_seq"
    START WITH 1
    INCREMENT BY 1
    NO MINVALUE
    NO MAXVALUE
    CACHE 1
);


--
-- Name: ormed_messages; Type: TABLE; Schema: public; Owner: eurrkvbyncwetd
--

CREATE TABLE "public"."ormed_messages" (
    "id" bigint NOT NULL,
    "name" character varying(255) NOT NULL,
    "email" character varying(255) NOT NULL,
    "text" "text" NOT NULL,
    "sent" boolean NOT NULL,
    "date" timestamp with time zone,
    "subject_id" bigint NOT NULL
);


ALTER TABLE public.ormed_messages OWNER TO eurrkvbyncwetd;

--
-- Name: ormed_messages_id_seq; Type: SEQUENCE; Schema: public; Owner: eurrkvbyncwetd
--

ALTER TABLE "public"."ormed_messages" ALTER COLUMN "id" ADD GENERATED BY DEFAULT AS IDENTITY (
    SEQUENCE NAME "public"."ormed_messages_id_seq"
    START WITH 1
    INCREMENT BY 1
    NO MINVALUE
    NO MAXVALUE
    CACHE 1
);


--
-- Name: ormed_post; Type: TABLE; Schema: public; Owner: eurrkvbyncwetd
--

CREATE TABLE "public"."ormed_post" (
    "id" bigint NOT NULL,
    "title" character varying(255) NOT NULL,
    "slug" character varying(255),
    "picture" character varying(100) NOT NULL,
    "text_file" character varying(100) NOT NULL,
    "active" boolean NOT NULL,
    "date" timestamp with time zone NOT NULL
);


ALTER TABLE public.ormed_post OWNER TO eurrkvbyncwetd;

--
-- Name: ormed_post_id_seq; Type: SEQUENCE; Schema: public; Owner: eurrkvbyncwetd
--

ALTER TABLE "public"."ormed_post" ALTER COLUMN "id" ADD GENERATED BY DEFAULT AS IDENTITY (
    SEQUENCE NAME "public"."ormed_post_id_seq"
    START WITH 1
    INCREMENT BY 1
    NO MINVALUE
    NO MAXVALUE
    CACHE 1
);


--
-- Name: ormed_postdocument; Type: TABLE; Schema: public; Owner: eurrkvbyncwetd
--

CREATE TABLE "public"."ormed_postdocument" (
    "id" bigint NOT NULL,
    "document" character varying(100) NOT NULL,
    "post_id" bigint NOT NULL
);


ALTER TABLE public.ormed_postdocument OWNER TO eurrkvbyncwetd;

--
-- Name: ormed_postdocument_id_seq; Type: SEQUENCE; Schema: public; Owner: eurrkvbyncwetd
--

ALTER TABLE "public"."ormed_postdocument" ALTER COLUMN "id" ADD GENERATED BY DEFAULT AS IDENTITY (
    SEQUENCE NAME "public"."ormed_postdocument_id_seq"
    START WITH 1
    INCREMENT BY 1
    NO MINVALUE
    NO MAXVALUE
    CACHE 1
);


--
-- Name: ormed_postfile; Type: TABLE; Schema: public; Owner: eurrkvbyncwetd
--

CREATE TABLE "public"."ormed_postfile" (
    "id" bigint NOT NULL,
    "file" character varying(100) NOT NULL
);


ALTER TABLE public.ormed_postfile OWNER TO eurrkvbyncwetd;

--
-- Name: ormed_postfile_id_seq; Type: SEQUENCE; Schema: public; Owner: eurrkvbyncwetd
--

ALTER TABLE "public"."ormed_postfile" ALTER COLUMN "id" ADD GENERATED BY DEFAULT AS IDENTITY (
    SEQUENCE NAME "public"."ormed_postfile_id_seq"
    START WITH 1
    INCREMENT BY 1
    NO MINVALUE
    NO MAXVALUE
    CACHE 1
);


--
-- Name: ormed_postimages; Type: TABLE; Schema: public; Owner: eurrkvbyncwetd
--

CREATE TABLE "public"."ormed_postimages" (
    "id" bigint NOT NULL,
    "picture" character varying(100) NOT NULL,
    "post_id" bigint NOT NULL
);


ALTER TABLE public.ormed_postimages OWNER TO eurrkvbyncwetd;

--
-- Name: ormed_postimages_id_seq; Type: SEQUENCE; Schema: public; Owner: eurrkvbyncwetd
--

ALTER TABLE "public"."ormed_postimages" ALTER COLUMN "id" ADD GENERATED BY DEFAULT AS IDENTITY (
    SEQUENCE NAME "public"."ormed_postimages_id_seq"
    START WITH 1
    INCREMENT BY 1
    NO MINVALUE
    NO MAXVALUE
    CACHE 1
);


--
-- Name: ormed_postvideos; Type: TABLE; Schema: public; Owner: eurrkvbyncwetd
--

CREATE TABLE "public"."ormed_postvideos" (
    "id" bigint NOT NULL,
    "video" character varying(200) NOT NULL,
    "post_id" bigint NOT NULL
);


ALTER TABLE public.ormed_postvideos OWNER TO eurrkvbyncwetd;

--
-- Name: ormed_postvideos_id_seq; Type: SEQUENCE; Schema: public; Owner: eurrkvbyncwetd
--

ALTER TABLE "public"."ormed_postvideos" ALTER COLUMN "id" ADD GENERATED BY DEFAULT AS IDENTITY (
    SEQUENCE NAME "public"."ormed_postvideos_id_seq"
    START WITH 1
    INCREMENT BY 1
    NO MINVALUE
    NO MAXVALUE
    CACHE 1
);


--
-- Name: ormed_role; Type: TABLE; Schema: public; Owner: eurrkvbyncwetd
--

CREATE TABLE "public"."ormed_role" (
    "id" bigint NOT NULL,
    "title" character varying(255) NOT NULL
);


ALTER TABLE public.ormed_role OWNER TO eurrkvbyncwetd;

--
-- Name: ormed_role_id_seq; Type: SEQUENCE; Schema: public; Owner: eurrkvbyncwetd
--

ALTER TABLE "public"."ormed_role" ALTER COLUMN "id" ADD GENERATED BY DEFAULT AS IDENTITY (
    SEQUENCE NAME "public"."ormed_role_id_seq"
    START WITH 1
    INCREMENT BY 1
    NO MINVALUE
    NO MAXVALUE
    CACHE 1
);


--
-- Name: ormed_section; Type: TABLE; Schema: public; Owner: eurrkvbyncwetd
--

CREATE TABLE "public"."ormed_section" (
    "id" bigint NOT NULL,
    "title" character varying(255) NOT NULL
);


ALTER TABLE public.ormed_section OWNER TO eurrkvbyncwetd;

--
-- Name: ormed_section_id_seq; Type: SEQUENCE; Schema: public; Owner: eurrkvbyncwetd
--

ALTER TABLE "public"."ormed_section" ALTER COLUMN "id" ADD GENERATED BY DEFAULT AS IDENTITY (
    SEQUENCE NAME "public"."ormed_section_id_seq"
    START WITH 1
    INCREMENT BY 1
    NO MINVALUE
    NO MAXVALUE
    CACHE 1
);


--
-- Name: ormed_team; Type: TABLE; Schema: public; Owner: eurrkvbyncwetd
--

CREATE TABLE "public"."ormed_team" (
    "id" bigint NOT NULL,
    "doctor_id" bigint NOT NULL,
    "role_id" bigint NOT NULL
);


ALTER TABLE public.ormed_team OWNER TO eurrkvbyncwetd;

--
-- Name: ormed_team_id_seq; Type: SEQUENCE; Schema: public; Owner: eurrkvbyncwetd
--

ALTER TABLE "public"."ormed_team" ALTER COLUMN "id" ADD GENERATED BY DEFAULT AS IDENTITY (
    SEQUENCE NAME "public"."ormed_team_id_seq"
    START WITH 1
    INCREMENT BY 1
    NO MINVALUE
    NO MAXVALUE
    CACHE 1
);


--
-- Name: ormed_usersection; Type: TABLE; Schema: public; Owner: eurrkvbyncwetd
--

CREATE TABLE "public"."ormed_usersection" (
    "id" bigint NOT NULL,
    "section_id" bigint NOT NULL,
    "user_id" bigint NOT NULL
);


ALTER TABLE public.ormed_usersection OWNER TO eurrkvbyncwetd;

--
-- Name: ormed_usersection_id_seq; Type: SEQUENCE; Schema: public; Owner: eurrkvbyncwetd
--

ALTER TABLE "public"."ormed_usersection" ALTER COLUMN "id" ADD GENERATED BY DEFAULT AS IDENTITY (
    SEQUENCE NAME "public"."ormed_usersection_id_seq"
    START WITH 1
    INCREMENT BY 1
    NO MINVALUE
    NO MAXVALUE
    CACHE 1
);


--
-- Name: setup_usertokens; Type: TABLE; Schema: public; Owner: eurrkvbyncwetd
--

CREATE TABLE "public"."setup_usertokens" (
    "id" bigint NOT NULL,
    "email" character varying(255) NOT NULL,
    "token" "uuid" NOT NULL
);


ALTER TABLE public.setup_usertokens OWNER TO eurrkvbyncwetd;

--
-- Name: setup_usertokens_id_seq; Type: SEQUENCE; Schema: public; Owner: eurrkvbyncwetd
--

ALTER TABLE "public"."setup_usertokens" ALTER COLUMN "id" ADD GENERATED BY DEFAULT AS IDENTITY (
    SEQUENCE NAME "public"."setup_usertokens_id_seq"
    START WITH 1
    INCREMENT BY 1
    NO MINVALUE
    NO MAXVALUE
    CACHE 1
);


--
-- Data for Name: auth_group; Type: TABLE DATA; Schema: public; Owner: eurrkvbyncwetd
--

COPY "public"."auth_group" ("id", "name") FROM stdin;
5	CECAB
6	ORMED
7	CMZ BLOG
8	CMZ CERTIFICATE
9	CMZ COVAIS
\.


--
-- Data for Name: auth_group_permissions; Type: TABLE DATA; Schema: public; Owner: eurrkvbyncwetd
--

COPY "public"."auth_group_permissions" ("id", "group_id", "permission_id") FROM stdin;
373	5	325
374	5	326
375	5	327
376	5	328
377	5	329
378	5	330
379	5	331
380	5	332
381	5	333
382	5	334
383	5	335
384	5	336
385	5	337
386	5	338
387	5	339
388	5	340
389	5	341
390	5	342
391	5	343
392	5	344
393	5	345
394	5	346
395	5	347
396	5	348
397	5	349
398	5	350
399	5	351
400	5	352
401	5	353
402	5	354
403	5	355
404	5	356
405	5	357
406	5	358
407	5	359
408	5	360
409	5	361
410	5	362
411	5	363
412	5	364
413	5	365
414	5	366
415	5	367
416	5	368
417	5	369
418	5	370
419	5	371
420	5	372
421	5	373
422	5	374
423	5	375
424	5	376
425	5	377
426	5	378
427	5	379
428	5	380
429	6	256
430	6	257
431	6	258
432	6	259
433	6	260
434	6	261
435	6	262
436	6	263
437	6	264
438	6	265
439	6	266
440	6	267
441	6	268
442	6	269
443	6	270
444	6	271
445	6	272
446	6	273
447	6	274
448	6	275
449	6	276
450	6	277
451	6	278
452	6	279
453	6	280
454	6	281
455	6	282
456	6	283
457	6	284
458	6	285
459	6	286
460	6	287
461	6	288
462	6	289
463	6	290
464	6	291
465	6	292
466	6	293
467	6	294
468	6	295
469	6	296
470	6	297
471	6	298
472	6	299
473	6	300
474	6	301
475	6	302
476	6	303
477	6	304
478	6	305
479	6	306
480	6	307
481	6	308
482	6	309
483	6	310
484	6	311
485	6	312
486	6	313
487	6	314
488	6	315
489	6	316
490	6	317
491	6	318
492	6	319
493	6	320
494	6	321
495	6	322
496	6	323
497	6	324
498	6	253
499	6	254
500	6	255
501	7	193
502	7	194
503	7	195
504	7	196
505	7	197
506	7	198
507	7	199
508	7	200
509	7	201
510	7	202
511	7	203
512	7	204
513	7	205
514	7	206
515	7	207
516	7	208
517	7	209
518	7	210
519	7	211
520	7	212
521	7	213
522	7	214
523	7	215
524	7	216
525	7	217
526	7	218
527	7	219
528	7	220
529	7	221
530	7	222
531	7	223
532	7	224
533	7	225
534	7	226
535	7	227
536	7	228
537	7	229
538	7	230
539	7	231
540	7	232
541	7	233
542	7	234
543	7	235
544	7	236
545	7	237
546	7	238
547	7	239
548	7	240
549	7	241
550	7	242
551	7	243
552	7	244
553	7	245
554	7	246
555	7	247
556	7	248
557	7	249
558	7	250
559	7	251
560	7	252
561	8	21
562	8	22
563	8	23
564	8	24
565	8	25
566	8	26
567	8	27
568	8	28
569	8	29
570	8	30
571	8	31
572	8	32
573	8	33
574	8	34
575	8	35
576	8	36
577	8	37
578	8	38
579	8	39
580	8	40
581	8	41
582	8	42
583	8	43
584	8	44
585	8	45
586	8	46
587	8	47
588	8	48
589	8	49
590	8	50
591	8	51
592	8	52
593	8	53
594	8	54
595	8	55
596	8	56
597	8	57
598	8	58
599	8	59
600	8	60
601	8	61
602	8	62
603	8	63
604	8	64
605	8	65
606	8	66
607	8	67
608	8	68
609	8	69
610	8	70
611	8	71
612	8	72
613	8	73
614	8	74
615	8	75
616	8	76
617	8	77
618	8	78
619	8	79
620	8	80
621	8	81
622	8	82
623	8	83
624	8	84
625	8	85
626	8	86
627	8	87
628	8	88
629	8	89
630	8	90
631	8	91
632	8	92
633	8	93
634	8	94
635	8	95
636	8	96
637	8	97
638	8	98
639	8	99
640	8	100
641	8	101
642	8	102
643	8	103
644	8	104
645	8	105
646	8	106
647	8	107
648	8	108
649	8	109
650	8	110
651	8	111
652	8	112
653	8	113
654	8	114
655	8	115
656	8	116
657	8	117
658	8	118
659	8	119
660	8	120
661	8	121
662	8	122
663	8	123
664	8	124
665	8	125
666	8	126
667	8	127
668	8	128
669	9	97
670	9	98
671	9	99
672	9	100
673	9	109
674	9	110
675	9	111
676	9	112
\.


--
-- Data for Name: auth_permission; Type: TABLE DATA; Schema: public; Owner: eurrkvbyncwetd
--

COPY "public"."auth_permission" ("id", "name", "content_type_id", "codename") FROM stdin;
1	Can add log entry	1	add_logentry
2	Can change log entry	1	change_logentry
3	Can delete log entry	1	delete_logentry
4	Can view log entry	1	view_logentry
5	Can add permission	2	add_permission
6	Can change permission	2	change_permission
7	Can delete permission	2	delete_permission
8	Can view permission	2	view_permission
9	Can add group	3	add_group
10	Can change group	3	change_group
11	Can delete group	3	delete_group
12	Can view group	3	view_group
13	Can add content type	4	add_contenttype
14	Can change content type	4	change_contenttype
15	Can delete content type	4	delete_contenttype
16	Can view content type	4	view_contenttype
17	Can add session	5	add_session
18	Can change session	5	change_session
19	Can delete session	5	delete_session
20	Can view session	5	view_session
21	Can add certificate	6	add_certificate
22	Can change certificate	6	change_certificate
23	Can delete certificate	6	delete_certificate
24	Can view certificate	6	view_certificate
25	Can add certificate data	7	add_certificatedata
26	Can change certificate data	7	change_certificatedata
27	Can delete certificate data	7	delete_certificatedata
28	Can view certificate data	7	view_certificatedata
29	Can add certificate title	8	add_certificatetitle
30	Can change certificate title	8	change_certificatetitle
31	Can delete certificate title	8	delete_certificatetitle
32	Can view certificate title	8	view_certificatetitle
33	Can add certificate types	9	add_certificatetypes
34	Can change certificate types	9	change_certificatetypes
35	Can delete certificate types	9	delete_certificatetypes
36	Can view certificate types	9	view_certificatetypes
37	Can add country	10	add_country
38	Can change country	10	change_country
39	Can delete country	10	delete_country
40	Can view country	10	view_country
41	Can add county	11	add_county
42	Can change county	11	change_county
43	Can delete county	11	delete_county
44	Can view county	11	view_county
45	Can add house	12	add_house
46	Can change house	12	change_house
47	Can delete house	12	delete_house
48	Can view house	12	view_house
49	Can add id type	13	add_idtype
50	Can change id type	13	change_idtype
51	Can delete id type	13	delete_idtype
52	Can view id type	13	view_idtype
53	Can add messages	14	add_messages
54	Can change messages	14	change_messages
55	Can delete messages	14	delete_messages
56	Can view messages	14	view_messages
57	Can add university	15	add_university
58	Can change university	15	change_university
59	Can delete university	15	delete_university
60	Can view university	15	view_university
61	Can add town	16	add_town
62	Can change town	16	change_town
63	Can delete town	16	delete_town
64	Can view town	16	view_town
65	Can add street	17	add_street
66	Can change street	17	change_street
67	Can delete street	17	delete_street
68	Can view street	17	view_street
69	Can add person	18	add_person
70	Can change person	18	change_person
71	Can delete person	18	delete_person
72	Can view person	18	view_person
73	Can add person birth address	19	add_personbirthaddress
74	Can change person birth address	19	change_personbirthaddress
75	Can delete person birth address	19	delete_personbirthaddress
76	Can view person birth address	19	view_personbirthaddress
77	Can add instituition	20	add_instituition
78	Can change instituition	20	change_instituition
79	Can delete instituition	20	delete_instituition
80	Can view instituition	20	view_instituition
81	Can add certificate simple person	21	add_certificatesimpleperson
82	Can change certificate simple person	21	change_certificatesimpleperson
83	Can delete certificate simple person	21	delete_certificatesimpleperson
84	Can view certificate simple person	21	view_certificatesimpleperson
85	Can add certificate single person	22	add_certificatesingleperson
86	Can change certificate single person	22	change_certificatesingleperson
87	Can delete certificate single person	22	delete_certificatesingleperson
88	Can view certificate single person	22	view_certificatesingleperson
89	Can add parent	23	add_parent
90	Can change parent	23	change_parent
91	Can delete parent	23	delete_parent
92	Can view parent	23	view_parent
93	Can add certificate simple parent	24	add_certificatesimpleparent
94	Can change certificate simple parent	24	change_certificatesimpleparent
95	Can delete certificate simple parent	24	delete_certificatesimpleparent
96	Can view certificate simple parent	24	view_certificatesimpleparent
97	Can add coval	25	add_coval
98	Can change coval	25	change_coval
99	Can delete coval	25	delete_coval
100	Can view coval	25	view_coval
101	Can add cemiterio	26	add_cemiterio
102	Can change cemiterio	26	change_cemiterio
103	Can delete cemiterio	26	delete_cemiterio
104	Can view cemiterio	26	view_cemiterio
105	Can add biulding type	27	add_biuldingtype
106	Can change biulding type	27	change_biuldingtype
107	Can delete biulding type	27	delete_biuldingtype
108	Can view biulding type	27	view_biuldingtype
109	Can add coval salles	28	add_covalsalles
110	Can change coval salles	28	change_covalsalles
111	Can delete coval salles	28	delete_covalsalles
112	Can view coval salles	28	view_covalsalles
113	Can add change	29	add_change
114	Can change change	29	change_change
115	Can delete change	29	delete_change
116	Can view change	29	view_change
117	Can add certificate date	30	add_certificatedate
118	Can change certificate date	30	change_certificatedate
119	Can delete certificate date	30	delete_certificatedate
120	Can view certificate date	30	view_certificatedate
121	Can add ifen	31	add_ifen
122	Can change ifen	31	change_ifen
123	Can delete ifen	31	delete_ifen
124	Can view ifen	31	view_ifen
125	Can add customer	32	add_customer
126	Can change customer	32	change_customer
127	Can delete customer	32	delete_customer
128	Can view customer	32	view_customer
129	Can add post	33	add_post
130	Can change post	33	change_post
131	Can delete post	33	delete_post
132	Can view post	33	view_post
133	Can add post file	34	add_postfile
134	Can change post file	34	change_postfile
135	Can delete post file	34	delete_postfile
136	Can view post file	34	view_postfile
137	Can add role	35	add_role
138	Can change role	35	change_role
139	Can delete role	35	delete_role
140	Can view role	35	view_role
141	Can add section	36	add_section
142	Can change section	36	change_section
143	Can delete section	36	delete_section
144	Can view section	36	view_section
145	Can add service	37	add_service
146	Can change service	37	change_service
147	Can delete service	37	delete_service
148	Can view service	37	view_service
149	Can add tour	38	add_tour
150	Can change tour	38	change_tour
151	Can delete tour	38	delete_tour
152	Can view tour	38	view_tour
153	Can add secretary	39	add_secretary
154	Can change secretary	39	change_secretary
155	Can delete secretary	39	delete_secretary
156	Can view secretary	39	view_secretary
157	Can add secreatary section	40	add_secreatarysection
158	Can change secreatary section	40	change_secreatarysection
159	Can delete secreatary section	40	delete_secreatarysection
160	Can view secreatary section	40	view_secreatarysection
161	Can add post videos	41	add_postvideos
162	Can change post videos	41	change_postvideos
163	Can delete post videos	41	delete_postvideos
164	Can view post videos	41	view_postvideos
165	Can add post images	42	add_postimages
166	Can change post images	42	change_postimages
167	Can delete post images	42	delete_postimages
168	Can view post images	42	view_postimages
169	Can add post document	43	add_postdocument
170	Can change post document	43	change_postdocument
171	Can delete post document	43	delete_postdocument
172	Can view post document	43	view_postdocument
173	Can add messages	44	add_messages
174	Can change messages	44	change_messages
175	Can delete messages	44	delete_messages
176	Can view messages	44	view_messages
177	Can add information	45	add_information
178	Can change information	45	change_information
179	Can delete information	45	delete_information
180	Can view information	45	view_information
181	Can add images tour	46	add_imagestour
182	Can change images tour	46	change_imagestour
183	Can delete images tour	46	delete_imagestour
184	Can view images tour	46	view_imagestour
185	Can add team	47	add_team
186	Can change team	47	change_team
187	Can delete team	47	delete_team
188	Can view team	47	view_team
189	Can add user	48	add_user
190	Can change user	48	change_user
191	Can delete user	48	delete_user
192	Can view user	48	view_user
193	Can add post	49	add_post
194	Can change post	49	change_post
195	Can delete post	49	delete_post
196	Can view post	49	view_post
197	Can add post file	50	add_postfile
198	Can change post file	50	change_postfile
199	Can delete post file	50	delete_postfile
200	Can view post file	50	view_postfile
201	Can add role	51	add_role
202	Can change role	51	change_role
203	Can delete role	51	delete_role
204	Can view role	51	view_role
205	Can add section	52	add_section
206	Can change section	52	change_section
207	Can delete section	52	delete_section
208	Can view section	52	view_section
209	Can add service	53	add_service
210	Can change service	53	change_service
211	Can delete service	53	delete_service
212	Can view service	53	view_service
213	Can add tour	54	add_tour
214	Can change tour	54	change_tour
215	Can delete tour	54	delete_tour
216	Can view tour	54	view_tour
217	Can add secretary	55	add_secretary
218	Can change secretary	55	change_secretary
219	Can delete secretary	55	delete_secretary
220	Can view secretary	55	view_secretary
221	Can add secreatary section	56	add_secreatarysection
222	Can change secreatary section	56	change_secreatarysection
223	Can delete secreatary section	56	delete_secreatarysection
224	Can view secreatary section	56	view_secreatarysection
225	Can add post videos	57	add_postvideos
226	Can change post videos	57	change_postvideos
227	Can delete post videos	57	delete_postvideos
228	Can view post videos	57	view_postvideos
229	Can add post images	58	add_postimages
230	Can change post images	58	change_postimages
231	Can delete post images	58	delete_postimages
232	Can view post images	58	view_postimages
233	Can add post document	59	add_postdocument
234	Can change post document	59	change_postdocument
235	Can delete post document	59	delete_postdocument
236	Can view post document	59	view_postdocument
237	Can add messages	60	add_messages
238	Can change messages	60	change_messages
239	Can delete messages	60	delete_messages
240	Can view messages	60	view_messages
241	Can add information	61	add_information
242	Can change information	61	change_information
243	Can delete information	61	delete_information
244	Can view information	61	view_information
245	Can add images tour	62	add_imagestour
246	Can change images tour	62	change_imagestour
247	Can delete images tour	62	delete_imagestour
248	Can view images tour	62	view_imagestour
249	Can add team	63	add_team
250	Can change team	63	change_team
251	Can delete team	63	delete_team
252	Can view team	63	view_team
253	Can add area	64	add_area
254	Can change area	64	change_area
255	Can delete area	64	delete_area
256	Can view area	64	view_area
257	Can add country	65	add_country
258	Can change country	65	change_country
259	Can delete country	65	delete_country
260	Can view country	65	view_country
261	Can add gallery	66	add_gallery
262	Can change gallery	66	change_gallery
263	Can delete gallery	66	delete_gallery
264	Can view gallery	66	view_gallery
265	Can add id type	67	add_idtype
266	Can change id type	67	change_idtype
267	Can delete id type	67	delete_idtype
268	Can view id type	67	view_idtype
269	Can add law	68	add_law
270	Can change law	68	change_law
271	Can delete law	68	delete_law
272	Can view law	68	view_law
273	Can add level	69	add_level
274	Can change level	69	change_level
275	Can delete level	69	delete_level
276	Can view level	69	view_level
277	Can add post	70	add_post
278	Can change post	70	change_post
279	Can delete post	70	delete_post
280	Can view post	70	view_post
281	Can add post file	71	add_postfile
282	Can change post file	71	change_postfile
283	Can delete post file	71	delete_postfile
284	Can view post file	71	view_postfile
285	Can add role	72	add_role
286	Can change role	72	change_role
287	Can delete role	72	delete_role
288	Can view role	72	view_role
289	Can add section	73	add_section
290	Can change section	73	change_section
291	Can delete section	73	delete_section
292	Can view section	73	view_section
293	Can add user section	74	add_usersection
294	Can change user section	74	change_usersection
295	Can delete user section	74	delete_usersection
296	Can view user section	74	view_usersection
297	Can add post videos	75	add_postvideos
298	Can change post videos	75	change_postvideos
299	Can delete post videos	75	delete_postvideos
300	Can view post videos	75	view_postvideos
301	Can add post images	76	add_postimages
302	Can change post images	76	change_postimages
303	Can delete post images	76	delete_postimages
304	Can view post images	76	view_postimages
305	Can add post document	77	add_postdocument
306	Can change post document	77	change_postdocument
307	Can delete post document	77	delete_postdocument
308	Can view post document	77	view_postdocument
309	Can add messages	78	add_messages
310	Can change messages	78	change_messages
311	Can delete messages	78	delete_messages
312	Can view messages	78	view_messages
313	Can add images gallery	79	add_imagesgallery
314	Can change images gallery	79	change_imagesgallery
315	Can delete images gallery	79	delete_imagesgallery
316	Can view images gallery	79	view_imagesgallery
317	Can add doctor	80	add_doctor
318	Can change doctor	80	change_doctor
319	Can delete doctor	80	delete_doctor
320	Can view doctor	80	view_doctor
321	Can add team	81	add_team
322	Can change team	81	change_team
323	Can delete team	81	delete_team
324	Can view team	81	view_team
325	Can add association	82	add_association
326	Can change association	82	change_association
327	Can delete association	82	delete_association
328	Can view association	82	view_association
329	Can add band	83	add_band
330	Can change band	83	change_band
331	Can delete band	83	delete_band
332	Can view band	83	view_band
333	Can add district	84	add_district
334	Can change district	84	change_district
335	Can delete district	84	delete_district
336	Can view district	84	view_district
337	Can add messages	85	add_messages
338	Can change messages	85	change_messages
339	Can delete messages	85	delete_messages
340	Can view messages	85	view_messages
341	Can add pathner	86	add_pathner
342	Can change pathner	86	change_pathner
343	Can delete pathner	86	delete_pathner
344	Can view pathner	86	view_pathner
345	Can add post	87	add_post
346	Can change post	87	change_post
347	Can delete post	87	delete_post
348	Can view post	87	view_post
349	Can add role	88	add_role
350	Can change role	88	change_role
351	Can delete role	88	delete_role
352	Can view role	88	view_role
353	Can add spot	89	add_spot
354	Can change spot	89	change_spot
355	Can delete spot	89	delete_spot
356	Can view spot	89	view_spot
357	Can add year gols	90	add_yeargols
358	Can change year gols	90	change_yeargols
359	Can delete year gols	90	delete_yeargols
360	Can view year gols	90	view_yeargols
361	Can add team	91	add_team
362	Can change team	91	change_team
363	Can delete team	91	delete_team
364	Can view team	91	view_team
365	Can add post videos	92	add_postvideos
366	Can change post videos	92	change_postvideos
367	Can delete post videos	92	delete_postvideos
368	Can view post videos	92	view_postvideos
369	Can add post images	93	add_postimages
370	Can change post images	93	change_postimages
371	Can delete post images	93	delete_postimages
372	Can view post images	93	view_postimages
373	Can add post document	94	add_postdocument
374	Can change post document	94	change_postdocument
375	Can delete post document	94	delete_postdocument
376	Can view post document	94	view_postdocument
377	Can add association images	95	add_associationimages
378	Can change association images	95	change_associationimages
379	Can delete association images	95	delete_associationimages
380	Can view association images	95	view_associationimages
381	Can add city	96	add_city
382	Can change city	96	change_city
383	Can delete city	96	delete_city
384	Can view city	96	view_city
385	Can add client	97	add_client
386	Can change client	97	change_client
387	Can delete client	97	delete_client
388	Can view client	97	view_client
389	Can add currency	98	add_currency
390	Can change currency	98	change_currency
391	Can delete currency	98	delete_currency
392	Can view currency	98	view_currency
393	Can add house	99	add_house
394	Can change house	99	change_house
395	Can delete house	99	delete_house
396	Can view house	99	view_house
397	Can add street	100	add_street
398	Can change street	100	change_street
399	Can delete street	100	delete_street
400	Can view street	100	view_street
401	Can add owner payment	101	add_ownerpayment
402	Can change owner payment	101	change_ownerpayment
403	Can delete owner payment	101	delete_ownerpayment
404	Can view owner payment	101	view_ownerpayment
405	Can add house image	102	add_houseimage
406	Can change house image	102	change_houseimage
407	Can delete house image	102	delete_houseimage
408	Can view house image	102	view_houseimage
409	Can add customer	103	add_customer
410	Can change customer	103	change_customer
411	Can delete customer	103	delete_customer
412	Can view customer	103	view_customer
413	Can add country	104	add_country
414	Can change country	104	change_country
415	Can delete country	104	delete_country
416	Can view country	104	view_country
417	Can add client payment	105	add_clientpayment
418	Can change client payment	105	change_clientpayment
419	Can delete client payment	105	delete_clientpayment
420	Can view client payment	105	view_clientpayment
421	Can add client house	106	add_clienthouse
422	Can change client house	106	change_clienthouse
423	Can delete client house	106	delete_clienthouse
424	Can view client house	106	view_clienthouse
425	Can add user tokens	107	add_usertokens
426	Can change user tokens	107	change_usertokens
427	Can delete user tokens	107	delete_usertokens
428	Can view user tokens	107	view_usertokens
\.


--
-- Data for Name: blog_imagestour; Type: TABLE DATA; Schema: public; Owner: eurrkvbyncwetd
--

COPY "public"."blog_imagestour" ("id", "image", "tour_id") FROM stdin;
2	camaramz/tour/images/Roa_Monte_Caf_-_So_Tom_e_Prncipe_Foto_de_Avlis_Rotieh.jpg	2
3	camaramz/tour/images/Captura_de_ecr_2020-03-14_s_14.22.00.png	2
4	camaramz/tour/images/roc3a7a-monte-cafc3a9-distrito-de-mc3a9-zoxi-ilha-de-sc3a3o-tomc3a9.jpg	2
5	camaramz/tour/images/Roca-Bombaim.Sao-Tome.www_.saotomechoice.com_.jpg	3
6	camaramz/tour/images/bombaim02.jpg	3
7	camaramz/tour/images/sao-tome-2022-0159-1.jpg	4
8	camaramz/tour/images/download.jpeg	4
9	camaramz/tour/images/pico-de-sao-tome.jpg	4
\.


--
-- Data for Name: blog_information; Type: TABLE DATA; Schema: public; Owner: eurrkvbyncwetd
--

COPY "public"."blog_information" ("id", "information", "question", "service_id") FROM stdin;
2	Cada atestado tem uma finalidade diferente, veja abaixo todos os tipos de atestados que emitimos:\r\n- Abertura de Conta Bancria\r\n- Agregado Familiar\r\n- Assistncia Judicial\r\n- Bolsa de Estudo\r\n- Bolsa Interna\r\n- Candidatura  Transporte Pblico\r\n- Cargo Pblico\r\n- Casamento\r\n- Convenientes\r\n- Emprego\r\n- Escolares\r\n- Fixao de Residncia\r\n- Nacionalidade Santomense\r\n- Obteno de Visto\r\n- Percepo da Penso de Aposentao\r\n- Percepo da Penso de Reforma\r\n- Percepo da Penso de Sobrevivncia por Morte\r\n- Profissionais\r\n- Prova de Vida\r\n- Residncia\r\n- Subsdio de Transporte\r\n- Transferncia de mesada monetria\r\n- Viagem	Que atestados emitimos?	2
4	Qualquer residente do Distrito de M-Zch que seja maior de idade pode requerer um atestado de acordo ao sua necessidade.	Quem pode requerer um atestado?	2
5	O requesito bsico necessrio para emisso de atestado  o bilhete de identidade vlido e ser residente no Distrito de M-Zchi.	Quais so os documentos necessrios para requerer um atestados?	2
3	Maioria dos atestados custam 140.00 STN, com excepo desses abaixos que tm outros preos:\r\n- Assistncia Judicial: 210.00 STN\r\n- Fixao de Residncia: 2460.00 STN\r\n- Nacionalidade Santomense: 510.00 STN\r\n- Percepo da Penso de Aposentao: 10.00 STN\r\n- Percepo da Penso de Reforma: 10.00 STN\r\n- Profissionais: 100.00 STN\r\n- Prova de Vida: 10.00 STN\r\n- Transferncia de Mesada Monetria: 100.00 STN	Qual  o custo dos atestados?	2
6	A lista abaixo indicada contem todos os tipos de licenas e autorizaes que ns emitimos:\r\n- Autorizao de Construo\r\n- Autorizao de Enterro\r\n- Autorizao modificao, construo da sua barraca em alvenaria\r\n- Autorizao para Modificar o Coval\r\n- Certificado de Compra de Coval\r\n- Licena para BufettLicenas para Baile\r\n- Licenas Para Barraca\r\n- Licenas Para Transladao	Que autorizao ou licena emitimos?	1
7	As licenas tm preos distintos consoante as circunstncias no entanto a lista abaixo ilustra os preos base de diferentes licenas:\r\n- Autorizao de Construo: 1010.00 STN\r\n- Autorizao de Enterro: 500.00 STN\r\n- Autorizao modificao, construo da sua barraca em alvenaria: 1010.00 STN\r\n- Autorizao para Modificar o Coval: 300.00 STN\r\n- Certificado de Compra de Coval: 25010.00 STN\r\n- Licena para BufettLicenas para Baile:\r\n- Licenas Para Barraca: 510.00 STN\r\n- Licenas Para Transladao: 500.00 STN	Quanto custa uma licena?	1
8	O requesito bsico necessrio para emisso de licena  o bilhete de identidade vlido e ter outros documentos relacinados com a propriedade em causa.	Quais so os documentos necessrios para requerer uma licena?	1
9	Qualquer pessoa maior de 18 anos e com os documentos vlidos pode requerer uma licena.	Quem pode requerer um atestado?	1
10	Os beneficirios devem pagar 50.00 STN por ms para continuar a ter um caixote de lixo que a Cmara Distrital de M-Zchi, ir recolher todos os finais de semana.	Qual  o custo?	3
11	Ser residente no distrito de M-Zchi e ter um documento de identificao vlido.	Quais so os requisitos para obter um caixote?	3
\.


--
-- Data for Name: blog_messages; Type: TABLE DATA; Schema: public; Owner: eurrkvbyncwetd
--

COPY "public"."blog_messages" ("id", "name", "text", "sent", "date", "subject_id", "whatsapp") FROM stdin;
\.


--
-- Data for Name: blog_post; Type: TABLE DATA; Schema: public; Owner: eurrkvbyncwetd
--

COPY "public"."blog_post" ("id", "title", "slug", "picture", "text_file", "active", "date", "user_id") FROM stdin;
2	Assembleia Distrital de M-Zchi	assembleia-distrital-de-me-zochi	camaramz/posts/images/368565424_862228891940792_673255917237462719_n.jpg	camaramz/posts/documents/A_Assembleia_Distrital_de_M.docx	t	2023-08-17 10:58:06.492265+00	8
4	Fbrica de Farinha Mandioca em San Nguemb	fabrica-de-farinha-mandioca-em-san-nguembu	camaramz/posts/images/Untitled_design_10.png	camaramz/posts/documents/inbound7562131044315581114.docx	t	2023-11-27 10:07:29.763463+00	8
3	Apresentao do Projecto TRI/STP	apresentacao-do-projecto-tristp	camaramz/posts/images/Untitled_design_11.png	camaramz/posts/documents/inbound630360240809010867.docx	t	2023-11-15 10:10:37.787214+00	8
6	Reforo do Abastecimento Hdrico	reforco-do-abastecimento-hidrico	camaramz/posts/images/WhatsApp_Image_2024-01-15_at_00.44.45.jpeg	camaramz/posts/documents/Reforo.docx	t	2024-01-15 14:29:25.891776+00	8
5	Balano de Produtividade e Desempenho	balanco-de-produtividade-e-desempenho	camaramz/posts/images/WhatsApp_Image_2024-01-15_at_00.19.41.jpeg	camaramz/posts/documents/Balano.docx	t	2024-01-15 14:24:24.533506+00	8
7	Homenagem  Concidado M-Zchiano Azoum Pinto	homenagem-a-concidadao-me-zochiano-azoume-pinto	camaramz/posts/images/421814926_888664576593552_7089521223899008386_n.jpg	camaramz/posts/documents/Cmara_Distrital_de_M.docx	t	2024-01-22 12:36:21.828791+00	8
8	3 de Fevereiro 2024	3-de-fevereiro-2024	camaramz/posts/images/Inserir_um_pouquinho_de_texto.png	camaramz/posts/documents/MASSACRE.docx	t	2024-02-05 10:37:28.989047+00	8
9	Foto Galeria 3 de Fevereiro- Resumo das Actividades	foto-galeria-3-de-fevereiro-resumo-das-actividades	camaramz/posts/images/2.jpg	camaramz/posts/documents/MASSACRE.docx	t	2024-02-05 10:47:46.365484+00	8
10	Iniciativa dos 5 Irmos	iniciativa-dos-5-irmaos	camaramz/posts/images/WhatsApp_Image_2024-02-13_at_22.15.46.jpeg	camaramz/posts/documents/Iniciativa_dos_5_Irmos.docx	t	2024-02-14 10:06:50.957464+00	8
11	Visita de Fiscalizao e Levantamento	visita-de-fiscalizacao-e-levantamento	camaramz/posts/images/WhatsApp_Image_2024-02-25_at_23.37.25.jpeg	camaramz/posts/documents/Visita_de_Fiscalizao_e_Levantamento.docx	t	2024-02-29 10:47:24.660396+00	8
12	AGI GCI	agi-goci	camaramz/posts/images/WhatsApp_Image_2024-02-25_at_23.38.16.jpeg	camaramz/posts/documents/Visita_de_Fiscalizao_e_Levantamento.docx	t	2024-03-01 10:23:08.535995+00	8
\.


--
-- Data for Name: blog_postdocument; Type: TABLE DATA; Schema: public; Owner: eurrkvbyncwetd
--

COPY "public"."blog_postdocument" ("id", "document", "post_id") FROM stdin;
\.


--
-- Data for Name: blog_postfile; Type: TABLE DATA; Schema: public; Owner: eurrkvbyncwetd
--

COPY "public"."blog_postfile" ("id", "file") FROM stdin;
\.


--
-- Data for Name: blog_postimages; Type: TABLE DATA; Schema: public; Owner: eurrkvbyncwetd
--

COPY "public"."blog_postimages" ("id", "picture", "post_id") FROM stdin;
1	camaramz/posts/images/inbound3390652966608552373.jpg	3
2	camaramz/posts/images/inbound6952698231264542562.jpg	3
3	camaramz/posts/images/inbound2597711563573809768.jpg	3
4	camaramz/posts/images/inbound4920528555470060780.jpg	4
5	camaramz/posts/images/inbound3157586383544139926.jpg	4
6	camaramz/posts/images/inbound8217458530657527548.jpg	4
7	camaramz/posts/images/WhatsApp_Image_2024-01-15_at_00.19.43.jpeg	5
8	camaramz/posts/images/WhatsApp_Image_2024-01-15_at_00.19.42_1.jpeg	5
9	camaramz/posts/images/WhatsApp_Image_2024-01-15_at_00.19.42.jpeg	5
10	camaramz/posts/images/WhatsApp_Image_2024-01-15_at_00.44.46.jpeg	6
11	camaramz/posts/images/WhatsApp_Image_2024-01-15_at_00.44.49.jpeg	6
12	camaramz/posts/images/WhatsApp_Image_2024-01-15_at_00.44.47_1.jpeg	6
13	camaramz/posts/images/421855016_888664579926885_6220399557405420842_n.jpg	7
14	camaramz/posts/images/421859696_888664659926877_3619290202195082882_n.jpg	7
15	camaramz/posts/images/421899968_888664656593544_3399797336933120455_n.jpg	7
16	camaramz/posts/images/1.jpg	9
17	camaramz/posts/images/3.jpg	9
18	camaramz/posts/images/4.jpg	9
19	camaramz/posts/images/5.jpg	9
20	camaramz/posts/images/6.jpg	9
21	camaramz/posts/images/WhatsApp_Image_2024-02-04_at_23.30.35.jpeg	9
22	camaramz/posts/images/WhatsApp_Image_2024-02-04_at_23.30.33.jpeg	9
23	camaramz/posts/images/WhatsApp_Image_2024-02-04_at_23.30.34.jpeg	9
24	camaramz/posts/images/WhatsApp_Image_2024-02-04_at_23.30.05.jpeg	9
25	camaramz/posts/images/massacre2.jpg	9
26	camaramz/posts/images/WhatsApp_Image_2024-02-13_at_22.04.01.jpeg	10
27	camaramz/posts/images/WhatsApp_Image_2024-02-13_at_22.03.45.jpeg	10
28	camaramz/posts/images/WhatsApp_Image_2024-02-13_at_22.03.55.jpeg	10
29	camaramz/posts/images/WhatsApp_Image_2024-02-13_at_22.04.06.jpeg	10
30	camaramz/posts/images/WhatsApp_Image_2024-02-13_at_22.03.54.jpeg	10
31	camaramz/posts/images/WhatsApp_Image_2024-02-25_at_23.07.49.jpeg	11
32	camaramz/posts/images/WhatsApp_Image_2024-02-25_at_23.36.18.jpeg	11
33	camaramz/posts/images/WhatsApp_Image_2024-02-25_at_23.37.13_1.jpeg	11
34	camaramz/posts/images/WhatsApp_Image_2024-02-25_at_23.38.16.jpeg	12
\.


--
-- Data for Name: blog_postvideos; Type: TABLE DATA; Schema: public; Owner: eurrkvbyncwetd
--

COPY "public"."blog_postvideos" ("id", "video", "post_id") FROM stdin;
\.


--
-- Data for Name: blog_role; Type: TABLE DATA; Schema: public; Owner: eurrkvbyncwetd
--

COPY "public"."blog_role" ("id", "title") FROM stdin;
1	Presidente da Cmara
\.


--
-- Data for Name: blog_secreatarysection; Type: TABLE DATA; Schema: public; Owner: eurrkvbyncwetd
--

COPY "public"."blog_secreatarysection" ("id", "secretary_id", "section_id") FROM stdin;
\.


--
-- Data for Name: blog_secretary; Type: TABLE DATA; Schema: public; Owner: eurrkvbyncwetd
--

COPY "public"."blog_secretary" ("id", "user_id") FROM stdin;
1	1
4	5
5	6
6	7
7	8
8	9
\.


--
-- Data for Name: blog_section; Type: TABLE DATA; Schema: public; Owner: eurrkvbyncwetd
--

COPY "public"."blog_section" ("id", "title") FROM stdin;
1	Comunicao e Imagem
\.


--
-- Data for Name: blog_service; Type: TABLE DATA; Schema: public; Owner: eurrkvbyncwetd
--

COPY "public"."blog_service" ("id", "name", "slug", "picture", "description") FROM stdin;
2	Atestados	atestados	camaramz/services/images/certificates.jpg	Ns atestamos junto a outra organizaes sobre o teu estado dentro do Distrito de M-Zchi
3	Entrega de Caixote de Lixo	entrega-de-caixote-de-lixo	camaramz/services/images/pawel-czerwinski-RkIsyD_AVvc-unsplash.jpg	Atravs desse website podes mandar uma mensagem e soliciitar o seu caixote de lixo.
1	Autorizaes e Licenas	autorizacoes-e-licencas	camaramz/services/images/jana-shnipelson-iC3z2DkVcdE-unsplash.jpg	Pode pedir autorizao para desencadear diferentes aces dentro do Distrito de M-Zchi.
\.


--
-- Data for Name: blog_team; Type: TABLE DATA; Schema: public; Owner: eurrkvbyncwetd
--

COPY "public"."blog_team" ("id", "name", "image", "role_id") FROM stdin;
2	Anahory Esprito Santo	camaramz/team/images/inbound660959330645032735.jpg	1
\.


--
-- Data for Name: blog_tour; Type: TABLE DATA; Schema: public; Owner: eurrkvbyncwetd
--

COPY "public"."blog_tour" ("id", "title", "slug", "description", "location", "date", "active") FROM stdin;
2	Roa Monte Caf	roca-monte-cafe	Monte Caf  uma vila na ilha de So Tom, no estado de So Tom e Prncipe. Sua populao  de 684  Fica a 4,5 km a oeste de Trindade. Situada num terreno montanhoso a 670 m de altitude, muito propcia ao cultivo do caf,  sede de uma das mais antigas plantaes de So Tom, fundada em 1858.	https://www.google.com/maps/embed?pb=!1m26!1m12!1m3!1d63836.215220113496!2d6.597892972828966!3d0.30048682231460916!2m3!1f0!2f0!3f0!3m2!1i1024!2i768!4f13.1!4m11!3e6!4m3!3m2!1d0.3030617!2d6	2023-12-02 16:02:17.644367+00	t
3	Roa Bombaim	roca-bombaim	Bombaim  uma pequena aldeia na ilha de So Tom, em So Tom e Prncipe. Sua populao  de 18 anos. Fica a 6 km ao sul do Monte Caf e a 8 km a sudoeste de Trindade. Foi criada como roa.	https://maps.app.goo.gl/WH1dRTE7FEG8zAB78	2023-12-02 16:11:05.191056+00	t
4	Jardim Botnico do Bom Sucesso	jardim-botanico-do-bom-sucesso	O Jardim Botnico do Bom Sucesso  o principal jardim botnico de So Tom e Prncipe.  uma importante atrao turstica e ponto de partida para inmeros percursos pedestres nas montanhas do interior da ilha.	https://maps.app.goo.gl/QHrdktG4cLwZCHZ87	2023-12-02 16:21:04.459247+00	t
\.


--
-- Data for Name: cecab_association; Type: TABLE DATA; Schema: public; Owner: eurrkvbyncwetd
--

COPY "public"."cecab_association" ("id", "name", "registered", "address", "president_name", "number_of_associated", "picture", "district_id") FROM stdin;
5	Agua Telha	2004-01-01	Centro	x	87	cecab/blog/association_images/Agua_Thela.png	3
6	Benfica	2004-01-01	Centro	x	157	cecab/blog/association_images/Benfica.png	2
7	Boa Entrada	2004-01-01	Centro	x	92	cecab/blog/association_images/Boa_Entrada.png	3
8	Caldeira	2004-01-01	Centro	x	101	cecab/blog/association_images/Caldeiras.png	3
27	Costa Santos	2004-01-01	Norte	x	83	cecab/blog/association_images/Costas_Santos_Ponta_Figo.png	1
9	Ferno Dias	2004-01-01	Centro	x	58	cecab/blog/association_images/Ferno_Dias.png	3
10	Filipinas	2004-01-01	Centro	x	52	cecab/blog/association_images/Filipina.png	2
28	Generosa	2004-01-01	Norte	x	99	cecab/blog/association_images/Generosa.png	1
29	Jos Luis	2004-01-01	Norte	x	34	cecab/blog/association_images/Jose_Luis_Cado.png	1
11	Laranjeira	2004-01-01	Centro	x	72	cecab/blog/association_images/Laranjeira.png	3
12	Maiano	2004-01-01	Centro	x	91	cecab/blog/association_images/Maiano.png	3
14	Milagrosa	2004-01-01	Centro	x	53	cecab/blog/association_images/Milagrosa.png	2
13	Monte Macaco	2004-01-01	Centro	x	110	cecab/blog/association_images/Monte_Macaco.png	2
15	Pedra Mara	2004-01-01	Centro	x	47	cecab/blog/association_images/Pedra_Maria.png	2
16	Plancas I	2004-01-01	Centro	x	48	cecab/blog/association_images/Plancas_I.png	3
17	Plancas II	2004-01-01	Centro	x	72	cecab/blog/association_images/Plancas_II.png	3
18	Prado	2004-01-01	Centro	x	78	cecab/blog/association_images/Prado.png	2
19	Praia das Conchas	2004-01-01	Centro	x	51	cecab/blog/association_images/Praia_das_Conchas.png	3
20	Queluz	2004-01-01	Centro	x	103	cecab/blog/association_images/Queluz.png	2
21	Rio Ouro Pequeno	2004-01-01	Centro	x	103	cecab/blog/association_images/Rio_Ouro_Pequeno.png	3
22	Saltado	2004-01-01	Centro	x	50	cecab/blog/association_images/Saltado.png	3
23	Santa Luza	2004-01-01	Centro	x	142	cecab/blog/association_images/Santa_Luzia.png	3
42	So Jos	2004-01-01	Norte	x	39	cecab/blog/association_images/So_Jos.png	1
26	Vanguarda Margo	2004-01-01	Centro	x	95	cecab/blog/association_images/Vanguarda_Margo.png	2
24	Vila Braga	2004-01-01	Centro	x	16	cecab/blog/association_images/Vila_Braga.png	3
25	Vista Alegre	2004-01-01	Centro	x	99	cecab/blog/association_images/Vista_Alegre.png	2
4	Agua Francisca	2004-01-01	Centro	x	72	cecab/blog/association_images/Agua_Francisca.png	2
3	Agua Sampaio	2004-01-01	Centro	x	51	cecab/blog/association_images/Agua_Sampaio.png	3
30	Lemb	2004-01-01	Norte	x	95	cecab/blog/association_images/Lemba_Ponta_Furada.png	1
33	Malundo	2004-01-01	Norte	x	88	cecab/blog/association_images/Mulundo.png	1
31	Mara Luisa	2004-01-01	Norte	x	30	cecab/blog/association_images/Maria_Luisa.png	1
32	Monte Forte	2004-01-01	Norte	x	1	cecab/blog/association_images/Monte_Forte.png	1
35	Ribeira Funda	2004-01-01	Norte	x	48	cecab/blog/association_images/Ribeira_Funda.png	1
36	Ribeira Palma Praia	2004-01-01	Norte	x	15	cecab/blog/association_images/Ribeira_Palma_Praia.png	1
37	Rosema	2004-01-01	Norte	x	46	cecab/blog/association_images/Rosema.png	1
38	Santa Clotilde	2004-01-01	Norte	x	97	cecab/blog/association_images/Santa_Clotilde.png	1
41	Santa Jen	2004-01-01	Norte	x	33	cecab/blog/association_images/Santa_Jeny.png	1
40	Santa Teresa	2004-01-01	Norte	x	38	cecab/blog/association_images/Santa_Teresa.png	1
39	Sede DA/SM/RA	2004-01-01	Norte	x	91	cecab/blog/association_images/Santa_Catarina_Dona_Amaelia_So_Manuel_Rio_Ave.png	1
1	Ribeira Palma Sede	2004-01-01	Norte	x	24	cecab/blog/association_images/Ribeira_Palma_Sede.png	1
34	Paga Fogo	2004-01-01	Norte	x	25	cecab/blog/association_images/Paga_Fogo.jpg	1
\.


--
-- Data for Name: cecab_associationimages; Type: TABLE DATA; Schema: public; Owner: eurrkvbyncwetd
--

COPY "public"."cecab_associationimages" ("id", "image", "associaton_id") FROM stdin;
\.


--
-- Data for Name: cecab_band; Type: TABLE DATA; Schema: public; Owner: eurrkvbyncwetd
--

COPY "public"."cecab_band" ("id", "title", "link", "picture") FROM stdin;
1	Guadalupe	https://www.youtube.com/watch?v=PKN09s8QFC0	
\.


--
-- Data for Name: cecab_district; Type: TABLE DATA; Schema: public; Owner: eurrkvbyncwetd
--

COPY "public"."cecab_district" ("id", "name") FROM stdin;
1	Lemb
3	Lobata
2	M Zchi
\.


--
-- Data for Name: cecab_messages; Type: TABLE DATA; Schema: public; Owner: eurrkvbyncwetd
--

COPY "public"."cecab_messages" ("id", "name", "email", "text", "subject", "sent", "date") FROM stdin;
1	Edmilbe	edmilbe@gmail.com	Message Text	New Subject	t	2023-11-24 11:20:06.84883+00
2	Kilo	kilo@gmail.com	Menagem qq!	Informcao	t	2023-11-24 15:24:17.380592+00
3	Kilo	kilo@gmail.com	Menagem qq! 2	Informcao	t	2023-11-24 15:26:37.017315+00
\.


--
-- Data for Name: cecab_pathner; Type: TABLE DATA; Schema: public; Owner: eurrkvbyncwetd
--

COPY "public"."cecab_pathner" ("id", "title", "picture") FROM stdin;
1	Kaok	cecab/blog/pathner_images/th_3.jpg
\.


--
-- Data for Name: cecab_post; Type: TABLE DATA; Schema: public; Owner: eurrkvbyncwetd
--

COPY "public"."cecab_post" ("id", "title", "slug", "picture", "text_file", "active", "date") FROM stdin;
1	Dia da Mulher	dia-da-mulher	cecab/blog/post_images/th_5.jpg	cecab/blog/posts/Novo_Documento_do_Microsoft_Word.docx	t	2023-11-24 11:02:28.334387+00
\.


--
-- Data for Name: cecab_postdocument; Type: TABLE DATA; Schema: public; Owner: eurrkvbyncwetd
--

COPY "public"."cecab_postdocument" ("id", "document", "post_id") FROM stdin;
\.


--
-- Data for Name: cecab_postimages; Type: TABLE DATA; Schema: public; Owner: eurrkvbyncwetd
--

COPY "public"."cecab_postimages" ("id", "picture", "post_id") FROM stdin;
2	cecab/blog/post_images/WIN_20231116_09_18_30_Pro.jpg	1
\.


--
-- Data for Name: cecab_postvideos; Type: TABLE DATA; Schema: public; Owner: eurrkvbyncwetd
--

COPY "public"."cecab_postvideos" ("id", "video", "post_id") FROM stdin;
1	https://www.youtube.com/watch?v=9fb68HBMVWY	1
\.


--
-- Data for Name: cecab_role; Type: TABLE DATA; Schema: public; Owner: eurrkvbyncwetd
--

COPY "public"."cecab_role" ("id", "title") FROM stdin;
1	Diretor Executivo
\.


--
-- Data for Name: cecab_spot; Type: TABLE DATA; Schema: public; Owner: eurrkvbyncwetd
--

COPY "public"."cecab_spot" ("id", "title", "link", "created_at", "picture") FROM stdin;
1	Dia da Mulher	https://www.youtube.com/watch?v=PKN09s8QFC0	2023-09-12	cecab/blog/band_images/WIN_20231116_09_18_30_Pro.jpg
\.


--
-- Data for Name: cecab_team; Type: TABLE DATA; Schema: public; Owner: eurrkvbyncwetd
--

COPY "public"."cecab_team" ("id", "name", "picture", "role_id") FROM stdin;
2	Kilo	cecab/blog/team_images/th_3.jpg	1
\.


--
-- Data for Name: cecab_yeargols; Type: TABLE DATA; Schema: public; Owner: eurrkvbyncwetd
--

COPY "public"."cecab_yeargols" ("id", "year", "associations", "agricultors", "products") FROM stdin;
1	2020	42	3000	120.00
\.


--
-- Data for Name: certificates_biuldingtype; Type: TABLE DATA; Schema: public; Owner: eurrkvbyncwetd
--

COPY "public"."certificates_biuldingtype" ("id", "name", "prefix") FROM stdin;
1	Edifcio	um
2	Edifcio e respectivo muro de vedao	um
4	Muro de vedao	um
5	Barraca	uma
6	Quiosque	um
7	Estabelecimento comercial	um
\.


--
-- Data for Name: certificates_cemiterio; Type: TABLE DATA; Schema: public; Owner: eurrkvbyncwetd
--

COPY "public"."certificates_cemiterio" ("id", "name", "county_id") FROM stdin;
1	Trindade	1
\.


--
-- Data for Name: certificates_certificate; Type: TABLE DATA; Schema: public; Owner: eurrkvbyncwetd
--

COPY "public"."certificates_certificate" ("id", "number", "date_issue", "text", "main_person_id", "secondary_person_id", "type_id", "house_id", "file", "type_id1", "obs", "atestado_state", "status") FROM stdin;
2	284-2021	2023-11-04 21:21:04.582823+00	\N	32	\N	4	\N	camaramz/certificates/4-atestado-de-casamento/284-2021.pdf	1	\N	3	C
5	287-2021	2023-11-04 21:21:05.501182+00	\N	34	\N	4	\N	camaramz/certificates/4-atestado-de-casamento/287-2021.pdf	1	\N	3	C
7	289-2021	2023-11-04 21:21:06.071291+00	\N	36	\N	13	\N	camaramz/certificates/13-atestado-de-subsidio-de-transporte/289-2021.pdf	1	\N	3	C
8	290-2021	2023-11-04 21:21:06.350132+00	\N	37	\N	19	\N	camaramz/certificates/19-atestado-de-viagem/290-2021.pdf	1	\N	3	C
9	291-2021	2023-11-04 21:21:06.624164+00	\N	38	\N	4	\N	camaramz/certificates/4-atestado-de-casamento/291-2021.pdf	1	\N	3	C
11	292-2021	2023-11-04 21:21:06.905899+00	\N	40	\N	4	\N	camaramz/certificates/4-atestado-de-casamento/292-2021.pdf	1	\N	3	C
12	293-2021	2023-11-04 21:21:07.19842+00	\N	40	\N	4	\N	camaramz/certificates/4-atestado-de-casamento/293-2021.pdf	1	\N	3	C
13	294-2021	2023-11-04 21:21:07.474854+00	\N	39	\N	4	\N	camaramz/certificates/4-atestado-de-casamento/294-2021.pdf	1	\N	3	C
14	295-2021	2023-11-04 21:21:07.75333+00	\N	42	\N	4	\N	camaramz/certificates/4-atestado-de-casamento/295-2021.pdf	1	\N	3	C
15	296-2021	2023-11-04 21:21:08.046059+00	\N	43	\N	4	\N	camaramz/certificates/4-atestado-de-casamento/296-2021.pdf	1	\N	3	C
17	297-2021	2023-11-04 21:21:08.339533+00	\N	44	\N	13	\N	camaramz/certificates/13-atestado-de-subsidio-de-transporte/297-2021.pdf	1	\N	3	C
19	299-2021	2023-11-04 21:21:08.618346+00	\N	46	\N	4	\N	camaramz/certificates/4-atestado-de-casamento/299-2021.pdf	1	\N	3	C
20	300-2021	2023-11-04 21:21:08.908043+00	\N	47	\N	4	\N	camaramz/certificates/4-atestado-de-casamento/300-2021.pdf	1	\N	3	C
21	301-2021	2023-11-04 21:21:09.173014+00	\N	48	\N	4	\N	camaramz/certificates/4-atestado-de-casamento/301-2021.pdf	1	\N	3	C
22	302-2021	2023-11-04 21:21:09.449047+00	\N	49	\N	2	\N	camaramz/certificates/2-atestado-de-bolsa-de-estudo/302-2021.pdf	1	\N	3	C
24	303-2021	2023-11-04 21:21:09.707224+00	\N	50	\N	12	\N	camaramz/certificates/12-atestado-de-percepcao-da-pensao-de-sobrevivencia-por-morte/303-2021.pdf	1	\N	3	C
25	304-2021	2023-11-04 21:21:09.992257+00	\N	51	\N	8	\N	camaramz/certificates/8-atestado-de-fixacao-de-residencia/304-2021.pdf	1	\N	3	C
27	305-2021	2023-11-04 21:21:10.269938+00	\N	52	\N	4	\N	camaramz/certificates/4-atestado-de-casamento/305-2021.pdf	1	\N	3	C
28	306-2021	2023-11-04 21:21:10.575261+00	\N	53	\N	4	\N	camaramz/certificates/4-atestado-de-casamento/306-2021.pdf	1	\N	3	C
29	307-2021	2023-11-04 21:21:10.880046+00	\N	54	\N	19	\N	camaramz/certificates/19-atestado-de-viagem/307-2021.pdf	1	\N	3	C
30	308-2021	2023-11-04 21:21:11.157839+00	\N	55	\N	4	\N	camaramz/certificates/4-atestado-de-casamento/308-2021.pdf	1	\N	3	C
31	309-2021	2023-11-04 21:21:11.461502+00	\N	56	\N	4	\N	camaramz/certificates/4-atestado-de-casamento/309-2021.pdf	1	\N	3	C
32	310-2021	2023-11-04 21:21:11.745402+00	\N	57	\N	4	\N	camaramz/certificates/4-atestado-de-casamento/310-2021.pdf	1	\N	3	C
33	311-2021	2023-11-04 21:21:12.026433+00	\N	58	\N	18	\N	camaramz/certificates/18-atestado-de-agregado-familiar/311-2021.pdf	1	\N	3	C
34	312-2021	2023-11-04 21:21:12.286579+00	\N	60	\N	18	\N	camaramz/certificates/18-atestado-de-agregado-familiar/312-2021.pdf	1	\N	3	C
35	313-2021	2023-11-04 21:21:12.588089+00	\N	61	\N	4	\N	camaramz/certificates/4-atestado-de-casamento/313-2021.pdf	1	\N	3	C
36	314-2021	2023-11-04 21:21:12.865706+00	\N	62	\N	4	\N	camaramz/certificates/4-atestado-de-casamento/314-2021.pdf	1	\N	3	C
37	315-2021	2023-11-04 21:21:13.140555+00	\N	63	\N	4	\N	camaramz/certificates/4-atestado-de-casamento/315-2021.pdf	1	\N	3	C
38	316-2021	2023-11-04 21:21:13.423112+00	\N	64	\N	4	\N	camaramz/certificates/4-atestado-de-casamento/316-2021.pdf	1	\N	3	C
39	317-2021	2023-11-04 21:21:13.704178+00	\N	65	\N	12	\N	camaramz/certificates/12-atestado-de-percepcao-da-pensao-de-sobrevivencia-por-morte/317-2021.pdf	1	\N	3	C
40	318-2021	2023-11-04 21:21:14.00447+00	\N	66	\N	18	\N	camaramz/certificates/18-atestado-de-agregado-familiar/318-2021.pdf	1	\N	3	C
42	319-2021	2023-11-04 21:21:14.288897+00	\N	67	\N	18	\N	camaramz/certificates/18-atestado-de-agregado-familiar/319-2021.pdf	1	\N	3	C
43	320-2021	2023-11-04 21:21:14.559167+00	\N	68	\N	16	\N	camaramz/certificates/16-atestado-de-residencia/320-2021.pdf	1	\N	3	C
44	321-2021	2023-11-04 21:21:14.838588+00	\N	1041	\N	16	\N	camaramz/certificates/16-atestado-de-residencia/321-2021.pdf	1	\N	3	C
45	322-2021	2023-11-04 21:21:15.11956+00	\N	70	\N	2	\N	camaramz/certificates/2-atestado-de-bolsa-de-estudo/322-2021.pdf	1	\N	3	C
46	323-2021	2023-11-04 21:21:15.40779+00	\N	71	\N	4	\N	camaramz/certificates/4-atestado-de-casamento/323-2021.pdf	1	\N	3	C
48	324-2021	2023-11-04 21:21:15.697659+00	\N	72	\N	1	\N	camaramz/certificates/1-atestado-de-emprego/324-2021.pdf	1	\N	3	C
49	325-2021	2023-11-04 21:21:15.988999+00	\N	73	\N	4	\N	camaramz/certificates/4-atestado-de-casamento/325-2021.pdf	1	\N	3	C
51	326-2021	2023-11-04 21:21:16.268662+00	\N	74	\N	4	\N	camaramz/certificates/4-atestado-de-casamento/326-2021.pdf	1	\N	3	C
52	327-2021	2023-11-04 21:21:16.537757+00	\N	75	\N	13	\N	camaramz/certificates/13-atestado-de-subsidio-de-transporte/327-2021.pdf	1	\N	3	C
53	328-2021	2023-11-04 21:21:16.799651+00	\N	77	\N	16	\N	camaramz/certificates/16-atestado-de-residencia/328-2021.pdf	1	\N	3	C
54	329-2021	2023-11-04 21:21:17.082036+00	\N	78	\N	18	\N	camaramz/certificates/18-atestado-de-agregado-familiar/329-2021.pdf	1	\N	3	C
55	330-2021	2023-11-04 21:21:17.367741+00	\N	76	\N	18	\N	camaramz/certificates/18-atestado-de-agregado-familiar/330-2021.pdf	1	\N	3	C
56	331-2021	2023-11-04 21:21:17.638156+00	\N	79	\N	4	\N	camaramz/certificates/4-atestado-de-casamento/331-2021.pdf	1	\N	3	C
57	332-2021	2023-11-04 21:21:17.909768+00	\N	80	\N	4	\N	camaramz/certificates/4-atestado-de-casamento/332-2021.pdf	1	DATA A EMISSO DE BILHETE EST ERADO.	3	C
58	333-2021	2023-11-04 21:21:18.192871+00	\N	79	\N	4	\N	camaramz/certificates/4-atestado-de-casamento/333-2021.pdf	1	\N	3	C
60	334-2021	2023-11-04 21:21:18.475597+00	\N	81	\N	4	\N	camaramz/certificates/4-atestado-de-casamento/334-2021.pdf	1	\N	3	C
61	335-2021	2023-11-04 21:21:18.763245+00	\N	82	\N	4	\N	camaramz/certificates/4-atestado-de-casamento/335-2021.pdf	1	Pf reve o nome da pessoa que est a pedir atestado	3	C
806	66-2022	2023-11-04 22:09:54.362497+00	\N	790	\N	16	\N	camaramz/certificates/16-atestado-de-residencia/66-2022.pdf	1	\N	3	C
810	69-2022	2023-11-04 22:09:57.535439+00	\N	796	\N	15	\N	camaramz/certificates/15-atestado-de-prova-de-vida/69-2022.pdf	1	\N	3	C
62	336-2021	2023-11-04 21:21:19.047102+00	\N	83	\N	4	\N	camaramz/certificates/4-atestado-de-casamento/336-2021.pdf	1	\N	3	C
63	337-2021	2023-11-04 21:21:19.321049+00	\N	84	\N	4	\N	camaramz/certificates/4-atestado-de-casamento/337-2021.pdf	1	\N	3	C
64	338-2021	2023-11-04 21:21:19.600766+00	\N	85	\N	4	\N	camaramz/certificates/4-atestado-de-casamento/338-2021.pdf	1	\N	3	C
65	339-2021	2023-11-04 21:21:19.886209+00	\N	86	\N	4	\N	camaramz/certificates/4-atestado-de-casamento/339-2021.pdf	1	\N	3	C
66	340-2021	2023-11-04 21:21:20.188341+00	\N	87	\N	16	\N	camaramz/certificates/16-atestado-de-residencia/340-2021.pdf	1	\N	3	C
67	341-2021	2023-11-04 21:21:20.470292+00	\N	88	\N	4	\N	camaramz/certificates/4-atestado-de-casamento/341-2021.pdf	1	\N	3	C
68	342-2021	2023-11-04 21:21:20.75524+00	\N	89	\N	4	\N	camaramz/certificates/4-atestado-de-casamento/342-2021.pdf	1	\N	3	C
69	343-2021	2023-11-04 21:21:21.018137+00	\N	90	\N	2	\N	camaramz/certificates/2-atestado-de-bolsa-de-estudo/343-2021.pdf	1	\N	3	C
70	344-2021	2023-11-04 21:21:21.305183+00	\N	90	\N	2	\N	camaramz/certificates/2-atestado-de-bolsa-de-estudo/344-2021.pdf	1	\N	3	C
71	345-2021	2023-11-04 21:21:21.573253+00	\N	91	\N	16	\N	camaramz/certificates/16-atestado-de-residencia/345-2021.pdf	1	\N	3	C
72	346-2021	2023-11-04 21:21:21.851532+00	\N	92	\N	16	\N	camaramz/certificates/16-atestado-de-residencia/346-2021.pdf	1	\N	3	C
73	347-2021	2023-11-04 21:21:22.137326+00	\N	93	\N	16	\N	camaramz/certificates/16-atestado-de-residencia/347-2021.pdf	1	\N	3	C
74	348-2021	2023-11-04 21:21:22.417148+00	\N	94	\N	4	\N	camaramz/certificates/4-atestado-de-casamento/348-2021.pdf	1	\N	3	C
75	349-2021	2023-11-04 21:21:22.710773+00	\N	95	\N	4	\N	camaramz/certificates/4-atestado-de-casamento/349-2021.pdf	1	\N	3	C
76	350-2021	2023-11-04 21:21:22.972988+00	\N	96	\N	18	\N	camaramz/certificates/18-atestado-de-agregado-familiar/350-2021.pdf	1	Quem est a cargo de quem	3	C
77	351-2021	2023-11-04 21:21:23.275134+00	\N	97	\N	19	\N	camaramz/certificates/19-atestado-de-viagem/351-2021.pdf	1	\N	3	C
78	352-2021	2023-11-04 21:21:23.553084+00	\N	98	\N	1	\N	camaramz/certificates/1-atestado-de-emprego/352-2021.pdf	1	\N	3	C
79	353-2021	2023-11-04 21:21:23.825767+00	\N	98	\N	18	\N	camaramz/certificates/18-atestado-de-agregado-familiar/353-2021.pdf	1	\N	3	C
80	354-2021	2023-11-04 21:21:24.086463+00	\N	100	\N	16	\N	camaramz/certificates/16-atestado-de-residencia/354-2021.pdf	1	\N	3	C
81	355-2021	2023-11-04 21:21:24.369526+00	\N	101	\N	16	\N	camaramz/certificates/16-atestado-de-residencia/355-2021.pdf	1	\N	3	C
82	356-2021	2023-11-04 21:21:24.651524+00	\N	102	\N	16	\N	camaramz/certificates/16-atestado-de-residencia/356-2021.pdf	1	\N	3	C
83	357-2021	2023-11-04 21:21:24.913331+00	\N	103	\N	16	\N	camaramz/certificates/16-atestado-de-residencia/357-2021.pdf	1	\N	3	C
84	358-2021	2023-11-04 21:21:25.197932+00	\N	104	\N	16	\N	camaramz/certificates/16-atestado-de-residencia/358-2021.pdf	1	\N	3	C
85	359-2021	2023-11-04 21:21:25.477704+00	\N	105	\N	4	\N	camaramz/certificates/4-atestado-de-casamento/359-2021.pdf	1	\N	3	C
86	360-2021	2023-11-04 21:21:25.754771+00	\N	106	\N	4	\N	camaramz/certificates/4-atestado-de-casamento/360-2021.pdf	1	\N	3	C
87	361-2021	2023-11-04 21:21:26.041774+00	\N	107	\N	16	\N	camaramz/certificates/16-atestado-de-residencia/361-2021.pdf	1	\N	3	C
88	362-2021	2023-11-04 21:21:26.320899+00	\N	108	\N	16	\N	camaramz/certificates/16-atestado-de-residencia/362-2021.pdf	1	\N	3	C
89	363-2021	2023-11-04 21:21:26.598553+00	\N	109	\N	4	\N	camaramz/certificates/4-atestado-de-casamento/363-2021.pdf	1	\N	3	C
90	364-2021	2023-11-04 21:21:26.878881+00	\N	110	\N	4	\N	camaramz/certificates/4-atestado-de-casamento/364-2021.pdf	1	\N	3	C
91	365-2021	2023-11-04 21:21:27.164233+00	\N	99	\N	18	\N	camaramz/certificates/18-atestado-de-agregado-familiar/365-2021.pdf	1	\N	3	C
92	366-2021	2023-11-04 21:21:27.450855+00	\N	111	\N	16	\N	camaramz/certificates/16-atestado-de-residencia/366-2021.pdf	1	\N	3	C
93	367-2021	2023-11-04 21:21:27.729411+00	\N	112	\N	18	\N	camaramz/certificates/18-atestado-de-agregado-familiar/367-2021.pdf	1	\N	3	C
94	368-2021	2023-11-04 21:21:27.985482+00	\N	113	\N	2	\N	camaramz/certificates/2-atestado-de-bolsa-de-estudo/368-2021.pdf	1	Faa leitura correcta	3	C
96	370-2021	2023-11-04 21:21:28.56339+00	\N	115	\N	19	\N	camaramz/certificates/19-atestado-de-viagem/370-2021.pdf	1	\N	3	C
97	371-2021	2023-11-04 21:21:28.851115+00	\N	116	\N	4	\N	camaramz/certificates/4-atestado-de-casamento/371-2021.pdf	1	Norberta  Viva	3	C
98	372-2021	2023-11-04 21:21:29.109612+00	\N	120	\N	16	\N	camaramz/certificates/16-atestado-de-residencia/372-2021.pdf	1	Norberta  Viuva	3	C
99	373-2021	2023-11-04 21:21:29.383321+00	\N	117	\N	4	\N	camaramz/certificates/4-atestado-de-casamento/373-2021.pdf	1	\N	3	C
100	374-2021	2023-11-04 21:21:29.670225+00	\N	118	\N	16	\N	camaramz/certificates/16-atestado-de-residencia/374-2021.pdf	1	\N	3	C
101	375-2021	2023-11-04 21:21:29.971388+00	\N	119	\N	16	\N	camaramz/certificates/16-atestado-de-residencia/375-2021.pdf	1	\N	3	C
102	376-2021	2023-11-04 21:21:30.260445+00	\N	120	\N	16	\N	camaramz/certificates/16-atestado-de-residencia/376-2021.pdf	1	Onde vive este jovem mesmo	3	C
103	377-2021	2023-11-04 21:21:30.524509+00	\N	121	\N	16	\N	camaramz/certificates/16-atestado-de-residencia/377-2021.pdf	1	\N	3	C
104	378-2021	2023-11-04 21:21:30.802811+00	\N	122	\N	16	\N	camaramz/certificates/16-atestado-de-residencia/378-2021.pdf	1	\N	3	C
105	379-2021	2023-11-04 21:21:31.078718+00	\N	123	\N	16	\N	camaramz/certificates/16-atestado-de-residencia/379-2021.pdf	1	\N	3	C
106	380-2021	2023-11-04 21:21:31.376215+00	\N	124	\N	16	\N	camaramz/certificates/16-atestado-de-residencia/380-2021.pdf	1	\N	3	C
107	381-2021	2023-11-04 21:21:31.636606+00	\N	125	\N	16	\N	camaramz/certificates/16-atestado-de-residencia/381-2021.pdf	1	\N	3	C
108	382-2021	2023-11-04 21:21:31.918618+00	\N	126	\N	16	\N	camaramz/certificates/16-atestado-de-residencia/382-2021.pdf	1	\N	3	C
109	383-2021	2023-11-04 21:21:32.19942+00	\N	127	\N	16	\N	camaramz/certificates/16-atestado-de-residencia/383-2021.pdf	1	\N	3	C
110	384-2021	2023-11-04 21:21:33.101967+00	\N	128	\N	16	\N	camaramz/certificates/16-atestado-de-residencia/384-2021.pdf	1	\N	3	C
812	71-2022	2023-11-04 22:09:58.865916+00	\N	797	\N	4	\N	camaramz/certificates/4-atestado-de-casamento/71-2022.pdf	1	\N	3	C
814	73-2022	2023-11-04 22:10:00.18642+00	\N	799	\N	30	\N	camaramz/certificates/30-atestado-de-convenientes/73-2022.pdf	1	\N	3	C
111	385-2021	2023-11-04 21:21:33.398355+00	\N	129	\N	16	\N	camaramz/certificates/16-atestado-de-residencia/385-2021.pdf	1	\N	3	C
817	76-2022	2023-11-04 22:10:02.118657+00	\N	792	\N	4	\N	camaramz/certificates/4-atestado-de-casamento/76-2022.pdf	1	\N	3	C
181	455-2021	2023-11-04 21:44:26.963104+00	\N	206	\N	2	\N	camaramz/certificates/2-atestado-de-bolsa-de-estudo/455-2021.pdf	1	\N	3	C
819	78-2022	2023-11-04 22:10:03.410723+00	\N	803	\N	19	\N	camaramz/certificates/19-atestado-de-viagem/78-2022.pdf	1	\N	3	C
821	5-2022	2023-11-04 22:10:04.675536+00	\N	805	\N	23	\N	camaramz/certificates/23-autorizacao-de-autorizacao-de-construcao/5-2022.pdf	2	\N	3	C
824	82-2022	2023-11-04 22:10:06.611968+00	\N	801	\N	30	\N	camaramz/certificates/30-atestado-de-convenientes/82-2022.pdf	1	\N	3	C
827	85-2022	2023-11-04 22:10:08.650003+00	\N	809	\N	30	\N	camaramz/certificates/30-atestado-de-convenientes/85-2022.pdf	1	\N	3	C
828	86-2022	2023-11-04 22:10:09.301058+00	\N	810	\N	30	\N	camaramz/certificates/30-atestado-de-convenientes/86-2022.pdf	1	\N	3	C
831	89-2022	2023-11-04 22:10:11.29412+00	\N	813	\N	16	\N	camaramz/certificates/16-atestado-de-residencia/89-2022.pdf	1	\N	3	C
833	91-2022	2023-11-04 22:10:12.658423+00	\N	815	\N	4	\N	camaramz/certificates/4-atestado-de-casamento/91-2022.pdf	1	\N	3	C
835	93-2022	2023-11-04 22:10:13.966633+00	\N	818	\N	13	\N	camaramz/certificates/13-atestado-de-subsidio-de-transporte/93-2022.pdf	1	\N	3	C
838	96-2022	2023-11-04 22:10:15.917043+00	\N	822	\N	30	\N	camaramz/certificates/30-atestado-de-convenientes/96-2022.pdf	1	\N	3	C
840	98-2022	2023-11-04 22:10:17.193693+00	\N	823	\N	15	\N	camaramz/certificates/15-atestado-de-prova-de-vida/98-2022.pdf	1	\N	3	C
843	101-2022	2023-11-04 22:10:19.106936+00	\N	829	\N	16	\N	camaramz/certificates/16-atestado-de-residencia/101-2022.pdf	1	\N	3	C
845	103-2022	2023-11-04 22:10:20.368438+00	\N	827	\N	16	\N	camaramz/certificates/16-atestado-de-residencia/103-2022.pdf	1	\N	3	C
850	108-2022	2023-11-04 22:10:23.635648+00	\N	832	\N	10	\N	camaramz/certificates/10-atestado-de-percepcao-da-pensao-de-aposentacao/108-2022.pdf	1	\N	3	C
852	110-2022	2023-11-04 22:10:24.880807+00	\N	834	\N	10	\N	camaramz/certificates/10-atestado-de-percepcao-da-pensao-de-aposentacao/110-2022.pdf	1	\N	3	C
854	112-2022	2023-11-04 22:10:26.182792+00	\N	203	\N	2	\N	camaramz/certificates/2-atestado-de-bolsa-de-estudo/112-2022.pdf	1	\N	3	C
857	115-2022	2023-11-04 22:10:28.127087+00	\N	839	\N	10	\N	camaramz/certificates/10-atestado-de-percepcao-da-pensao-de-aposentacao/115-2022.pdf	1	\N	3	C
860	117-2022	2023-11-04 22:10:29.407409+00	\N	294	\N	30	\N	camaramz/certificates/30-atestado-de-convenientes/117-2022.pdf	1	\N	3	C
863	120-2022	2023-11-04 22:10:31.346358+00	\N	843	\N	30	\N	camaramz/certificates/30-atestado-de-convenientes/120-2022.pdf	1	\N	3	C
866	123-2022	2023-11-04 22:10:33.426867+00	\N	847	\N	16	\N	camaramz/certificates/16-atestado-de-residencia/123-2022.pdf	1	\N	3	C
868	125-2022	2023-11-04 22:10:34.737365+00	\N	850	\N	30	\N	camaramz/certificates/30-atestado-de-convenientes/125-2022.pdf	1	\N	3	C
871	128-2022	2023-11-04 22:10:36.660546+00	\N	852	\N	10	\N	camaramz/certificates/10-atestado-de-percepcao-da-pensao-de-aposentacao/128-2022.pdf	1	\N	3	C
873	130-2022	2023-11-04 22:10:37.987168+00	\N	854	\N	4	\N	camaramz/certificates/4-atestado-de-casamento/130-2022.pdf	1	\N	3	C
875	131-2022	2023-11-04 22:10:39.253333+00	\N	856	\N	18	\N	camaramz/certificates/18-atestado-de-agregado-familiar/131-2022.pdf	1	\N	3	C
879	135-2022	2023-11-04 22:10:41.826524+00	\N	858	\N	10	\N	camaramz/certificates/10-atestado-de-percepcao-da-pensao-de-aposentacao/135-2022.pdf	1	\N	3	C
881	137-2022	2023-11-04 22:10:43.106585+00	\N	860	\N	4	\N	camaramz/certificates/4-atestado-de-casamento/137-2022.pdf	1	\N	3	C
884	140-2022	2023-11-04 22:10:45.051884+00	\N	863	\N	10	\N	camaramz/certificates/10-atestado-de-percepcao-da-pensao-de-aposentacao/140-2022.pdf	1	\N	3	C
886	142-2022	2023-11-04 22:10:46.462453+00	\N	864	\N	30	\N	camaramz/certificates/30-atestado-de-convenientes/142-2022.pdf	1	a de Mateus Tefilo Oliveira e de Maria de LURDES da Luz,	3	C
887	143-2022	2023-11-04 22:10:47.235059+00	\N	865	\N	30	\N	camaramz/certificates/30-atestado-de-convenientes/143-2022.pdf	1	\N	3	C
890	1-2022	2023-11-04 22:10:49.182316+00	\N	867	\N	32	\N	camaramz/certificates/32-licenca-de-licencas-para-baile/1-2022.pdf	10	\N	1	P
896	147-2022	2023-11-04 22:10:50.505303+00	\N	541	\N	18	\N	camaramz/certificates/18-atestado-de-agregado-familiar/147-2022.pdf	1	\N	3	C
907	150-2022	2023-11-04 22:10:52.385012+00	\N	871	\N	16	\N	camaramz/certificates/16-atestado-de-residencia/150-2022.pdf	1	\N	3	C
909	152-2022	2023-11-04 22:10:53.7148+00	\N	873	\N	4	\N	camaramz/certificates/4-atestado-de-casamento/152-2022.pdf	1	\N	3	C
912	155-2022	2023-11-04 22:10:55.580567+00	\N	876	\N	4	\N	camaramz/certificates/4-atestado-de-casamento/155-2022.pdf	1	\N	3	C
914	157-2022	2023-11-04 22:10:56.832393+00	\N	275	\N	30	\N	camaramz/certificates/30-atestado-de-convenientes/157-2022.pdf	1	\N	3	C
917	160-2022	2023-11-04 22:10:58.773442+00	\N	879	\N	4	\N	camaramz/certificates/4-atestado-de-casamento/160-2022.pdf	1	\N	3	C
920	163-2022	2023-11-04 22:11:00.690432+00	\N	882	\N	19	\N	camaramz/certificates/19-atestado-de-viagem/163-2022.pdf	1	\N	3	C
922	165-2022	2023-11-04 22:11:01.949001+00	\N	884	\N	19	\N	camaramz/certificates/19-atestado-de-viagem/165-2022.pdf	1	\N	3	C
924	167-2022	2023-11-04 22:11:04.448354+00	\N	886	\N	8	\N	camaramz/certificates/8-atestado-de-fixacao-de-residencia/167-2022.pdf	1	\N	3	C
930	5-2022	2023-11-04 22:11:06.359567+00	\N	895	\N	32	\N	camaramz/certificates/32-licenca-de-licencas-para-baile/5-2022.pdf	10	\N	3	C
932	175-2022	2023-11-04 22:11:07.628801+00	\N	890	\N	30	\N	camaramz/certificates/30-atestado-de-convenientes/175-2022.pdf	1	\N	3	C
935	178-2022	2023-11-04 22:11:09.586578+00	\N	893	\N	30	\N	camaramz/certificates/30-atestado-de-convenientes/178-2022.pdf	1	\N	3	C
938	180-2022	2023-11-04 22:11:11.472986+00	\N	897	\N	4	\N	camaramz/certificates/4-atestado-de-casamento/180-2022.pdf	1	\N	3	C
940	2-2022	2023-11-04 22:11:12.765959+00	\N	551	\N	24	\N	camaramz/certificates/24-certificado-de-certificado-de-compra-de-coval/2-2022.pdf	3	\N	3	C
943	184-2022	2023-11-04 22:11:14.698683+00	\N	901	\N	16	\N	camaramz/certificates/16-atestado-de-residencia/184-2022.pdf	1	\N	3	C
945	186-2022	2023-11-04 22:11:15.97735+00	\N	902	\N	4	\N	camaramz/certificates/4-atestado-de-casamento/186-2022.pdf	1	\N	3	C
949	190-2022	2023-11-04 22:11:18.951617+00	\N	906	\N	19	\N	camaramz/certificates/19-atestado-de-viagem/190-2022.pdf	1	\N	3	C
951	192-2022	2023-11-04 22:12:15.999712+00	\N	359	\N	18	\N	camaramz/certificates/18-atestado-de-agregado-familiar/192-2022.pdf	1	\N	3	C
954	194-2022	2023-11-04 22:12:17.929471+00	\N	910	\N	4	\N	camaramz/certificates/4-atestado-de-casamento/194-2022.pdf	1	\N	3	C
957	197-2022	2023-11-04 22:12:19.854948+00	\N	913	\N	4	\N	camaramz/certificates/4-atestado-de-casamento/197-2022.pdf	1	\N	3	C
959	198-2022	2023-11-04 22:12:21.309196+00	\N	914	\N	16	\N	camaramz/certificates/16-atestado-de-residencia/198-2022.pdf	1	\N	3	C
962	201-2022	2023-11-04 22:12:23.309886+00	\N	917	\N	10	\N	camaramz/certificates/10-atestado-de-percepcao-da-pensao-de-aposentacao/201-2022.pdf	1	\N	3	C
964	4-2022	2023-11-04 22:12:24.744989+00	\N	699	\N	27	\N	camaramz/certificates/27-licenca-de-licencas-para-barraca/4-2022.pdf	6	\N	3	C
967	205-2022	2023-11-04 22:12:26.866963+00	\N	922	\N	2	\N	camaramz/certificates/2-atestado-de-bolsa-de-estudo/205-2022.pdf	1	\N	3	C
969	207-2022	2023-11-04 22:12:28.351627+00	\N	924	\N	4	\N	camaramz/certificates/4-atestado-de-casamento/207-2022.pdf	1	\N	3	C
972	210-2022	2023-11-04 22:12:30.453518+00	\N	927	\N	4	\N	camaramz/certificates/4-atestado-de-casamento/210-2022.pdf	1	\N	3	C
975	213-2022	2023-11-04 22:12:32.423047+00	\N	930	\N	2	\N	camaramz/certificates/2-atestado-de-bolsa-de-estudo/213-2022.pdf	1	\N	3	C
978	216-2022	2023-11-04 22:12:34.459805+00	\N	933	\N	30	\N	camaramz/certificates/30-atestado-de-convenientes/216-2022.pdf	1	\N	3	C
980	3-2022	2023-11-04 22:12:35.722654+00	\N	538	\N	24	\N	camaramz/certificates/24-certificado-de-certificado-de-compra-de-coval/3-2022.pdf	3	\N	3	C
983	219-2022	2023-11-04 22:12:37.643524+00	\N	937	\N	30	\N	camaramz/certificates/30-atestado-de-convenientes/219-2022.pdf	1	\N	3	C
985	221-2022	2023-11-04 22:12:38.914486+00	\N	940	\N	4	\N	camaramz/certificates/4-atestado-de-casamento/221-2022.pdf	1	\N	3	C
988	224-2022	2023-11-04 22:12:40.864593+00	\N	942	\N	4	\N	camaramz/certificates/4-atestado-de-casamento/224-2022.pdf	1	\N	3	C
990	226-2022	2023-11-04 22:12:42.204482+00	\N	939	\N	30	\N	camaramz/certificates/30-atestado-de-convenientes/226-2022.pdf	1	\N	3	C
993	228-2022	2023-11-04 22:12:44.18289+00	\N	945	\N	10	\N	camaramz/certificates/10-atestado-de-percepcao-da-pensao-de-aposentacao/228-2022.pdf	1	\N	3	C
995	230-2022	2023-11-04 22:12:45.492605+00	\N	947	\N	9	\N	camaramz/certificates/9-atestado-de-nacionalidade-santomense/230-2022.pdf	1	\N	3	C
1002	231-2022	2023-11-04 22:12:46.139951+00	\N	948	\N	2	\N	camaramz/certificates/2-atestado-de-bolsa-de-estudo/231-2022.pdf	1	\N	3	C
1005	234-2022	2023-11-04 22:12:48.111539+00	\N	951	\N	30	\N	camaramz/certificates/30-atestado-de-convenientes/234-2022.pdf	1	\N	3	C
1008	237-2022	2023-11-04 22:12:50.100486+00	\N	954	\N	30	\N	camaramz/certificates/30-atestado-de-convenientes/237-2022.pdf	1	\N	3	C
1011	238-2022	2023-11-04 22:12:51.417754+00	\N	956	\N	4	\N	camaramz/certificates/4-atestado-de-casamento/238-2022.pdf	1	\N	3	C
1014	241-2022	2023-11-04 22:12:53.400069+00	\N	959	\N	4	\N	camaramz/certificates/4-atestado-de-casamento/241-2022.pdf	1	\N	3	C
1016	243-2022	2023-11-04 22:12:54.701196+00	\N	961	\N	30	\N	camaramz/certificates/30-atestado-de-convenientes/243-2022.pdf	1	\N	3	C
1019	246-2022	2023-11-04 22:12:56.702223+00	\N	964	\N	4	\N	camaramz/certificates/4-atestado-de-casamento/246-2022.pdf	1	\N	3	C
1021	248-2022	2023-11-04 22:12:58.014722+00	\N	966	\N	10	\N	camaramz/certificates/10-atestado-de-percepcao-da-pensao-de-aposentacao/248-2022.pdf	1	\N	3	C
1024	251-2022	2023-11-04 22:13:00.157164+00	\N	969	\N	4	\N	camaramz/certificates/4-atestado-de-casamento/251-2022.pdf	1	\N	3	C
1027	254-2022	2023-11-04 22:13:02.166501+00	\N	972	\N	4	\N	camaramz/certificates/4-atestado-de-casamento/254-2022.pdf	1	\N	3	C
1030	257-2022	2023-11-04 22:13:04.098387+00	\N	974	\N	30	\N	camaramz/certificates/30-atestado-de-convenientes/257-2022.pdf	1	\N	3	C
1033	260-2022	2023-11-04 22:13:06.260319+00	\N	976	\N	30	\N	camaramz/certificates/30-atestado-de-convenientes/260-2022.pdf	1	\N	3	C
1035	262-2022	2023-11-04 22:13:07.656951+00	\N	979	\N	4	\N	camaramz/certificates/4-atestado-de-casamento/262-2022.pdf	1	\N	3	C
1037	264-2022	2023-11-04 22:13:08.964863+00	\N	981	\N	10	\N	camaramz/certificates/10-atestado-de-percepcao-da-pensao-de-aposentacao/264-2022.pdf	1	\N	3	C
1040	267-2022	2023-11-04 22:13:11.068417+00	\N	984	\N	4	\N	camaramz/certificates/4-atestado-de-casamento/267-2022.pdf	1	\N	3	C
1043	270-2022	2023-11-04 22:13:13.008624+00	\N	987	\N	16	\N	camaramz/certificates/16-atestado-de-residencia/270-2022.pdf	1	\N	3	C
1045	272-2022	2023-11-04 22:13:14.267062+00	\N	989	\N	8	\N	camaramz/certificates/8-atestado-de-fixacao-de-residencia/272-2022.pdf	1	\N	3	C
1047	274-2022	2023-11-04 22:13:15.555163+00	\N	991	\N	8	\N	camaramz/certificates/8-atestado-de-fixacao-de-residencia/274-2022.pdf	1	\N	3	C
1048	275-2022	2023-11-04 22:13:16.17545+00	\N	992	\N	30	\N	camaramz/certificates/30-atestado-de-convenientes/275-2022.pdf	1	\N	3	C
1049	276-2022	2023-11-04 22:13:16.805422+00	\N	994	\N	4	\N	camaramz/certificates/4-atestado-de-casamento/276-2022.pdf	1	\N	3	C
1050	7-2022	2023-11-04 22:13:17.517383+00	\N	995	\N	32	\N	camaramz/certificates/32-licenca-de-licencas-para-baile/7-2022.pdf	10	\N	1	P
1051	277-2022	2023-11-04 22:13:18.225313+00	\N	996	\N	4	\N	camaramz/certificates/4-atestado-de-casamento/277-2022.pdf	1	\N	3	C
1052	278-2022	2023-11-04 22:13:18.864421+00	\N	997	\N	10	\N	camaramz/certificates/10-atestado-de-percepcao-da-pensao-de-aposentacao/278-2022.pdf	1	\N	3	C
1053	279-2022	2023-11-04 22:13:19.498387+00	\N	993	\N	10	\N	camaramz/certificates/10-atestado-de-percepcao-da-pensao-de-aposentacao/279-2022.pdf	1	\N	3	C
1055	8-2022	2023-11-04 22:13:20.765072+00	\N	995	\N	32	\N	camaramz/certificates/32-licenca-de-licencas-para-baile/8-2022.pdf	10	\N	1	P
1056	9-2022	2023-11-04 22:13:21.46278+00	\N	867	\N	32	\N	camaramz/certificates/32-licenca-de-licencas-para-baile/9-2022.pdf	10	\N	1	P
1057	281-2022	2023-11-04 22:13:22.131045+00	\N	999	\N	10	\N	camaramz/certificates/10-atestado-de-percepcao-da-pensao-de-aposentacao/281-2022.pdf	1	\N	3	C
1058	282-2022	2023-11-04 22:13:23.972659+00	\N	1098	\N	4	\N	camaramz/certificates/4-atestado-de-casamento/282-2022.pdf	1	Testemunha	3	C
1059	283-2022	2023-11-04 22:13:24.599077+00	\N	1001	\N	10	\N	camaramz/certificates/10-atestado-de-percepcao-da-pensao-de-aposentacao/283-2022.pdf	1	\N	3	C
273	539-2021	2023-11-04 21:50:37.992348+00	\N	294	\N	18	\N	camaramz/certificates/18-atestado-de-agregado-familiar/539-2021.pdf	1	\N	3	C
1060	284-2022	2023-11-04 22:13:25.218527+00	\N	1002	\N	4	\N	camaramz/certificates/4-atestado-de-casamento/284-2022.pdf	1	Testemunha	3	C
1061	285-2022	2023-11-04 22:13:25.842276+00	\N	1003	\N	10	\N	camaramz/certificates/10-atestado-de-percepcao-da-pensao-de-aposentacao/285-2022.pdf	1	\N	3	C
1062	286-2022	2023-11-04 22:13:26.488473+00	\N	1004	\N	18	\N	camaramz/certificates/18-atestado-de-agregado-familiar/286-2022.pdf	1	nascido em vinte e trs de Setembro de mil,novecentos e sessenta e nove.Pea a cpia do BI a senhora Antnia  Garci	3	C
1063	287-2022	2023-11-04 22:13:27.115037+00	\N	1005	\N	4	\N	camaramz/certificates/4-atestado-de-casamento/287-2022.pdf	1	\N	3	C
1064	288-2022	2023-11-04 22:13:27.720512+00	\N	1007	\N	16	\N	camaramz/certificates/16-atestado-de-residencia/288-2022.pdf	1	Suzana da Conceio Nascimento DIAS,	3	C
1065	289-2022	2023-11-04 22:13:28.333103+00	\N	1008	\N	15	\N	camaramz/certificates/15-atestado-de-prova-de-vida/289-2022.pdf	1	\N	3	C
1066	290-2022	2023-11-04 22:13:28.949259+00	\N	1009	\N	15	\N	camaramz/certificates/15-atestado-de-prova-de-vida/290-2022.pdf	1	\N	3	C
1067	291-2022	2023-11-04 22:13:29.568867+00	\N	1010	\N	15	\N	camaramz/certificates/15-atestado-de-prova-de-vida/291-2022.pdf	1	\N	3	C
1068	6-2022	2023-11-04 22:13:30.192852+00	\N	760	\N	27	\N	camaramz/certificates/27-licenca-de-licencas-para-barraca/6-2022.pdf	6	\N	3	C
1069	292-2022	2023-11-04 22:13:30.841315+00	\N	1013	\N	15	\N	camaramz/certificates/15-atestado-de-prova-de-vida/292-2022.pdf	1	\N	3	C
1070	7-2022	2023-11-04 22:13:31.520189+00	\N	970	\N	27	\N	camaramz/certificates/27-licenca-de-licencas-para-barraca/7-2022.pdf	6	\N	3	C
1071	293-2022	2023-11-04 22:13:32.685912+00	\N	1014	\N	15	\N	camaramz/certificates/15-atestado-de-prova-de-vida/293-2022.pdf	1	\N	3	C
1072	294-2022	2023-11-04 22:13:33.362737+00	\N	1015	\N	15	\N	camaramz/certificates/15-atestado-de-prova-de-vida/294-2022.pdf	1	\N	3	C
1073	295-2022	2023-11-04 22:13:34.049864+00	\N	1016	\N	15	\N	camaramz/certificates/15-atestado-de-prova-de-vida/295-2022.pdf	1	\N	3	C
1074	296-2022	2023-11-04 22:13:34.710838+00	\N	1017	\N	19	\N	camaramz/certificates/19-atestado-de-viagem/296-2022.pdf	1	\N	3	C
1075	297-2022	2023-11-04 22:13:35.324877+00	\N	1018	\N	30	\N	camaramz/certificates/30-atestado-de-convenientes/297-2022.pdf	1	\N	3	C
1076	298-2022	2023-11-04 22:13:35.940817+00	\N	1019	\N	16	\N	camaramz/certificates/16-atestado-de-residencia/298-2022.pdf	1	\N	3	C
1077	299-2022	2023-11-04 22:13:36.574785+00	\N	1020	\N	4	\N	camaramz/certificates/4-atestado-de-casamento/299-2022.pdf	1	\N	3	C
1078	300-2022	2023-11-04 22:13:37.20336+00	\N	1029	\N	16	\N	camaramz/certificates/16-atestado-de-residencia/300-2022.pdf	1	\N	3	C
1079	301-2022	2023-11-04 22:13:37.832206+00	\N	1006	\N	4	\N	camaramz/certificates/4-atestado-de-casamento/301-2022.pdf	1	\N	3	C
1080	302-2022	2023-11-04 22:13:38.468677+00	\N	1021	\N	30	\N	camaramz/certificates/30-atestado-de-convenientes/302-2022.pdf	1	\N	3	C
177	451-2021	2023-11-04 21:44:25.820061+00	\N	201	\N	16	\N	camaramz/certificates/16-atestado-de-residencia/451-2021.pdf	1	\N	3	C
178	452-2021	2023-11-04 21:44:26.10223+00	\N	202	\N	3	\N	camaramz/certificates/3-atestado-de-bolsa-interna/452-2021.pdf	1	\N	3	C
179	453-2021	2023-11-04 21:44:26.378172+00	\N	203	\N	3	\N	camaramz/certificates/3-atestado-de-bolsa-interna/453-2021.pdf	1	\N	3	C
180	454-2021	2023-11-04 21:44:26.670086+00	\N	205	\N	3	\N	camaramz/certificates/3-atestado-de-bolsa-interna/454-2021.pdf	1	\N	3	C
182	456-2021	2023-11-04 21:44:27.248831+00	\N	207	\N	2	\N	camaramz/certificates/2-atestado-de-bolsa-de-estudo/456-2021.pdf	1	\N	3	C
183	457-2021	2023-11-04 21:44:27.543967+00	\N	209	\N	16	\N	camaramz/certificates/16-atestado-de-residencia/457-2021.pdf	1	\N	3	C
184	458-2021	2023-11-04 21:44:27.850357+00	\N	194	\N	3	\N	camaramz/certificates/3-atestado-de-bolsa-interna/458-2021.pdf	1	\N	3	C
185	459-2021	2023-11-04 21:44:28.15171+00	\N	193	\N	3	\N	camaramz/certificates/3-atestado-de-bolsa-interna/459-2021.pdf	1	\N	3	C
186	460-2021	2023-11-04 21:44:28.454296+00	\N	210	\N	18	\N	camaramz/certificates/18-atestado-de-agregado-familiar/460-2021.pdf	1	\N	3	C
195	461-2021	2023-11-04 21:44:28.727513+00	\N	190	\N	2	\N	camaramz/certificates/2-atestado-de-bolsa-de-estudo/461-2021.pdf	1	\N	3	C
196	462-2021	2023-11-04 21:44:28.989828+00	\N	215	\N	3	\N	camaramz/certificates/3-atestado-de-bolsa-interna/462-2021.pdf	1	\N	3	C
197	463-2021	2023-11-04 21:44:29.255033+00	\N	216	\N	3	\N	camaramz/certificates/3-atestado-de-bolsa-interna/463-2021.pdf	1	\N	3	C
198	464-2021	2023-11-04 21:44:29.524774+00	\N	218	\N	4	\N	camaramz/certificates/4-atestado-de-casamento/464-2021.pdf	1	\N	3	C
1081	303-2022	2023-11-04 22:13:39.08808+00	\N	1012	\N	4	\N	camaramz/certificates/4-atestado-de-casamento/303-2022.pdf	1	\N	3	C
361	626-2021	2023-11-04 21:54:25.11602+00	\N	377	\N	7	\N	camaramz/certificates/7-atestado-de-escolares/626-2021.pdf	1	\N	3	C
1082	304-2022	2023-11-04 22:13:39.742836+00	\N	380	\N	4	\N	camaramz/certificates/4-atestado-de-casamento/304-2022.pdf	1	\N	3	C
1083	305-2022	2023-11-04 22:13:40.410965+00	\N	1011	\N	4	\N	camaramz/certificates/4-atestado-de-casamento/305-2022.pdf	1	\N	3	C
1084	306-2022	2023-11-04 22:13:41.033486+00	\N	1022	\N	4	\N	camaramz/certificates/4-atestado-de-casamento/306-2022.pdf	1	\N	3	C
1085	307-2022	2023-11-04 22:13:41.654616+00	\N	1023	\N	4	\N	camaramz/certificates/4-atestado-de-casamento/307-2022.pdf	1	 leine Managem Fernandes D Oliveira(LEINE)	3	C
1086	308-2022	2023-11-04 22:13:42.295229+00	\N	1024	\N	16	\N	camaramz/certificates/16-atestado-de-residencia/308-2022.pdf	1	\N	3	C
1087	309-2022	2023-11-04 22:13:42.955524+00	\N	1025	\N	19	\N	camaramz/certificates/19-atestado-de-viagem/309-2022.pdf	1	\N	3	C
1088	310-2022	2023-11-04 22:13:43.564349+00	\N	1026	\N	15	\N	camaramz/certificates/15-atestado-de-prova-de-vida/310-2022.pdf	1	\N	3	C
1089	311-2022	2023-11-04 22:13:44.192361+00	\N	634	\N	15	\N	camaramz/certificates/15-atestado-de-prova-de-vida/311-2022.pdf	1	\N	3	C
1092	312-2022	2023-11-04 22:13:44.800057+00	\N	1027	\N	19	\N	camaramz/certificates/19-atestado-de-viagem/312-2022.pdf	1	Lanine Andres D Arajo Mendes dos Santos(ANDERS)	3	C
1093	10-2022	2023-11-04 22:13:45.42554+00	\N	867	\N	32	\N	camaramz/certificates/32-licenca-de-licencas-para-baile/10-2022.pdf	10	\N	1	P
1094	313-2022	2023-11-04 22:13:46.052104+00	\N	1030	\N	16	\N	camaramz/certificates/16-atestado-de-residencia/313-2022.pdf	1	\N	3	C
1095	314-2022	2023-11-04 22:13:46.673738+00	\N	1032	\N	4	\N	camaramz/certificates/4-atestado-de-casamento/314-2022.pdf	1	\N	3	C
1096	315-2022	2023-11-04 22:13:47.337244+00	\N	1033	\N	4	\N	camaramz/certificates/4-atestado-de-casamento/315-2022.pdf	1	\N	3	C
119	393-2021	2023-11-04 21:44:08.527327+00	\N	137	\N	4	\N	camaramz/certificates/4-atestado-de-casamento/393-2021.pdf	1	\N	3	C
1097	316-2022	2023-11-04 22:13:47.963631+00	\N	1031	\N	18	\N	camaramz/certificates/18-atestado-de-agregado-familiar/316-2022.pdf	1	\N	3	C
120	394-2021	2023-11-04 21:44:08.923597+00	\N	138	\N	16	\N	camaramz/certificates/16-atestado-de-residencia/394-2021.pdf	1	Leiam por favor. Depois de terem escrito o nome dela Lcia, agora ponhem que  solteira, quando na verdade  viva.	3	C
121	395-2021	2023-11-04 21:44:09.19683+00	\N	139	\N	16	\N	camaramz/certificates/16-atestado-de-residencia/395-2021.pdf	1	\N	3	C
122	396-2021	2023-11-04 21:44:09.507615+00	\N	140	\N	16	\N	camaramz/certificates/16-atestado-de-residencia/396-2021.pdf	1		3	C
123	397-2021	2023-11-04 21:44:09.792083+00	\N	141	\N	16	\N	camaramz/certificates/16-atestado-de-residencia/397-2021.pdf	1	\N	3	C
124	398-2021	2023-11-04 21:44:10.085219+00	\N	142	\N	18	\N	camaramz/certificates/18-atestado-de-agregado-familiar/398-2021.pdf	1	A senhora se Chama Deolanda e no Deolinda	3	C
125	399-2021	2023-11-04 21:44:10.376373+00	\N	143	\N	18	\N	camaramz/certificates/18-atestado-de-agregado-familiar/399-2021.pdf	1	\N	3	C
126	400-2021	2023-11-04 21:44:10.682994+00	\N	144	\N	16	\N	camaramz/certificates/16-atestado-de-residencia/400-2021.pdf	1	\N	3	C
127	401-2021	2023-11-04 21:44:10.948473+00	\N	145	\N	16	\N	camaramz/certificates/16-atestado-de-residencia/401-2021.pdf	1	\N	3	C
128	402-2021	2023-11-04 21:44:11.264968+00	\N	146	\N	16	\N	camaramz/certificates/16-atestado-de-residencia/402-2021.pdf	1	\N	3	C
129	403-2021	2023-11-04 21:44:11.572385+00	\N	147	\N	18	\N	camaramz/certificates/18-atestado-de-agregado-familiar/403-2021.pdf	1	\N	3	C
130	404-2021	2023-11-04 21:44:11.867289+00	\N	148	\N	16	\N	camaramz/certificates/16-atestado-de-residencia/404-2021.pdf	1	\N	3	C
131	405-2021	2023-11-04 21:44:12.159006+00	\N	150	\N	18	\N	camaramz/certificates/18-atestado-de-agregado-familiar/405-2021.pdf	1	\N	3	C
132	406-2021	2023-11-04 21:44:12.43697+00	\N	149	\N	19	\N	camaramz/certificates/19-atestado-de-viagem/406-2021.pdf	1	\N	3	C
133	407-2021	2023-11-04 21:44:12.765048+00	\N	151	\N	16	\N	camaramz/certificates/16-atestado-de-residencia/407-2021.pdf	1	\N	3	C
134	408-2021	2023-11-04 21:44:13.085584+00	\N	152	\N	16	\N	camaramz/certificates/16-atestado-de-residencia/408-2021.pdf	1	\N	3	C
135	409-2021	2023-11-04 21:44:13.375443+00	\N	153	\N	16	\N	camaramz/certificates/16-atestado-de-residencia/409-2021.pdf	1	Soares e no Suares	3	C
136	410-2021	2023-11-04 21:44:13.66587+00	\N	154	\N	16	\N	camaramz/certificates/16-atestado-de-residencia/410-2021.pdf	1	\N	3	C
137	411-2021	2023-11-04 21:44:13.943521+00	\N	155	\N	2	\N	camaramz/certificates/2-atestado-de-bolsa-de-estudo/411-2021.pdf	1	\N	3	C
138	412-2021	2023-11-04 21:44:14.226684+00	\N	156	\N	16	\N	camaramz/certificates/16-atestado-de-residencia/412-2021.pdf	1	\N	3	C
139	413-2021	2023-11-04 21:44:14.525112+00	\N	157	\N	16	\N	camaramz/certificates/16-atestado-de-residencia/413-2021.pdf	1	\N	3	C
140	414-2021	2023-11-04 21:44:14.809571+00	\N	158	\N	16	\N	camaramz/certificates/16-atestado-de-residencia/414-2021.pdf	1	\N	3	C
141	415-2021	2023-11-04 21:44:15.103213+00	\N	159	\N	16	\N	camaramz/certificates/16-atestado-de-residencia/415-2021.pdf	1	\N	3	C
142	416-2021	2023-11-04 21:44:15.397985+00	\N	161	\N	18	\N	camaramz/certificates/18-atestado-de-agregado-familiar/416-2021.pdf	1	\N	3	C
143	417-2021	2023-11-04 21:44:15.697978+00	\N	160	\N	16	\N	camaramz/certificates/16-atestado-de-residencia/417-2021.pdf	1	\N	3	C
144	418-2021	2023-11-04 21:44:16.042281+00	\N	162	\N	16	\N	camaramz/certificates/16-atestado-de-residencia/418-2021.pdf	1	\N	3	C
145	419-2021	2023-11-04 21:44:16.328018+00	\N	163	\N	16	\N	camaramz/certificates/16-atestado-de-residencia/419-2021.pdf	1	\N	3	C
146	420-2021	2023-11-04 21:44:16.628628+00	\N	164	\N	18	\N	camaramz/certificates/18-atestado-de-agregado-familiar/420-2021.pdf	1	\N	3	C
147	421-2021	2023-11-04 21:44:16.952459+00	\N	1145	\N	16	\N	camaramz/certificates/16-atestado-de-residencia/421-2021.pdf	1	\N	3	C
148	422-2021	2023-11-04 21:44:17.254317+00	\N	166	\N	4	\N	camaramz/certificates/4-atestado-de-casamento/422-2021.pdf	1	\N	3	C
149	423-2021	2023-11-04 21:44:17.535045+00	\N	167	\N	4	\N	camaramz/certificates/4-atestado-de-casamento/423-2021.pdf	1	\N	3	C
150	424-2021	2023-11-04 21:44:17.827835+00	\N	168	\N	4	\N	camaramz/certificates/4-atestado-de-casamento/424-2021.pdf	1	\N	3	C
151	425-2021	2023-11-04 21:44:18.125094+00	\N	169	\N	4	\N	camaramz/certificates/4-atestado-de-casamento/425-2021.pdf	1	\N	3	C
152	426-2021	2023-11-04 21:44:18.413648+00	\N	170	\N	16	\N	camaramz/certificates/16-atestado-de-residencia/426-2021.pdf	1	\N	3	C
153	427-2021	2023-11-04 21:44:18.718693+00	\N	171	\N	16	\N	camaramz/certificates/16-atestado-de-residencia/427-2021.pdf	1	\N	3	C
154	428-2021	2023-11-04 21:44:19.00328+00	\N	172	\N	18	\N	camaramz/certificates/18-atestado-de-agregado-familiar/428-2021.pdf	1	Herdio	3	C
155	429-2021	2023-11-04 21:44:19.301107+00	\N	173	\N	16	\N	camaramz/certificates/16-atestado-de-residencia/429-2021.pdf	1	\N	3	C
156	430-2021	2023-11-04 21:44:19.590354+00	\N	175	\N	18	\N	camaramz/certificates/18-atestado-de-agregado-familiar/430-2021.pdf	1	\N	3	C
157	431-2021	2023-11-04 21:44:19.903934+00	\N	176	\N	12	\N	camaramz/certificates/12-atestado-de-percepcao-da-pensao-de-sobrevivencia-por-morte/431-2021.pdf	1	Documento em falta: Atestado de bito.	3	C
158	432-2021	2023-11-04 21:44:20.185816+00	\N	1155	\N	18	\N	camaramz/certificates/18-atestado-de-agregado-familiar/432-2021.pdf	1	Este Atestado no corresponde aos documentos enviados	3	C
159	433-2021	2023-11-04 21:44:20.46624+00	\N	178	\N	18	\N	camaramz/certificates/18-atestado-de-agregado-familiar/433-2021.pdf	1	A companheira se chama Edimilza e no Edimila	3	C
160	434-2021	2023-11-04 21:44:20.740065+00	\N	184	\N	18	\N	camaramz/certificates/18-atestado-de-agregado-familiar/434-2021.pdf	1	\N	3	C
161	435-2021	2023-11-04 21:44:21.030461+00	\N	180	\N	16	\N	camaramz/certificates/16-atestado-de-residencia/435-2021.pdf	1	\N	3	C
162	436-2021	2023-11-04 21:44:21.323728+00	\N	181	\N	4	\N	camaramz/certificates/4-atestado-de-casamento/436-2021.pdf	1	\N	3	C
163	437-2021	2023-11-04 21:44:21.616543+00	\N	182	\N	3	\N	camaramz/certificates/3-atestado-de-bolsa-interna/437-2021.pdf	1	\N	3	C
164	438-2021	2023-11-04 21:44:21.912421+00	\N	183	\N	3	\N	camaramz/certificates/3-atestado-de-bolsa-interna/438-2021.pdf	1	\N	3	C
165	439-2021	2023-11-04 21:44:22.242256+00	\N	185	\N	16	\N	camaramz/certificates/16-atestado-de-residencia/439-2021.pdf	1	\N	3	C
166	440-2021	2023-11-04 21:44:22.525136+00	\N	186	\N	3	\N	camaramz/certificates/3-atestado-de-bolsa-interna/440-2021.pdf	1	\N	3	C
167	441-2021	2023-11-04 21:44:22.870103+00	\N	187	\N	2	\N	camaramz/certificates/2-atestado-de-bolsa-de-estudo/441-2021.pdf	1	\N	3	C
168	442-2021	2023-11-04 21:44:23.147874+00	\N	188	\N	4	\N	camaramz/certificates/4-atestado-de-casamento/442-2021.pdf	1	\N	3	C
169	443-2021	2023-11-04 21:44:23.491758+00	\N	189	\N	16	\N	camaramz/certificates/16-atestado-de-residencia/443-2021.pdf	1	\N	3	C
171	445-2021	2023-11-04 21:44:24.062748+00	\N	191	\N	16	\N	camaramz/certificates/16-atestado-de-residencia/445-2021.pdf	1	\N	3	C
172	446-2021	2023-11-04 21:44:24.361242+00	\N	192	\N	2	\N	camaramz/certificates/2-atestado-de-bolsa-de-estudo/446-2021.pdf	1	\N	3	C
173	447-2021	2023-11-04 21:44:24.677547+00	\N	195	\N	3	\N	camaramz/certificates/3-atestado-de-bolsa-interna/447-2021.pdf	1	\N	3	C
174	448-2021	2023-11-04 21:44:24.971778+00	\N	1182	\N	18	\N	camaramz/certificates/18-atestado-de-agregado-familiar/448-2021.pdf	1	\N	3	C
175	449-2021	2023-11-04 21:44:25.244138+00	\N	197	\N	16	\N	camaramz/certificates/16-atestado-de-residencia/449-2021.pdf	1	\N	3	C
176	450-2021	2023-11-04 21:44:25.532433+00	\N	200	\N	4	\N	camaramz/certificates/4-atestado-de-casamento/450-2021.pdf	1	\N	3	C
199	465-2021	2023-11-04 21:44:29.816435+00	\N	211	\N	3	\N	camaramz/certificates/3-atestado-de-bolsa-interna/465-2021.pdf	1	\N	3	C
200	466-2021	2023-11-04 21:44:30.140305+00	\N	220	\N	4	\N	camaramz/certificates/4-atestado-de-casamento/466-2021.pdf	1	\N	3	C
1170	380-2022	2023-11-04 22:14:31.124401+00	\N	1096	\N	2	\N	camaramz/certificates/2-atestado-de-bolsa-de-estudo/380-2022.pdf	1	\N	3	C
201	467-2021	2023-11-04 21:44:30.419767+00	\N	221	\N	2	\N	camaramz/certificates/2-atestado-de-bolsa-de-estudo/467-2021.pdf	1	No sei si se trata de EGuiner ou Bizulay(467 pertence a Eguiner e no Bizulay)	3	C
202	468-2021	2023-11-04 21:44:30.713637+00	\N	219	\N	18	\N	camaramz/certificates/18-atestado-de-agregado-familiar/468-2021.pdf	1	\N	3	C
203	469-2021	2023-11-04 21:44:30.999035+00	\N	222	\N	16	\N	camaramz/certificates/16-atestado-de-residencia/469-2021.pdf	1	\N	3	C
204	470-2021	2023-11-04 21:44:31.274938+00	\N	223	\N	3	\N	camaramz/certificates/3-atestado-de-bolsa-interna/470-2021.pdf	1	\N	3	C
205	471-2021	2023-11-04 21:44:31.59718+00	\N	225	\N	3	\N	camaramz/certificates/3-atestado-de-bolsa-interna/471-2021.pdf	1	\N	3	C
206	472-2021	2023-11-04 21:44:31.885156+00	\N	227	\N	3	\N	camaramz/certificates/3-atestado-de-bolsa-interna/472-2021.pdf	1	\N	3	C
207	473-2021	2023-11-04 21:44:32.19972+00	\N	226	\N	16	\N	camaramz/certificates/16-atestado-de-residencia/473-2021.pdf	1	\N	3	C
208	474-2021	2023-11-04 21:44:32.467074+00	\N	228	\N	3	\N	camaramz/certificates/3-atestado-de-bolsa-interna/474-2021.pdf	1	\N	3	C
209	475-2021	2023-11-04 21:44:32.750585+00	\N	229	\N	3	\N	camaramz/certificates/3-atestado-de-bolsa-interna/475-2021.pdf	1	Gimanilse e no Gimanillse	3	C
210	476-2021	2023-11-04 21:44:33.025846+00	\N	217	\N	19	\N	camaramz/certificates/19-atestado-de-viagem/476-2021.pdf	1	\N	3	C
211	477-2021	2023-11-04 21:44:33.310404+00	\N	230	\N	3	\N	camaramz/certificates/3-atestado-de-bolsa-interna/477-2021.pdf	1	\N	3	C
212	478-2021	2023-11-04 21:44:33.672389+00	\N	199	\N	3	\N	camaramz/certificates/3-atestado-de-bolsa-interna/478-2021.pdf	1	\N	3	C
213	479-2021	2023-11-04 21:44:33.962+00	\N	231	\N	3	\N	camaramz/certificates/3-atestado-de-bolsa-interna/479-2021.pdf	1	\N	3	C
214	480-2021	2023-11-04 21:44:34.244228+00	\N	204	\N	16	\N	camaramz/certificates/16-atestado-de-residencia/480-2021.pdf	1	Residente em Praia Melo e no em Cruzeiro	3	C
215	481-2021	2023-11-04 21:44:34.513604+00	\N	1211	\N	2	\N	camaramz/certificates/2-atestado-de-bolsa-de-estudo/481-2021.pdf	1	\N	3	C
216	482-2021	2023-11-04 21:44:34.7929+00	\N	234	\N	16	\N	camaramz/certificates/16-atestado-de-residencia/482-2021.pdf	1	\N	3	C
1098	317-2022	2023-11-04 22:13:48.577914+00	\N	1034	\N	15	\N	camaramz/certificates/15-atestado-de-prova-de-vida/317-2022.pdf	1	\N	3	C
1099	318-2022	2023-11-04 22:13:49.249847+00	\N	1036	\N	4	\N	camaramz/certificates/4-atestado-de-casamento/318-2022.pdf	1	\N	3	C
1100	319-2022	2023-11-04 22:13:49.92691+00	\N	1037	\N	16	\N	camaramz/certificates/16-atestado-de-residencia/319-2022.pdf	1	\N	3	C
1105	320-2022	2023-11-04 22:13:50.530567+00	\N	1038	\N	16	\N	camaramz/certificates/16-atestado-de-residencia/320-2022.pdf	1	\N	3	C
1106	321-2022	2023-11-04 22:13:51.154661+00	\N	1041	\N	16	\N	camaramz/certificates/16-atestado-de-residencia/321-2022.pdf	1	\N	3	C
1107	322-2022	2023-11-04 22:13:51.768483+00	\N	1042	\N	4	\N	camaramz/certificates/4-atestado-de-casamento/322-2022.pdf	1	\N	3	C
1108	323-2022	2023-11-04 22:13:52.483381+00	\N	1043	\N	4	\N	camaramz/certificates/4-atestado-de-casamento/323-2022.pdf	1	\N	3	C
1109	324-2022	2023-11-04 22:13:53.101674+00	\N	1044	\N	16	\N	camaramz/certificates/16-atestado-de-residencia/324-2022.pdf	1	\N	3	C
1110	325-2022	2023-11-04 22:13:53.779508+00	\N	1045	\N	1	\N	camaramz/certificates/1-atestado-de-emprego/325-2022.pdf	1	\N	3	C
1111	326-2022	2023-11-04 22:13:54.405324+00	\N	1046	\N	4	\N	camaramz/certificates/4-atestado-de-casamento/326-2022.pdf	1	\N	3	C
1112	327-2022	2023-11-04 22:13:55.091407+00	\N	1047	\N	4	\N	camaramz/certificates/4-atestado-de-casamento/327-2022.pdf	1	\N	3	C
1113	328-2022	2023-11-04 22:13:55.743856+00	\N	1048	\N	30	\N	camaramz/certificates/30-atestado-de-convenientes/328-2022.pdf	1	\N	3	C
1114	329-2022	2023-11-04 22:13:56.36052+00	\N	1049	\N	4	\N	camaramz/certificates/4-atestado-de-casamento/329-2022.pdf	1	\N	3	C
1115	330-2022	2023-11-04 22:13:56.957708+00	\N	742	\N	10	\N	camaramz/certificates/10-atestado-de-percepcao-da-pensao-de-aposentacao/330-2022.pdf	1	\N	3	C
1116	331-2022	2023-11-04 22:13:57.632258+00	\N	741	\N	10	\N	camaramz/certificates/10-atestado-de-percepcao-da-pensao-de-aposentacao/331-2022.pdf	1	\N	3	C
1117	332-2022	2023-11-04 22:13:58.252948+00	\N	1050	\N	4	\N	camaramz/certificates/4-atestado-de-casamento/332-2022.pdf	1	\N	3	C
546	797-2021	2023-11-04 22:07:19.559753+00	\N	571	\N	4	\N	camaramz/certificates/4-atestado-de-casamento/797-2021.pdf	1	\N	3	C
1138	353-2022	2023-11-04 22:14:11.457571+00	\N	1071	\N	30	\N	camaramz/certificates/30-atestado-de-convenientes/353-2022.pdf	1	\N	3	C
1152	367-2022	2023-11-04 22:14:20.324105+00	\N	1084	\N	9	\N	camaramz/certificates/9-atestado-de-nacionalidade-santomense/367-2022.pdf	1	\N	3	C
233	499-2021	2023-11-04 21:50:26.474467+00	\N	249	\N	3	\N	camaramz/certificates/3-atestado-de-bolsa-interna/499-2021.pdf	1	\N	3	C
234	500-2021	2023-11-04 21:50:26.759611+00	\N	250	\N	3	\N	camaramz/certificates/3-atestado-de-bolsa-interna/500-2021.pdf	1	\N	3	C
235	501-2021	2023-11-04 21:50:27.046204+00	\N	251	\N	3	\N	camaramz/certificates/3-atestado-de-bolsa-interna/501-2021.pdf	1	\N	3	C
236	502-2021	2023-11-04 21:50:27.322945+00	\N	208	\N	18	\N	camaramz/certificates/18-atestado-de-agregado-familiar/502-2021.pdf	1	\N	3	C
237	503-2021	2023-11-04 21:50:27.609839+00	\N	252	\N	3	\N	camaramz/certificates/3-atestado-de-bolsa-interna/503-2021.pdf	1	\N	3	C
238	504-2021	2023-11-04 21:50:27.903206+00	\N	253	\N	3	\N	camaramz/certificates/3-atestado-de-bolsa-interna/504-2021.pdf	1	\N	3	C
239	505-2021	2023-11-04 21:50:28.203973+00	\N	254	\N	3	\N	camaramz/certificates/3-atestado-de-bolsa-interna/505-2021.pdf	1	\N	3	C
240	506-2021	2023-11-04 21:50:28.566213+00	\N	255	\N	3	\N	camaramz/certificates/3-atestado-de-bolsa-interna/506-2021.pdf	1	\N	3	C
241	507-2021	2023-11-04 21:50:28.848135+00	\N	256	\N	3	\N	camaramz/certificates/3-atestado-de-bolsa-interna/507-2021.pdf	1	Data de Emissao de BI:30	3	C
646	882-2021	2023-11-04 22:08:20.004572+00	\N	657	\N	4	\N	camaramz/certificates/4-atestado-de-casamento/882-2021.pdf	1	\N	3	C
647	883-2021	2023-11-04 22:08:20.641485+00	\N	658	\N	13	\N	camaramz/certificates/13-atestado-de-subsidio-de-transporte/883-2021.pdf	1	\N	3	C
1154	369-2022	2023-11-04 22:14:21.640848+00	\N	814	\N	30	\N	camaramz/certificates/30-atestado-de-convenientes/369-2022.pdf	1	\N	3	C
1157	372-2022	2023-11-04 22:14:23.499749+00	\N	1088	\N	16	\N	camaramz/certificates/16-atestado-de-residencia/372-2022.pdf	1	\N	3	C
1160	375-2022	2023-11-04 22:14:25.373327+00	\N	1090	\N	8	\N	camaramz/certificates/8-atestado-de-fixacao-de-residencia/375-2022.pdf	1	\N	3	C
1162	377-2022	2023-11-04 22:14:26.630156+00	\N	232	\N	16	\N	camaramz/certificates/16-atestado-de-residencia/377-2022.pdf	1	\N	3	C
1168	14-2022	2023-11-04 22:14:29.88649+00	\N	1094	\N	27	\N	camaramz/certificates/27-licenca-de-licencas-para-barraca/14-2022.pdf	6	\N	3	C
1173	383-2022	2023-11-04 22:14:33.026785+00	\N	1099	\N	4	\N	camaramz/certificates/4-atestado-de-casamento/383-2022.pdf	1	\N	3	C
1177	386-2022	2023-11-04 22:14:34.93971+00	\N	1102	\N	16	\N	camaramz/certificates/16-atestado-de-residencia/386-2022.pdf	1	\N	3	C
1179	388-2022	2023-11-04 22:14:36.126181+00	\N	1106	\N	16	\N	camaramz/certificates/16-atestado-de-residencia/388-2022.pdf	1	\N	3	C
1182	391-2022	2023-11-04 22:14:37.911785+00	\N	1109	\N	18	\N	camaramz/certificates/18-atestado-de-agregado-familiar/391-2022.pdf	1	\N	3	C
1184	392-2022	2023-11-04 22:14:39.304925+00	\N	1111	\N	19	\N	camaramz/certificates/19-atestado-de-viagem/392-2022.pdf	1	\N	3	C
1187	395-2022	2023-11-04 22:14:41.426007+00	\N	1114	\N	16	\N	camaramz/certificates/16-atestado-de-residencia/395-2022.pdf	1	\N	3	C
1189	396-2022	2023-11-04 22:14:42.674335+00	\N	1075	\N	4	\N	camaramz/certificates/4-atestado-de-casamento/396-2022.pdf	1	\N	3	C
1192	7-2022	2023-11-04 22:14:44.580076+00	\N	1116	\N	23	\N	camaramz/certificates/23-autorizacao-de-autorizacao-de-construcao/7-2022.pdf	2	\N	3	C
1194	400-2022	2023-11-04 22:14:45.833188+00	\N	1118	\N	4	\N	camaramz/certificates/4-atestado-de-casamento/400-2022.pdf	1	\N	3	C
1197	403-2022	2023-11-04 22:14:47.765995+00	\N	1093	\N	2	\N	camaramz/certificates/2-atestado-de-bolsa-de-estudo/403-2022.pdf	1	MENOR	3	C
1199	405-2022	2023-11-04 22:14:49.009342+00	\N	1124	\N	16	\N	camaramz/certificates/16-atestado-de-residencia/405-2022.pdf	1	\N	3	C
1202	408-2022	2023-11-04 22:14:50.906183+00	\N	1129	\N	4	\N	camaramz/certificates/4-atestado-de-casamento/408-2022.pdf	1	Valdemiro Napoleo de Sousa PONTES	3	C
1205	410-2022	2023-11-04 22:14:52.810878+00	\N	1131	\N	18	\N	camaramz/certificates/18-atestado-de-agregado-familiar/410-2022.pdf	1	\N	3	C
1208	413-2022	2023-11-04 22:14:54.780383+00	\N	1136	\N	16	\N	camaramz/certificates/16-atestado-de-residencia/413-2022.pdf	1	\N	3	C
1211	416-2022	2023-11-04 22:14:56.693237+00	\N	1137	\N	16	\N	camaramz/certificates/16-atestado-de-residencia/416-2022.pdf	1	\N	3	C
1213	418-2022	2023-11-04 22:14:58.067541+00	\N	1151	\N	16	\N	camaramz/certificates/16-atestado-de-residencia/418-2022.pdf	1	\N	3	C
1217	422-2022	2023-11-04 22:15:00.610642+00	\N	1141	\N	16	\N	camaramz/certificates/16-atestado-de-residencia/422-2022.pdf	1	\N	3	C
1219	424-2022	2023-11-04 22:15:01.890716+00	\N	1148	\N	4	\N	camaramz/certificates/4-atestado-de-casamento/424-2022.pdf	1	\N	3	C
1220	14-2022	2023-11-04 22:15:02.593439+00	\N	1149	\N	32	\N	camaramz/certificates/32-licenca-de-licencas-para-baile/14-2022.pdf	10	\N	1	P
1221	425-2022	2023-11-04 22:15:03.229767+00	\N	1153	\N	4	\N	camaramz/certificates/4-atestado-de-casamento/425-2022.pdf	1	\N	3	C
1226	431-2022	2023-11-04 22:15:06.363797+00	\N	1159	\N	10	\N	camaramz/certificates/10-atestado-de-percepcao-da-pensao-de-aposentacao/431-2022.pdf	1	\N	3	C
1228	433-2022	2023-11-04 22:15:07.632161+00	\N	1161	\N	16	\N	camaramz/certificates/16-atestado-de-residencia/433-2022.pdf	1	\N	3	C
1248	434-2022	2023-11-04 22:15:08.912374+00	\N	1163	\N	2	\N	camaramz/certificates/2-atestado-de-bolsa-de-estudo/434-2022.pdf	1	\N	3	C
1250	436-2022	2023-11-04 22:15:10.155075+00	\N	1165	\N	2	\N	camaramz/certificates/2-atestado-de-bolsa-de-estudo/436-2022.pdf	1	\N	3	C
1253	439-2022	2023-11-04 22:15:12.04886+00	\N	1169	\N	16	\N	camaramz/certificates/16-atestado-de-residencia/439-2022.pdf	1	\N	3	C
1256	14-2022	2023-11-04 22:15:13.96899+00	\N	1173	\N	27	\N	camaramz/certificates/27-licenca-de-licencas-para-barraca/14-2022.pdf	6	\N	3	C
1258	3-2022	2023-11-04 22:15:15.202694+00	\N	1162	\N	25	\N	camaramz/certificates/25-aurorizacao-de-autorizacao-para-modificar-o-coval/3-2022.pdf	4	\N	3	C
1261	445-2022	2023-11-04 22:15:17.119692+00	\N	1177	\N	30	\N	camaramz/certificates/30-atestado-de-convenientes/445-2022.pdf	1	\N	3	C
1264	448-2022	2023-11-04 22:15:19.027588+00	\N	1182	\N	18	\N	camaramz/certificates/18-atestado-de-agregado-familiar/448-2022.pdf	1	\N	3	C
1266	452-2022	2023-11-04 22:15:20.354002+00	\N	1183	\N	4	\N	camaramz/certificates/4-atestado-de-casamento/452-2022.pdf	1	\N	3	C
1269	454-2022	2023-11-04 22:15:22.294807+00	\N	1187	\N	30	\N	camaramz/certificates/30-atestado-de-convenientes/454-2022.pdf	1	\N	3	C
1271	456-2022	2023-11-04 22:15:23.540693+00	\N	1189	\N	2	\N	camaramz/certificates/2-atestado-de-bolsa-de-estudo/456-2022.pdf	1	\N	3	C
217	483-2021	2023-11-04 21:50:21.879578+00	\N	235	\N	16	\N	camaramz/certificates/16-atestado-de-residencia/483-2021.pdf	1	\N	3	C
1274	459-2022	2023-11-04 22:15:25.436578+00	\N	129	\N	16	\N	camaramz/certificates/16-atestado-de-residencia/459-2022.pdf	1	\N	3	C
218	484-2021	2023-11-04 21:50:22.166234+00	\N	236	\N	3	\N	camaramz/certificates/3-atestado-de-bolsa-interna/484-2021.pdf	1	O nome da me da senhora  Anastcia Filipe da fonseca e no Anastcia Filipe do Espirito Santo	3	C
219	485-2021	2023-11-04 21:50:22.441389+00	\N	237	\N	3	\N	camaramz/certificates/3-atestado-de-bolsa-interna/485-2021.pdf	1	\N	3	C
220	486-2021	2023-11-04 21:50:22.722798+00	\N	238	\N	3	\N	camaramz/certificates/3-atestado-de-bolsa-interna/486-2021.pdf	1	\N	3	C
221	487-2021	2023-11-04 21:50:23.016178+00	\N	239	\N	16	\N	camaramz/certificates/16-atestado-de-residencia/487-2021.pdf	1	\N	3	C
222	488-2021	2023-11-04 21:50:23.306416+00	\N	240	\N	18	\N	camaramz/certificates/18-atestado-de-agregado-familiar/488-2021.pdf	1	Recibo	3	C
223	489-2021	2023-11-04 21:50:23.59136+00	\N	185	\N	3	\N	camaramz/certificates/3-atestado-de-bolsa-interna/489-2021.pdf	1	\N	3	C
224	490-2021	2023-11-04 21:50:23.879639+00	\N	241	\N	3	\N	camaramz/certificates/3-atestado-de-bolsa-interna/490-2021.pdf	1	\N	3	C
225	491-2021	2023-11-04 21:50:24.147132+00	\N	242	\N	3	\N	camaramz/certificates/3-atestado-de-bolsa-interna/491-2021.pdf	1	\N	3	C
226	492-2021	2023-11-04 21:50:24.453919+00	\N	243	\N	3	\N	camaramz/certificates/3-atestado-de-bolsa-interna/492-2021.pdf	1	\N	3	C
227	493-2021	2023-11-04 21:50:24.73808+00	\N	244	\N	3	\N	camaramz/certificates/3-atestado-de-bolsa-interna/493-2021.pdf	1	\N	3	C
228	494-2021	2023-11-04 21:50:25.028381+00	\N	245	\N	3	\N	camaramz/certificates/3-atestado-de-bolsa-interna/494-2021.pdf	1	\N	3	C
229	495-2021	2023-11-04 21:50:25.320014+00	\N	246	\N	18	\N	camaramz/certificates/18-atestado-de-agregado-familiar/495-2021.pdf	1	\N	3	C
230	496-2021	2023-11-04 21:50:25.597377+00	\N	247	\N	3	\N	camaramz/certificates/3-atestado-de-bolsa-interna/496-2021.pdf	1	\N	3	C
231	497-2021	2023-11-04 21:50:25.883689+00	\N	185	\N	3	\N	camaramz/certificates/3-atestado-de-bolsa-interna/497-2021.pdf	1	\N	3	C
232	498-2021	2023-11-04 21:50:26.173892+00	\N	248	\N	3	\N	camaramz/certificates/3-atestado-de-bolsa-interna/498-2021.pdf	1	\N	3	C
260	526-2021	2023-11-04 21:50:34.290054+00	\N	279	\N	2	\N	camaramz/certificates/2-atestado-de-bolsa-de-estudo/526-2021.pdf	1	\N	3	C
261	527-2021	2023-11-04 21:50:34.586987+00	\N	280	\N	1	\N	camaramz/certificates/1-atestado-de-emprego/527-2021.pdf	1	\N	3	C
262	528-2021	2023-11-04 21:50:34.87333+00	\N	282	\N	2	\N	camaramz/certificates/2-atestado-de-bolsa-de-estudo/528-2021.pdf	1	\N	3	C
263	529-2021	2023-11-04 21:50:35.137238+00	\N	283	\N	16	\N	camaramz/certificates/16-atestado-de-residencia/529-2021.pdf	1	\N	3	C
264	530-2021	2023-11-04 21:50:35.420151+00	\N	284	\N	2	\N	camaramz/certificates/2-atestado-de-bolsa-de-estudo/530-2021.pdf	1	\N	3	C
265	531-2021	2023-11-04 21:50:35.699884+00	\N	285	\N	18	\N	camaramz/certificates/18-atestado-de-agregado-familiar/531-2021.pdf	1	\N	3	C
266	532-2021	2023-11-04 21:50:35.990253+00	\N	287	\N	2	\N	camaramz/certificates/2-atestado-de-bolsa-de-estudo/532-2021.pdf	1	\N	3	C
267	533-2021	2023-11-04 21:50:36.267527+00	\N	288	\N	2	\N	camaramz/certificates/2-atestado-de-bolsa-de-estudo/533-2021.pdf	1	\N	3	C
268	534-2021	2023-11-04 21:50:36.549208+00	\N	289	\N	16	\N	camaramz/certificates/16-atestado-de-residencia/534-2021.pdf	1	\N	3	C
269	535-2021	2023-11-04 21:50:36.844493+00	\N	290	\N	16	\N	camaramz/certificates/16-atestado-de-residencia/535-2021.pdf	1	\N	3	C
270	536-2021	2023-11-04 21:50:37.126468+00	\N	291	\N	3	\N	camaramz/certificates/3-atestado-de-bolsa-interna/536-2021.pdf	1	\N	3	C
271	537-2021	2023-11-04 21:50:37.403873+00	\N	292	\N	16	\N	camaramz/certificates/16-atestado-de-residencia/537-2021.pdf	1	\N	3	C
274	540-2021	2023-11-04 21:50:38.285246+00	\N	296	\N	18	\N	camaramz/certificates/18-atestado-de-agregado-familiar/540-2021.pdf	1	\N	3	C
275	541-2021	2023-11-04 21:50:38.565948+00	\N	297	\N	18	\N	camaramz/certificates/18-atestado-de-agregado-familiar/541-2021.pdf	1	\N	3	C
276	542-2021	2023-11-04 21:50:38.865545+00	\N	298	\N	16	\N	camaramz/certificates/16-atestado-de-residencia/542-2021.pdf	1	\N	3	C
277	543-2021	2023-11-04 21:50:39.16617+00	\N	299	\N	16	\N	camaramz/certificates/16-atestado-de-residencia/543-2021.pdf	1	\N	3	C
278	544-2021	2023-11-04 21:50:39.433193+00	\N	300	\N	2	\N	camaramz/certificates/2-atestado-de-bolsa-de-estudo/544-2021.pdf	1	\N	3	C
279	545-2021	2023-11-04 21:50:39.738892+00	\N	298	\N	16	\N	camaramz/certificates/16-atestado-de-residencia/545-2021.pdf	1	\N	3	C
280	546-2021	2023-11-04 21:50:40.023427+00	\N	301	\N	16	\N	camaramz/certificates/16-atestado-de-residencia/546-2021.pdf	1	\N	3	C
281	547-2021	2023-11-04 21:50:40.312309+00	\N	302	\N	2	\N	camaramz/certificates/2-atestado-de-bolsa-de-estudo/547-2021.pdf	1	\N	3	C
282	548-2021	2023-11-04 21:50:40.631813+00	\N	303	\N	16	\N	camaramz/certificates/16-atestado-de-residencia/548-2021.pdf	1	\N	3	C
283	549-2021	2023-11-04 21:50:40.916424+00	\N	295	\N	18	\N	camaramz/certificates/18-atestado-de-agregado-familiar/549-2021.pdf	1	\N	3	C
284	550-2021	2023-11-04 21:50:41.194543+00	\N	304	\N	16	\N	camaramz/certificates/16-atestado-de-residencia/550-2021.pdf	1	\N	3	C
285	551-2021	2023-11-04 21:50:41.492525+00	\N	305	\N	16	\N	camaramz/certificates/16-atestado-de-residencia/551-2021.pdf	1	\N	3	C
286	552-2021	2023-11-04 21:50:41.765612+00	\N	306	\N	16	\N	camaramz/certificates/16-atestado-de-residencia/552-2021.pdf	1	\N	3	C
287	553-2021	2023-11-04 21:50:42.055872+00	\N	307	\N	16	\N	camaramz/certificates/16-atestado-de-residencia/553-2021.pdf	1	\N	3	C
288	554-2021	2023-11-04 21:50:42.359307+00	\N	308	\N	16	\N	camaramz/certificates/16-atestado-de-residencia/554-2021.pdf	1	\N	3	C
289	555-2021	2023-11-04 21:50:42.641294+00	\N	309	\N	3	\N	camaramz/certificates/3-atestado-de-bolsa-interna/555-2021.pdf	1	\N	3	C
290	556-2021	2023-11-04 21:50:42.919087+00	\N	267	\N	16	\N	camaramz/certificates/16-atestado-de-residencia/556-2021.pdf	1	\N	3	C
291	557-2021	2023-11-04 21:50:43.200883+00	\N	275	\N	16	\N	camaramz/certificates/16-atestado-de-residencia/557-2021.pdf	1	\N	3	C
292	558-2021	2023-11-04 21:50:43.505636+00	\N	310	\N	2	\N	camaramz/certificates/2-atestado-de-bolsa-de-estudo/558-2021.pdf	1	\N	3	C
1277	462-2022	2023-11-04 22:15:27.448374+00	\N	1193	\N	30	\N	camaramz/certificates/30-atestado-de-convenientes/462-2022.pdf	1	\N	3	C
293	559-2021	2023-11-04 21:50:43.789158+00	\N	311	\N	18	\N	camaramz/certificates/18-atestado-de-agregado-familiar/559-2021.pdf	1	\N	3	C
294	560-2021	2023-11-04 21:50:44.068251+00	\N	312	\N	3	\N	camaramz/certificates/3-atestado-de-bolsa-interna/560-2021.pdf	1	\N	3	C
295	561-2021	2023-11-04 21:50:44.347058+00	\N	313	\N	18	\N	camaramz/certificates/18-atestado-de-agregado-familiar/561-2021.pdf	1	\N	3	C
296	562-2021	2023-11-04 21:50:44.653074+00	\N	314	\N	16	\N	camaramz/certificates/16-atestado-de-residencia/562-2021.pdf	1	\N	3	C
297	563-2021	2023-11-04 21:50:44.934197+00	\N	277	\N	18	\N	camaramz/certificates/18-atestado-de-agregado-familiar/563-2021.pdf	1	\N	3	C
298	564-2021	2023-11-04 21:50:45.219+00	\N	277	\N	18	\N	camaramz/certificates/18-atestado-de-agregado-familiar/564-2021.pdf	1	\N	3	C
299	565-2021	2023-11-04 21:50:45.514375+00	\N	315	\N	4	\N	camaramz/certificates/4-atestado-de-casamento/565-2021.pdf	1	\N	3	C
300	566-2021	2023-11-04 21:50:45.797542+00	\N	316	\N	2	\N	camaramz/certificates/2-atestado-de-bolsa-de-estudo/566-2021.pdf	1	\N	3	C
301	567-2021	2023-11-04 21:50:46.079878+00	\N	317	\N	18	\N	camaramz/certificates/18-atestado-de-agregado-familiar/567-2021.pdf	1	\N	3	C
302	568-2021	2023-11-04 21:50:46.385988+00	\N	318	\N	16	\N	camaramz/certificates/16-atestado-de-residencia/568-2021.pdf	1	\N	3	C
303	569-2021	2023-11-04 21:50:46.673828+00	\N	319	\N	16	\N	camaramz/certificates/16-atestado-de-residencia/569-2021.pdf	1	\N	3	C
304	570-2021	2023-11-04 21:50:46.952514+00	\N	322	\N	11	\N	camaramz/certificates/11-atestado-de-assistencia-judicial/570-2021.pdf	1	\N	3	C
305	571-2021	2023-11-04 21:50:47.232279+00	\N	323	\N	4	\N	camaramz/certificates/4-atestado-de-casamento/571-2021.pdf	1	\N	3	C
306	572-2021	2023-11-04 21:50:47.524408+00	\N	324	\N	16	\N	camaramz/certificates/16-atestado-de-residencia/572-2021.pdf	1	\N	3	C
307	573-2021	2023-11-04 21:50:47.814865+00	\N	141	\N	16	\N	camaramz/certificates/16-atestado-de-residencia/573-2021.pdf	1	\N	3	C
308	574-2021	2023-11-04 21:50:48.099271+00	\N	274	\N	16	\N	camaramz/certificates/16-atestado-de-residencia/574-2021.pdf	1	\N	3	C
309	575-2021	2023-11-04 21:50:48.387403+00	\N	1318	\N	4	\N	camaramz/certificates/4-atestado-de-casamento/575-2021.pdf	1	\N	3	C
310	576-2021	2023-11-04 21:50:48.671864+00	\N	233	\N	18	\N	camaramz/certificates/18-atestado-de-agregado-familiar/576-2021.pdf	1	\N	3	C
312	578-2021	2023-11-04 21:50:49.242976+00	\N	326	\N	4	\N	camaramz/certificates/4-atestado-de-casamento/578-2021.pdf	1	\N	3	C
313	579-2021	2023-11-04 21:50:49.527333+00	\N	327	\N	4	\N	camaramz/certificates/4-atestado-de-casamento/579-2021.pdf	1	\N	3	C
314	580-2021	2023-11-04 21:50:49.805004+00	\N	329	\N	18	\N	camaramz/certificates/18-atestado-de-agregado-familiar/580-2021.pdf	1	\N	3	C
315	581-2021	2023-11-04 21:50:50.084665+00	\N	328	\N	18	\N	camaramz/certificates/18-atestado-de-agregado-familiar/581-2021.pdf	1	\N	3	C
317	583-2021	2023-11-04 21:50:51.284641+00	\N	330	\N	16	\N	camaramz/certificates/16-atestado-de-residencia/583-2021.pdf	1	\N	3	C
318	584-2021	2023-11-04 21:50:51.672163+00	\N	331	\N	10	\N	camaramz/certificates/10-atestado-de-percepcao-da-pensao-de-aposentacao/584-2021.pdf	1	\N	3	C
319	585-2021	2023-11-04 21:50:51.953996+00	\N	332	\N	2	\N	camaramz/certificates/2-atestado-de-bolsa-de-estudo/585-2021.pdf	1	\N	3	C
320	586-2021	2023-11-04 21:50:52.270096+00	\N	333	\N	2	\N	camaramz/certificates/2-atestado-de-bolsa-de-estudo/586-2021.pdf	1	\N	3	C
321	587-2021	2023-11-04 21:50:52.553488+00	\N	334	\N	18	\N	camaramz/certificates/18-atestado-de-agregado-familiar/587-2021.pdf	1	\N	3	C
322	588-2021	2023-11-04 21:50:52.837189+00	\N	335	\N	9	\N	camaramz/certificates/9-atestado-de-nacionalidade-santomense/588-2021.pdf	1	\N	3	C
324	589-2021	2023-11-04 21:50:53.116211+00	\N	338	\N	16	\N	camaramz/certificates/16-atestado-de-residencia/589-2021.pdf	1	\N	3	C
325	590-2021	2023-11-04 21:50:53.405199+00	\N	339	\N	2	\N	camaramz/certificates/2-atestado-de-bolsa-de-estudo/590-2021.pdf	1	\N	3	C
326	591-2021	2023-11-04 21:50:53.695743+00	\N	337	\N	16	\N	camaramz/certificates/16-atestado-de-residencia/591-2021.pdf	1	\N	3	C
327	592-2021	2023-11-04 21:50:53.973624+00	\N	340	\N	18	\N	camaramz/certificates/18-atestado-de-agregado-familiar/592-2021.pdf	1	\N	3	C
328	593-2021	2023-11-04 21:50:54.25754+00	\N	341	\N	16	\N	camaramz/certificates/16-atestado-de-residencia/593-2021.pdf	1	\N	3	C
329	594-2021	2023-11-04 21:50:54.540737+00	\N	342	\N	4	\N	camaramz/certificates/4-atestado-de-casamento/594-2021.pdf	1	\N	3	C
330	595-2021	2023-11-04 21:50:54.826426+00	\N	343	\N	4	\N	camaramz/certificates/4-atestado-de-casamento/595-2021.pdf	1	\N	3	C
331	596-2021	2023-11-04 21:50:55.104225+00	\N	344	\N	4	\N	camaramz/certificates/4-atestado-de-casamento/596-2021.pdf	1	\N	3	C
332	597-2021	2023-11-04 21:50:55.41999+00	\N	345	\N	4	\N	camaramz/certificates/4-atestado-de-casamento/597-2021.pdf	1	\N	3	C
333	598-2021	2023-11-04 21:50:55.702219+00	\N	346	\N	4	\N	camaramz/certificates/4-atestado-de-casamento/598-2021.pdf	1	\N	3	C
334	599-2021	2023-11-04 21:50:55.989044+00	\N	347	\N	4	\N	camaramz/certificates/4-atestado-de-casamento/599-2021.pdf	1	\N	3	C
846	104-2022	2023-11-04 22:10:21.023628+00	\N	828	\N	30	\N	camaramz/certificates/30-atestado-de-convenientes/104-2022.pdf	1	\N	3	C
1279	464-2022	2023-11-04 22:15:28.714876+00	\N	977	\N	30	\N	camaramz/certificates/30-atestado-de-convenientes/464-2022.pdf	1	\N	3	C
1282	467-2022	2023-11-04 22:15:30.625851+00	\N	1197	\N	4	\N	camaramz/certificates/4-atestado-de-casamento/467-2022.pdf	1	\N	3	C
1284	469-2022	2023-11-04 22:15:31.896438+00	\N	1200	\N	19	\N	camaramz/certificates/19-atestado-de-viagem/469-2022.pdf	1	\N	3	C
1287	472-2022	2023-11-04 22:15:35.099598+00	\N	1202	\N	4	\N	camaramz/certificates/4-atestado-de-casamento/472-2022.pdf	1	\N	3	C
1289	474-2022	2023-11-04 22:15:36.384508+00	\N	1204	\N	4	\N	camaramz/certificates/4-atestado-de-casamento/474-2022.pdf	1	\N	3	C
1301	477-2022	2023-11-04 22:15:38.330949+00	\N	1208	\N	4	\N	camaramz/certificates/4-atestado-de-casamento/477-2022.pdf	1	\N	3	C
1304	480-2022	2023-11-04 22:15:40.23389+00	\N	1207	\N	18	\N	camaramz/certificates/18-atestado-de-agregado-familiar/480-2022.pdf	1	\N	3	C
1306	482-2022	2023-11-04 22:15:41.507167+00	\N	1212	\N	16	\N	camaramz/certificates/16-atestado-de-residencia/482-2022.pdf	1	\N	3	C
2397	346-2023	2023-11-04 22:26:14.532625+00	\N	2015	\N	18	\N	camaramz/certificates/18-atestado-de-agregado-familiar/346-2023.pdf	1	\N	3	C
2399	3-2023	2023-11-04 22:26:15.895836+00	\N	1786	\N	24	\N	camaramz/certificates/24-certificado-de-certificado-de-compra-de-coval/3-2023.pdf	3	\N	1	P
342	607-2021	2023-11-04 21:54:19.693362+00	\N	356	\N	18	\N	camaramz/certificates/18-atestado-de-agregado-familiar/607-2021.pdf	1	\N	3	C
344	609-2021	2023-11-04 21:54:20.259742+00	\N	359	\N	18	\N	camaramz/certificates/18-atestado-de-agregado-familiar/609-2021.pdf	1	\N	3	C
347	612-2021	2023-11-04 21:54:21.121315+00	\N	362	\N	2	\N	camaramz/certificates/2-atestado-de-bolsa-de-estudo/612-2021.pdf	1	\N	3	C
349	614-2021	2023-11-04 21:54:21.70703+00	\N	364	\N	16	\N	camaramz/certificates/16-atestado-de-residencia/614-2021.pdf	1	\N	3	C
353	618-2021	2023-11-04 21:54:22.855924+00	\N	370	\N	18	\N	camaramz/certificates/18-atestado-de-agregado-familiar/618-2021.pdf	1	\N	3	C
355	620-2021	2023-11-04 21:54:23.401817+00	\N	368	\N	2	\N	camaramz/certificates/2-atestado-de-bolsa-de-estudo/620-2021.pdf	1	\N	3	C
358	623-2021	2023-11-04 21:54:24.247659+00	\N	374	\N	2	\N	camaramz/certificates/2-atestado-de-bolsa-de-estudo/623-2021.pdf	1	\N	3	C
360	625-2021	2023-11-04 21:54:24.836515+00	\N	376	\N	16	\N	camaramz/certificates/16-atestado-de-residencia/625-2021.pdf	1	\N	3	C
364	629-2021	2023-11-04 21:54:25.967332+00	\N	381	\N	16	\N	camaramz/certificates/16-atestado-de-residencia/629-2021.pdf	1	\N	3	C
366	631-2021	2023-11-04 21:54:26.554238+00	\N	383	\N	2	\N	camaramz/certificates/2-atestado-de-bolsa-de-estudo/631-2021.pdf	1	\N	3	C
369	634-2021	2023-11-04 21:54:27.408829+00	\N	387	\N	2	\N	camaramz/certificates/2-atestado-de-bolsa-de-estudo/634-2021.pdf	1	Alfredo	3	C
372	637-2021	2023-11-04 21:54:28.252441+00	\N	392	\N	16	\N	camaramz/certificates/16-atestado-de-residencia/637-2021.pdf	1	\N	3	C
375	640-2021	2023-11-04 21:54:29.095259+00	\N	395	\N	16	\N	camaramz/certificates/16-atestado-de-residencia/640-2021.pdf	1	\N	3	C
377	642-2021	2023-11-04 21:54:29.687193+00	\N	397	\N	18	\N	camaramz/certificates/18-atestado-de-agregado-familiar/642-2021.pdf	1	\N	3	C
380	645-2021	2023-11-04 21:54:30.577938+00	\N	400	\N	16	\N	camaramz/certificates/16-atestado-de-residencia/645-2021.pdf	1	\N	3	C
382	647-2021	2023-11-04 21:54:31.153673+00	\N	403	\N	2	\N	camaramz/certificates/2-atestado-de-bolsa-de-estudo/647-2021.pdf	1	\N	3	C
385	650-2021	2023-11-04 21:54:32.011115+00	\N	405	\N	16	\N	camaramz/certificates/16-atestado-de-residencia/650-2021.pdf	1	\N	3	C
387	652-2021	2023-11-04 21:54:32.597367+00	\N	407	\N	16	\N	camaramz/certificates/16-atestado-de-residencia/652-2021.pdf	1	\N	3	C
392	656-2021	2023-11-04 21:54:33.50199+00	\N	411	\N	16	\N	camaramz/certificates/16-atestado-de-residencia/656-2021.pdf	1	DUPLICADO	3	C
399	660-2021	2023-11-04 21:54:34.631721+00	\N	410	\N	16	\N	camaramz/certificates/16-atestado-de-residencia/660-2021.pdf	1	\N	3	C
401	662-2021	2023-11-04 21:54:35.208666+00	\N	417	\N	2	\N	camaramz/certificates/2-atestado-de-bolsa-de-estudo/662-2021.pdf	1	\N	3	C
405	665-2021	2023-11-04 21:54:36.048231+00	\N	422	\N	1	\N	camaramz/certificates/1-atestado-de-emprego/665-2021.pdf	1	\N	3	C
407	667-2021	2023-11-04 21:54:36.603449+00	\N	426	\N	16	\N	camaramz/certificates/16-atestado-de-residencia/667-2021.pdf	1	\N	3	C
410	670-2021	2023-11-04 21:54:37.441996+00	\N	431	\N	2	\N	camaramz/certificates/2-atestado-de-bolsa-de-estudo/670-2021.pdf	1	\N	3	C
412	672-2021	2023-11-04 21:54:38.014665+00	\N	429	\N	16	\N	camaramz/certificates/16-atestado-de-residencia/672-2021.pdf	1	\N	3	C
415	675-2021	2023-11-04 21:54:38.8527+00	\N	436	\N	16	\N	camaramz/certificates/16-atestado-de-residencia/675-2021.pdf	1	\N	3	C
417	677-2021	2023-11-04 21:54:39.396734+00	\N	438	\N	16	\N	camaramz/certificates/16-atestado-de-residencia/677-2021.pdf	1	\N	3	C
420	680-2021	2023-11-04 21:54:40.277876+00	\N	443	\N	16	\N	camaramz/certificates/16-atestado-de-residencia/680-2021.pdf	1	\N	3	C
422	682-2021	2023-11-04 21:54:40.840465+00	\N	446	\N	16	\N	camaramz/certificates/16-atestado-de-residencia/682-2021.pdf	1	\N	3	C
426	686-2021	2023-11-04 21:54:41.97669+00	\N	249	\N	16	\N	camaramz/certificates/16-atestado-de-residencia/686-2021.pdf	1	\N	3	C
428	688-2021	2023-11-04 21:54:42.530253+00	\N	451	\N	19	\N	camaramz/certificates/19-atestado-de-viagem/688-2021.pdf	1	\N	3	C
430	690-2021	2023-11-04 21:54:43.086307+00	\N	454	\N	2	\N	camaramz/certificates/2-atestado-de-bolsa-de-estudo/690-2021.pdf	1	passado pelo Centro de Identificao Civil e Criminal, em quatro de Agosto de dois mil,	3	C
950	191-2022	2023-11-04 22:11:19.635924+00	\N	907	\N	13	\N	camaramz/certificates/13-atestado-de-subsidio-de-transporte/191-2022.pdf	1	\N	3	C
1309	485-2022	2023-11-04 22:15:43.516475+00	\N	1221	\N	16	\N	camaramz/certificates/16-atestado-de-residencia/485-2022.pdf	1	\N	3	C
1313	6-2022	2023-11-04 22:15:45.007924+00	\N	1162	\N	24	\N	camaramz/certificates/24-certificado-de-certificado-de-compra-de-coval/6-2022.pdf	3	\N	3	C
1315	488-2022	2023-11-04 22:15:45.669565+00	\N	1217	\N	18	\N	camaramz/certificates/18-atestado-de-agregado-familiar/488-2022.pdf	1	Passaporte nmero catorze milhes, cento e vinte e trs mil, quatrocentos e noventa e sete 0ZY0	3	C
1331	491-2022	2023-11-04 22:15:47.817792+00	\N	1219	\N	16	\N	camaramz/certificates/16-atestado-de-residencia/491-2022.pdf	1	\N	3	C
1333	492-2022	2023-11-04 22:15:49.155623+00	\N	1220	\N	4	\N	camaramz/certificates/4-atestado-de-casamento/492-2022.pdf	1	\N	3	C
1336	495-2022	2023-11-04 22:15:51.08547+00	\N	1224	\N	4	\N	camaramz/certificates/4-atestado-de-casamento/495-2022.pdf	1	\N	3	C
1339	498-2022	2023-11-04 22:15:52.971283+00	\N	1226	\N	16	\N	camaramz/certificates/16-atestado-de-residencia/498-2022.pdf	1	\N	3	C
1350	499-2022	2023-11-04 22:15:54.266124+00	\N	1231	\N	4	\N	camaramz/certificates/4-atestado-de-casamento/499-2022.pdf	1	\N	3	C
1353	502-2022	2023-11-04 22:15:56.132909+00	\N	1234	\N	4	\N	camaramz/certificates/4-atestado-de-casamento/502-2022.pdf	1	\N	3	C
1355	504-2022	2023-11-04 22:15:57.402342+00	\N	1235	\N	18	\N	camaramz/certificates/18-atestado-de-agregado-familiar/504-2022.pdf	1	\N	3	C
1358	506-2022	2023-11-04 22:15:59.334912+00	\N	1237	\N	30	\N	camaramz/certificates/30-atestado-de-convenientes/506-2022.pdf	1	\N	3	C
1360	508-2022	2023-11-04 22:16:00.597488+00	\N	1239	\N	4	\N	camaramz/certificates/4-atestado-de-casamento/508-2022.pdf	1	\N	3	C
1363	511-2022	2023-11-04 22:16:02.459005+00	\N	1242	\N	18	\N	camaramz/certificates/18-atestado-de-agregado-familiar/511-2022.pdf	1	DIVORCIADO	3	C
2401	2-2023	2023-11-04 22:26:17.159434+00	\N	721	\N	25	\N	camaramz/certificates/25-aurorizacao-de-autorizacao-para-modificar-o-coval/2-2023.pdf	4	\N	1	P
1046	273-2022	2023-11-04 22:13:14.914163+00	\N	990	\N	8	\N	camaramz/certificates/8-atestado-de-fixacao-de-residencia/273-2022.pdf	1	\N	3	C
1367	515-2022	2023-11-04 22:16:04.975721+00	\N	1248	\N	16	\N	camaramz/certificates/16-atestado-de-residencia/515-2022.pdf	1	\N	3	C
1371	516-2022	2023-11-04 22:16:06.276468+00	\N	387	\N	16	\N	camaramz/certificates/16-atestado-de-residencia/516-2022.pdf	1	\N	3	C
1376	519-2022	2023-11-04 22:16:08.1918+00	\N	1252	\N	16	\N	camaramz/certificates/16-atestado-de-residencia/519-2022.pdf	1	\N	3	C
1378	521-2022	2023-11-04 22:16:09.441045+00	\N	1256	\N	16	\N	camaramz/certificates/16-atestado-de-residencia/521-2022.pdf	1	\N	3	C
1381	524-2022	2023-11-04 22:16:11.37436+00	\N	1255	\N	30	\N	camaramz/certificates/30-atestado-de-convenientes/524-2022.pdf	1	\N	3	C
1383	526-2022	2023-11-04 22:16:12.879521+00	\N	1262	\N	16	\N	camaramz/certificates/16-atestado-de-residencia/526-2022.pdf	1	\N	3	C
1386	529-2022	2023-11-04 22:16:14.915721+00	\N	1266	\N	19	\N	camaramz/certificates/19-atestado-de-viagem/529-2022.pdf	1	\N	3	C
1388	531-2022	2023-11-04 22:16:16.257335+00	\N	1268	\N	4	\N	camaramz/certificates/4-atestado-de-casamento/531-2022.pdf	1	\N	3	C
1391	534-2022	2023-11-04 22:16:18.123763+00	\N	1271	\N	16	\N	camaramz/certificates/16-atestado-de-residencia/534-2022.pdf	1	\N	3	C
1393	536-2022	2023-11-04 22:16:19.406746+00	\N	1274	\N	16	\N	camaramz/certificates/16-atestado-de-residencia/536-2022.pdf	1	\N	3	C
1397	540-2022	2023-11-04 22:16:21.924073+00	\N	1278	\N	16	\N	camaramz/certificates/16-atestado-de-residencia/540-2022.pdf	1	\N	3	C
1400	543-2022	2023-11-04 22:16:23.83143+00	\N	679	\N	30	\N	camaramz/certificates/30-atestado-de-convenientes/543-2022.pdf	1	\N	3	C
1402	545-2022	2023-11-04 22:16:25.096297+00	\N	1280	\N	16	\N	camaramz/certificates/16-atestado-de-residencia/545-2022.pdf	1	\N	3	C
1405	548-2022	2023-11-04 22:16:27.06819+00	\N	1282	\N	4	\N	camaramz/certificates/4-atestado-de-casamento/548-2022.pdf	1	\N	3	C
1407	550-2022	2023-11-04 22:16:28.373052+00	\N	1284	\N	30	\N	camaramz/certificates/30-atestado-de-convenientes/550-2022.pdf	1	\N	3	C
1410	553-2022	2023-11-04 22:16:30.256174+00	\N	1287	\N	4	\N	camaramz/certificates/4-atestado-de-casamento/553-2022.pdf	1	\N	3	C
1416	556-2022	2023-11-04 22:16:32.212526+00	\N	1291	\N	2	\N	camaramz/certificates/2-atestado-de-bolsa-de-estudo/556-2022.pdf	1	\N	3	C
1418	17-2022	2023-11-04 22:16:33.561141+00	\N	1294	\N	27	\N	camaramz/certificates/27-licenca-de-licencas-para-barraca/17-2022.pdf	6	\N	3	C
1420	558-2022	2023-11-04 22:16:34.852814+00	\N	1297	\N	16	\N	camaramz/certificates/16-atestado-de-residencia/558-2022.pdf	1	\N	3	C
1423	561-2022	2023-11-04 22:16:36.778125+00	\N	1302	\N	16	\N	camaramz/certificates/16-atestado-de-residencia/561-2022.pdf	1	\N	3	C
1425	563-2022	2023-11-04 22:16:38.066712+00	\N	1303	\N	16	\N	camaramz/certificates/16-atestado-de-residencia/563-2022.pdf	1	\N	3	C
1428	565-2022	2023-11-04 22:16:41.194236+00	\N	1307	\N	16	\N	camaramz/certificates/16-atestado-de-residencia/565-2022.pdf	1	\N	3	C
1431	568-2022	2023-11-04 22:16:43.098458+00	\N	1311	\N	4	\N	camaramz/certificates/4-atestado-de-casamento/568-2022.pdf	1	\N	3	C
1434	570-2022	2023-11-04 22:16:44.352311+00	\N	1313	\N	2	\N	camaramz/certificates/2-atestado-de-bolsa-de-estudo/570-2022.pdf	1	Jos Emidio Ferreira (PEREIRA) de CeitaGabiela (GABRIELA) dos Santos Ferreira	3	C
1435	571-2022	2023-11-04 22:16:45.039829+00	\N	1314	\N	16	\N	camaramz/certificates/16-atestado-de-residencia/571-2022.pdf	1	\N	3	C
1438	574-2022	2023-11-04 22:16:46.973049+00	\N	1312	\N	4	\N	camaramz/certificates/4-atestado-de-casamento/574-2022.pdf	1	\N	3	C
1441	578-2022	2023-11-04 22:16:48.88241+00	\N	1122	\N	4	\N	camaramz/certificates/4-atestado-de-casamento/578-2022.pdf	1	\N	3	C
1443	579-2022	2023-11-04 22:16:50.304593+00	\N	1323	\N	19	\N	camaramz/certificates/19-atestado-de-viagem/579-2022.pdf	1	\N	3	C
1447	19-2022	2023-11-04 22:16:52.363589+00	\N	1324	\N	27	\N	camaramz/certificates/27-licenca-de-licencas-para-barraca/19-2022.pdf	6	\N	3	C
1449	582-2022	2023-11-04 22:16:53.870017+00	\N	1325	\N	2	\N	camaramz/certificates/2-atestado-de-bolsa-de-estudo/582-2022.pdf	1	CASADO Maria da Cruz Antnio (A) MandIncio da Cruz Quaresma do (DA) Silveira	3	C
1453	586-2022	2023-11-04 22:16:56.516882+00	\N	1332	\N	2	\N	camaramz/certificates/2-atestado-de-bolsa-de-estudo/586-2022.pdf	1	\N	3	C
1459	590-2022	2023-11-04 22:16:59.190052+00	\N	1339	\N	2	\N	camaramz/certificates/2-atestado-de-bolsa-de-estudo/590-2022.pdf	1	\N	3	C
2404	351-2023	2023-11-04 22:26:19.150095+00	\N	2082	\N	4	\N	camaramz/certificates/4-atestado-de-casamento/351-2023.pdf	1	\N	3	C
2406	353-2023	2023-11-04 22:26:20.450303+00	\N	2081	\N	10	\N	camaramz/certificates/10-atestado-de-percepcao-da-pensao-de-aposentacao/353-2023.pdf	1	\N	3	C
437	697-2021	2023-11-04 22:36:33.944314+00	\N	463	\N	16	\N	camaramz/certificates/16-atestado-de-residencia/697-2021.pdf	1	\N	3	C
440	700-2021	2023-11-04 22:36:34.820378+00	\N	467	\N	2	\N	camaramz/certificates/2-atestado-de-bolsa-de-estudo/700-2021.pdf	1	\N	3	C
444	703-2021	2023-11-04 22:36:35.406041+00	\N	470	\N	2	\N	camaramz/certificates/2-atestado-de-bolsa-de-estudo/703-2021.pdf	1	\N	3	C
447	706-2021	2023-11-04 22:36:36.229791+00	\N	468	\N	2	\N	camaramz/certificates/2-atestado-de-bolsa-de-estudo/706-2021.pdf	1	\N	3	C
449	708-2021	2023-11-04 22:36:36.795935+00	\N	474	\N	4	\N	camaramz/certificates/4-atestado-de-casamento/708-2021.pdf	1	\N	3	C
454	713-2021	2023-11-04 22:36:38.232989+00	\N	480	\N	4	\N	camaramz/certificates/4-atestado-de-casamento/713-2021.pdf	1	\N	3	C
456	715-2021	2023-11-04 22:36:38.805426+00	\N	482	\N	4	\N	camaramz/certificates/4-atestado-de-casamento/715-2021.pdf	1	\N	3	C
459	718-2021	2023-11-04 22:36:39.626784+00	\N	484	\N	2	\N	camaramz/certificates/2-atestado-de-bolsa-de-estudo/718-2021.pdf	1	\N	3	C
462	721-2021	2023-11-04 22:36:40.532705+00	\N	487	\N	11	\N	camaramz/certificates/11-atestado-de-assistencia-judicial/721-2021.pdf	1	\N	3	C
465	724-2021	2023-11-04 22:36:41.389635+00	\N	493	\N	2	\N	camaramz/certificates/2-atestado-de-bolsa-de-estudo/724-2021.pdf	1	\N	3	C
467	726-2021	2023-11-04 22:36:41.987045+00	\N	495	\N	16	\N	camaramz/certificates/16-atestado-de-residencia/726-2021.pdf	1	\N	3	C
470	729-2021	2023-11-04 22:36:42.825266+00	\N	497	\N	16	\N	camaramz/certificates/16-atestado-de-residencia/729-2021.pdf	1	\N	3	C
2410	357-2023	2023-11-04 22:26:23.223869+00	\N	1386	\N	2	\N	camaramz/certificates/2-atestado-de-bolsa-de-estudo/357-2023.pdf	1	\N	3	C
539	790-2021	2023-11-04 22:07:15.069972+00	\N	564	\N	4	\N	camaramz/certificates/4-atestado-de-casamento/790-2021.pdf	1	Pessoas de Agostinho Neto Devem dirigire-se a CD de Lobata	3	C
540	791-2021	2023-11-04 22:07:15.732659+00	\N	565	\N	19	\N	camaramz/certificates/19-atestado-de-viagem/791-2021.pdf	1	\N	3	C
541	792-2021	2023-11-04 22:07:16.374113+00	\N	566	\N	4	\N	camaramz/certificates/4-atestado-de-casamento/792-2021.pdf	1	\N	3	C
542	793-2021	2023-11-04 22:07:17.010776+00	\N	567	\N	4	\N	camaramz/certificates/4-atestado-de-casamento/793-2021.pdf	1	\N	3	C
543	794-2021	2023-11-04 22:07:17.650077+00	\N	569	\N	4	\N	camaramz/certificates/4-atestado-de-casamento/794-2021.pdf	1	\N	3	C
544	795-2021	2023-11-04 22:07:18.291183+00	\N	568	\N	18	\N	camaramz/certificates/18-atestado-de-agregado-familiar/795-2021.pdf	1	\N	3	C
545	796-2021	2023-11-04 22:07:18.915105+00	\N	570	\N	4	\N	camaramz/certificates/4-atestado-de-casamento/796-2021.pdf	1	\N	3	C
547	798-2021	2023-11-04 22:07:20.193506+00	\N	572	\N	4	\N	camaramz/certificates/4-atestado-de-casamento/798-2021.pdf	1	\N	3	C
548	799-2021	2023-11-04 22:07:20.821718+00	\N	573	\N	16	\N	camaramz/certificates/16-atestado-de-residencia/799-2021.pdf	1	\N	3	C
549	800-2021	2023-11-04 22:07:21.476714+00	\N	574	\N	15	\N	camaramz/certificates/15-atestado-de-prova-de-vida/800-2021.pdf	1	\N	3	C
550	801-2021	2023-11-04 22:07:22.136067+00	\N	575	\N	15	\N	camaramz/certificates/15-atestado-de-prova-de-vida/801-2021.pdf	1	\N	3	C
551	802-2021	2023-11-04 22:07:22.816837+00	\N	576	\N	4	\N	camaramz/certificates/4-atestado-de-casamento/802-2021.pdf	1	\N	3	C
552	803-2021	2023-11-04 22:07:23.582186+00	\N	577	\N	4	\N	camaramz/certificates/4-atestado-de-casamento/803-2021.pdf	1	\N	3	C
2413	360-2023	2023-11-04 22:26:25.133302+00	\N	1575	\N	18	\N	camaramz/certificates/18-atestado-de-agregado-familiar/360-2023.pdf	1	\N	3	C
475	734-2021	2023-11-04 22:36:44.216806+00	\N	502	\N	16	\N	camaramz/certificates/16-atestado-de-residencia/734-2021.pdf	1	\N	3	C
487	741-2021	2023-11-04 22:36:46.194889+00	\N	505	\N	9	\N	camaramz/certificates/9-atestado-de-nacionalidade-santomense/741-2021.pdf	1	\N	3	C
490	744-2021	2023-11-04 22:36:47.010206+00	\N	512	\N	4	\N	camaramz/certificates/4-atestado-de-casamento/744-2021.pdf	1	\N	3	C
492	746-2021	2023-11-04 22:36:47.570418+00	\N	516	\N	4	\N	camaramz/certificates/4-atestado-de-casamento/746-2021.pdf	1	\N	3	C
495	749-2021	2023-11-04 22:36:48.38961+00	\N	519	\N	4	\N	camaramz/certificates/4-atestado-de-casamento/749-2021.pdf	1	\N	3	C
497	751-2021	2023-11-04 22:36:48.951706+00	\N	521	\N	10	\N	camaramz/certificates/10-atestado-de-percepcao-da-pensao-de-aposentacao/751-2021.pdf	1	\N	3	C
500	754-2021	2023-11-04 22:36:49.780275+00	\N	526	\N	4	\N	camaramz/certificates/4-atestado-de-casamento/754-2021.pdf	1	\N	3	C
504	756-2021	2023-11-04 22:36:50.367511+00	\N	523	\N	15	\N	camaramz/certificates/15-atestado-de-prova-de-vida/756-2021.pdf	1	\N	3	C
507	759-2021	2023-11-04 22:36:51.220657+00	\N	530	\N	16	\N	camaramz/certificates/16-atestado-de-residencia/759-2021.pdf	1	\N	3	C
510	762-2021	2023-11-04 22:36:52.046766+00	\N	533	\N	4	\N	camaramz/certificates/4-atestado-de-casamento/762-2021.pdf	1	\N	3	C
513	765-2021	2023-11-04 22:36:52.912221+00	\N	536	\N	4	\N	camaramz/certificates/4-atestado-de-casamento/765-2021.pdf	1	\N	3	C
516	768-2021	2023-11-04 22:36:53.754145+00	\N	540	\N	2	\N	camaramz/certificates/2-atestado-de-bolsa-de-estudo/768-2021.pdf	1	\N	3	C
517	769-2021	2023-11-04 22:36:54.053756+00	\N	92	\N	16	\N	camaramz/certificates/16-atestado-de-residencia/769-2021.pdf	1	\N	3	C
518	770-2021	2023-11-04 22:36:54.338611+00	\N	541	\N	18	\N	camaramz/certificates/18-atestado-de-agregado-familiar/770-2021.pdf	1	\N	3	C
519	771-2021	2023-11-04 22:36:54.617392+00	\N	542	\N	4	\N	camaramz/certificates/4-atestado-de-casamento/771-2021.pdf	1	\N	3	C
520	772-2021	2023-11-04 22:36:54.995379+00	\N	543	\N	4	\N	camaramz/certificates/4-atestado-de-casamento/772-2021.pdf	1	\N	3	C
521	773-2021	2023-11-04 22:36:55.304254+00	\N	544	\N	4	\N	camaramz/certificates/4-atestado-de-casamento/773-2021.pdf	1	\N	3	C
523	774-2021	2023-11-04 22:36:55.588058+00	\N	547	\N	15	\N	camaramz/certificates/15-atestado-de-prova-de-vida/774-2021.pdf	1	\N	3	C
524	775-2021	2023-11-04 22:36:55.84463+00	\N	548	\N	8	\N	camaramz/certificates/8-atestado-de-fixacao-de-residencia/775-2021.pdf	1	\N	3	C
525	776-2021	2023-11-04 22:36:56.133538+00	\N	1536	\N	2	\N	camaramz/certificates/2-atestado-de-bolsa-de-estudo/776-2021.pdf	1	\N	3	C
526	777-2021	2023-11-04 22:36:56.443371+00	\N	553	\N	4	\N	camaramz/certificates/4-atestado-de-casamento/777-2021.pdf	1	\N	3	C
527	778-2021	2023-11-04 22:36:56.7197+00	\N	554	\N	16	\N	camaramz/certificates/16-atestado-de-residencia/778-2021.pdf	1	\N	3	C
528	779-2021	2023-11-04 22:36:57.023917+00	\N	552	\N	18	\N	camaramz/certificates/18-atestado-de-agregado-familiar/779-2021.pdf	1	\N	3	C
529	780-2021	2023-11-04 22:36:57.309847+00	\N	555	\N	4	\N	camaramz/certificates/4-atestado-de-casamento/780-2021.pdf	1	\N	3	C
530	781-2021	2023-11-04 22:36:57.580993+00	\N	556	\N	4	\N	camaramz/certificates/4-atestado-de-casamento/781-2021.pdf	1	\N	3	C
531	782-2021	2023-11-04 22:36:57.860424+00	\N	557	\N	5	\N	camaramz/certificates/5-atestado-de-candidatura-a-transporte-publico/782-2021.pdf	1	\N	3	C
532	783-2021	2023-11-04 22:36:58.142769+00	\N	549	\N	4	\N	camaramz/certificates/4-atestado-de-casamento/783-2021.pdf	1	\N	3	C
533	784-2021	2023-11-04 22:36:58.414635+00	\N	558	\N	4	\N	camaramz/certificates/4-atestado-de-casamento/784-2021.pdf	1	\N	3	C
534	785-2021	2023-11-04 22:36:58.723543+00	\N	559	\N	4	\N	camaramz/certificates/4-atestado-de-casamento/785-2021.pdf	1	\N	3	C
535	786-2021	2023-11-04 22:36:59.003753+00	\N	560	\N	4	\N	camaramz/certificates/4-atestado-de-casamento/786-2021.pdf	1	\N	3	C
536	787-2021	2023-11-04 22:36:59.279581+00	\N	561	\N	16	\N	camaramz/certificates/16-atestado-de-residencia/787-2021.pdf	1	\N	3	C
537	788-2021	2023-11-04 22:36:59.575363+00	\N	562	\N	16	\N	camaramz/certificates/16-atestado-de-residencia/788-2021.pdf	1	\N	3	C
538	789-2021	2023-11-04 22:36:59.853889+00	\N	563	\N	4	\N	camaramz/certificates/4-atestado-de-casamento/789-2021.pdf	1	\N	3	C
553	804-2021	2023-11-04 22:07:24.212411+00	\N	579	\N	4	\N	camaramz/certificates/4-atestado-de-casamento/804-2021.pdf	1	\N	3	C
2415	361-2023	2023-11-04 22:26:26.389958+00	\N	1467	\N	2	\N	camaramz/certificates/2-atestado-de-bolsa-de-estudo/361-2023.pdf	1	\N	3	C
554	805-2021	2023-11-04 22:07:24.858003+00	\N	580	\N	4	\N	camaramz/certificates/4-atestado-de-casamento/805-2021.pdf	1	\N	3	C
555	806-2021	2023-11-04 22:07:25.492008+00	\N	580	\N	4	\N	camaramz/certificates/4-atestado-de-casamento/806-2021.pdf	1	\N	3	C
556	807-2021	2023-11-04 22:07:26.125658+00	\N	581	\N	15	\N	camaramz/certificates/15-atestado-de-prova-de-vida/807-2021.pdf	1	\N	3	C
557	808-2021	2023-11-04 22:07:26.758562+00	\N	582	\N	15	\N	camaramz/certificates/15-atestado-de-prova-de-vida/808-2021.pdf	1	\N	3	C
558	809-2021	2023-11-04 22:07:27.403864+00	\N	583	\N	19	\N	camaramz/certificates/19-atestado-de-viagem/809-2021.pdf	1	\N	3	C
559	810-2021	2023-11-04 22:07:28.060049+00	\N	584	\N	13	\N	camaramz/certificates/13-atestado-de-subsidio-de-transporte/810-2021.pdf	1	\N	3	C
560	811-2021	2023-11-04 22:07:28.693826+00	\N	586	\N	18	\N	camaramz/certificates/18-atestado-de-agregado-familiar/811-2021.pdf	1	\N	3	C
561	812-2021	2023-11-04 22:07:29.318299+00	\N	588	\N	13	\N	camaramz/certificates/13-atestado-de-subsidio-de-transporte/812-2021.pdf	1	\N	3	C
562	813-2021	2023-11-04 22:07:29.962045+00	\N	589	\N	4	\N	camaramz/certificates/4-atestado-de-casamento/813-2021.pdf	1	\N	3	C
563	814-2021	2023-11-04 22:07:30.594481+00	\N	590	\N	4	\N	camaramz/certificates/4-atestado-de-casamento/814-2021.pdf	1	\N	3	C
564	815-2021	2023-11-04 22:07:31.230278+00	\N	585	\N	13	\N	camaramz/certificates/13-atestado-de-subsidio-de-transporte/815-2021.pdf	1	\N	3	C
565	816-2021	2023-11-04 22:07:31.858927+00	\N	122	\N	16	\N	camaramz/certificates/16-atestado-de-residencia/816-2021.pdf	1	\N	3	C
566	817-2021	2023-11-04 22:07:32.512492+00	\N	591	\N	13	\N	camaramz/certificates/13-atestado-de-subsidio-de-transporte/817-2021.pdf	1	\N	3	C
567	818-2021	2023-11-04 22:07:33.161003+00	\N	592	\N	16	\N	camaramz/certificates/16-atestado-de-residencia/818-2021.pdf	1	\N	3	C
568	819-2021	2023-11-04 22:07:33.804492+00	\N	593	\N	13	\N	camaramz/certificates/13-atestado-de-subsidio-de-transporte/819-2021.pdf	1	\N	3	C
569	820-2021	2023-11-04 22:07:34.443319+00	\N	594	\N	13	\N	camaramz/certificates/13-atestado-de-subsidio-de-transporte/820-2021.pdf	1	\N	3	C
570	821-2021	2023-11-04 22:07:35.109564+00	\N	595	\N	4	\N	camaramz/certificates/4-atestado-de-casamento/821-2021.pdf	1	\N	3	C
571	822-2021	2023-11-04 22:07:35.739776+00	\N	596	\N	13	\N	camaramz/certificates/13-atestado-de-subsidio-de-transporte/822-2021.pdf	1	\N	3	C
572	823-2021	2023-11-04 22:07:36.374393+00	\N	597	\N	4	\N	camaramz/certificates/4-atestado-de-casamento/823-2021.pdf	1	\N	3	C
573	824-2021	2023-11-04 22:07:37.009243+00	\N	598	\N	4	\N	camaramz/certificates/4-atestado-de-casamento/824-2021.pdf	1	\N	3	C
574	825-2021	2023-11-04 22:07:37.653423+00	\N	600	\N	4	\N	camaramz/certificates/4-atestado-de-casamento/825-2021.pdf	1	\N	3	C
575	826-2021	2023-11-04 22:07:38.34337+00	\N	601	\N	4	\N	camaramz/certificates/4-atestado-de-casamento/826-2021.pdf	1	\N	3	C
576	827-2021	2023-11-04 22:07:38.970401+00	\N	599	\N	4	\N	camaramz/certificates/4-atestado-de-casamento/827-2021.pdf	1	\N	3	C
577	828-2021	2023-11-04 22:07:39.632139+00	\N	602	\N	13	\N	camaramz/certificates/13-atestado-de-subsidio-de-transporte/828-2021.pdf	1	\N	3	C
578	829-2021	2023-11-04 22:07:40.268258+00	\N	603	\N	3	\N	camaramz/certificates/3-atestado-de-bolsa-interna/829-2021.pdf	1	\N	3	C
579	830-2021	2023-11-04 22:07:42.203615+00	\N	604	\N	18	\N	camaramz/certificates/18-atestado-de-agregado-familiar/830-2021.pdf	1	\N	3	C
580	831-2021	2023-11-04 22:07:42.819239+00	\N	607	\N	18	\N	camaramz/certificates/18-atestado-de-agregado-familiar/831-2021.pdf	1	\N	3	C
581	832-2021	2023-11-04 22:07:43.449421+00	\N	608	\N	7	\N	camaramz/certificates/7-atestado-de-escolares/832-2021.pdf	1	\N	3	C
582	833-2021	2023-11-04 22:07:44.090786+00	\N	610	\N	2	\N	camaramz/certificates/2-atestado-de-bolsa-de-estudo/833-2021.pdf	1	\N	3	C
583	834-2021	2023-11-04 22:07:44.731093+00	\N	611	\N	15	\N	camaramz/certificates/15-atestado-de-prova-de-vida/834-2021.pdf	1	\N	3	C
584	835-2021	2023-11-04 22:07:45.362969+00	\N	612	\N	4	\N	camaramz/certificates/4-atestado-de-casamento/835-2021.pdf	1	\N	3	C
585	836-2021	2023-11-04 22:07:46.102387+00	\N	604	\N	18	\N	camaramz/certificates/18-atestado-de-agregado-familiar/836-2021.pdf	1	\N	3	C
586	837-2021	2023-11-04 22:07:46.723025+00	\N	614	\N	3	\N	camaramz/certificates/3-atestado-de-bolsa-interna/837-2021.pdf	1	\N	3	C
598	849-2021	2023-11-04 22:07:54.594063+00	\N	624	\N	4	\N	camaramz/certificates/4-atestado-de-casamento/849-2021.pdf	1	\N	3	C
600	851-2021	2023-11-04 22:07:55.993849+00	\N	625	\N	13	\N	camaramz/certificates/13-atestado-de-subsidio-de-transporte/851-2021.pdf	1	\N	3	C
603	854-2021	2023-11-04 22:07:58.244412+00	\N	627	\N	4	\N	camaramz/certificates/4-atestado-de-casamento/854-2021.pdf	1	\N	3	C
606	857-2021	2023-11-04 22:08:00.408055+00	\N	636	\N	19	\N	camaramz/certificates/19-atestado-de-viagem/857-2021.pdf	1	\N	3	C
616	856-2021	2023-11-04 22:08:02.285811+00	\N	635	\N	2	\N	camaramz/certificates/2-atestado-de-bolsa-de-estudo/856-2021.pdf	1	\N	3	C
618	858-2021	2023-11-04 22:08:03.536744+00	\N	637	\N	2	\N	camaramz/certificates/2-atestado-de-bolsa-de-estudo/858-2021.pdf	1	\N	3	C
626	864-2021	2023-11-04 22:08:05.804601+00	\N	639	\N	2	\N	camaramz/certificates/2-atestado-de-bolsa-de-estudo/864-2021.pdf	1	\N	3	C
628	864-2021	2023-11-04 22:08:07.167405+00	\N	638	\N	4	\N	camaramz/certificates/4-atestado-de-casamento/864-2021.pdf	1	\N	3	C
631	867-2021	2023-11-04 22:08:09.957377+00	\N	641	\N	2	\N	camaramz/certificates/2-atestado-de-bolsa-de-estudo/867-2021.pdf	1	\N	3	C
633	869-2021	2023-11-04 22:08:11.387354+00	\N	643	\N	2	\N	camaramz/certificates/2-atestado-de-bolsa-de-estudo/869-2021.pdf	1	\N	3	C
636	872-2021	2023-11-04 22:08:13.505327+00	\N	646	\N	8	\N	camaramz/certificates/8-atestado-de-fixacao-de-residencia/872-2021.pdf	1	\N	3	C
638	874-2021	2023-11-04 22:08:14.921305+00	\N	647	\N	2	\N	camaramz/certificates/2-atestado-de-bolsa-de-estudo/874-2021.pdf	1	\N	3	C
641	877-2021	2023-11-04 22:08:16.83031+00	\N	651	\N	4	\N	camaramz/certificates/4-atestado-de-casamento/877-2021.pdf	1	\N	3	C
643	879-2021	2023-11-04 22:08:18.1358+00	\N	653	\N	2	\N	camaramz/certificates/2-atestado-de-bolsa-de-estudo/879-2021.pdf	1	\N	3	C
2418	4-2023	2023-11-04 22:26:28.271707+00	\N	2074	\N	24	\N	camaramz/certificates/24-certificado-de-certificado-de-compra-de-coval/4-2023.pdf	3	\N	1	P
648	884-2021	2023-11-04 22:08:21.267566+00	\N	659	\N	4	\N	camaramz/certificates/4-atestado-de-casamento/884-2021.pdf	1	\N	3	C
651	887-2021	2023-11-04 22:08:23.165736+00	\N	661	\N	4	\N	camaramz/certificates/4-atestado-de-casamento/887-2021.pdf	1	\N	3	C
2422	366-2023	2023-11-04 22:26:30.809018+00	\N	1281	\N	16	\N	camaramz/certificates/16-atestado-de-residencia/366-2023.pdf	1	\N	3	C
654	890-2021	2023-11-04 22:08:25.163553+00	\N	664	\N	4	\N	camaramz/certificates/4-atestado-de-casamento/890-2021.pdf	1	\N	3	C
656	892-2021	2023-11-04 22:08:26.457571+00	\N	666	\N	2	\N	camaramz/certificates/2-atestado-de-bolsa-de-estudo/892-2021.pdf	1	\N	3	C
659	895-2021	2023-11-04 22:08:28.462554+00	\N	668	\N	2	\N	camaramz/certificates/2-atestado-de-bolsa-de-estudo/895-2021.pdf	1	Casa nmero 034	3	C
662	898-2021	2023-11-04 22:08:30.355038+00	\N	390	\N	3	\N	camaramz/certificates/3-atestado-de-bolsa-interna/898-2021.pdf	1	\N	3	C
664	900-2021	2023-11-04 22:08:31.629505+00	\N	673	\N	13	\N	camaramz/certificates/13-atestado-de-subsidio-de-transporte/900-2021.pdf	1	\N	3	C
666	902-2021	2023-11-04 22:08:32.883226+00	\N	675	\N	19	\N	camaramz/certificates/19-atestado-de-viagem/902-2021.pdf	1	A finalidade deste Atestado  Casamento ou Viagem	3	C
671	907-2021	2023-11-04 22:08:36.126089+00	\N	680	\N	4	\N	camaramz/certificates/4-atestado-de-casamento/907-2021.pdf	1	Ermelinda vs. Ermilinda	3	C
673	909-2021	2023-11-04 22:08:37.372692+00	\N	681	\N	13	\N	camaramz/certificates/13-atestado-de-subsidio-de-transporte/909-2021.pdf	1	\N	3	C
676	912-2021	2023-11-04 22:08:39.419235+00	\N	683	\N	18	\N	camaramz/certificates/18-atestado-de-agregado-familiar/912-2021.pdf	1	\N	3	C
678	914-2021	2023-11-04 22:08:40.721274+00	\N	685	\N	8	\N	camaramz/certificates/8-atestado-de-fixacao-de-residencia/914-2021.pdf	1	\N	3	C
681	917-2021	2023-11-04 22:08:42.63362+00	\N	687	\N	4	\N	camaramz/certificates/4-atestado-de-casamento/917-2021.pdf	1	\N	3	C
683	919-2021	2023-11-04 22:08:44.089668+00	\N	690	\N	8	\N	camaramz/certificates/8-atestado-de-fixacao-de-residencia/919-2021.pdf	1	\N	3	C
687	923-2021	2023-11-04 22:08:46.607966+00	\N	693	\N	8	\N	camaramz/certificates/8-atestado-de-fixacao-de-residencia/923-2021.pdf	1	\N	3	C
690	926-2021	2023-11-04 22:08:48.558206+00	\N	696	\N	4	\N	camaramz/certificates/4-atestado-de-casamento/926-2021.pdf	1	\N	3	C
692	928-2021	2023-11-04 22:08:51.034965+00	\N	698	\N	4	\N	camaramz/certificates/4-atestado-de-casamento/928-2021.pdf	1	ngela Maria Ferreira (Figueira) D Alva	3	C
693	1-2021	2023-11-04 22:08:51.695031+00	\N	709	\N	27	\N	camaramz/certificates/27-licenca-de-licencas-para-barraca/1-2021.pdf	6	\N	3	C
702	931-2021	2023-11-04 22:08:53.647658+00	\N	702	\N	13	\N	camaramz/certificates/13-atestado-de-subsidio-de-transporte/931-2021.pdf	1	\N	3	C
704	933-2021	2023-11-04 22:08:55.022722+00	\N	704	\N	15	\N	camaramz/certificates/15-atestado-de-prova-de-vida/933-2021.pdf	1	\N	3	C
707	936-2021	2023-11-04 22:08:56.928008+00	\N	707	\N	8	\N	camaramz/certificates/8-atestado-de-fixacao-de-residencia/936-2021.pdf	1	\N	3	C
709	938-2021	2023-11-04 22:08:58.26666+00	\N	711	\N	4	\N	camaramz/certificates/4-atestado-de-casamento/938-2021.pdf	1	\N	3	C
712	941-2021	2023-11-04 22:09:00.185795+00	\N	713	\N	15	\N	camaramz/certificates/15-atestado-de-prova-de-vida/941-2021.pdf	1	\N	3	C
715	2-2021	2023-11-04 22:09:01.497086+00	\N	712	\N	23	\N	camaramz/certificates/23-autorizacao-de-autorizacao-de-construcao/2-2021.pdf	2	\N	3	C
717	944-2021	2023-11-04 22:09:02.766146+00	\N	483	\N	16	\N	camaramz/certificates/16-atestado-de-residencia/944-2021.pdf	1	\N	3	C
720	946-2021	2023-11-04 22:09:05.009534+00	\N	718	\N	13	\N	camaramz/certificates/13-atestado-de-subsidio-de-transporte/946-2021.pdf	1	\N	3	C
722	948-2021	2023-11-04 22:09:06.430976+00	\N	720	\N	13	\N	camaramz/certificates/13-atestado-de-subsidio-de-transporte/948-2021.pdf	1	\N	3	C
724	949-2021	2023-11-04 22:09:07.802563+00	\N	341	\N	16	\N	camaramz/certificates/16-atestado-de-residencia/949-2021.pdf	1	\N	3	C
733	3-2022	2023-11-04 22:09:10.448196+00	\N	727	\N	2	\N	camaramz/certificates/2-atestado-de-bolsa-de-estudo/3-2022.pdf	1	\N	3	C
739	7-2022	2023-11-04 22:09:11.699953+00	\N	728	\N	13	\N	camaramz/certificates/13-atestado-de-subsidio-de-transporte/7-2022.pdf	1	\N	3	C
742	10-2022	2023-11-04 22:09:13.631022+00	\N	731	\N	13	\N	camaramz/certificates/13-atestado-de-subsidio-de-transporte/10-2022.pdf	1	\N	3	C
746	12-2022	2023-11-04 22:09:14.937061+00	\N	723	\N	13	\N	camaramz/certificates/13-atestado-de-subsidio-de-transporte/12-2022.pdf	1	\N	3	C
748	13-2022	2023-11-04 22:09:16.268776+00	\N	733	\N	4	\N	camaramz/certificates/4-atestado-de-casamento/13-2022.pdf	1	\N	3	C
749	14-2022	2023-11-04 22:09:16.917613+00	\N	734	\N	2	\N	camaramz/certificates/2-atestado-de-bolsa-de-estudo/14-2022.pdf	1	\N	3	C
751	16-2022	2023-11-04 22:09:18.282609+00	\N	740	\N	2	\N	camaramz/certificates/2-atestado-de-bolsa-de-estudo/16-2022.pdf	1	\N	3	C
754	19-2022	2023-11-04 22:09:20.179508+00	\N	742	\N	15	\N	camaramz/certificates/15-atestado-de-prova-de-vida/19-2022.pdf	1	\N	3	C
756	21-2022	2023-11-04 22:09:21.440781+00	\N	744	\N	10	\N	camaramz/certificates/10-atestado-de-percepcao-da-pensao-de-aposentacao/21-2022.pdf	1	\N	3	C
758	1-2022	2023-11-04 22:09:22.75942+00	\N	747	\N	24	\N	camaramz/certificates/24-certificado-de-certificado-de-compra-de-coval/1-2022.pdf	3	\N	3	C
760	23-2022	2023-11-04 22:09:24.114767+00	\N	739	\N	7	\N	camaramz/certificates/7-atestado-de-escolares/23-2022.pdf	1	\N	3	C
763	26-2022	2023-11-04 22:09:26.0481+00	\N	746	\N	19	\N	camaramz/certificates/19-atestado-de-viagem/26-2022.pdf	1	\N	3	C
765	28-2022	2023-11-04 22:09:27.323442+00	\N	751	\N	7	\N	camaramz/certificates/7-atestado-de-escolares/28-2022.pdf	1	\N	3	C
768	31-2022	2023-11-04 22:09:29.404753+00	\N	696	\N	16	\N	camaramz/certificates/16-atestado-de-residencia/31-2022.pdf	1	\N	3	C
771	34-2022	2023-11-04 22:09:31.312906+00	\N	756	\N	4	\N	camaramz/certificates/4-atestado-de-casamento/34-2022.pdf	1	\N	3	C
773	36-2022	2023-11-04 22:09:32.683971+00	\N	758	\N	4	\N	camaramz/certificates/4-atestado-de-casamento/36-2022.pdf	1	\N	3	C
775	38-2022	2023-11-04 22:09:34.005623+00	\N	761	\N	4	\N	camaramz/certificates/4-atestado-de-casamento/38-2022.pdf	1	\N	3	C
778	2-2022	2023-11-04 22:09:35.922706+00	\N	763	\N	27	\N	camaramz/certificates/27-licenca-de-licencas-para-barraca/2-2022.pdf	6	\N	3	C
780	42-2022	2023-11-04 22:09:37.24717+00	\N	765	\N	19	\N	camaramz/certificates/19-atestado-de-viagem/42-2022.pdf	1	\N	3	C
1370	8-2022	2023-11-04 22:16:05.637414+00	\N	1249	\N	23	\N	camaramz/certificates/23-autorizacao-de-autorizacao-de-construcao/8-2022.pdf	2	\N	3	C
783	4-2022	2023-11-04 22:09:39.295164+00	\N	919	\N	23	\N	camaramz/certificates/23-autorizacao-de-autorizacao-de-construcao/4-2022.pdf	2	\N	3	C
785	46-2022	2023-11-04 22:09:40.56609+00	\N	770	\N	4	\N	camaramz/certificates/4-atestado-de-casamento/46-2022.pdf	1	\N	3	C
787	48-2022	2023-11-04 22:09:41.873445+00	\N	773	\N	13	\N	camaramz/certificates/13-atestado-de-subsidio-de-transporte/48-2022.pdf	1	\N	3	C
791	52-2022	2023-11-04 22:09:44.47727+00	\N	776	\N	4	\N	camaramz/certificates/4-atestado-de-casamento/52-2022.pdf	1	\N	3	C
794	55-2022	2023-11-04 22:09:46.384986+00	\N	777	\N	18	\N	camaramz/certificates/18-atestado-de-agregado-familiar/55-2022.pdf	1	\N	3	C
796	57-2022	2023-11-04 22:09:47.675499+00	\N	782	\N	30	\N	camaramz/certificates/30-atestado-de-convenientes/57-2022.pdf	1	\N	3	C
798	59-2022	2023-11-04 22:09:48.960061+00	\N	783	\N	13	\N	camaramz/certificates/13-atestado-de-subsidio-de-transporte/59-2022.pdf	1	\N	3	C
800	3-2022	2023-11-04 22:09:50.367559+00	\N	788	\N	27	\N	camaramz/certificates/27-licenca-de-licencas-para-barraca/3-2022.pdf	6	\N	3	C
804	64-2022	2023-11-04 22:09:53.080699+00	\N	789	\N	10	\N	camaramz/certificates/10-atestado-de-percepcao-da-pensao-de-aposentacao/64-2022.pdf	1	\N	3	C
1461	592-2022	2023-11-04 22:17:00.520098+00	\N	1341	\N	16	\N	camaramz/certificates/16-atestado-de-residencia/592-2022.pdf	1	\N	3	C
1464	595-2022	2023-11-04 22:17:02.455236+00	\N	1345	\N	19	\N	camaramz/certificates/19-atestado-de-viagem/595-2022.pdf	1	\N	3	C
1465	596-2022	2023-11-04 22:17:03.09226+00	\N	1346	\N	16	\N	camaramz/certificates/16-atestado-de-residencia/596-2022.pdf	1	\N	3	C
1467	598-2022	2023-11-04 22:17:04.353833+00	\N	1348	\N	2	\N	camaramz/certificates/2-atestado-de-bolsa-de-estudo/598-2022.pdf	1	\N	3	C
1470	601-2022	2023-11-04 22:17:06.230073+00	\N	1351	\N	4	\N	camaramz/certificates/4-atestado-de-casamento/601-2022.pdf	1	\N	3	C
1472	603-2022	2023-11-04 22:17:07.517958+00	\N	1353	\N	2	\N	camaramz/certificates/2-atestado-de-bolsa-de-estudo/603-2022.pdf	1	\N	3	C
1475	606-2022	2023-11-04 22:17:09.456299+00	\N	1357	\N	2	\N	camaramz/certificates/2-atestado-de-bolsa-de-estudo/606-2022.pdf	1	CASAMENTO vs. BOLSA DE ESTUDO	3	C
1479	610-2022	2023-11-04 22:17:12.068976+00	\N	1362	\N	2	\N	camaramz/certificates/2-atestado-de-bolsa-de-estudo/610-2022.pdf	1	\N	3	C
1481	612-2022	2023-11-04 22:17:13.328094+00	\N	1365	\N	2	\N	camaramz/certificates/2-atestado-de-bolsa-de-estudo/612-2022.pdf	1	\N	3	C
1485	10-2022	2023-11-04 22:17:15.312194+00	\N	1368	\N	23	\N	camaramz/certificates/23-autorizacao-de-autorizacao-de-construcao/10-2022.pdf	2	\N	3	C
1487	616-2022	2023-11-04 22:17:16.615655+00	\N	1374	\N	4	\N	camaramz/certificates/4-atestado-de-casamento/616-2022.pdf	1	\N	3	C
1490	619-2022	2023-11-04 22:17:18.498775+00	\N	1375	\N	4	\N	camaramz/certificates/4-atestado-de-casamento/619-2022.pdf	1	\N	3	C
1492	621-2022	2023-11-04 22:17:19.765261+00	\N	1377	\N	19	\N	camaramz/certificates/19-atestado-de-viagem/621-2022.pdf	1	\N	3	C
1496	625-2022	2023-11-04 22:17:22.517506+00	\N	1381	\N	2	\N	camaramz/certificates/2-atestado-de-bolsa-de-estudo/625-2022.pdf	1	\N	3	C
1498	626-2022	2023-11-04 22:17:23.812249+00	\N	1382	\N	2	\N	camaramz/certificates/2-atestado-de-bolsa-de-estudo/626-2022.pdf	1	\N	3	C
1500	627-2022	2023-11-04 22:17:25.093879+00	\N	1610	\N	4	\N	camaramz/certificates/4-atestado-de-casamento/627-2022.pdf	1	\N	3	C
1503	630-2022	2023-11-04 22:17:27.224508+00	\N	1386	\N	2	\N	camaramz/certificates/2-atestado-de-bolsa-de-estudo/630-2022.pdf	1	\N	3	C
1505	632-2022	2023-11-04 22:17:28.625873+00	\N	1388	\N	4	\N	camaramz/certificates/4-atestado-de-casamento/632-2022.pdf	1	\N	3	C
1508	635-2022	2023-11-04 22:17:30.553841+00	\N	1391	\N	2	\N	camaramz/certificates/2-atestado-de-bolsa-de-estudo/635-2022.pdf	1	\N	3	C
1510	637-2022	2023-11-04 22:17:31.83781+00	\N	1394	\N	16	\N	camaramz/certificates/16-atestado-de-residencia/637-2022.pdf	1	\N	3	C
1513	640-2022	2023-11-04 22:17:33.801264+00	\N	1402	\N	4	\N	camaramz/certificates/4-atestado-de-casamento/640-2022.pdf	1	\N	3	C
1515	642-2022	2023-11-04 22:17:35.143718+00	\N	1396	\N	2	\N	camaramz/certificates/2-atestado-de-bolsa-de-estudo/642-2022.pdf	1	\N	3	C
1518	645-2022	2023-11-04 22:17:37.18119+00	\N	1399	\N	2	\N	camaramz/certificates/2-atestado-de-bolsa-de-estudo/645-2022.pdf	1	\N	3	C
1530	647-2022	2023-11-04 22:17:38.44804+00	\N	1404	\N	2	\N	camaramz/certificates/2-atestado-de-bolsa-de-estudo/647-2022.pdf	1	\N	3	C
1534	650-2022	2023-11-04 22:17:40.329639+00	\N	1409	\N	13	\N	camaramz/certificates/13-atestado-de-subsidio-de-transporte/650-2022.pdf	1	\N	3	C
1537	653-2022	2023-11-04 22:17:42.228847+00	\N	1412	\N	2	\N	camaramz/certificates/2-atestado-de-bolsa-de-estudo/653-2022.pdf	1	\N	3	C
1539	655-2022	2023-11-04 22:17:43.509417+00	\N	136	\N	30	\N	camaramz/certificates/30-atestado-de-convenientes/655-2022.pdf	1	\N	3	C
1542	658-2022	2023-11-04 22:17:45.519106+00	\N	1415	\N	2	\N	camaramz/certificates/2-atestado-de-bolsa-de-estudo/658-2022.pdf	1	\N	3	C
1544	660-2022	2023-11-04 22:17:48.231831+00	\N	1418	\N	16	\N	camaramz/certificates/16-atestado-de-residencia/660-2022.pdf	1	\N	3	C
1547	22-2022	2023-11-04 22:17:50.356963+00	\N	1420	\N	32	\N	camaramz/certificates/32-licenca-de-licencas-para-baile/22-2022.pdf	10	\N	1	P
1551	661-2022	2023-11-04 22:17:52.301601+00	\N	1421	\N	2	\N	camaramz/certificates/2-atestado-de-bolsa-de-estudo/661-2022.pdf	1	\N	3	C
1552	662-2022	2023-11-04 22:17:52.944002+00	\N	1422	\N	2	\N	camaramz/certificates/2-atestado-de-bolsa-de-estudo/662-2022.pdf	1	\N	3	C
1558	667-2022	2023-11-04 22:17:56.261387+00	\N	186	\N	4	\N	camaramz/certificates/4-atestado-de-casamento/667-2022.pdf	1	\N	3	C
1561	670-2022	2023-11-04 22:17:58.193914+00	\N	203	\N	2	\N	camaramz/certificates/2-atestado-de-bolsa-de-estudo/670-2022.pdf	1	\N	3	C
2424	368-2023	2023-11-04 22:26:32.203094+00	\N	2085	\N	2	\N	camaramz/certificates/2-atestado-de-bolsa-de-estudo/368-2023.pdf	1	\N	3	C
2449	371-2023	2023-11-04 22:26:34.126627+00	\N	2087	\N	4	\N	camaramz/certificates/4-atestado-de-casamento/371-2023.pdf	1	\N	3	C
2452	374-2023	2023-11-04 22:26:36.100879+00	\N	2091	\N	4	\N	camaramz/certificates/4-atestado-de-casamento/374-2023.pdf	1	\N	3	C
2454	376-2023	2023-11-04 22:26:37.346941+00	\N	2076	\N	4	\N	camaramz/certificates/4-atestado-de-casamento/376-2023.pdf	1	\N	3	C
2457	379-2023	2023-11-04 22:26:39.2318+00	\N	2075	\N	4	\N	camaramz/certificates/4-atestado-de-casamento/379-2023.pdf	1	\N	3	C
2460	382-2023	2023-11-04 22:26:41.142808+00	\N	2094	\N	8	\N	camaramz/certificates/8-atestado-de-fixacao-de-residencia/382-2023.pdf	1	\N	3	C
2462	384-2023	2023-11-04 22:26:42.388307+00	\N	2084	\N	18	\N	camaramz/certificates/18-atestado-de-agregado-familiar/384-2023.pdf	1	\N	3	C
1566	672-2022	2023-11-04 22:17:59.539258+00	\N	1430	\N	2	\N	camaramz/certificates/2-atestado-de-bolsa-de-estudo/672-2022.pdf	1	\N	3	C
1569	675-2022	2023-11-04 22:18:01.795814+00	\N	1433	\N	2	\N	camaramz/certificates/2-atestado-de-bolsa-de-estudo/675-2022.pdf	1	\N	3	C
1572	678-2022	2023-11-04 22:18:03.973462+00	\N	539	\N	16	\N	camaramz/certificates/16-atestado-de-residencia/678-2022.pdf	1	\N	3	C
1574	680-2022	2023-11-04 22:18:05.296019+00	\N	1436	\N	2	\N	camaramz/certificates/2-atestado-de-bolsa-de-estudo/680-2022.pdf	1	\N	3	C
1577	683-2022	2023-11-04 22:18:07.314373+00	\N	1327	\N	4	\N	camaramz/certificates/4-atestado-de-casamento/683-2022.pdf	1	\N	3	C
1579	685-2022	2023-11-04 22:18:08.72177+00	\N	1439	\N	2	\N	camaramz/certificates/2-atestado-de-bolsa-de-estudo/685-2022.pdf	1	\N	3	C
1583	689-2022	2023-11-04 22:18:11.2864+00	\N	1443	\N	30	\N	camaramz/certificates/30-atestado-de-convenientes/689-2022.pdf	1	\N	3	C
1585	691-2022	2023-11-04 22:18:12.615122+00	\N	1445	\N	30	\N	camaramz/certificates/30-atestado-de-convenientes/691-2022.pdf	1	\N	3	C
1588	694-2022	2023-11-04 22:18:14.575888+00	\N	1448	\N	4	\N	camaramz/certificates/4-atestado-de-casamento/694-2022.pdf	1	\N	3	C
1592	698-2022	2023-11-04 22:18:17.159819+00	\N	1453	\N	2	\N	camaramz/certificates/2-atestado-de-bolsa-de-estudo/698-2022.pdf	1	\N	3	C
1594	700-2022	2023-11-04 22:18:18.451589+00	\N	1454	\N	2	\N	camaramz/certificates/2-atestado-de-bolsa-de-estudo/700-2022.pdf	1	\N	3	C
1595	10-2022	2023-11-04 22:18:19.123898+00	\N	1456	\N	23	\N	camaramz/certificates/23-autorizacao-de-autorizacao-de-construcao/10-2022.pdf	2	\N	3	C
1597	12-2022	2023-11-04 22:18:20.421993+00	\N	1458	\N	23	\N	camaramz/certificates/23-autorizacao-de-autorizacao-de-construcao/12-2022.pdf	2	\N	3	C
1599	20-2022	2023-11-04 22:18:21.707844+00	\N	1459	\N	27	\N	camaramz/certificates/27-licenca-de-licencas-para-barraca/20-2022.pdf	6	\N	3	C
1602	703-2022	2023-11-04 22:18:23.674472+00	\N	1463	\N	2	\N	camaramz/certificates/2-atestado-de-bolsa-de-estudo/703-2022.pdf	1	\N	3	C
1603	704-2022	2023-11-04 22:18:24.319762+00	\N	1464	\N	2	\N	camaramz/certificates/2-atestado-de-bolsa-de-estudo/704-2022.pdf	1	AnatliaViginia (VIRGINIA) Mendes do Espirito Santo	3	C
1608	709-2022	2023-11-04 22:18:27.538953+00	\N	1470	\N	30	\N	camaramz/certificates/30-atestado-de-convenientes/709-2022.pdf	1	\N	3	C
1610	711-2022	2023-11-04 22:18:28.821875+00	\N	1472	\N	2	\N	camaramz/certificates/2-atestado-de-bolsa-de-estudo/711-2022.pdf	1	\N	3	C
1613	714-2022	2023-11-04 22:18:30.715416+00	\N	1475	\N	2	\N	camaramz/certificates/2-atestado-de-bolsa-de-estudo/714-2022.pdf	1	\N	3	C
1615	716-2022	2023-11-04 22:18:32.026649+00	\N	1478	\N	18	\N	camaramz/certificates/18-atestado-de-agregado-familiar/716-2022.pdf	1	\N	3	C
1618	719-2022	2023-11-04 22:18:34.009235+00	\N	1481	\N	2	\N	camaramz/certificates/2-atestado-de-bolsa-de-estudo/719-2022.pdf	1	Edemica (EDENICA) Sousa Pontesde Assuno Nicolau	3	C
1622	723-2022	2023-11-04 22:18:36.55639+00	\N	1487	\N	10	\N	camaramz/certificates/10-atestado-de-percepcao-da-pensao-de-aposentacao/723-2022.pdf	1	\N	3	C
1625	9-2022	2023-11-04 22:18:38.518589+00	\N	1491	\N	24	\N	camaramz/certificates/24-certificado-de-certificado-de-compra-de-coval/9-2022.pdf	3	\N	1	P
1627	727-2022	2023-11-04 22:18:39.797684+00	\N	1492	\N	2	\N	camaramz/certificates/2-atestado-de-bolsa-de-estudo/727-2022.pdf	1	\N	3	C
1630	730-2022	2023-11-04 22:18:41.740713+00	\N	1495	\N	30	\N	camaramz/certificates/30-atestado-de-convenientes/730-2022.pdf	1	\N	3	C
1632	13-2022	2023-11-04 22:18:43.006644+00	\N	1497	\N	23	\N	camaramz/certificates/23-autorizacao-de-autorizacao-de-construcao/13-2022.pdf	2	\N	1	P
1637	735-2022	2023-11-04 22:18:46.268363+00	\N	1502	\N	4	\N	camaramz/certificates/4-atestado-de-casamento/735-2022.pdf	1	\N	3	C
1640	737-2022	2023-11-04 22:18:47.624974+00	\N	1504	\N	13	\N	camaramz/certificates/13-atestado-de-subsidio-de-transporte/737-2022.pdf	1	\N	3	C
1643	740-2022	2023-11-04 22:18:49.541773+00	\N	1507	\N	19	\N	camaramz/certificates/19-atestado-de-viagem/740-2022.pdf	1	\N	3	C
1645	742-2022	2023-11-04 22:18:50.818037+00	\N	1512	\N	19	\N	camaramz/certificates/19-atestado-de-viagem/742-2022.pdf	1	\N	3	C
1648	745-2022	2023-11-04 22:18:52.841544+00	\N	1513	\N	2	\N	camaramz/certificates/2-atestado-de-bolsa-de-estudo/745-2022.pdf	1	\N	3	C
1650	747-2022	2023-11-04 22:18:55.400908+00	\N	1515	\N	2	\N	camaramz/certificates/2-atestado-de-bolsa-de-estudo/747-2022.pdf	1	\N	3	C
1653	750-2022	2023-11-04 22:18:57.301115+00	\N	1044	\N	18	\N	camaramz/certificates/18-atestado-de-agregado-familiar/750-2022.pdf	1	\N	3	C
1656	753-2022	2023-11-04 22:18:59.263254+00	\N	1519	\N	13	\N	camaramz/certificates/13-atestado-de-subsidio-de-transporte/753-2022.pdf	1	\N	3	C
1659	756-2022	2023-11-04 22:19:01.175571+00	\N	363	\N	2	\N	camaramz/certificates/2-atestado-de-bolsa-de-estudo/756-2022.pdf	1	\N	3	C
1662	759-2022	2023-11-04 22:19:03.018851+00	\N	1523	\N	19	\N	camaramz/certificates/19-atestado-de-viagem/759-2022.pdf	1	\N	3	C
1665	762-2022	2023-11-04 22:19:04.891188+00	\N	1530	\N	13	\N	camaramz/certificates/13-atestado-de-subsidio-de-transporte/762-2022.pdf	1		3	C
1667	764-2022	2023-11-04 22:19:06.15942+00	\N	1527	\N	16	\N	camaramz/certificates/16-atestado-de-residencia/764-2022.pdf	1	\N	3	C
1670	767-2022	2023-11-04 22:19:08.182934+00	\N	1023	\N	4	\N	camaramz/certificates/4-atestado-de-casamento/767-2022.pdf	1	\N	3	C
1672	769-2022	2023-11-04 22:19:09.522851+00	\N	1530	\N	13	\N	camaramz/certificates/13-atestado-de-subsidio-de-transporte/769-2022.pdf	1	\N	3	C
1675	772-2022	2023-11-04 22:19:11.495882+00	\N	229	\N	4	\N	camaramz/certificates/4-atestado-de-casamento/772-2022.pdf	1	\N	3	C
1677	10-2022	2023-11-04 22:19:12.761495+00	\N	1533	\N	24	\N	camaramz/certificates/24-certificado-de-certificado-de-compra-de-coval/10-2022.pdf	3	\N	1	P
1680	776-2022	2023-11-04 22:19:14.771662+00	\N	1536	\N	2	\N	camaramz/certificates/2-atestado-de-bolsa-de-estudo/776-2022.pdf	1	\N	3	C
1684	780-2022	2023-11-04 22:19:16.668287+00	\N	1540	\N	2	\N	camaramz/certificates/2-atestado-de-bolsa-de-estudo/780-2022.pdf	1	\N	3	C
1686	782-2022	2023-11-04 22:19:17.96427+00	\N	1542	\N	4	\N	camaramz/certificates/4-atestado-de-casamento/782-2022.pdf	1	\N	3	C
1690	786-2022	2023-11-04 22:19:20.533353+00	\N	1546	\N	4	\N	camaramz/certificates/4-atestado-de-casamento/786-2022.pdf	1	\N	3	C
1692	788-2022	2023-11-04 22:19:21.880136+00	\N	1548	\N	30	\N	camaramz/certificates/30-atestado-de-convenientes/788-2022.pdf	1	\N	3	C
2465	7-2023	2023-11-04 22:26:44.270881+00	\N	2095	\N	23	\N	camaramz/certificates/23-autorizacao-de-autorizacao-de-construcao/7-2023.pdf	2	\N	1	P
1655	752-2022	2023-11-04 22:18:58.573858+00	\N	1518	\N	30	\N	camaramz/certificates/30-atestado-de-convenientes/752-2022.pdf	1	\N	3	C
1695	791-2022	2023-11-04 22:19:23.813304+00	\N	1550	\N	30	\N	camaramz/certificates/30-atestado-de-convenientes/791-2022.pdf	1	\N	3	C
1697	793-2022	2023-11-04 22:19:25.113594+00	\N	1018	\N	2	\N	camaramz/certificates/2-atestado-de-bolsa-de-estudo/793-2022.pdf	1	\N	3	C
1700	796-2022	2023-11-04 22:19:27.006328+00	\N	1555	\N	16	\N	camaramz/certificates/16-atestado-de-residencia/796-2022.pdf	1	\N	3	C
1701	797-2022	2023-11-04 22:19:27.651628+00	\N	1556	\N	2	\N	camaramz/certificates/2-atestado-de-bolsa-de-estudo/797-2022.pdf	1	\N	3	C
1702	798-2022	2023-11-04 22:19:28.289281+00	\N	1558	\N	18	\N	camaramz/certificates/18-atestado-de-agregado-familiar/798-2022.pdf	1	\N	3	C
1703	799-2022	2023-11-04 22:19:28.954503+00	\N	1559	\N	30	\N	camaramz/certificates/30-atestado-de-convenientes/799-2022.pdf	1	\N	3	C
1704	800-2022	2023-11-04 22:19:29.596943+00	\N	670	\N	2	\N	camaramz/certificates/2-atestado-de-bolsa-de-estudo/800-2022.pdf	1	\N	3	C
1705	801-2022	2023-11-04 22:19:30.249742+00	\N	1545	\N	4	\N	camaramz/certificates/4-atestado-de-casamento/801-2022.pdf	1	\N	3	C
1706	802-2022	2023-11-04 22:19:30.879695+00	\N	1546	\N	4	\N	camaramz/certificates/4-atestado-de-casamento/802-2022.pdf	1	\N	3	C
1707	803-2022	2023-11-04 22:19:31.549283+00	\N	1560	\N	4	\N	camaramz/certificates/4-atestado-de-casamento/803-2022.pdf	1	\N	3	C
1708	804-2022	2023-11-04 22:19:32.208711+00	\N	1561	\N	30	\N	camaramz/certificates/30-atestado-de-convenientes/804-2022.pdf	1	\N	3	C
1709	805-2022	2023-11-04 22:19:32.850094+00	\N	1562	\N	30	\N	camaramz/certificates/30-atestado-de-convenientes/805-2022.pdf	1	\N	3	C
1710	806-2022	2023-11-04 22:19:33.49+00	\N	1563	\N	4	\N	camaramz/certificates/4-atestado-de-casamento/806-2022.pdf	1	\N	3	C
1711	807-2022	2023-11-04 22:19:34.140864+00	\N	1158	\N	15	\N	camaramz/certificates/15-atestado-de-prova-de-vida/807-2022.pdf	1	\N	3	C
1712	14-2022	2023-11-04 22:19:34.798775+00	\N	1564	\N	23	\N	camaramz/certificates/23-autorizacao-de-autorizacao-de-construcao/14-2022.pdf	2	\N	3	C
1714	18-2022	2023-11-04 22:19:35.472404+00	\N	1565	\N	27	\N	camaramz/certificates/27-licenca-de-licencas-para-barraca/18-2022.pdf	6	\N	1	P
1717	808-2022	2023-11-04 22:19:36.785619+00	\N	728	\N	13	\N	camaramz/certificates/13-atestado-de-subsidio-de-transporte/808-2022.pdf	1	\N	3	C
1718	809-2022	2023-11-04 22:19:37.410643+00	\N	1567	\N	4	\N	camaramz/certificates/4-atestado-de-casamento/809-2022.pdf	1	\N	3	C
1719	810-2022	2023-11-04 22:19:38.055617+00	\N	1568	\N	4	\N	camaramz/certificates/4-atestado-de-casamento/810-2022.pdf	1	\N	3	C
1720	811-2022	2023-11-04 22:19:38.703349+00	\N	756	\N	4	\N	camaramz/certificates/4-atestado-de-casamento/811-2022.pdf	1	\N	3	C
1723	814-2022	2023-11-04 22:19:40.628248+00	\N	1570	\N	30	\N	camaramz/certificates/30-atestado-de-convenientes/814-2022.pdf	1	\N	3	C
1724	815-2022	2023-11-04 22:19:41.263949+00	\N	1571	\N	30	\N	camaramz/certificates/30-atestado-de-convenientes/815-2022.pdf	1	\N	3	C
1727	19-2022	2023-11-04 22:19:41.908037+00	\N	1575	\N	27	\N	camaramz/certificates/27-licenca-de-licencas-para-barraca/19-2022.pdf	6	\N	1	P
1728	816-2022	2023-11-04 22:19:42.540461+00	\N	1576	\N	4	\N	camaramz/certificates/4-atestado-de-casamento/816-2022.pdf	1	\N	3	C
1729	817-2022	2023-11-04 22:19:43.167593+00	\N	778	\N	30	\N	camaramz/certificates/30-atestado-de-convenientes/817-2022.pdf	1	\N	3	C
1730	818-2022	2023-11-04 22:19:43.841422+00	\N	779	\N	30	\N	camaramz/certificates/30-atestado-de-convenientes/818-2022.pdf	1	\N	3	C
1731	819-2022	2023-11-04 22:19:44.507196+00	\N	1577	\N	3	\N	camaramz/certificates/3-atestado-de-bolsa-interna/819-2022.pdf	1	\N	3	C
1732	820-2022	2023-11-04 22:19:45.140787+00	\N	1578	\N	4	\N	camaramz/certificates/4-atestado-de-casamento/820-2022.pdf	1	\N	3	C
1733	821-2022	2023-11-04 22:19:45.777957+00	\N	1579	\N	16	\N	camaramz/certificates/16-atestado-de-residencia/821-2022.pdf	1	\N	3	C
1735	823-2022	2023-11-04 22:19:47.05467+00	\N	1580	\N	4	\N	camaramz/certificates/4-atestado-de-casamento/823-2022.pdf	1	\N	3	C
1736	824-2022	2023-11-04 22:19:47.706632+00	\N	1581	\N	1	\N	camaramz/certificates/1-atestado-de-emprego/824-2022.pdf	1	\N	3	C
1737	825-2022	2023-11-04 22:19:48.327298+00	\N	1582	\N	16	\N	camaramz/certificates/16-atestado-de-residencia/825-2022.pdf	1	portador do Bilhete de Identidadenmero oitenta e trs mil, novecentos e oitenta e trs (2)	3	C
1738	826-2022	2023-11-04 22:19:48.95747+00	\N	1583	\N	30	\N	camaramz/certificates/30-atestado-de-convenientes/826-2022.pdf	1	\N	3	C
1739	827-2022	2023-11-04 22:19:49.59857+00	\N	1584	\N	13	\N	camaramz/certificates/13-atestado-de-subsidio-de-transporte/827-2022.pdf	1	\N	3	C
1740	828-2022	2023-11-04 22:19:50.22631+00	\N	1585	\N	30	\N	camaramz/certificates/30-atestado-de-convenientes/828-2022.pdf	1	\N	3	C
1741	829-2022	2023-11-04 22:19:50.873447+00	\N	1586	\N	4	\N	camaramz/certificates/4-atestado-de-casamento/829-2022.pdf	1	\N	3	C
1742	830-2022	2023-11-04 22:19:51.510063+00	\N	1587	\N	4	\N	camaramz/certificates/4-atestado-de-casamento/830-2022.pdf	1	\N	3	C
1743	831-2022	2023-11-04 22:19:52.152163+00	\N	1588	\N	4	\N	camaramz/certificates/4-atestado-de-casamento/831-2022.pdf	1	\N	3	C
1744	832-2022	2023-11-04 22:19:52.766996+00	\N	1589	\N	30	\N	camaramz/certificates/30-atestado-de-convenientes/832-2022.pdf	1	\N	3	C
1745	833-2022	2023-11-04 22:19:53.417346+00	\N	1590	\N	13	\N	camaramz/certificates/13-atestado-de-subsidio-de-transporte/833-2022.pdf	1	\N	3	C
1746	834-2022	2023-11-04 22:19:54.047521+00	\N	1591	\N	30	\N	camaramz/certificates/30-atestado-de-convenientes/834-2022.pdf	1	\N	3	C
1748	836-2022	2023-11-04 22:19:55.319593+00	\N	1593	\N	4	\N	camaramz/certificates/4-atestado-de-casamento/836-2022.pdf	1	\N	3	C
1749	837-2022	2023-11-04 22:19:55.95863+00	\N	1594	\N	4	\N	camaramz/certificates/4-atestado-de-casamento/837-2022.pdf	1	\N	3	C
1750	838-2022	2023-11-04 22:19:56.672271+00	\N	1594	\N	13	\N	camaramz/certificates/13-atestado-de-subsidio-de-transporte/838-2022.pdf	1	\N	3	C
1751	839-2022	2023-11-04 22:19:57.306264+00	\N	1604	\N	16	\N	camaramz/certificates/16-atestado-de-residencia/839-2022.pdf	1	\N	3	C
1752	840-2022	2023-11-04 22:19:57.961695+00	\N	1605	\N	2	\N	camaramz/certificates/2-atestado-de-bolsa-de-estudo/840-2022.pdf	1	\N	3	C
1753	841-2022	2023-11-04 22:19:58.60322+00	\N	1609	\N	4	\N	camaramz/certificates/4-atestado-de-casamento/841-2022.pdf	1	\N	3	C
2467	388-2023	2023-11-04 22:26:45.671225+00	\N	2096	\N	4	\N	camaramz/certificates/4-atestado-de-casamento/388-2023.pdf	1	\N	3	C
1747	835-2022	2023-11-04 22:19:54.693402+00	\N	1592	\N	4	\N	camaramz/certificates/4-atestado-de-casamento/835-2022.pdf	1	\N	3	C
1754	842-2022	2023-11-04 22:20:00.448459+00	\N	1595	\N	13	\N	camaramz/certificates/13-atestado-de-subsidio-de-transporte/842-2022.pdf	1	\N	3	C
1755	843-2022	2023-11-04 22:20:01.12574+00	\N	1596	\N	2	\N	camaramz/certificates/2-atestado-de-bolsa-de-estudo/843-2022.pdf	1	\N	3	C
1756	844-2022	2023-11-04 22:20:01.764908+00	\N	1554	\N	16	\N	camaramz/certificates/16-atestado-de-residencia/844-2022.pdf	1	\N	3	C
1757	845-2022	2023-11-04 22:20:02.401276+00	\N	1598	\N	18	\N	camaramz/certificates/18-atestado-de-agregado-familiar/845-2022.pdf	1	\N	3	C
1758	846-2022	2023-11-04 22:20:03.142711+00	\N	1599	\N	4	\N	camaramz/certificates/4-atestado-de-casamento/846-2022.pdf	1	\N	3	C
1759	847-2022	2023-11-04 22:20:03.780003+00	\N	1600	\N	4	\N	camaramz/certificates/4-atestado-de-casamento/847-2022.pdf	1	\N	3	C
1760	20-2022	2023-11-04 22:20:04.406252+00	\N	1601	\N	27	\N	camaramz/certificates/27-licenca-de-licencas-para-barraca/20-2022.pdf	6	\N	3	C
1761	848-2022	2023-11-04 22:20:05.028729+00	\N	1603	\N	30	\N	camaramz/certificates/30-atestado-de-convenientes/848-2022.pdf	1	\N	3	C
1762	11-2022	2023-11-04 22:20:05.665527+00	\N	1602	\N	24	\N	camaramz/certificates/24-certificado-de-certificado-de-compra-de-coval/11-2022.pdf	3	\N	1	P
1763	21-2022	2023-11-04 22:20:06.298544+00	\N	1606	\N	27	\N	camaramz/certificates/27-licenca-de-licencas-para-barraca/21-2022.pdf	6	\N	1	P
1764	16-2022	2023-11-04 22:20:06.933091+00	\N	1607	\N	23	\N	camaramz/certificates/23-autorizacao-de-autorizacao-de-construcao/16-2022.pdf	2	\N	1	P
1765	849-2022	2023-11-04 22:20:07.568117+00	\N	1608	\N	30	\N	camaramz/certificates/30-atestado-de-convenientes/849-2022.pdf	1	\N	3	C
1766	850-2022	2023-11-04 22:20:08.281049+00	\N	1612	\N	4	\N	camaramz/certificates/4-atestado-de-casamento/850-2022.pdf	1	\N	3	C
1767	851-2022	2023-11-04 22:20:08.907638+00	\N	1611	\N	2	\N	camaramz/certificates/2-atestado-de-bolsa-de-estudo/851-2022.pdf	1	\N	3	C
1768	852-2022	2023-11-04 22:20:09.543696+00	\N	1613	\N	4	\N	camaramz/certificates/4-atestado-de-casamento/852-2022.pdf	1	\N	3	C
1769	853-2022	2023-11-04 22:20:10.166725+00	\N	1614	\N	4	\N	camaramz/certificates/4-atestado-de-casamento/853-2022.pdf	1	\N	3	C
1770	854-2022	2023-11-04 22:20:10.801712+00	\N	1616	\N	16	\N	camaramz/certificates/16-atestado-de-residencia/854-2022.pdf	1	\N	3	C
1806	888-2022	2023-11-04 22:20:33.697846+00	\N	1644	\N	4	\N	camaramz/certificates/4-atestado-de-casamento/888-2022.pdf	1	\N	3	C
1809	891-2022	2023-11-04 22:20:35.707078+00	\N	1649	\N	10	\N	camaramz/certificates/10-atestado-de-percepcao-da-pensao-de-aposentacao/891-2022.pdf	1	Alda do Espirito SantoManezes (Menezes)	3	C
1812	894-2022	2023-11-04 22:20:37.763027+00	\N	1646	\N	4	\N	camaramz/certificates/4-atestado-de-casamento/894-2022.pdf	1	\N	3	C
1814	896-2022	2023-11-04 22:20:39.040346+00	\N	1650	\N	30	\N	camaramz/certificates/30-atestado-de-convenientes/896-2022.pdf	1	\N	3	C
1817	899-2022	2023-11-04 22:20:41.098793+00	\N	1652	\N	16	\N	camaramz/certificates/16-atestado-de-residencia/899-2022.pdf	1	\N	3	C
1819	901-2022	2023-11-04 22:20:42.341405+00	\N	1653	\N	18	\N	camaramz/certificates/18-atestado-de-agregado-familiar/901-2022.pdf	1	\N	3	C
1820	902-2022	2023-11-04 22:20:42.973184+00	\N	1654	\N	13	\N	camaramz/certificates/13-atestado-de-subsidio-de-transporte/902-2022.pdf	1	\N	3	C
1824	906-2022	2023-11-04 22:20:45.582126+00	\N	1657	\N	30	\N	camaramz/certificates/30-atestado-de-convenientes/906-2022.pdf	1	\N	3	C
1828	910-2022	2023-11-04 22:20:48.108532+00	\N	1661	\N	30	\N	camaramz/certificates/30-atestado-de-convenientes/910-2022.pdf	1	\N	3	C
1830	912-2022	2023-11-04 22:20:49.383622+00	\N	1024	\N	16	\N	camaramz/certificates/16-atestado-de-residencia/912-2022.pdf	1	\N	3	C
1833	915-2022	2023-11-04 22:20:51.338258+00	\N	1665	\N	16	\N	camaramz/certificates/16-atestado-de-residencia/915-2022.pdf	1	\N	3	C
1835	917-2022	2023-11-04 22:20:52.6161+00	\N	1666	\N	13	\N	camaramz/certificates/13-atestado-de-subsidio-de-transporte/917-2022.pdf	1	\N	3	C
1839	920-2022	2023-11-04 22:20:55.273757+00	\N	1670	\N	30	\N	camaramz/certificates/30-atestado-de-convenientes/920-2022.pdf	1	\N	3	C
1841	25-2022	2023-11-04 22:20:56.569841+00	\N	1672	\N	32	\N	camaramz/certificates/32-licenca-de-licencas-para-baile/25-2022.pdf	10	\N	1	P
1843	923-2022	2023-11-04 22:20:57.819097+00	\N	1674	\N	13	\N	camaramz/certificates/13-atestado-de-subsidio-de-transporte/923-2022.pdf	1	\N	3	C
1846	926-2022	2023-11-04 22:20:59.755773+00	\N	1677	\N	2	\N	camaramz/certificates/2-atestado-de-bolsa-de-estudo/926-2022.pdf	1	\N	3	C
1850	930-2022	2023-11-04 22:21:02.374476+00	\N	1679	\N	30	\N	camaramz/certificates/30-atestado-de-convenientes/930-2022.pdf	1	\N	3	C
1852	931-2022	2023-11-04 22:21:03.618494+00	\N	1681	\N	30	\N	camaramz/certificates/30-atestado-de-convenientes/931-2022.pdf	1	\N	3	C
1854	933-2022	2023-11-04 22:21:04.892708+00	\N	1683	\N	13	\N	camaramz/certificates/13-atestado-de-subsidio-de-transporte/933-2022.pdf	1	\N	3	C
1857	936-2022	2023-11-04 22:21:08.124844+00	\N	1686	\N	4	\N	camaramz/certificates/4-atestado-de-casamento/936-2022.pdf	1	\N	3	C
1859	938-2022	2023-11-04 22:21:09.498695+00	\N	828	\N	30	\N	camaramz/certificates/30-atestado-de-convenientes/938-2022.pdf	1	data	3	C
1873	941-2022	2023-11-04 22:21:11.410859+00	\N	1695	\N	18	\N	camaramz/certificates/18-atestado-de-agregado-familiar/941-2022.pdf	1	\N	3	C
1876	944-2022	2023-11-04 22:21:13.314798+00	\N	1694	\N	4	\N	camaramz/certificates/4-atestado-de-casamento/944-2022.pdf	1	\N	3	C
1878	946-2022	2023-11-04 22:21:14.611265+00	\N	1696	\N	4	\N	camaramz/certificates/4-atestado-de-casamento/946-2022.pdf	1	\N	3	C
1881	949-2022	2023-11-04 22:21:16.603008+00	\N	1698	\N	19	\N	camaramz/certificates/19-atestado-de-viagem/949-2022.pdf	1	entidade que passou o bilhete	3	C
1884	952-2022	2023-11-04 22:21:18.523294+00	\N	1701	\N	16	\N	camaramz/certificates/16-atestado-de-residencia/952-2022.pdf	1	\N	3	C
1886	954-2022	2023-11-04 22:21:19.785303+00	\N	1703	\N	4	\N	camaramz/certificates/4-atestado-de-casamento/954-2022.pdf	1	\N	3	C
1889	956-2022	2023-11-04 22:21:21.825886+00	\N	1706	\N	19	\N	camaramz/certificates/19-atestado-de-viagem/956-2022.pdf	1	\N	3	C
1891	958-2022	2023-11-04 22:21:23.115376+00	\N	1708	\N	19	\N	camaramz/certificates/19-atestado-de-viagem/958-2022.pdf	1	\N	3	C
1894	960-2022	2023-11-04 22:21:25.039045+00	\N	1711	\N	4	\N	camaramz/certificates/4-atestado-de-casamento/960-2022.pdf	1	\N	3	C
2470	8-2023	2023-11-04 22:26:48.842978+00	\N	2098	\N	23	\N	camaramz/certificates/23-autorizacao-de-autorizacao-de-construcao/8-2023.pdf	2	\N	1	P
1836	22-2022	2023-11-04 22:20:53.281134+00	\N	1667	\N	27	\N	camaramz/certificates/27-licenca-de-licencas-para-barraca/22-2022.pdf	6	\N	3	C
1898	19-2022	2023-11-04 22:21:27.575221+00	\N	1687	\N	23	\N	camaramz/certificates/23-autorizacao-de-autorizacao-de-construcao/19-2022.pdf	2	\N	1	P
1900	965-2022	2023-11-04 22:21:28.896328+00	\N	1715	\N	13	\N	camaramz/certificates/13-atestado-de-subsidio-de-transporte/965-2022.pdf	1	\N	3	C
1904	969-2022	2023-11-04 22:21:31.475675+00	\N	1395	\N	30	\N	camaramz/certificates/30-atestado-de-convenientes/969-2022.pdf	1	\N	3	C
1906	971-2022	2023-11-04 22:21:32.776474+00	\N	1720	\N	4	\N	camaramz/certificates/4-atestado-de-casamento/971-2022.pdf	1	\N	3	C
1909	974-2022	2023-11-04 22:21:34.783799+00	\N	1723	\N	19	\N	camaramz/certificates/19-atestado-de-viagem/974-2022.pdf	1	\N	3	C
1911	976-2022	2023-11-04 22:21:36.069492+00	\N	1725	\N	18	\N	camaramz/certificates/18-atestado-de-agregado-familiar/976-2022.pdf	1		3	C
1914	979-2022	2023-11-04 22:21:38.101761+00	\N	810	\N	3	\N	camaramz/certificates/3-atestado-de-bolsa-interna/979-2022.pdf	1	\N	3	C
1916	981-2022	2023-11-04 22:21:39.384321+00	\N	1729	\N	30	\N	camaramz/certificates/30-atestado-de-convenientes/981-2022.pdf	1	\N	3	C
1919	984-2022	2023-11-04 22:21:41.298062+00	\N	1732	\N	30	\N	camaramz/certificates/30-atestado-de-convenientes/984-2022.pdf	1	nome do pai	3	C
1923	988-2022	2023-11-04 22:21:43.872222+00	\N	1736	\N	30	\N	camaramz/certificates/30-atestado-de-convenientes/988-2022.pdf	1	\N	3	C
1925	989-2022	2023-11-04 22:21:45.19585+00	\N	1737	\N	16	\N	camaramz/certificates/16-atestado-de-residencia/989-2022.pdf	1	\N	3	C
1928	992-2022	2023-11-04 22:21:47.160054+00	\N	1740	\N	16	\N	camaramz/certificates/16-atestado-de-residencia/992-2022.pdf	1	\N	3	C
1930	993-2022	2023-11-04 22:21:48.454571+00	\N	1742	\N	18	\N	camaramz/certificates/18-atestado-de-agregado-familiar/993-2022.pdf	1	\N	3	C
1936	3-2023	2023-11-04 22:21:50.422468+00	\N	1745	\N	4	\N	camaramz/certificates/4-atestado-de-casamento/3-2023.pdf	1	\N	3	C
1946	6-2023	2023-11-04 22:21:51.815279+00	\N	1748	\N	4	\N	camaramz/certificates/4-atestado-de-casamento/6-2023.pdf	1	\N	3	C
1950	9-2023	2023-11-04 22:21:53.77148+00	\N	1751	\N	4	\N	camaramz/certificates/4-atestado-de-casamento/9-2023.pdf	1	\N	3	C
1953	11-2023	2023-11-04 22:21:55.059393+00	\N	1753	\N	16	\N	camaramz/certificates/16-atestado-de-residencia/11-2023.pdf	1	\N	3	C
1956	14-2023	2023-11-04 22:21:56.960647+00	\N	1756	\N	4	\N	camaramz/certificates/4-atestado-de-casamento/14-2023.pdf	1	\N	3	C
1960	15-2023	2023-11-04 22:21:58.462798+00	\N	1750	\N	18	\N	camaramz/certificates/18-atestado-de-agregado-familiar/15-2023.pdf	1	\N	3	C
2472	391-2023	2023-11-04 22:26:50.22445+00	\N	2101	\N	16	\N	camaramz/certificates/16-atestado-de-residencia/391-2023.pdf	1	\N	3	C
2475	394-2023	2023-11-04 22:26:52.410599+00	\N	2103	\N	4	\N	camaramz/certificates/4-atestado-de-casamento/394-2023.pdf	1	\N	3	C
2477	396-2023	2023-11-04 22:26:53.659106+00	\N	2079	\N	18	\N	camaramz/certificates/18-atestado-de-agregado-familiar/396-2023.pdf	1	\N	3	C
2480	9-2023	2023-11-04 22:26:55.622782+00	\N	2106	\N	23	\N	camaramz/certificates/23-autorizacao-de-autorizacao-de-construcao/9-2023.pdf	2	\N	1	P
2482	400-2023	2023-11-04 22:26:56.928307+00	\N	2107	\N	4	\N	camaramz/certificates/4-atestado-de-casamento/400-2023.pdf	1	\N	3	C
2485	403-2023	2023-11-04 22:26:59.17861+00	\N	1013	\N	15	\N	camaramz/certificates/15-atestado-de-prova-de-vida/403-2023.pdf	1	\N	3	C
2488	406-2023	2023-11-04 22:27:01.333701+00	\N	2111	\N	4	\N	camaramz/certificates/4-atestado-de-casamento/406-2023.pdf	1	\N	3	C
2491	3-2023	2023-11-04 22:27:03.254931+00	\N	2113	\N	25	\N	camaramz/certificates/25-aurorizacao-de-autorizacao-para-modificar-o-coval/3-2023.pdf	4	\N	2	R
2493	410-2023	2023-11-04 22:27:04.589409+00	\N	2114	\N	2	\N	camaramz/certificates/2-atestado-de-bolsa-de-estudo/410-2023.pdf	1	\N	3	C
2496	413-2023	2023-11-04 22:27:06.569672+00	\N	2120	\N	4	\N	camaramz/certificates/4-atestado-de-casamento/413-2023.pdf	1	\N	3	C
2499	416-2023	2023-11-04 22:27:08.538348+00	\N	2119	\N	18	\N	camaramz/certificates/18-atestado-de-agregado-familiar/416-2023.pdf	1	\N	3	C
2501	418-2023	2023-11-04 22:27:09.814292+00	\N	2124	\N	13	\N	camaramz/certificates/13-atestado-de-subsidio-de-transporte/418-2023.pdf	1	\N	3	C
2503	420-2023	2023-11-04 22:27:11.098744+00	\N	2126	\N	4	\N	camaramz/certificates/4-atestado-de-casamento/420-2023.pdf	1	\N	3	C
2506	423-2023	2023-11-04 22:27:13.079086+00	\N	2129	\N	13	\N	camaramz/certificates/13-atestado-de-subsidio-de-transporte/423-2023.pdf	1	\N	3	C
2509	426-2023	2023-11-04 22:27:14.980159+00	\N	2132	\N	4	\N	camaramz/certificates/4-atestado-de-casamento/426-2023.pdf	1	\N	3	C
2511	428-2023	2023-11-04 22:27:16.257989+00	\N	1653	\N	18	\N	camaramz/certificates/18-atestado-de-agregado-familiar/428-2023.pdf	1	\N	3	C
2514	431-2023	2023-11-04 22:27:18.236737+00	\N	2134	\N	2	\N	camaramz/certificates/2-atestado-de-bolsa-de-estudo/431-2023.pdf	1	\N	3	C
2516	433-2023	2023-11-04 22:27:19.536143+00	\N	2136	\N	4	\N	camaramz/certificates/4-atestado-de-casamento/433-2023.pdf	1	\N	3	C
2520	436-2023	2023-11-04 22:27:21.510902+00	\N	2139	\N	2	\N	camaramz/certificates/2-atestado-de-bolsa-de-estudo/436-2023.pdf	1	\N	3	C
2530	439-2023	2023-11-04 22:27:23.4479+00	\N	2144	\N	4	\N	camaramz/certificates/4-atestado-de-casamento/439-2023.pdf	1	\N	3	C
2532	441-2023	2023-11-04 22:27:24.827626+00	\N	2146	\N	8	\N	camaramz/certificates/8-atestado-de-fixacao-de-residencia/441-2023.pdf	1	\N	3	C
2534	443-2023	2023-11-04 22:27:26.099813+00	\N	2148	\N	8	\N	camaramz/certificates/8-atestado-de-fixacao-de-residencia/443-2023.pdf	1	\N	3	C
2538	447-2023	2023-11-04 22:27:28.683352+00	\N	2153	\N	2	\N	camaramz/certificates/2-atestado-de-bolsa-de-estudo/447-2023.pdf	1	\N	3	C
2540	449-2023	2023-11-04 22:27:30.019703+00	\N	2151	\N	16	\N	camaramz/certificates/16-atestado-de-residencia/449-2023.pdf	1	\N	3	C
2543	451-2023	2023-11-04 22:27:32.028755+00	\N	2156	\N	16	\N	camaramz/certificates/16-atestado-de-residencia/451-2023.pdf	1	\N	3	C
2545	453-2023	2023-11-04 22:27:33.340552+00	\N	2167	\N	4	\N	camaramz/certificates/4-atestado-de-casamento/453-2023.pdf	1	\N	3	C
2547	455-2023	2023-11-04 22:27:34.672464+00	\N	2160	\N	2	\N	camaramz/certificates/2-atestado-de-bolsa-de-estudo/455-2023.pdf	1	\N	3	C
2550	457-2023	2023-11-04 22:27:36.653047+00	\N	2162	\N	2	\N	camaramz/certificates/2-atestado-de-bolsa-de-estudo/457-2023.pdf	1	\N	3	C
2552	459-2023	2023-11-04 22:27:37.954506+00	\N	2166	\N	4	\N	camaramz/certificates/4-atestado-de-casamento/459-2023.pdf	1	\N	3	C
2555	461-2023	2023-11-04 22:27:39.915942+00	\N	2168	\N	18	\N	camaramz/certificates/18-atestado-de-agregado-familiar/461-2023.pdf	1	\N	3	C
1963	18-2023	2023-11-04 22:22:01.251638+00	\N	748	\N	8	\N	camaramz/certificates/8-atestado-de-fixacao-de-residencia/18-2023.pdf	1	\N	3	C
1965	20-2023	2023-11-04 22:22:03.170249+00	\N	1762	\N	4	\N	camaramz/certificates/4-atestado-de-casamento/20-2023.pdf	1	\N	3	C
1967	22-2023	2023-11-04 22:22:04.843582+00	\N	742	\N	10	\N	camaramz/certificates/10-atestado-de-percepcao-da-pensao-de-aposentacao/22-2023.pdf	1	\N	3	C
1970	25-2023	2023-11-04 22:22:07.150208+00	\N	1558	\N	18	\N	camaramz/certificates/18-atestado-de-agregado-familiar/25-2023.pdf	1	\N	3	C
1972	27-2023	2023-11-04 22:22:08.731129+00	\N	741	\N	10	\N	camaramz/certificates/10-atestado-de-percepcao-da-pensao-de-aposentacao/27-2023.pdf	1	\N	3	C
1979	30-2023	2023-11-04 22:22:12.177239+00	\N	1767	\N	2	\N	camaramz/certificates/2-atestado-de-bolsa-de-estudo/30-2023.pdf	1	\N	3	C
2000	33-2023	2023-11-04 22:22:14.623474+00	\N	689	\N	3	\N	camaramz/certificates/3-atestado-de-bolsa-interna/33-2023.pdf	1	\N	3	C
2024	36-2023	2023-11-04 22:22:16.78336+00	\N	1775	\N	3	\N	camaramz/certificates/3-atestado-de-bolsa-interna/36-2023.pdf	1	\N	3	C
2027	39-2023	2023-11-04 22:22:20.399388+00	\N	1778	\N	19	\N	camaramz/certificates/19-atestado-de-viagem/39-2023.pdf	1	\N	3	C
2029	41-2023	2023-11-04 22:22:21.777763+00	\N	1780	\N	30	\N	camaramz/certificates/30-atestado-de-convenientes/41-2023.pdf	1	\N	3	C
2031	43-2023	2023-11-04 22:22:23.261235+00	\N	1782	\N	3	\N	camaramz/certificates/3-atestado-de-bolsa-interna/43-2023.pdf	1	\N	3	C
2034	46-2023	2023-11-04 22:22:26.39385+00	\N	1769	\N	13	\N	camaramz/certificates/13-atestado-de-subsidio-de-transporte/46-2023.pdf	1	\N	3	C
2036	48-2023	2023-11-04 22:22:27.907164+00	\N	1787	\N	16	\N	camaramz/certificates/16-atestado-de-residencia/48-2023.pdf	1	\N	3	C
2046	51-2023	2023-11-04 22:22:30.00948+00	\N	1789	\N	4	\N	camaramz/certificates/4-atestado-de-casamento/51-2023.pdf	1	\N	3	C
2048	53-2023	2023-11-04 22:22:31.307179+00	\N	769	\N	15	\N	camaramz/certificates/15-atestado-de-prova-de-vida/53-2023.pdf	1	\N	3	C
2051	56-2023	2023-11-04 22:22:33.2985+00	\N	1791	\N	19	\N	camaramz/certificates/19-atestado-de-viagem/56-2023.pdf	1	\N	3	C
2053	58-2023	2023-11-04 22:22:34.600079+00	\N	1794	\N	4	\N	camaramz/certificates/4-atestado-de-casamento/58-2023.pdf	1	\N	3	C
2056	61-2023	2023-11-04 22:22:36.524002+00	\N	1796	\N	13	\N	camaramz/certificates/13-atestado-de-subsidio-de-transporte/61-2023.pdf	1	\N	3	C
2058	63-2023	2023-11-04 22:22:37.840298+00	\N	1801	\N	19	\N	camaramz/certificates/19-atestado-de-viagem/63-2023.pdf	1	\N	3	C
2061	66-2023	2023-11-04 22:22:39.794063+00	\N	1800	\N	18	\N	camaramz/certificates/18-atestado-de-agregado-familiar/66-2023.pdf	1	\N	3	C
2063	68-2023	2023-11-04 22:22:41.081583+00	\N	1805	\N	4	\N	camaramz/certificates/4-atestado-de-casamento/68-2023.pdf	1	\N	3	C
2065	70-2023	2023-11-04 22:22:42.415972+00	\N	1804	\N	19	\N	camaramz/certificates/19-atestado-de-viagem/70-2023.pdf	1	\N	3	C
2068	73-2023	2023-11-04 22:22:44.436012+00	\N	1811	\N	16	\N	camaramz/certificates/16-atestado-de-residencia/73-2023.pdf	1	\N	3	C
2070	75-2023	2023-11-04 22:22:45.829441+00	\N	1812	\N	4	\N	camaramz/certificates/4-atestado-de-casamento/75-2023.pdf	1	\N	3	C
2073	78-2023	2023-11-04 22:22:47.746262+00	\N	796	\N	15	\N	camaramz/certificates/15-atestado-de-prova-de-vida/78-2023.pdf	1	\N	3	C
2075	80-2023	2023-11-04 22:22:49.045345+00	\N	1810	\N	4	\N	camaramz/certificates/4-atestado-de-casamento/80-2023.pdf	1	\N	3	C
2078	83-2023	2023-11-04 22:22:50.985374+00	\N	1809	\N	4	\N	camaramz/certificates/4-atestado-de-casamento/83-2023.pdf	1	\N	3	C
2080	1-2023	2023-11-04 22:22:52.275891+00	\N	844	\N	32	\N	camaramz/certificates/32-licenca-de-licencas-para-baile/1-2023.pdf	10	\N	1	P
2083	87-2023	2023-11-04 22:22:54.199646+00	\N	1822	\N	19	\N	camaramz/certificates/19-atestado-de-viagem/87-2023.pdf	1	\N	3	C
2086	90-2023	2023-11-04 22:22:56.131326+00	\N	1824	\N	13	\N	camaramz/certificates/13-atestado-de-subsidio-de-transporte/90-2023.pdf	1	\N	3	C
2089	92-2023	2023-11-04 22:22:58.060243+00	\N	1826	\N	16	\N	camaramz/certificates/16-atestado-de-residencia/92-2023.pdf	1	\N	3	C
2091	94-2023	2023-11-04 22:22:59.347818+00	\N	1827	\N	10	\N	camaramz/certificates/10-atestado-de-percepcao-da-pensao-de-aposentacao/94-2023.pdf	1	\N	3	C
2094	97-2023	2023-11-04 22:23:01.264702+00	\N	1828	\N	18	\N	camaramz/certificates/18-atestado-de-agregado-familiar/97-2023.pdf	1	\N	3	C
2097	100-2023	2023-11-04 22:23:03.226899+00	\N	1832	\N	4	\N	camaramz/certificates/4-atestado-de-casamento/100-2023.pdf	1	\N	3	C
2099	102-2023	2023-11-04 22:23:04.543171+00	\N	633	\N	19	\N	camaramz/certificates/19-atestado-de-viagem/102-2023.pdf	1	\N	3	C
2102	105-2023	2023-11-04 22:23:06.539079+00	\N	1835	\N	16	\N	camaramz/certificates/16-atestado-de-residencia/105-2023.pdf	1	\N	3	C
2104	107-2023	2023-11-04 22:23:07.860656+00	\N	1836	\N	16	\N	camaramz/certificates/16-atestado-de-residencia/107-2023.pdf	1	\N	3	C
2107	110-2023	2023-11-04 22:23:09.893009+00	\N	1839	\N	19	\N	camaramz/certificates/19-atestado-de-viagem/110-2023.pdf	1	\N	3	C
2110	113-2023	2023-11-04 22:23:11.852089+00	\N	1841	\N	4	\N	camaramz/certificates/4-atestado-de-casamento/113-2023.pdf	1	\N	3	C
2113	115-2023	2023-11-04 22:23:13.825914+00	\N	648	\N	19	\N	camaramz/certificates/19-atestado-de-viagem/115-2023.pdf	1	\N	3	C
2115	117-2023	2023-11-04 22:23:15.127817+00	\N	1846	\N	16	\N	camaramz/certificates/16-atestado-de-residencia/117-2023.pdf	1	\N	3	C
2118	120-2023	2023-11-04 22:23:17.058937+00	\N	1849	\N	4	\N	camaramz/certificates/4-atestado-de-casamento/120-2023.pdf	1	\N	3	C
2120	122-2023	2023-11-04 22:23:18.316621+00	\N	1850	\N	18	\N	camaramz/certificates/18-atestado-de-agregado-familiar/122-2023.pdf	1	\N	3	C
2122	124-2023	2023-11-04 22:23:19.621128+00	\N	750	\N	18	\N	camaramz/certificates/18-atestado-de-agregado-familiar/124-2023.pdf	1	\N	3	C
2125	127-2023	2023-11-04 22:23:21.582094+00	\N	1850	\N	18	\N	camaramz/certificates/18-atestado-de-agregado-familiar/127-2023.pdf	1	\N	3	C
2127	129-2023	2023-11-04 22:23:22.871258+00	\N	1858	\N	4	\N	camaramz/certificates/4-atestado-de-casamento/129-2023.pdf	1	\N	3	C
2132	133-2023	2023-11-04 22:23:25.4351+00	\N	1855	\N	2	\N	camaramz/certificates/2-atestado-de-bolsa-de-estudo/133-2023.pdf	1	\N	3	C
2134	2-2023	2023-11-04 22:23:27.964213+00	\N	1861	\N	27	\N	camaramz/certificates/27-licenca-de-licencas-para-barraca/2-2023.pdf	6	\N	1	P
2136	135-2023	2023-11-04 22:23:29.262741+00	\N	823	\N	10	\N	camaramz/certificates/10-atestado-de-percepcao-da-pensao-de-aposentacao/135-2023.pdf	1	\N	3	C
2140	139-2023	2023-11-04 22:23:31.851753+00	\N	1859	\N	18	\N	camaramz/certificates/18-atestado-de-agregado-familiar/139-2023.pdf	1	\N	3	C
2142	141-2023	2023-11-04 22:23:33.13163+00	\N	1864	\N	1	\N	camaramz/certificates/1-atestado-de-emprego/141-2023.pdf	1	\N	3	C
2092	95-2023	2023-11-04 22:22:59.979364+00	\N	1108	\N	16	\N	camaramz/certificates/16-atestado-de-residencia/95-2023.pdf	1	\N	3	C
2145	144-2023	2023-11-04 22:23:35.338341+00	\N	1872	\N	2	\N	camaramz/certificates/2-atestado-de-bolsa-de-estudo/144-2023.pdf	1	\N	3	C
2147	146-2023	2023-11-04 22:23:36.846942+00	\N	1870	\N	16	\N	camaramz/certificates/16-atestado-de-residencia/146-2023.pdf	1	\N	3	C
2150	149-2023	2023-11-04 22:23:38.920462+00	\N	1873	\N	19	\N	camaramz/certificates/19-atestado-de-viagem/149-2023.pdf	1	\N	3	C
2152	151-2023	2023-11-04 22:23:40.221472+00	\N	1868	\N	4	\N	camaramz/certificates/4-atestado-de-casamento/151-2023.pdf	1	\N	3	C
2155	154-2023	2023-11-04 22:23:42.284684+00	\N	1876	\N	8	\N	camaramz/certificates/8-atestado-de-fixacao-de-residencia/154-2023.pdf	1	\N	3	C
2157	156-2023	2023-11-04 22:23:43.573585+00	\N	1879	\N	19	\N	camaramz/certificates/19-atestado-de-viagem/156-2023.pdf	1	\N	3	C
2159	157-2023	2023-11-04 22:23:44.868559+00	\N	1881	\N	30	\N	camaramz/certificates/30-atestado-de-convenientes/157-2023.pdf	1	\N	3	C
2162	160-2023	2023-11-04 22:23:46.792217+00	\N	1883	\N	18	\N	camaramz/certificates/18-atestado-de-agregado-familiar/160-2023.pdf	1	\N	3	C
2166	163-2023	2023-11-04 22:23:48.829495+00	\N	715	\N	13	\N	camaramz/certificates/13-atestado-de-subsidio-de-transporte/163-2023.pdf	1	\N	3	C
2169	166-2023	2023-11-04 22:23:50.820114+00	\N	1885	\N	2	\N	camaramz/certificates/2-atestado-de-bolsa-de-estudo/166-2023.pdf	1	\N	3	C
2171	5-2023	2023-11-04 22:23:52.094261+00	\N	1888	\N	27	\N	camaramz/certificates/27-licenca-de-licencas-para-barraca/5-2023.pdf	6	\N	1	P
2174	168-2023	2023-11-04 22:23:54.174025+00	\N	1891	\N	4	\N	camaramz/certificates/4-atestado-de-casamento/168-2023.pdf	1	\N	3	C
2176	170-2023	2023-11-04 22:23:55.470933+00	\N	1894	\N	4	\N	camaramz/certificates/4-atestado-de-casamento/170-2023.pdf	1	\N	3	C
2179	173-2023	2023-11-04 22:23:57.380572+00	\N	991	\N	8	\N	camaramz/certificates/8-atestado-de-fixacao-de-residencia/173-2023.pdf	1	\N	3	C
2181	175-2023	2023-11-04 22:23:58.681157+00	\N	989	\N	8	\N	camaramz/certificates/8-atestado-de-fixacao-de-residencia/175-2023.pdf	1	\N	3	C
2185	179-2023	2023-11-04 22:24:01.261598+00	\N	1899	\N	2	\N	camaramz/certificates/2-atestado-de-bolsa-de-estudo/179-2023.pdf	1	\N	3	C
2188	182-2023	2023-11-04 22:24:03.17862+00	\N	826	\N	15	\N	camaramz/certificates/15-atestado-de-prova-de-vida/182-2023.pdf	1	\N	3	C
2191	185-2023	2023-11-04 22:24:05.23118+00	\N	1904	\N	4	\N	camaramz/certificates/4-atestado-de-casamento/185-2023.pdf	1	\N	3	C
2193	187-2023	2023-11-04 22:24:06.583272+00	\N	1906	\N	2	\N	camaramz/certificates/2-atestado-de-bolsa-de-estudo/187-2023.pdf	1	\N	3	C
2196	190-2023	2023-11-04 22:24:08.59034+00	\N	1908	\N	2	\N	camaramz/certificates/2-atestado-de-bolsa-de-estudo/190-2023.pdf	1	\N	3	C
2198	192-2023	2023-11-04 22:24:09.892671+00	\N	1910	\N	4	\N	camaramz/certificates/4-atestado-de-casamento/192-2023.pdf	1	nome da me esta com erro,  Marta ao invs de Maria	3	C
2202	8-2023	2023-11-04 22:24:12.51773+00	\N	1913	\N	27	\N	camaramz/certificates/27-licenca-de-licencas-para-barraca/8-2023.pdf	6	\N	1	P
2204	10-2023	2023-11-04 22:24:13.843808+00	\N	1712	\N	27	\N	camaramz/certificates/27-licenca-de-licencas-para-barraca/10-2023.pdf	6	\N	1	P
2206	196-2023	2023-11-04 22:24:15.165122+00	\N	1915	\N	2	\N	camaramz/certificates/2-atestado-de-bolsa-de-estudo/196-2023.pdf	1	\N	3	C
2208	198-2023	2023-11-04 22:24:16.506952+00	\N	1917	\N	13	\N	camaramz/certificates/13-atestado-de-subsidio-de-transporte/198-2023.pdf	1	\N	3	C
2211	201-2023	2023-11-04 22:24:18.511404+00	\N	1918	\N	7	\N	camaramz/certificates/7-atestado-de-escolares/201-2023.pdf	1	\N	3	C
2213	12-2023	2023-11-04 22:24:19.815859+00	\N	1920	\N	27	\N	camaramz/certificates/27-licenca-de-licencas-para-barraca/12-2023.pdf	6	\N	1	P
2217	204-2023	2023-11-04 22:24:22.623436+00	\N	1924	\N	2	\N	camaramz/certificates/2-atestado-de-bolsa-de-estudo/204-2023.pdf	1	\N	3	C
2220	207-2023	2023-11-04 22:24:24.652003+00	\N	1925	\N	2	\N	camaramz/certificates/2-atestado-de-bolsa-de-estudo/207-2023.pdf	1	\N	3	C
2223	210-2023	2023-11-04 22:24:26.659358+00	\N	1930	\N	4	\N	camaramz/certificates/4-atestado-de-casamento/210-2023.pdf	1	\N	3	C
2225	212-2023	2023-11-04 22:24:28.012567+00	\N	1931	\N	18	\N	camaramz/certificates/18-atestado-de-agregado-familiar/212-2023.pdf	1	\N	3	C
2227	15-2023	2023-11-04 22:24:29.313444+00	\N	1725	\N	27	\N	camaramz/certificates/27-licenca-de-licencas-para-barraca/15-2023.pdf	6	\N	1	P
2229	213-2023	2023-11-04 22:24:30.586215+00	\N	1932	\N	2	\N	camaramz/certificates/2-atestado-de-bolsa-de-estudo/213-2023.pdf	1	\N	3	C
2232	216-2023	2023-11-04 22:24:32.497915+00	\N	1936	\N	2	\N	camaramz/certificates/2-atestado-de-bolsa-de-estudo/216-2023.pdf	1	\N	3	C
2234	218-2023	2023-11-04 22:24:35.057335+00	\N	1938	\N	13	\N	camaramz/certificates/13-atestado-de-subsidio-de-transporte/218-2023.pdf	1	\N	3	C
2237	221-2023	2023-11-04 22:24:37.029089+00	\N	1939	\N	13	\N	camaramz/certificates/13-atestado-de-subsidio-de-transporte/221-2023.pdf	1	\N	3	C
2239	223-2023	2023-11-04 22:24:38.323946+00	\N	1941	\N	16	\N	camaramz/certificates/16-atestado-de-residencia/223-2023.pdf	1	\N	3	C
2242	18-2023	2023-11-04 22:24:40.290072+00	\N	1944	\N	27	\N	camaramz/certificates/27-licenca-de-licencas-para-barraca/18-2023.pdf	6	\N	1	P
2244	2-2023	2023-11-04 22:24:41.632929+00	\N	1945	\N	23	\N	camaramz/certificates/23-autorizacao-de-autorizacao-de-construcao/2-2023.pdf	2	\N	1	P
2248	227-2023	2023-11-04 22:24:43.884539+00	\N	1947	\N	18	\N	camaramz/certificates/18-atestado-de-agregado-familiar/227-2023.pdf	1	\N	3	C
2250	229-2023	2023-11-04 22:24:45.348152+00	\N	1949	\N	13	\N	camaramz/certificates/13-atestado-de-subsidio-de-transporte/229-2023.pdf	1	\N	3	C
2253	232-2023	2023-11-04 22:24:47.288281+00	\N	1952	\N	4	\N	camaramz/certificates/4-atestado-de-casamento/232-2023.pdf	1	\N	3	C
2256	235-2023	2023-11-04 22:24:49.287809+00	\N	1954	\N	30	\N	camaramz/certificates/30-atestado-de-convenientes/235-2023.pdf	1	\N	3	C
2258	237-2023	2023-11-04 22:24:50.565735+00	\N	1959	\N	16	\N	camaramz/certificates/16-atestado-de-residencia/237-2023.pdf	1	\N	3	C
2261	240-2023	2023-11-04 22:24:52.531659+00	\N	1962	\N	4	\N	camaramz/certificates/4-atestado-de-casamento/240-2023.pdf	1	\N	3	C
2264	243-2023	2023-11-04 22:24:54.609979+00	\N	1965	\N	4	\N	camaramz/certificates/4-atestado-de-casamento/243-2023.pdf	1	\N	3	C
2266	245-2023	2023-11-04 22:24:55.93179+00	\N	1966	\N	4	\N	camaramz/certificates/4-atestado-de-casamento/245-2023.pdf	1	\N	3	C
2557	463-2023	2023-11-04 22:27:41.190222+00	\N	2170	\N	2	\N	camaramz/certificates/2-atestado-de-bolsa-de-estudo/463-2023.pdf	1	\N	3	C
2183	177-2023	2023-11-04 22:23:59.934891+00	\N	1897	\N	8	\N	camaramz/certificates/8-atestado-de-fixacao-de-residencia/177-2023.pdf	1	\N	3	C
2271	248-2023	2023-11-04 22:24:59.260069+00	\N	1971	\N	4	\N	camaramz/certificates/4-atestado-de-casamento/248-2023.pdf	1	\N	3	C
2274	250-2023	2023-11-04 22:25:00.558862+00	\N	409	\N	18	\N	camaramz/certificates/18-atestado-de-agregado-familiar/250-2023.pdf	1	\N	3	C
2277	253-2023	2023-11-04 22:25:02.580041+00	\N	1975	\N	2	\N	camaramz/certificates/2-atestado-de-bolsa-de-estudo/253-2023.pdf	1	\N	3	C
2279	255-2023	2023-11-04 22:25:03.896091+00	\N	1976	\N	4	\N	camaramz/certificates/4-atestado-de-casamento/255-2023.pdf	1	\N	3	C
2280	256-2023	2023-11-04 22:25:04.599534+00	\N	1977	\N	4	\N	camaramz/certificates/4-atestado-de-casamento/256-2023.pdf	1	\N	3	C
2282	3-2023	2023-11-04 22:25:05.906179+00	\N	1978	\N	23	\N	camaramz/certificates/23-autorizacao-de-autorizacao-de-construcao/3-2023.pdf	2	\N	1	P
2283	257-2023	2023-11-04 22:25:06.556767+00	\N	1820	\N	4	\N	camaramz/certificates/4-atestado-de-casamento/257-2023.pdf	1	\N	3	C
2284	258-2023	2023-11-04 22:25:07.203777+00	\N	1767	\N	2	\N	camaramz/certificates/2-atestado-de-bolsa-de-estudo/258-2023.pdf	1	\N	3	C
2285	259-2023	2023-11-04 22:25:07.844766+00	\N	914	\N	16	\N	camaramz/certificates/16-atestado-de-residencia/259-2023.pdf	1	\N	3	C
2286	260-2023	2023-11-04 22:25:08.501818+00	\N	1979	\N	18	\N	camaramz/certificates/18-atestado-de-agregado-familiar/260-2023.pdf	1	\N	3	C
2287	261-2023	2023-11-04 22:25:09.159107+00	\N	1980	\N	4	\N	camaramz/certificates/4-atestado-de-casamento/261-2023.pdf	1	\N	3	C
2288	262-2023	2023-11-04 22:25:09.862261+00	\N	654	\N	15	\N	camaramz/certificates/15-atestado-de-prova-de-vida/262-2023.pdf	1	\N	3	C
2289	263-2023	2023-11-04 22:25:10.507769+00	\N	1981	\N	4	\N	camaramz/certificates/4-atestado-de-casamento/263-2023.pdf	1	\N	3	C
2290	264-2023	2023-11-04 22:25:11.152064+00	\N	1982	\N	4	\N	camaramz/certificates/4-atestado-de-casamento/264-2023.pdf	1	\N	3	C
2291	265-2023	2023-11-04 22:25:11.804315+00	\N	1983	\N	4	\N	camaramz/certificates/4-atestado-de-casamento/265-2023.pdf	1	\N	3	C
2292	266-2023	2023-11-04 22:25:12.447639+00	\N	1984	\N	4	\N	camaramz/certificates/4-atestado-de-casamento/266-2023.pdf	1	\N	3	C
2293	267-2023	2023-11-04 22:25:13.088768+00	\N	1985	\N	4	\N	camaramz/certificates/4-atestado-de-casamento/267-2023.pdf	1	\N	3	C
2295	268-2023	2023-11-04 22:25:13.759957+00	\N	1987	\N	18	\N	camaramz/certificates/18-atestado-de-agregado-familiar/268-2023.pdf	1	\N	3	C
2296	269-2023	2023-11-04 22:25:14.412523+00	\N	1851	\N	16	\N	camaramz/certificates/16-atestado-de-residencia/269-2023.pdf	1	\N	3	C
2297	270-2023	2023-11-04 22:25:15.072531+00	\N	1998	\N	4	\N	camaramz/certificates/4-atestado-de-casamento/270-2023.pdf	1	\N	3	C
2299	272-2023	2023-11-04 22:25:16.38728+00	\N	1308	\N	16	\N	camaramz/certificates/16-atestado-de-residencia/272-2023.pdf	1	\N	3	C
2300	273-2023	2023-11-04 22:25:17.028568+00	\N	1988	\N	13	\N	camaramz/certificates/13-atestado-de-subsidio-de-transporte/273-2023.pdf	1	\N	3	C
2301	274-2023	2023-11-04 22:25:17.679463+00	\N	1989	\N	4	\N	camaramz/certificates/4-atestado-de-casamento/274-2023.pdf	1	\N	3	C
2302	275-2023	2023-11-04 22:25:18.317703+00	\N	1990	\N	4	\N	camaramz/certificates/4-atestado-de-casamento/275-2023.pdf	1	\N	3	C
2303	276-2023	2023-11-04 22:25:18.981211+00	\N	1991	\N	4	\N	camaramz/certificates/4-atestado-de-casamento/276-2023.pdf	1	\N	3	C
2304	277-2023	2023-11-04 22:25:19.627659+00	\N	1992	\N	16	\N	camaramz/certificates/16-atestado-de-residencia/277-2023.pdf	1	\N	3	C
2305	278-2023	2023-11-04 22:25:20.274405+00	\N	1993	\N	13	\N	camaramz/certificates/13-atestado-de-subsidio-de-transporte/278-2023.pdf	1	\N	3	C
2306	279-2023	2023-11-04 22:25:20.945215+00	\N	1994	\N	4	\N	camaramz/certificates/4-atestado-de-casamento/279-2023.pdf	1	\N	3	C
2307	280-2023	2023-11-04 22:25:21.593775+00	\N	1995	\N	16	\N	camaramz/certificates/16-atestado-de-residencia/280-2023.pdf	1	\N	3	C
2308	281-2023	2023-11-04 22:25:22.219723+00	\N	1996	\N	16	\N	camaramz/certificates/16-atestado-de-residencia/281-2023.pdf	1	\N	3	C
2309	282-2023	2023-11-04 22:25:22.873604+00	\N	1997	\N	13	\N	camaramz/certificates/13-atestado-de-subsidio-de-transporte/282-2023.pdf	1	\N	3	C
2310	283-2023	2023-11-04 22:25:23.525677+00	\N	1999	\N	18	\N	camaramz/certificates/18-atestado-de-agregado-familiar/283-2023.pdf	1	\N	3	C
2311	284-2023	2023-11-04 22:25:24.171078+00	\N	561	\N	16	\N	camaramz/certificates/16-atestado-de-residencia/284-2023.pdf	1	\N	3	C
2312	23-2023	2023-11-04 22:25:24.852084+00	\N	1575	\N	27	\N	camaramz/certificates/27-licenca-de-licencas-para-barraca/23-2023.pdf	6	\N	1	P
2313	24-2023	2023-11-04 22:25:25.534126+00	\N	2000	\N	27	\N	camaramz/certificates/27-licenca-de-licencas-para-barraca/24-2023.pdf	6	\N	1	P
2314	285-2023	2023-11-04 22:25:26.172435+00	\N	2001	\N	16	\N	camaramz/certificates/16-atestado-de-residencia/285-2023.pdf	1	\N	3	C
2315	286-2023	2023-11-04 22:25:26.825944+00	\N	2002	\N	4	\N	camaramz/certificates/4-atestado-de-casamento/286-2023.pdf	1	\N	3	C
2316	287-2023	2023-11-04 22:25:27.477142+00	\N	2003	\N	4	\N	camaramz/certificates/4-atestado-de-casamento/287-2023.pdf	1	\N	3	C
2317	25-2023	2023-11-04 22:25:28.105163+00	\N	2004	\N	27	\N	camaramz/certificates/27-licenca-de-licencas-para-barraca/25-2023.pdf	6	\N	1	P
2318	288-2023	2023-11-04 22:25:28.754748+00	\N	2005	\N	16	\N	camaramz/certificates/16-atestado-de-residencia/288-2023.pdf	1	\N	3	C
2319	289-2023	2023-11-04 22:25:29.495244+00	\N	2006	\N	4	\N	camaramz/certificates/4-atestado-de-casamento/289-2023.pdf	1	\N	3	C
2320	290-2023	2023-11-04 22:25:30.144918+00	\N	2007	\N	4	\N	camaramz/certificates/4-atestado-de-casamento/290-2023.pdf	1	\N	3	C
2321	291-2023	2023-11-04 22:25:30.791103+00	\N	2008	\N	19	\N	camaramz/certificates/19-atestado-de-viagem/291-2023.pdf	1	\N	3	C
2322	292-2023	2023-11-04 22:25:31.428627+00	\N	2009	\N	16	\N	camaramz/certificates/16-atestado-de-residencia/292-2023.pdf	1	\N	3	C
2323	293-2023	2023-11-04 22:25:32.150885+00	\N	2010	\N	16	\N	camaramz/certificates/16-atestado-de-residencia/293-2023.pdf	1	\N	3	C
2324	294-2023	2023-11-04 22:25:32.805846+00	\N	2011	\N	16	\N	camaramz/certificates/16-atestado-de-residencia/294-2023.pdf	1	\N	3	C
2325	295-2023	2023-11-04 22:25:33.468948+00	\N	2012	\N	16	\N	camaramz/certificates/16-atestado-de-residencia/295-2023.pdf	1	\N	3	C
2560	466-2023	2023-11-04 22:27:43.140539+00	\N	2172	\N	2	\N	camaramz/certificates/2-atestado-de-bolsa-de-estudo/466-2023.pdf	1	\N	3	C
2562	468-2023	2023-11-04 22:27:44.428926+00	\N	2175	\N	2	\N	camaramz/certificates/2-atestado-de-bolsa-de-estudo/468-2023.pdf	1	\N	3	C
2281	22-2023	2023-11-04 22:25:05.248695+00	\N	935	\N	27	\N	camaramz/certificates/27-licenca-de-licencas-para-barraca/22-2023.pdf	6	\N	1	P
2326	296-2023	2023-11-04 22:25:34.22306+00	\N	2013	\N	4	\N	camaramz/certificates/4-atestado-de-casamento/296-2023.pdf	1	\N	3	C
2327	297-2023	2023-11-04 22:25:34.918128+00	\N	2014	\N	4	\N	camaramz/certificates/4-atestado-de-casamento/297-2023.pdf	1	\N	3	C
2328	298-2023	2023-11-04 22:25:35.570505+00	\N	2015	\N	4	\N	camaramz/certificates/4-atestado-de-casamento/298-2023.pdf	1	\N	3	C
2329	299-2023	2023-11-04 22:25:36.229751+00	\N	2017	\N	18	\N	camaramz/certificates/18-atestado-de-agregado-familiar/299-2023.pdf	1	\N	3	C
2330	300-2023	2023-11-04 22:25:36.876417+00	\N	2018	\N	16	\N	camaramz/certificates/16-atestado-de-residencia/300-2023.pdf	1	\N	3	C
2331	301-2023	2023-11-04 22:25:37.530545+00	\N	2019	\N	16	\N	camaramz/certificates/16-atestado-de-residencia/301-2023.pdf	1	\N	3	C
2332	302-2023	2023-11-04 22:25:38.202469+00	\N	2020	\N	4	\N	camaramz/certificates/4-atestado-de-casamento/302-2023.pdf	1	\N	3	C
2333	303-2023	2023-11-04 22:25:38.858969+00	\N	2021	\N	4	\N	camaramz/certificates/4-atestado-de-casamento/303-2023.pdf	1	\N	3	C
2335	3-2023	2023-11-04 22:25:39.515839+00	\N	2022	\N	32	\N	camaramz/certificates/32-licenca-de-licencas-para-baile/3-2023.pdf	10	\N	3	C
2336	4-2023	2023-11-04 22:25:40.157004+00	\N	1306	\N	32	\N	camaramz/certificates/32-licenca-de-licencas-para-baile/4-2023.pdf	10	\N	3	C
2337	5-2023	2023-11-04 22:25:40.801127+00	\N	2023	\N	32	\N	camaramz/certificates/32-licenca-de-licencas-para-baile/5-2023.pdf	10	\N	1	P
2338	304-2023	2023-11-04 22:25:42.676302+00	\N	2024	\N	4	\N	camaramz/certificates/4-atestado-de-casamento/304-2023.pdf	1	\N	3	C
2339	305-2023	2023-11-04 22:25:43.303237+00	\N	2025	\N	4	\N	camaramz/certificates/4-atestado-de-casamento/305-2023.pdf	1	\N	3	C
2340	306-2023	2023-11-04 22:25:43.924829+00	\N	2026	\N	4	\N	camaramz/certificates/4-atestado-de-casamento/306-2023.pdf	1	\N	3	C
2341	307-2023	2023-11-04 22:25:44.553284+00	\N	2027	\N	4	\N	camaramz/certificates/4-atestado-de-casamento/307-2023.pdf	1	\N	3	C
2342	308-2023	2023-11-04 22:25:45.226363+00	\N	2028	\N	4	\N	camaramz/certificates/4-atestado-de-casamento/308-2023.pdf	1	\N	3	C
2343	309-2023	2023-11-04 22:25:45.867666+00	\N	2029	\N	19	\N	camaramz/certificates/19-atestado-de-viagem/309-2023.pdf	1	\N	3	C
2344	310-2023	2023-11-04 22:25:46.496469+00	\N	1224	\N	4	\N	camaramz/certificates/4-atestado-de-casamento/310-2023.pdf	1	\N	3	C
2345	311-2023	2023-11-04 22:25:47.131543+00	\N	1223	\N	4	\N	camaramz/certificates/4-atestado-de-casamento/311-2023.pdf	1	\N	3	C
2346	312-2023	2023-11-04 22:25:47.756868+00	\N	2030	\N	4	\N	camaramz/certificates/4-atestado-de-casamento/312-2023.pdf	1	\N	3	C
2347	313-2023	2023-11-04 22:25:48.379554+00	\N	2031	\N	4	\N	camaramz/certificates/4-atestado-de-casamento/313-2023.pdf	1	\N	3	C
2348	314-2023	2023-11-04 22:25:49.011241+00	\N	2032	\N	19	\N	camaramz/certificates/19-atestado-de-viagem/314-2023.pdf	1	\N	3	C
2349	315-2023	2023-11-04 22:25:49.74613+00	\N	985	\N	4	\N	camaramz/certificates/4-atestado-de-casamento/315-2023.pdf	1	\N	3	C
2350	316-2023	2023-11-04 22:25:50.50542+00	\N	2033	\N	4	\N	camaramz/certificates/4-atestado-de-casamento/316-2023.pdf	1	\N	3	C
2563	469-2023	2023-11-04 22:27:45.060961+00	\N	2177	\N	2	\N	camaramz/certificates/2-atestado-de-bolsa-de-estudo/469-2023.pdf	1	\N	3	C
2566	472-2023	2023-11-04 22:27:47.04223+00	\N	2180	\N	2	\N	camaramz/certificates/2-atestado-de-bolsa-de-estudo/472-2023.pdf	1	\N	3	C
2571	474-2023	2023-11-04 22:27:48.382532+00	\N	2182	\N	2	\N	camaramz/certificates/2-atestado-de-bolsa-de-estudo/474-2023.pdf	1	\N	3	C
2573	4-2023	2023-11-04 22:27:49.684689+00	\N	2185	\N	25	\N	camaramz/certificates/25-aurorizacao-de-autorizacao-para-modificar-o-coval/4-2023.pdf	4	\N	1	P
2576	477-2023	2023-11-04 22:27:51.577659+00	\N	2186	\N	4	\N	camaramz/certificates/4-atestado-de-casamento/477-2023.pdf	1	\N	3	C
2578	479-2023	2023-11-04 22:27:52.927773+00	\N	2189	\N	2	\N	camaramz/certificates/2-atestado-de-bolsa-de-estudo/479-2023.pdf	1	\N	3	C
2581	482-2023	2023-11-04 22:27:56.054904+00	\N	696	\N	16	\N	camaramz/certificates/16-atestado-de-residencia/482-2023.pdf	1	\N	3	C
2583	484-2023	2023-11-04 22:27:57.321389+00	\N	696	\N	13	\N	camaramz/certificates/13-atestado-de-subsidio-de-transporte/484-2023.pdf	1	\N	3	C
2586	487-2023	2023-11-04 22:27:59.253284+00	\N	2195	\N	30	\N	camaramz/certificates/30-atestado-de-convenientes/487-2023.pdf	1	\N	3	C
2589	490-2023	2023-11-04 22:28:01.222221+00	\N	2199	\N	13	\N	camaramz/certificates/13-atestado-de-subsidio-de-transporte/490-2023.pdf	1	\N	3	C
2593	494-2023	2023-11-04 22:28:03.708497+00	\N	2203	\N	4	\N	camaramz/certificates/4-atestado-de-casamento/494-2023.pdf	1	\N	3	C
2595	496-2023	2023-11-04 22:28:04.978201+00	\N	2205	\N	2	\N	camaramz/certificates/2-atestado-de-bolsa-de-estudo/496-2023.pdf	1	\N	3	C
2597	498-2023	2023-11-04 22:28:06.427904+00	\N	2207	\N	2	\N	camaramz/certificates/2-atestado-de-bolsa-de-estudo/498-2023.pdf	1	\N	3	C
2601	502-2023	2023-11-04 22:28:09.13188+00	\N	2211	\N	2	\N	camaramz/certificates/2-atestado-de-bolsa-de-estudo/502-2023.pdf	1	\N	3	C
2603	504-2023	2023-11-04 22:28:10.369528+00	\N	2214	\N	3	\N	camaramz/certificates/3-atestado-de-bolsa-interna/504-2023.pdf	1	\N	3	C
2605	506-2023	2023-11-04 22:28:11.62702+00	\N	2215	\N	2	\N	camaramz/certificates/2-atestado-de-bolsa-de-estudo/506-2023.pdf	1	\N	3	C
2608	10-2023	2023-11-04 22:28:13.61795+00	\N	2218	\N	23	\N	camaramz/certificates/23-autorizacao-de-autorizacao-de-construcao/10-2023.pdf	2	\N	1	P
2611	511-2023	2023-11-04 22:28:15.553518+00	\N	2221	\N	4	\N	camaramz/certificates/4-atestado-de-casamento/511-2023.pdf	1	\N	3	C
2613	513-2023	2023-11-04 22:28:16.802031+00	\N	2224	\N	16	\N	camaramz/certificates/16-atestado-de-residencia/513-2023.pdf	1	\N	3	C
2616	516-2023	2023-11-04 22:28:18.754475+00	\N	2227	\N	18	\N	camaramz/certificates/18-atestado-de-agregado-familiar/516-2023.pdf	1	\N	3	C
2618	518-2023	2023-11-04 22:28:20.020796+00	\N	2229	\N	16	\N	camaramz/certificates/16-atestado-de-residencia/518-2023.pdf	1	\N	3	C
2621	521-2023	2023-11-04 22:28:21.892387+00	\N	2235	\N	4	\N	camaramz/certificates/4-atestado-de-casamento/521-2023.pdf	1	\N	3	C
2625	525-2023	2023-11-04 22:28:24.464649+00	\N	1159	\N	19	\N	camaramz/certificates/19-atestado-de-viagem/525-2023.pdf	1	\N	3	C
2627	527-2023	2023-11-04 22:28:25.722298+00	\N	2249	\N	1	\N	camaramz/certificates/1-atestado-de-emprego/527-2023.pdf	1	\N	3	C
2630	530-2023	2023-11-04 22:28:27.603422+00	\N	2231	\N	4	\N	camaramz/certificates/4-atestado-de-casamento/530-2023.pdf	1	\N	3	C
2376	330-2023	2023-11-04 22:26:01.038+00	\N	2045	\N	2	\N	camaramz/certificates/2-atestado-de-bolsa-de-estudo/330-2023.pdf	1	\N	3	C
2633	533-2023	2023-11-04 22:28:29.564825+00	\N	114	\N	4	\N	camaramz/certificates/4-atestado-de-casamento/533-2023.pdf	1	\N	3	C
2635	535-2023	2023-11-04 22:28:30.872768+00	\N	2233	\N	16	\N	camaramz/certificates/16-atestado-de-residencia/535-2023.pdf	1	\N	3	C
2638	538-2023	2023-11-04 22:28:32.859153+00	\N	2237	\N	4	\N	camaramz/certificates/4-atestado-de-casamento/538-2023.pdf	1	\N	3	C
2640	540-2023	2023-11-04 22:28:34.116859+00	\N	2239	\N	2	\N	camaramz/certificates/2-atestado-de-bolsa-de-estudo/540-2023.pdf	1	\N	3	C
2643	543-2023	2023-11-04 22:28:36.013938+00	\N	2241	\N	19	\N	camaramz/certificates/19-atestado-de-viagem/543-2023.pdf	1	\N	3	C
2645	545-2023	2023-11-04 22:28:37.307159+00	\N	1417	\N	2	\N	camaramz/certificates/2-atestado-de-bolsa-de-estudo/545-2023.pdf	1	\N	3	C
2649	547-2023	2023-11-04 22:28:39.195436+00	\N	2245	\N	13	\N	camaramz/certificates/13-atestado-de-subsidio-de-transporte/547-2023.pdf	1	\N	3	C
2650	548-2023	2023-11-04 22:28:39.829377+00	\N	2246	\N	4	\N	camaramz/certificates/4-atestado-de-casamento/548-2023.pdf	1	\N	3	C
2652	550-2023	2023-11-04 22:28:41.152262+00	\N	2248	\N	13	\N	camaramz/certificates/13-atestado-de-subsidio-de-transporte/550-2023.pdf	1	\N	3	C
2655	553-2023	2023-11-04 22:28:43.023172+00	\N	2251	\N	13	\N	camaramz/certificates/13-atestado-de-subsidio-de-transporte/553-2023.pdf	1	\N	3	C
2657	555-2023	2023-11-04 22:28:44.264568+00	\N	2253	\N	13	\N	camaramz/certificates/13-atestado-de-subsidio-de-transporte/555-2023.pdf	1	\N	3	C
2659	557-2023	2023-11-04 22:28:45.530553+00	\N	818	\N	13	\N	camaramz/certificates/13-atestado-de-subsidio-de-transporte/557-2023.pdf	1	\N	3	C
2662	560-2023	2023-11-04 22:28:47.495309+00	\N	1508	\N	16	\N	camaramz/certificates/16-atestado-de-residencia/560-2023.pdf	1	\N	3	C
2664	562-2023	2023-11-04 22:28:48.731131+00	\N	1816	\N	4	\N	camaramz/certificates/4-atestado-de-casamento/562-2023.pdf	1	\N	3	C
2667	565-2023	2023-11-04 22:28:50.601401+00	\N	2256	\N	8	\N	camaramz/certificates/8-atestado-de-fixacao-de-residencia/565-2023.pdf	1	\N	3	C
2670	568-2023	2023-11-04 22:28:52.551971+00	\N	2264	\N	4	\N	camaramz/certificates/4-atestado-de-casamento/568-2023.pdf	1	\N	3	C
2672	570-2023	2023-11-04 22:28:53.889346+00	\N	2266	\N	4	\N	camaramz/certificates/4-atestado-de-casamento/570-2023.pdf	1	\N	3	C
2674	31-2023	2023-11-04 22:28:55.16033+00	\N	788	\N	27	\N	camaramz/certificates/27-licenca-de-licencas-para-barraca/31-2023.pdf	6	\N	1	P
2679	574-2023	2023-11-04 22:28:58.326412+00	\N	2270	\N	4	\N	camaramz/certificates/4-atestado-de-casamento/574-2023.pdf	1	\N	3	C
2682	577-2023	2023-11-04 22:29:01.41402+00	\N	2273	\N	13	\N	camaramz/certificates/13-atestado-de-subsidio-de-transporte/577-2023.pdf	1	\N	3	C
2684	579-2023	2023-11-04 22:29:02.690273+00	\N	2275	\N	13	\N	camaramz/certificates/13-atestado-de-subsidio-de-transporte/579-2023.pdf	1	\N	2	R
2687	582-2023	2023-11-04 22:29:04.575426+00	\N	2277	\N	13	\N	camaramz/certificates/13-atestado-de-subsidio-de-transporte/582-2023.pdf	1	\N	3	C
2689	584-2023	2023-11-04 22:29:05.835322+00	\N	2279	\N	4	\N	camaramz/certificates/4-atestado-de-casamento/584-2023.pdf	1	\N	2	R
2692	587-2023	2023-11-04 22:29:07.726435+00	\N	2282	\N	13	\N	camaramz/certificates/13-atestado-de-subsidio-de-transporte/587-2023.pdf	1	\N	1	P
2694	589-2023	2023-11-04 22:29:09.060977+00	\N	2284	\N	4	\N	camaramz/certificates/4-atestado-de-casamento/589-2023.pdf	1	\N	1	P
2697	592-2023	2023-11-04 22:29:10.965266+00	\N	2287	\N	4	\N	camaramz/certificates/4-atestado-de-casamento/592-2023.pdf	1	\N	1	P
2698	593-2023	2023-11-04 22:29:11.582829+00	\N	2288	\N	4	\N	camaramz/certificates/4-atestado-de-casamento/593-2023.pdf	1	\N	3	C
2700	595-2023	2023-11-04 22:29:12.916805+00	\N	2290	\N	13	\N	camaramz/certificates/13-atestado-de-subsidio-de-transporte/595-2023.pdf	1	\N	3	C
2702	597-2023	2023-11-04 22:29:14.3521+00	\N	2291	\N	13	\N	camaramz/certificates/13-atestado-de-subsidio-de-transporte/597-2023.pdf	1	\N	3	C
2705	600-2023	2023-11-04 22:29:16.34863+00	\N	2294	\N	13	\N	camaramz/certificates/13-atestado-de-subsidio-de-transporte/600-2023.pdf	1	\N	3	C
2707	602-2023	2023-11-04 22:29:17.606796+00	\N	1125	\N	3	\N	camaramz/certificates/3-atestado-de-bolsa-interna/602-2023.pdf	1	\N	3	C
2710	605-2023	2023-11-04 22:29:19.479412+00	\N	2298	\N	13	\N	camaramz/certificates/13-atestado-de-subsidio-de-transporte/605-2023.pdf	1	\N	3	C
2712	607-2023	2023-11-04 22:29:20.745528+00	\N	2300	\N	4	\N	camaramz/certificates/4-atestado-de-casamento/607-2023.pdf	1	\N	2	R
2715	610-2023	2023-11-04 22:29:22.694364+00	\N	2302	\N	13	\N	camaramz/certificates/13-atestado-de-subsidio-de-transporte/610-2023.pdf	1	\N	2	R
2717	612-2023	2023-11-04 22:29:23.95337+00	\N	2304	\N	4	\N	camaramz/certificates/4-atestado-de-casamento/612-2023.pdf	1	\N	2	R
2720	615-2023	2023-11-04 22:29:25.942938+00	\N	2307	\N	16	\N	camaramz/certificates/16-atestado-de-residencia/615-2023.pdf	1	\N	2	R
2722	617-2023	2023-11-04 22:29:27.20594+00	\N	2309	\N	7	\N	camaramz/certificates/7-atestado-de-escolares/617-2023.pdf	1	\N	2	R
2725	620-2023	2023-11-04 22:29:29.175864+00	\N	2313	\N	13	\N	camaramz/certificates/13-atestado-de-subsidio-de-transporte/620-2023.pdf	1	\N	2	R
2728	623-2023	2023-11-04 22:29:31.058856+00	\N	2316	\N	13	\N	camaramz/certificates/13-atestado-de-subsidio-de-transporte/623-2023.pdf	1	\N	2	R
2731	626-2023	2023-11-04 22:29:32.921865+00	\N	2320	\N	2	\N	camaramz/certificates/2-atestado-de-bolsa-de-estudo/626-2023.pdf	1	\N	2	R
2733	628-2023	2023-11-04 22:29:34.220153+00	\N	2323	\N	3	\N	camaramz/certificates/3-atestado-de-bolsa-interna/628-2023.pdf	1	\N	2	R
2736	630-2023	2023-11-04 22:29:36.077754+00	\N	2027	\N	4	\N	camaramz/certificates/4-atestado-de-casamento/630-2023.pdf	1	\N	2	R
2738	632-2023	2023-11-04 22:29:37.29902+00	\N	1800	\N	18	\N	camaramz/certificates/18-atestado-de-agregado-familiar/632-2023.pdf	1	\N	2	R
2742	635-2023	2023-11-04 22:29:39.236172+00	\N	905	\N	3	\N	camaramz/certificates/3-atestado-de-bolsa-interna/635-2023.pdf	1	\N	2	R
2744	637-2023	2023-11-04 22:29:40.52893+00	\N	2330	\N	3	\N	camaramz/certificates/3-atestado-de-bolsa-interna/637-2023.pdf	1	\N	2	R
2746	639-2023	2023-11-04 22:29:41.769695+00	\N	2332	\N	3	\N	camaramz/certificates/3-atestado-de-bolsa-interna/639-2023.pdf	1	\N	2	R
2749	642-2023	2023-11-04 22:29:43.676139+00	\N	2091	\N	4	\N	camaramz/certificates/4-atestado-de-casamento/642-2023.pdf	1	\N	2	R
2750	643-2023	2023-11-04 22:29:44.286895+00	\N	2092	\N	4	\N	camaramz/certificates/4-atestado-de-casamento/643-2023.pdf	1	\N	2	R
2487	405-2023	2023-11-04 22:27:00.684413+00	\N	2110	\N	4	\N	camaramz/certificates/4-atestado-de-casamento/405-2023.pdf	1	\N	3	C
2752	645-2023	2023-11-04 22:29:45.560793+00	\N	2336	\N	3	\N	camaramz/certificates/3-atestado-de-bolsa-interna/645-2023.pdf	1	\N	2	R
2755	648-2023	2023-11-04 22:29:47.48118+00	\N	2338	\N	18	\N	camaramz/certificates/18-atestado-de-agregado-familiar/648-2023.pdf	1	\N	2	R
2757	650-2023	2023-11-04 22:29:48.754208+00	\N	2341	\N	3	\N	camaramz/certificates/3-atestado-de-bolsa-interna/650-2023.pdf	1	\N	2	R
2587	488-2023	2023-11-04 22:27:59.878532+00	\N	2197	\N	2	\N	camaramz/certificates/2-atestado-de-bolsa-de-estudo/488-2023.pdf	1	\N	3	C
435	695-2021	2023-11-04 22:36:33.381387+00	\N	461	\N	2	\N	camaramz/certificates/2-atestado-de-bolsa-de-estudo/695-2021.pdf	1	\N	3	C
452	711-2021	2023-11-04 22:36:37.636753+00	\N	478	\N	2	\N	camaramz/certificates/2-atestado-de-bolsa-de-estudo/711-2021.pdf	1	\N	3	C
453	712-2021	2023-11-04 22:36:37.919865+00	\N	479	\N	16	\N	camaramz/certificates/16-atestado-de-residencia/712-2021.pdf	1	\N	3	C
460	719-2021	2023-11-04 22:36:39.908282+00	\N	486	\N	16	\N	camaramz/certificates/16-atestado-de-residencia/719-2021.pdf	1	\N	3	C
471	730-2021	2023-11-04 22:36:43.097287+00	\N	498	\N	18	\N	camaramz/certificates/18-atestado-de-agregado-familiar/730-2021.pdf	1	\N	3	C
484	738-2021	2023-11-04 22:36:45.347506+00	\N	508	\N	4	\N	camaramz/certificates/4-atestado-de-casamento/738-2021.pdf	1	Menores de Idade no podem servir de testemunha	3	C
1	283-2021	2023-11-04 21:21:04.292396+00	\N	867	\N	32	\N	camaramz/certificates/32-licenca-de-licencas-para-baile/283-2021.pdf	10	\N	3	C
3	285-2021	2023-11-04 21:21:04.862688+00	\N	727	\N	2	\N	camaramz/certificates/2-atestado-de-bolsa-de-estudo/285-2021.pdf	1	\N	3	C
4	286-2021	2023-11-04 21:21:05.152854+00	\N	33	\N	19	\N	camaramz/certificates/19-atestado-de-viagem/286-2021.pdf	1	\N	3	C
2268	20-2023	2023-11-04 22:24:57.228353+00	\N	709	\N	27	\N	camaramz/certificates/27-licenca-de-licencas-para-barraca/20-2023.pdf	6	\N	1	P
6	288-2021	2023-11-04 21:21:05.772036+00	\N	35	\N	4	\N	camaramz/certificates/4-atestado-de-casamento/288-2021.pdf	1	\N	3	C
95	369-2021	2023-11-04 21:21:28.265336+00	\N	114	\N	16	\N	camaramz/certificates/16-atestado-de-residencia/369-2021.pdf	1	\N	3	C
256	522-2021	2023-11-04 21:50:33.110829+00	\N	275	\N	3	\N	camaramz/certificates/3-atestado-de-bolsa-interna/522-2021.pdf	1	\N	3	C
112	386-2021	2023-11-04 10:12:22.264584+00	\N	130	\N	16	\N		1	\N	3	C
113	387-2021	2023-11-04 10:12:22.267511+00	\N	131	\N	16	\N		1	\N	3	C
114	388-2021	2023-11-04 10:12:22.269299+00	\N	132	\N	16	\N		1	\N	3	C
115	389-2021	2023-11-04 10:12:22.272688+00	\N	133	\N	4	\N		1	\N	3	C
116	390-2021	2023-11-04 10:12:22.274336+00	\N	134	\N	4	\N		1	\N	3	C
117	391-2021	2023-11-04 10:12:22.275967+00	\N	135	\N	4	\N		1	\N	3	C
118	392-2021	2023-11-04 10:12:22.278965+00	\N	136	\N	4	\N		1	\N	3	C
242	508-2021	2023-11-04 21:50:29.125344+00	\N	257	\N	3	\N	camaramz/certificates/3-atestado-de-bolsa-interna/508-2021.pdf	1	\N	3	C
243	509-2021	2023-11-04 21:50:29.405821+00	\N	258	\N	3	\N	camaramz/certificates/3-atestado-de-bolsa-interna/509-2021.pdf	1	Filho de Guilherme Tiolo	3	C
244	510-2021	2023-11-04 21:50:29.691608+00	\N	259	\N	3	\N	camaramz/certificates/3-atestado-de-bolsa-interna/510-2021.pdf	1	\N	3	C
245	511-2021	2023-11-04 21:50:29.981551+00	\N	260	\N	3	\N	camaramz/certificates/3-atestado-de-bolsa-interna/511-2021.pdf	1	\N	3	C
246	512-2021	2023-11-04 21:50:30.270355+00	\N	262	\N	2	\N	camaramz/certificates/2-atestado-de-bolsa-de-estudo/512-2021.pdf	1	\N	3	C
247	513-2021	2023-11-04 21:50:30.573798+00	\N	264	\N	16	\N	camaramz/certificates/16-atestado-de-residencia/513-2021.pdf	1	\N	3	C
248	514-2021	2023-11-04 21:50:30.855204+00	\N	265	\N	4	\N	camaramz/certificates/4-atestado-de-casamento/514-2021.pdf	1	\N	3	C
249	515-2021	2023-11-04 21:50:31.121584+00	\N	266	\N	16	\N	camaramz/certificates/16-atestado-de-residencia/515-2021.pdf	1	\N	3	C
250	516-2021	2023-11-04 21:50:31.397644+00	\N	268	\N	3	\N	camaramz/certificates/3-atestado-de-bolsa-interna/516-2021.pdf	1	\N	3	C
251	517-2021	2023-11-04 21:50:31.673214+00	\N	269	\N	3	\N	camaramz/certificates/3-atestado-de-bolsa-interna/517-2021.pdf	1	\N	3	C
252	518-2021	2023-11-04 21:50:31.962294+00	\N	270	\N	3	\N	camaramz/certificates/3-atestado-de-bolsa-interna/518-2021.pdf	1	\N	3	C
253	519-2021	2023-11-04 21:50:32.263095+00	\N	271	\N	16	\N	camaramz/certificates/16-atestado-de-residencia/519-2021.pdf	1	\N	3	C
254	520-2021	2023-11-04 21:50:32.545874+00	\N	272	\N	3	\N	camaramz/certificates/3-atestado-de-bolsa-interna/520-2021.pdf	1	\N	3	C
255	521-2021	2023-11-04 21:50:32.82644+00	\N	273	\N	16	\N	camaramz/certificates/16-atestado-de-residencia/521-2021.pdf	1	\N	3	C
258	524-2021	2023-11-04 21:50:33.737869+00	\N	298	\N	16	\N	camaramz/certificates/16-atestado-de-residencia/524-2021.pdf	1	\N	3	C
259	525-2021	2023-11-04 21:50:34.003696+00	\N	278	\N	2	\N	camaramz/certificates/2-atestado-de-bolsa-de-estudo/525-2021.pdf	1	\N	3	C
335	600-2021	2023-11-04 21:54:17.586256+00	\N	348	\N	16	\N	camaramz/certificates/16-atestado-de-residencia/600-2021.pdf	1	\N	3	C
336	601-2021	2023-11-04 21:54:17.976148+00	\N	349	\N	16	\N	camaramz/certificates/16-atestado-de-residencia/601-2021.pdf	1	\N	3	C
337	602-2021	2023-11-04 21:54:18.23657+00	\N	351	\N	2	\N	camaramz/certificates/2-atestado-de-bolsa-de-estudo/602-2021.pdf	1	\N	3	C
340	605-2021	2023-11-04 21:54:19.088406+00	\N	354	\N	2	\N	camaramz/certificates/2-atestado-de-bolsa-de-estudo/605-2021.pdf	1	\N	3	C
341	606-2021	2023-11-04 21:54:19.393968+00	\N	355	\N	16	\N	camaramz/certificates/16-atestado-de-residencia/606-2021.pdf	1	\N	3	C
343	608-2021	2023-11-04 21:54:19.973106+00	\N	358	\N	18	\N	camaramz/certificates/18-atestado-de-agregado-familiar/608-2021.pdf	1	\N	3	C
345	610-2021	2023-11-04 21:54:20.554247+00	\N	360	\N	16	\N	camaramz/certificates/16-atestado-de-residencia/610-2021.pdf	1	\N	3	C
346	611-2021	2023-11-04 21:54:20.839391+00	\N	357	\N	2	\N	camaramz/certificates/2-atestado-de-bolsa-de-estudo/611-2021.pdf	1	\N	3	C
348	613-2021	2023-11-04 21:54:21.421404+00	\N	363	\N	16	\N	camaramz/certificates/16-atestado-de-residencia/613-2021.pdf	1	\N	3	C
350	615-2021	2023-11-04 21:54:21.983067+00	\N	365	\N	16	\N	camaramz/certificates/16-atestado-de-residencia/615-2021.pdf	1	\N	3	C
351	616-2021	2023-11-04 21:54:22.27116+00	\N	367	\N	2	\N	camaramz/certificates/2-atestado-de-bolsa-de-estudo/616-2021.pdf	1	\N	3	C
354	619-2021	2023-11-04 21:54:23.126392+00	\N	371	\N	2	\N	camaramz/certificates/2-atestado-de-bolsa-de-estudo/619-2021.pdf	1	\N	3	C
356	621-2021	2023-11-04 21:54:23.67444+00	\N	372	\N	16	\N	camaramz/certificates/16-atestado-de-residencia/621-2021.pdf	1	\N	3	C
357	622-2021	2023-11-04 21:54:23.963517+00	\N	373	\N	16	\N	camaramz/certificates/16-atestado-de-residencia/622-2021.pdf	1	\N	3	C
359	624-2021	2023-11-04 21:54:24.545614+00	\N	375	\N	2	\N	camaramz/certificates/2-atestado-de-bolsa-de-estudo/624-2021.pdf	1	\N	3	C
362	627-2021	2023-11-04 21:54:25.396828+00	\N	378	\N	18	\N	camaramz/certificates/18-atestado-de-agregado-familiar/627-2021.pdf	1	\N	3	C
363	628-2021	2023-11-04 21:54:25.678771+00	\N	379	\N	2	\N	camaramz/certificates/2-atestado-de-bolsa-de-estudo/628-2021.pdf	1	\N	3	C
365	630-2021	2023-11-04 21:54:26.256774+00	\N	382	\N	16	\N	camaramz/certificates/16-atestado-de-residencia/630-2021.pdf	1	\N	3	C
367	632-2021	2023-11-04 21:54:26.817805+00	\N	384	\N	2	\N	camaramz/certificates/2-atestado-de-bolsa-de-estudo/632-2021.pdf	1	\N	3	C
368	633-2021	2023-11-04 21:54:27.130003+00	\N	386	\N	16	\N	camaramz/certificates/16-atestado-de-residencia/633-2021.pdf	1	\N	3	C
370	635-2021	2023-11-04 21:54:27.690872+00	\N	389	\N	2	\N	camaramz/certificates/2-atestado-de-bolsa-de-estudo/635-2021.pdf	1	\N	3	C
373	638-2021	2023-11-04 21:54:28.527431+00	\N	393	\N	16	\N	camaramz/certificates/16-atestado-de-residencia/638-2021.pdf	1	\N	3	C
374	639-2021	2023-11-04 21:54:28.799949+00	\N	394	\N	16	\N	camaramz/certificates/16-atestado-de-residencia/639-2021.pdf	1	\N	3	C
376	641-2021	2023-11-04 21:54:29.395659+00	\N	396	\N	16	\N	camaramz/certificates/16-atestado-de-residencia/641-2021.pdf	1	\N	3	C
378	643-2021	2023-11-04 21:54:29.968584+00	\N	398	\N	2	\N	camaramz/certificates/2-atestado-de-bolsa-de-estudo/643-2021.pdf	1	\N	3	C
379	644-2021	2023-11-04 21:54:30.259142+00	\N	399	\N	16	\N	camaramz/certificates/16-atestado-de-residencia/644-2021.pdf	1	\N	3	C
381	646-2021	2023-11-04 21:54:30.868601+00	\N	401	\N	2	\N	camaramz/certificates/2-atestado-de-bolsa-de-estudo/646-2021.pdf	1	\N	3	C
383	648-2021	2023-11-04 21:54:31.427114+00	\N	404	\N	2	\N	camaramz/certificates/2-atestado-de-bolsa-de-estudo/648-2021.pdf	1	\N	3	C
384	649-2021	2023-11-04 21:54:31.724591+00	\N	90	\N	2	\N	camaramz/certificates/2-atestado-de-bolsa-de-estudo/649-2021.pdf	1	C.I.C.C em	3	C
386	651-2021	2023-11-04 21:54:32.323738+00	\N	406	\N	16	\N	camaramz/certificates/16-atestado-de-residencia/651-2021.pdf	1	\N	3	C
388	653-2021	2023-11-04 21:54:32.944101+00	\N	408	\N	18	\N	camaramz/certificates/18-atestado-de-agregado-familiar/653-2021.pdf	1	\N	3	C
390	655-2021	2023-11-04 21:54:33.213547+00	\N	409	\N	16	\N	camaramz/certificates/16-atestado-de-residencia/655-2021.pdf	1	\N	3	C
394	658-2021	2023-11-04 21:54:34.062773+00	\N	413	\N	16	\N	camaramz/certificates/16-atestado-de-residencia/658-2021.pdf	1	\N	3	C
398	659-2021	2023-11-04 21:54:34.345988+00	\N	416	\N	2	\N	camaramz/certificates/2-atestado-de-bolsa-de-estudo/659-2021.pdf	1	\N	3	C
400	661-2021	2023-11-04 21:54:34.89727+00	\N	415	\N	2	\N	camaramz/certificates/2-atestado-de-bolsa-de-estudo/661-2021.pdf	1	\N	3	C
402	663-2021	2023-11-04 21:54:35.49755+00	\N	418	\N	2	\N	camaramz/certificates/2-atestado-de-bolsa-de-estudo/663-2021.pdf	1	\N	3	C
404	664-2021	2023-11-04 21:54:35.766715+00	\N	419	\N	16	\N	camaramz/certificates/16-atestado-de-residencia/664-2021.pdf	1	\N	3	C
406	666-2021	2023-11-04 21:54:36.333459+00	\N	423	\N	4	\N	camaramz/certificates/4-atestado-de-casamento/666-2021.pdf	1	\N	3	C
408	668-2021	2023-11-04 21:54:36.883982+00	\N	421	\N	2	\N	camaramz/certificates/2-atestado-de-bolsa-de-estudo/668-2021.pdf	1	\N	3	C
409	669-2021	2023-11-04 21:54:37.159247+00	\N	428	\N	16	\N	camaramz/certificates/16-atestado-de-residencia/669-2021.pdf	1	\N	3	C
411	671-2021	2023-11-04 21:54:37.719161+00	\N	430	\N	16	\N	camaramz/certificates/16-atestado-de-residencia/671-2021.pdf	1	\N	3	C
413	673-2021	2023-11-04 21:54:38.296698+00	\N	432	\N	18	\N	camaramz/certificates/18-atestado-de-agregado-familiar/673-2021.pdf	1	\N	3	C
414	674-2021	2023-11-04 21:54:38.569144+00	\N	434	\N	16	\N	camaramz/certificates/16-atestado-de-residencia/674-2021.pdf	1	\N	3	C
416	676-2021	2023-11-04 21:54:39.119568+00	\N	437	\N	16	\N	camaramz/certificates/16-atestado-de-residencia/676-2021.pdf	1	\N	3	C
418	678-2021	2023-11-04 21:54:39.687873+00	\N	439	\N	16	\N	camaramz/certificates/16-atestado-de-residencia/678-2021.pdf	1	\N	3	C
419	679-2021	2023-11-04 21:54:40.002279+00	\N	441	\N	1	\N	camaramz/certificates/1-atestado-de-emprego/679-2021.pdf	1	\N	3	C
421	681-2021	2023-11-04 21:54:40.542393+00	\N	445	\N	2	\N	camaramz/certificates/2-atestado-de-bolsa-de-estudo/681-2021.pdf	1	\N	3	C
423	683-2021	2023-11-04 21:54:41.119129+00	\N	447	\N	2	\N	camaramz/certificates/2-atestado-de-bolsa-de-estudo/683-2021.pdf	1	\N	3	C
339	604-2021	2023-11-04 21:54:18.801931+00	\N	353	\N	16	\N	camaramz/certificates/16-atestado-de-residencia/604-2021.pdf	1	\N	3	C
427	687-2021	2023-11-04 21:54:42.255337+00	\N	450	\N	16	\N	camaramz/certificates/16-atestado-de-residencia/687-2021.pdf	1	\N	3	C
434	694-2021	2023-11-04 22:36:32.973224+00	\N	459	\N	2	\N	camaramz/certificates/2-atestado-de-bolsa-de-estudo/694-2021.pdf	1	\N	3	C
436	696-2021	2023-11-04 22:36:33.664409+00	\N	460	\N	18	\N	camaramz/certificates/18-atestado-de-agregado-familiar/696-2021.pdf	1	\N	3	C
438	698-2021	2023-11-04 22:36:34.233562+00	\N	465	\N	2	\N	camaramz/certificates/2-atestado-de-bolsa-de-estudo/698-2021.pdf	1	\N	3	C
439	699-2021	2023-11-04 22:36:34.537702+00	\N	466	\N	2	\N	camaramz/certificates/2-atestado-de-bolsa-de-estudo/699-2021.pdf	1	\N	3	C
442	702-2021	2023-11-04 22:36:35.099994+00	\N	468	\N	2	\N	camaramz/certificates/2-atestado-de-bolsa-de-estudo/702-2021.pdf	1	\N	3	C
445	704-2021	2023-11-04 22:36:35.679544+00	\N	471	\N	2	\N	camaramz/certificates/2-atestado-de-bolsa-de-estudo/704-2021.pdf	1	\N	3	C
446	705-2021	2023-11-04 22:36:35.957301+00	\N	472	\N	16	\N	camaramz/certificates/16-atestado-de-residencia/705-2021.pdf	1	\N	3	C
448	707-2021	2023-11-04 22:36:36.507794+00	\N	473	\N	16	\N	camaramz/certificates/16-atestado-de-residencia/707-2021.pdf	1	\N	3	C
450	709-2021	2023-11-04 22:36:37.069505+00	\N	50	\N	18	\N	camaramz/certificates/18-atestado-de-agregado-familiar/709-2021.pdf	1	\N	3	C
451	710-2021	2023-11-04 22:36:37.35797+00	\N	476	\N	16	\N	camaramz/certificates/16-atestado-de-residencia/710-2021.pdf	1	\N	3	C
455	714-2021	2023-11-04 22:36:38.515973+00	\N	481	\N	4	\N	camaramz/certificates/4-atestado-de-casamento/714-2021.pdf	1	\N	3	C
457	716-2021	2023-11-04 22:36:39.076149+00	\N	50	\N	18	\N	camaramz/certificates/18-atestado-de-agregado-familiar/716-2021.pdf	1	\N	3	C
429	689-2021	2023-11-04 21:54:42.809843+00	\N	452	\N	16	\N	camaramz/certificates/16-atestado-de-residencia/689-2021.pdf	1	\N	3	C
458	717-2021	2023-11-04 22:36:39.356143+00	\N	483	\N	16	\N	camaramz/certificates/16-atestado-de-residencia/717-2021.pdf	1	\N	3	C
461	720-2021	2023-11-04 22:36:40.249884+00	\N	488	\N	2	\N	camaramz/certificates/2-atestado-de-bolsa-de-estudo/720-2021.pdf	1	\N	3	C
463	722-2021	2023-11-04 22:36:40.821372+00	\N	489	\N	4	\N	camaramz/certificates/4-atestado-de-casamento/722-2021.pdf	1	\N	3	C
464	723-2021	2023-11-04 22:36:41.101365+00	\N	490	\N	18	\N	camaramz/certificates/18-atestado-de-agregado-familiar/723-2021.pdf	1	\N	3	C
466	725-2021	2023-11-04 22:36:41.682781+00	\N	494	\N	16	\N	camaramz/certificates/16-atestado-de-residencia/725-2021.pdf	1	\N	3	C
468	727-2021	2023-11-04 22:36:42.270793+00	\N	496	\N	2	\N	camaramz/certificates/2-atestado-de-bolsa-de-estudo/727-2021.pdf	1	\N	3	C
431	691-2021	2023-11-04 21:54:43.363684+00	\N	456	\N	2	\N	camaramz/certificates/2-atestado-de-bolsa-de-estudo/691-2021.pdf	1	\N	3	C
469	728-2021	2023-11-04 22:36:42.549771+00	\N	491	\N	18	\N	camaramz/certificates/18-atestado-de-agregado-familiar/728-2021.pdf	1	\N	3	C
472	731-2021	2023-11-04 22:36:43.369706+00	\N	499	\N	16	\N	camaramz/certificates/16-atestado-de-residencia/731-2021.pdf	1	\N	3	C
473	732-2021	2023-11-04 22:36:43.646506+00	\N	500	\N	18	\N	camaramz/certificates/18-atestado-de-agregado-familiar/732-2021.pdf	1	\N	3	C
474	733-2021	2023-11-04 22:36:43.931968+00	\N	501	\N	4	\N	camaramz/certificates/4-atestado-de-casamento/733-2021.pdf	1	\N	3	C
476	735-2021	2023-11-04 22:36:44.499408+00	\N	503	\N	4	\N	camaramz/certificates/4-atestado-de-casamento/735-2021.pdf	1	\N	3	C
477	736-2021	2023-11-04 22:36:44.78125+00	\N	504	\N	16	\N	camaramz/certificates/16-atestado-de-residencia/736-2021.pdf	1	\N	3	C
485	739-2021	2023-11-04 22:36:45.625571+00	\N	510	\N	4	\N	camaramz/certificates/4-atestado-de-casamento/739-2021.pdf	1	\N	3	C
486	740-2021	2023-11-04 22:36:45.917329+00	\N	506	\N	19	\N	camaramz/certificates/19-atestado-de-viagem/740-2021.pdf	1	\N	3	C
488	742-2021	2023-11-04 22:36:46.459446+00	\N	507	\N	4	\N	camaramz/certificates/4-atestado-de-casamento/742-2021.pdf	1	Desidrio Sacramento Loreno (Loureno)	3	C
489	743-2021	2023-11-04 22:36:46.734239+00	\N	511	\N	18	\N	camaramz/certificates/18-atestado-de-agregado-familiar/743-2021.pdf	1	\N	3	C
432	692-2021	2023-11-04 21:54:43.645202+00	\N	457	\N	2	\N	camaramz/certificates/2-atestado-de-bolsa-de-estudo/692-2021.pdf	1	\N	3	C
433	693-2021	2023-11-04 21:54:43.933028+00	\N	458	\N	2	\N	camaramz/certificates/2-atestado-de-bolsa-de-estudo/693-2021.pdf	1	\N	3	C
491	745-2021	2023-11-04 22:36:47.29491+00	\N	515	\N	10	\N	camaramz/certificates/10-atestado-de-percepcao-da-pensao-de-aposentacao/745-2021.pdf	1	\N	3	C
425	685-2021	2023-11-04 21:54:41.697346+00	\N	449	\N	4	\N	camaramz/certificates/4-atestado-de-casamento/685-2021.pdf	1	\N	3	C
493	747-2021	2023-11-04 22:36:47.832466+00	\N	517	\N	4	\N	camaramz/certificates/4-atestado-de-casamento/747-2021.pdf	1	\N	3	C
494	748-2021	2023-11-04 22:36:48.117663+00	\N	518	\N	16	\N	camaramz/certificates/16-atestado-de-residencia/748-2021.pdf	1	\N	3	C
496	750-2021	2023-11-04 22:36:48.663888+00	\N	520	\N	4	\N	camaramz/certificates/4-atestado-de-casamento/750-2021.pdf	1	\N	3	C
498	752-2021	2023-11-04 22:36:49.23289+00	\N	522	\N	16	\N	camaramz/certificates/16-atestado-de-residencia/752-2021.pdf	1	\N	3	C
499	753-2021	2023-11-04 22:36:49.496591+00	\N	524	\N	4	\N	camaramz/certificates/4-atestado-de-casamento/753-2021.pdf	1	\N	3	C
501	755-2021	2023-11-04 22:36:50.080242+00	\N	525	\N	4	\N	camaramz/certificates/4-atestado-de-casamento/755-2021.pdf	1	\N	3	C
505	757-2021	2023-11-04 22:36:50.642811+00	\N	527	\N	4	\N	camaramz/certificates/4-atestado-de-casamento/757-2021.pdf	1	\N	3	C
506	758-2021	2023-11-04 22:36:50.925669+00	\N	528	\N	16	\N	camaramz/certificates/16-atestado-de-residencia/758-2021.pdf	1	\N	3	C
508	760-2021	2023-11-04 22:36:51.50475+00	\N	531	\N	16	\N	camaramz/certificates/16-atestado-de-residencia/760-2021.pdf	1	\N	3	C
509	761-2021	2023-11-04 22:36:51.777581+00	\N	532	\N	4	\N	camaramz/certificates/4-atestado-de-casamento/761-2021.pdf	1	\N	3	C
511	763-2021	2023-11-04 22:36:52.332899+00	\N	534	\N	4	\N	camaramz/certificates/4-atestado-de-casamento/763-2021.pdf	1	\N	3	C
443	702-2021	2023-11-04 10:12:22.843023+00	\N	469	\N	16	\N		1	\N	3	C
515	767-2021	2023-11-04 22:36:53.480632+00	\N	539	\N	16	\N	camaramz/certificates/16-atestado-de-residencia/767-2021.pdf	1	\N	3	C
587	838-2021	2023-11-04 22:07:47.347443+00	\N	613	\N	18	\N	camaramz/certificates/18-atestado-de-agregado-familiar/838-2021.pdf	1	\N	3	C
588	839-2021	2023-11-04 22:07:47.977557+00	\N	609	\N	4	\N	camaramz/certificates/4-atestado-de-casamento/839-2021.pdf	1	\N	3	C
589	840-2021	2023-11-04 22:07:48.605571+00	\N	615	\N	3	\N	camaramz/certificates/3-atestado-de-bolsa-interna/840-2021.pdf	1	\N	3	C
590	841-2021	2023-11-04 22:07:49.236433+00	\N	616	\N	4	\N	camaramz/certificates/4-atestado-de-casamento/841-2021.pdf	1	\N	3	C
591	842-2021	2023-11-04 22:07:49.858735+00	\N	617	\N	4	\N	camaramz/certificates/4-atestado-de-casamento/842-2021.pdf	1	\N	3	C
592	843-2021	2023-11-04 22:07:50.500763+00	\N	618	\N	4	\N	camaramz/certificates/4-atestado-de-casamento/843-2021.pdf	1	\N	3	C
593	844-2021	2023-11-04 22:07:51.165041+00	\N	619	\N	4	\N	camaramz/certificates/4-atestado-de-casamento/844-2021.pdf	1	\N	3	C
594	845-2021	2023-11-04 22:07:51.820688+00	\N	620	\N	13	\N	camaramz/certificates/13-atestado-de-subsidio-de-transporte/845-2021.pdf	1	\N	3	C
596	847-2021	2023-11-04 22:07:53.261391+00	\N	622	\N	4	\N	camaramz/certificates/4-atestado-de-casamento/847-2021.pdf	1	\N	3	C
597	848-2021	2023-11-04 22:07:53.97009+00	\N	623	\N	4	\N	camaramz/certificates/4-atestado-de-casamento/848-2021.pdf	1	\N	3	C
599	850-2021	2023-11-04 22:07:55.245156+00	\N	621	\N	13	\N	camaramz/certificates/13-atestado-de-subsidio-de-transporte/850-2021.pdf	1	\N	3	C
601	852-2021	2023-11-04 22:07:56.689592+00	\N	626	\N	4	\N	camaramz/certificates/4-atestado-de-casamento/852-2021.pdf	1	\N	3	C
602	853-2021	2023-11-04 22:07:57.496443+00	\N	321	\N	16	\N	camaramz/certificates/16-atestado-de-residencia/853-2021.pdf	1	\N	3	C
604	855-2021	2023-11-04 22:07:58.930144+00	\N	628	\N	16	\N	camaramz/certificates/16-atestado-de-residencia/855-2021.pdf	1	\N	3	C
607	858-2021	2023-11-04 22:08:01.058277+00	\N	637	\N	2	\N	camaramz/certificates/2-atestado-de-bolsa-de-estudo/858-2021.pdf	1	\N	3	C
608	859-2021	2023-11-04 22:08:01.681024+00	\N	633	\N	13	\N	camaramz/certificates/13-atestado-de-subsidio-de-transporte/859-2021.pdf	1	\N	3	C
617	857-2021	2023-11-04 22:08:02.911338+00	\N	636	\N	19	\N	camaramz/certificates/19-atestado-de-viagem/857-2021.pdf	1	\N	3	C
619	859-2021	2023-11-04 22:08:04.171534+00	\N	633	\N	13	\N	camaramz/certificates/13-atestado-de-subsidio-de-transporte/859-2021.pdf	1	\N	3	C
620	860-2021	2023-11-04 22:08:04.80793+00	\N	634	\N	15	\N	camaramz/certificates/15-atestado-de-prova-de-vida/860-2021.pdf	1	\N	3	C
627	863-2021	2023-11-04 22:08:06.504073+00	\N	364	\N	2	\N	camaramz/certificates/2-atestado-de-bolsa-de-estudo/863-2021.pdf	1	\N	3	C
629	865-2021	2023-11-04 22:08:07.994533+00	\N	638	\N	4	\N	camaramz/certificates/4-atestado-de-casamento/865-2021.pdf	1	\N	3	C
630	866-2021	2023-11-04 22:08:09.026139+00	\N	640	\N	2	\N	camaramz/certificates/2-atestado-de-bolsa-de-estudo/866-2021.pdf	1	\N	3	C
632	868-2021	2023-11-04 22:08:10.718424+00	\N	642	\N	18	\N	camaramz/certificates/18-atestado-de-agregado-familiar/868-2021.pdf	1	\N	3	C
634	870-2021	2023-11-04 22:08:12.03814+00	\N	644	\N	3	\N	camaramz/certificates/3-atestado-de-bolsa-interna/870-2021.pdf	1	\N	3	C
635	871-2021	2023-11-04 22:08:12.83873+00	\N	645	\N	2	\N	camaramz/certificates/2-atestado-de-bolsa-de-estudo/871-2021.pdf	1	\N	3	C
637	873-2021	2023-11-04 22:08:14.327226+00	\N	648	\N	2	\N	camaramz/certificates/2-atestado-de-bolsa-de-estudo/873-2021.pdf	1	\N	3	C
639	875-2021	2023-11-04 22:08:15.565204+00	\N	649	\N	2	\N	camaramz/certificates/2-atestado-de-bolsa-de-estudo/875-2021.pdf	1	\N	3	C
640	876-2021	2023-11-04 22:08:16.209429+00	\N	650	\N	13	\N	camaramz/certificates/13-atestado-de-subsidio-de-transporte/876-2021.pdf	1	\N	3	C
621	861-2021	2023-11-04 10:12:23.139386+00	\N	364	\N	2	\N		1	\N	3	C
642	878-2021	2023-11-04 22:08:17.46578+00	\N	652	\N	2	\N	camaramz/certificates/2-atestado-de-bolsa-de-estudo/878-2021.pdf	1	\N	3	C
644	880-2021	2023-11-04 22:08:18.76011+00	\N	654	\N	15	\N	camaramz/certificates/15-atestado-de-prova-de-vida/880-2021.pdf	1	\N	3	C
645	881-2021	2023-11-04 22:08:19.365594+00	\N	655	\N	2	\N	camaramz/certificates/2-atestado-de-bolsa-de-estudo/881-2021.pdf	1	\N	3	C
649	885-2021	2023-11-04 22:08:21.913236+00	\N	659	\N	4	\N	camaramz/certificates/4-atestado-de-casamento/885-2021.pdf	1	\N	3	C
652	888-2021	2023-11-04 22:08:23.810648+00	\N	662	\N	4	\N	camaramz/certificates/4-atestado-de-casamento/888-2021.pdf	1	\N	3	C
653	889-2021	2023-11-04 22:08:24.485778+00	\N	663	\N	2	\N	camaramz/certificates/2-atestado-de-bolsa-de-estudo/889-2021.pdf	1	\N	3	C
655	891-2021	2023-11-04 22:08:25.82762+00	\N	665	\N	4	\N	camaramz/certificates/4-atestado-de-casamento/891-2021.pdf	1	Residente em Torres Dias	3	C
657	893-2021	2023-11-04 22:08:27.142601+00	\N	524	\N	13	\N	camaramz/certificates/13-atestado-de-subsidio-de-transporte/893-2021.pdf	1	\N	3	C
658	894-2021	2023-11-04 22:08:27.753752+00	\N	667	\N	2	\N	camaramz/certificates/2-atestado-de-bolsa-de-estudo/894-2021.pdf	1	\N	3	C
660	896-2021	2023-11-04 22:08:29.080046+00	\N	669	\N	3	\N	camaramz/certificates/3-atestado-de-bolsa-interna/896-2021.pdf	1	\N	3	C
661	897-2021	2023-11-04 22:08:29.716991+00	\N	671	\N	15	\N	camaramz/certificates/15-atestado-de-prova-de-vida/897-2021.pdf	1	\N	3	C
663	899-2021	2023-11-04 22:08:30.963489+00	\N	672	\N	18	\N	camaramz/certificates/18-atestado-de-agregado-familiar/899-2021.pdf	1	\N	3	C
665	901-2021	2023-11-04 22:08:32.263951+00	\N	674	\N	4	\N	camaramz/certificates/4-atestado-de-casamento/901-2021.pdf	1	\N	3	C
667	903-2021	2023-11-04 22:08:33.523232+00	\N	676	\N	4	\N	camaramz/certificates/4-atestado-de-casamento/903-2021.pdf	1	\N	3	C
668	904-2021	2023-11-04 22:08:34.193352+00	\N	677	\N	19	\N	camaramz/certificates/19-atestado-de-viagem/904-2021.pdf	1	\N	3	C
669	905-2021	2023-11-04 22:08:34.84658+00	\N	678	\N	2	\N	camaramz/certificates/2-atestado-de-bolsa-de-estudo/905-2021.pdf	1	\N	3	C
670	906-2021	2023-11-04 22:08:35.470302+00	\N	679	\N	4	\N	camaramz/certificates/4-atestado-de-casamento/906-2021.pdf	1	\N	3	C
672	908-2021	2023-11-04 22:08:36.755348+00	\N	670	\N	3	\N	camaramz/certificates/3-atestado-de-bolsa-interna/908-2021.pdf	1	\N	3	C
674	910-2021	2023-11-04 22:08:38.035483+00	\N	656	\N	18	\N	camaramz/certificates/18-atestado-de-agregado-familiar/910-2021.pdf	1	\N	3	C
675	911-2021	2023-11-04 22:08:38.768308+00	\N	19	\N	8	\N	camaramz/certificates/8-atestado-de-fixacao-de-residencia/911-2021.pdf	1	\N	3	C
677	913-2021	2023-11-04 22:08:40.098395+00	\N	684	\N	18	\N	camaramz/certificates/18-atestado-de-agregado-familiar/913-2021.pdf	1	\N	3	C
679	915-2021	2023-11-04 22:08:41.355955+00	\N	686	\N	2	\N	camaramz/certificates/2-atestado-de-bolsa-de-estudo/915-2021.pdf	1	\N	3	C
680	916-2021	2023-11-04 22:08:41.995176+00	\N	688	\N	4	\N	camaramz/certificates/4-atestado-de-casamento/916-2021.pdf	1	\N	3	C
682	918-2021	2023-11-04 22:08:43.258901+00	\N	689	\N	3	\N	camaramz/certificates/3-atestado-de-bolsa-interna/918-2021.pdf	1	\N	3	C
684	920-2021	2023-11-04 22:08:44.728134+00	\N	686	\N	3	\N	camaramz/certificates/3-atestado-de-bolsa-interna/920-2021.pdf	1	\N	3	C
685	921-2021	2023-11-04 22:08:45.365245+00	\N	691	\N	18	\N	camaramz/certificates/18-atestado-de-agregado-familiar/921-2021.pdf	1	\N	3	C
688	924-2021	2023-11-04 22:08:47.274262+00	\N	694	\N	3	\N	camaramz/certificates/3-atestado-de-bolsa-interna/924-2021.pdf	1	\N	3	C
689	925-2021	2023-11-04 22:08:47.95109+00	\N	695	\N	3	\N	camaramz/certificates/3-atestado-de-bolsa-interna/925-2021.pdf	1	\N	3	C
691	927-2021	2023-11-04 22:08:50.398868+00	\N	697	\N	4	\N	camaramz/certificates/4-atestado-de-casamento/927-2021.pdf	1	\N	3	C
700	929-2021	2023-11-04 22:08:52.354868+00	\N	700	\N	3	\N	camaramz/certificates/3-atestado-de-bolsa-interna/929-2021.pdf	1	\N	3	C
701	930-2021	2023-11-04 22:08:53.019414+00	\N	701	\N	13	\N	camaramz/certificates/13-atestado-de-subsidio-de-transporte/930-2021.pdf	1	\N	3	C
703	932-2021	2023-11-04 22:08:54.33742+00	\N	703	\N	4	\N	camaramz/certificates/4-atestado-de-casamento/932-2021.pdf	1	\N	3	C
705	934-2021	2023-11-04 22:08:55.660734+00	\N	705	\N	16	\N	camaramz/certificates/16-atestado-de-residencia/934-2021.pdf	1	\N	3	C
706	935-2021	2023-11-04 22:08:56.313394+00	\N	706	\N	2	\N	camaramz/certificates/2-atestado-de-bolsa-de-estudo/935-2021.pdf	1	\N	3	C
708	937-2021	2023-11-04 22:08:57.638264+00	\N	708	\N	18	\N	camaramz/certificates/18-atestado-de-agregado-familiar/937-2021.pdf	1	\N	3	C
710	939-2021	2023-11-04 22:08:58.917652+00	\N	139	\N	16	\N	camaramz/certificates/16-atestado-de-residencia/939-2021.pdf	1	\N	3	C
711	940-2021	2023-11-04 22:08:59.550391+00	\N	710	\N	19	\N	camaramz/certificates/19-atestado-de-viagem/940-2021.pdf	1	\N	3	C
713	942-2021	2023-11-04 22:09:00.836028+00	\N	714	\N	13	\N	camaramz/certificates/13-atestado-de-subsidio-de-transporte/942-2021.pdf	1	\N	3	C
716	943-2021	2023-11-04 22:09:02.124325+00	\N	715	\N	13	\N	camaramz/certificates/13-atestado-de-subsidio-de-transporte/943-2021.pdf	1	\N	3	C
718	2-2021	2023-11-04 22:09:03.508652+00	\N	15	\N	24	\N	camaramz/certificates/24-certificado-de-certificado-de-compra-de-coval/2-2021.pdf	3	\N	3	C
719	945-2021	2023-11-04 22:09:04.259871+00	\N	717	\N	4	\N	camaramz/certificates/4-atestado-de-casamento/945-2021.pdf	1	\N	3	C
721	947-2021	2023-11-04 22:09:05.69729+00	\N	719	\N	13	\N	camaramz/certificates/13-atestado-de-subsidio-de-transporte/947-2021.pdf	1	\N	3	C
723	3-2021	2023-11-04 22:09:07.156445+00	\N	721	\N	24	\N	camaramz/certificates/24-certificado-de-certificado-de-compra-de-coval/3-2021.pdf	3	\N	3	C
725	950-2021	2023-11-04 22:09:08.469831+00	\N	722	\N	13	\N	camaramz/certificates/13-atestado-de-subsidio-de-transporte/950-2021.pdf	1	\N	3	C
732	2-2022	2023-11-04 22:09:09.769505+00	\N	726	\N	19	\N	camaramz/certificates/19-atestado-de-viagem/2-2022.pdf	1	\N	3	C
734	6-2022	2023-11-04 22:09:11.084196+00	\N	725	\N	4	\N	camaramz/certificates/4-atestado-de-casamento/6-2022.pdf	1	\N	3	C
740	8-2022	2023-11-04 22:09:12.358139+00	\N	730	\N	16	\N	camaramz/certificates/16-atestado-de-residencia/8-2022.pdf	1	\N	3	C
741	9-2022	2023-11-04 22:09:13.013308+00	\N	729	\N	18	\N	camaramz/certificates/18-atestado-de-agregado-familiar/9-2022.pdf	1	\N	3	C
745	11-2022	2023-11-04 22:09:14.268651+00	\N	716	\N	12	\N	camaramz/certificates/12-atestado-de-percepcao-da-pensao-de-sobrevivencia-por-morte/11-2022.pdf	1	\N	3	C
747	1-2022	2023-11-04 22:09:15.613656+00	\N	732	\N	27	\N	camaramz/certificates/27-licenca-de-licencas-para-barraca/1-2022.pdf	6	\N	3	C
750	15-2022	2023-11-04 22:09:17.563996+00	\N	737	\N	13	\N	camaramz/certificates/13-atestado-de-subsidio-de-transporte/15-2022.pdf	1	\N	3	C
752	17-2022	2023-11-04 22:09:18.922604+00	\N	735	\N	4	\N	camaramz/certificates/4-atestado-de-casamento/17-2022.pdf	1	\N	3	C
753	18-2022	2023-11-04 22:09:19.563904+00	\N	741	\N	15	\N	camaramz/certificates/15-atestado-de-prova-de-vida/18-2022.pdf	1	\N	3	C
755	20-2022	2023-11-04 22:09:20.808237+00	\N	743	\N	10	\N	camaramz/certificates/10-atestado-de-percepcao-da-pensao-de-aposentacao/20-2022.pdf	1	\N	3	C
757	1-2022	2023-11-04 22:09:22.114952+00	\N	745	\N	25	\N	camaramz/certificates/25-aurorizacao-de-autorizacao-para-modificar-o-coval/1-2022.pdf	4	\N	3	C
759	22-2022	2023-11-04 22:09:23.458866+00	\N	748	\N	8	\N	camaramz/certificates/8-atestado-de-fixacao-de-residencia/22-2022.pdf	1	\N	3	C
761	24-2022	2023-11-04 22:09:24.762915+00	\N	739	\N	7	\N	camaramz/certificates/7-atestado-de-escolares/24-2022.pdf	1	\N	3	C
762	25-2022	2023-11-04 22:09:25.413497+00	\N	749	\N	7	\N	camaramz/certificates/7-atestado-de-escolares/25-2022.pdf	1	\N	3	C
764	27-2022	2023-11-04 22:09:26.693458+00	\N	750	\N	30	\N	camaramz/certificates/30-atestado-de-convenientes/27-2022.pdf	1	\N	3	C
766	29-2022	2023-11-04 22:09:28.044842+00	\N	752	\N	4	\N	camaramz/certificates/4-atestado-de-casamento/29-2022.pdf	1	\N	3	C
767	30-2022	2023-11-04 22:09:28.702709+00	\N	753	\N	4	\N	camaramz/certificates/4-atestado-de-casamento/30-2022.pdf	1	\N	3	C
769	32-2022	2023-11-04 22:09:30.036954+00	\N	754	\N	2	\N	camaramz/certificates/2-atestado-de-bolsa-de-estudo/32-2022.pdf	1	Residencia: Monta	3	C
770	33-2022	2023-11-04 22:09:30.675047+00	\N	755	\N	4	\N	camaramz/certificates/4-atestado-de-casamento/33-2022.pdf	1	\N	3	C
772	35-2022	2023-11-04 22:09:32.044155+00	\N	757	\N	4	\N	camaramz/certificates/4-atestado-de-casamento/35-2022.pdf	1	\N	3	C
774	37-2022	2023-11-04 22:09:33.357157+00	\N	759	\N	10	\N	camaramz/certificates/10-atestado-de-percepcao-da-pensao-de-aposentacao/37-2022.pdf	1	\N	3	C
776	39-2022	2023-11-04 22:09:34.637687+00	\N	760	\N	4	\N	camaramz/certificates/4-atestado-de-casamento/39-2022.pdf	1	\N	3	C
777	40-2022	2023-11-04 22:09:35.277526+00	\N	762	\N	7	\N	camaramz/certificates/7-atestado-de-escolares/40-2022.pdf	1	\N	3	C
779	41-2022	2023-11-04 22:09:36.546887+00	\N	764	\N	18	\N	camaramz/certificates/18-atestado-de-agregado-familiar/41-2022.pdf	1	\N	3	C
781	43-2022	2023-11-04 22:09:37.892786+00	\N	766	\N	7	\N	camaramz/certificates/7-atestado-de-escolares/43-2022.pdf	1	\N	3	C
782	44-2022	2023-11-04 22:09:38.621063+00	\N	767	\N	30	\N	camaramz/certificates/30-atestado-de-convenientes/44-2022.pdf	1	\N	3	C
784	45-2022	2023-11-04 22:09:39.932526+00	\N	769	\N	15	\N	camaramz/certificates/15-atestado-de-prova-de-vida/45-2022.pdf	1	\N	3	C
786	47-2022	2023-11-04 22:09:41.203207+00	\N	772	\N	18	\N	camaramz/certificates/18-atestado-de-agregado-familiar/47-2022.pdf	1	\N	3	C
788	49-2022	2023-11-04 22:09:42.583724+00	\N	774	\N	4	\N	camaramz/certificates/4-atestado-de-casamento/49-2022.pdf	1	\N	3	C
790	51-2022	2023-11-04 22:09:43.844341+00	\N	771	\N	18	\N	camaramz/certificates/18-atestado-de-agregado-familiar/51-2022.pdf	1	\N	3	C
807	67-2022	2023-11-04 22:09:55.010416+00	\N	791	\N	30	\N	camaramz/certificates/30-atestado-de-convenientes/67-2022.pdf	1	\N	3	C
809	68-2022	2023-11-04 22:09:55.640453+00	\N	795	\N	4	\N	camaramz/certificates/4-atestado-de-casamento/68-2022.pdf	1	\N	3	C
811	70-2022	2023-11-04 22:09:58.206934+00	\N	339	\N	2	\N	camaramz/certificates/2-atestado-de-bolsa-de-estudo/70-2022.pdf	1	\N	3	C
813	72-2022	2023-11-04 22:09:59.500069+00	\N	798	\N	2	\N	camaramz/certificates/2-atestado-de-bolsa-de-estudo/72-2022.pdf	1	\N	3	C
815	74-2022	2023-11-04 22:10:00.815435+00	\N	800	\N	30	\N	camaramz/certificates/30-atestado-de-convenientes/74-2022.pdf	1	\N	3	C
792	53-2022	2023-11-04 22:09:45.09989+00	\N	778	\N	30	\N	camaramz/certificates/30-atestado-de-convenientes/53-2022.pdf	1	\N	3	C
816	75-2022	2023-11-04 22:10:01.446672+00	\N	793	\N	4	\N	camaramz/certificates/4-atestado-de-casamento/75-2022.pdf	1	\N	3	C
793	54-2022	2023-11-04 22:09:45.736904+00	\N	780	\N	16	\N	camaramz/certificates/16-atestado-de-residencia/54-2022.pdf	1	\N	3	C
795	56-2022	2023-11-04 22:09:47.015452+00	\N	779	\N	30	\N	camaramz/certificates/30-atestado-de-convenientes/56-2022.pdf	1	\N	3	C
797	58-2022	2023-11-04 22:09:48.325746+00	\N	781	\N	10	\N	camaramz/certificates/10-atestado-de-percepcao-da-pensao-de-aposentacao/58-2022.pdf	1	\N	3	C
799	60-2022	2023-11-04 22:09:49.649137+00	\N	784	\N	12	\N	camaramz/certificates/12-atestado-de-percepcao-da-pensao-de-sobrevivencia-por-morte/60-2022.pdf	1	\N	3	C
801	61-2022	2023-11-04 22:09:51.007572+00	\N	786	\N	16	\N	camaramz/certificates/16-atestado-de-residencia/61-2022.pdf	1	\N	3	C
802	62-2022	2023-11-04 22:09:51.657232+00	\N	787	\N	4	\N	camaramz/certificates/4-atestado-de-casamento/62-2022.pdf	1	\N	3	C
805	65-2022	2023-11-04 22:09:53.727022+00	\N	785	\N	16	\N	camaramz/certificates/16-atestado-de-residencia/65-2022.pdf	1	Cirro	3	C
818	77-2022	2023-11-04 22:10:02.753239+00	\N	802	\N	16	\N	camaramz/certificates/16-atestado-de-residencia/77-2022.pdf	1	\N	3	C
820	79-2022	2023-11-04 22:10:04.044419+00	\N	804	\N	30	\N	camaramz/certificates/30-atestado-de-convenientes/79-2022.pdf	1	\N	3	C
822	80-2022	2023-11-04 22:10:05.364361+00	\N	806	\N	16	\N	camaramz/certificates/16-atestado-de-residencia/80-2022.pdf	1	\N	3	C
823	81-2022	2023-11-04 22:10:05.984937+00	\N	807	\N	16	\N	camaramz/certificates/16-atestado-de-residencia/81-2022.pdf	1	\N	3	C
825	83-2022	2023-11-04 22:10:07.254898+00	\N	808	\N	16	\N	camaramz/certificates/16-atestado-de-residencia/83-2022.pdf	1	\N	3	C
826	84-2022	2023-11-04 22:10:07.953051+00	\N	794	\N	16	\N	camaramz/certificates/16-atestado-de-residencia/84-2022.pdf	1	\N	3	C
829	87-2022	2023-11-04 22:10:09.952066+00	\N	811	\N	4	\N	camaramz/certificates/4-atestado-de-casamento/87-2022.pdf	1	Estilito Vaz da Vera Cruz	3	C
830	88-2022	2023-11-04 22:10:10.622462+00	\N	812	\N	4	\N	camaramz/certificates/4-atestado-de-casamento/88-2022.pdf	1	\N	3	C
832	90-2022	2023-11-04 22:10:11.978721+00	\N	814	\N	30	\N	camaramz/certificates/30-atestado-de-convenientes/90-2022.pdf	1	\N	3	C
834	92-2022	2023-11-04 22:10:13.299269+00	\N	817	\N	4	\N	camaramz/certificates/4-atestado-de-casamento/92-2022.pdf	1	\N	3	C
836	94-2022	2023-11-04 22:10:14.61286+00	\N	819	\N	16	\N	camaramz/certificates/16-atestado-de-residencia/94-2022.pdf	1	\N	3	C
837	95-2022	2023-11-04 22:10:15.291685+00	\N	786	\N	18	\N	camaramz/certificates/18-atestado-de-agregado-familiar/95-2022.pdf	1	\N	3	C
839	97-2022	2023-11-04 22:10:16.546866+00	\N	821	\N	30	\N	camaramz/certificates/30-atestado-de-convenientes/97-2022.pdf	1	\N	3	C
841	99-2022	2023-11-04 22:10:17.824922+00	\N	824	\N	18	\N	camaramz/certificates/18-atestado-de-agregado-familiar/99-2022.pdf	1	\N	3	C
842	100-2022	2023-11-04 22:10:18.475801+00	\N	825	\N	30	\N	camaramz/certificates/30-atestado-de-convenientes/100-2022.pdf	1	\N	3	C
844	102-2022	2023-11-04 22:10:19.737787+00	\N	826	\N	15	\N	camaramz/certificates/15-atestado-de-prova-de-vida/102-2022.pdf	1	\N	3	C
847	105-2022	2023-11-04 22:10:21.6794+00	\N	830	\N	18	\N	camaramz/certificates/18-atestado-de-agregado-familiar/105-2022.pdf	1	\N	3	C
848	106-2022	2023-11-04 22:10:22.335671+00	\N	831	\N	16	\N	camaramz/certificates/16-atestado-de-residencia/106-2022.pdf	1	\N	3	C
851	109-2022	2023-11-04 22:10:24.271917+00	\N	833	\N	10	\N	camaramz/certificates/10-atestado-de-percepcao-da-pensao-de-aposentacao/109-2022.pdf	1	\N	3	C
853	111-2022	2023-11-04 22:10:25.510106+00	\N	835	\N	30	\N	camaramz/certificates/30-atestado-de-convenientes/111-2022.pdf	1	\N	3	C
855	113-2022	2023-11-04 22:10:26.816426+00	\N	836	\N	16	\N	camaramz/certificates/16-atestado-de-residencia/113-2022.pdf	1	\N	3	C
856	114-2022	2023-11-04 22:10:27.441549+00	\N	838	\N	30	\N	camaramz/certificates/30-atestado-de-convenientes/114-2022.pdf	1	\N	3	C
858	116-2022	2023-11-04 22:10:28.765839+00	\N	840	\N	16	\N	camaramz/certificates/16-atestado-de-residencia/116-2022.pdf	1	\N	3	C
861	118-2022	2023-11-04 22:10:30.026063+00	\N	841	\N	4	\N	camaramz/certificates/4-atestado-de-casamento/118-2022.pdf	1	\N	3	C
862	119-2022	2023-11-04 22:10:30.721323+00	\N	842	\N	4	\N	camaramz/certificates/4-atestado-de-casamento/119-2022.pdf	1	\N	3	C
864	121-2022	2023-11-04 22:10:32.018476+00	\N	845	\N	30	\N	camaramz/certificates/30-atestado-de-convenientes/121-2022.pdf	1	\N	3	C
865	122-2022	2023-11-04 22:10:32.733845+00	\N	846	\N	4	\N	camaramz/certificates/4-atestado-de-casamento/122-2022.pdf	1	\N	3	C
867	124-2022	2023-11-04 22:10:34.067055+00	\N	848	\N	16	\N	camaramz/certificates/16-atestado-de-residencia/124-2022.pdf	1	\N	3	C
869	126-2022	2023-11-04 22:10:35.401429+00	\N	851	\N	18	\N	camaramz/certificates/18-atestado-de-agregado-familiar/126-2022.pdf	1	\N	3	C
870	127-2022	2023-11-04 22:10:36.026964+00	\N	837	\N	16	\N	camaramz/certificates/16-atestado-de-residencia/127-2022.pdf	1	\N	3	C
872	129-2022	2023-11-04 22:10:37.323585+00	\N	853	\N	4	\N	camaramz/certificates/4-atestado-de-casamento/129-2022.pdf	1	\N	3	C
874	6-2022	2023-11-04 22:10:38.629622+00	\N	855	\N	23	\N	camaramz/certificates/23-autorizacao-de-autorizacao-de-construcao/6-2022.pdf	2	\N	3	C
876	132-2022	2023-11-04 22:10:39.871857+00	\N	849	\N	4	\N	camaramz/certificates/4-atestado-de-casamento/132-2022.pdf	1	\N	3	C
878	134-2022	2023-11-04 22:10:41.173193+00	\N	857	\N	10	\N	camaramz/certificates/10-atestado-de-percepcao-da-pensao-de-aposentacao/134-2022.pdf	1	\N	3	C
880	136-2022	2023-11-04 22:10:42.454965+00	\N	859	\N	4	\N	camaramz/certificates/4-atestado-de-casamento/136-2022.pdf	1	\N	3	C
882	138-2022	2023-11-04 22:10:43.743935+00	\N	861	\N	2	\N	camaramz/certificates/2-atestado-de-bolsa-de-estudo/138-2022.pdf	1	\N	3	C
883	139-2022	2023-11-04 22:10:44.401816+00	\N	862	\N	4	\N	camaramz/certificates/4-atestado-de-casamento/139-2022.pdf	1	\N	3	C
885	141-2022	2023-11-04 22:10:45.747033+00	\N	487	\N	18	\N	camaramz/certificates/18-atestado-de-agregado-familiar/141-2022.pdf	1	\N	3	C
888	144-2022	2023-11-04 22:10:47.917713+00	\N	866	\N	30	\N	camaramz/certificates/30-atestado-de-convenientes/144-2022.pdf	1	\N	3	C
889	145-2022	2023-11-04 22:10:48.563867+00	\N	20	\N	15	\N	camaramz/certificates/15-atestado-de-prova-de-vida/145-2022.pdf	1	145 duplicado	3	C
895	146-2022	2023-11-04 22:10:49.82682+00	\N	868	\N	16	\N	camaramz/certificates/16-atestado-de-residencia/146-2022.pdf	1	\N	3	C
905	148-2022	2023-11-04 22:10:51.136236+00	\N	869	\N	30	\N	camaramz/certificates/30-atestado-de-convenientes/148-2022.pdf	1	\N	3	C
906	149-2022	2023-11-04 22:10:51.74633+00	\N	870	\N	30	\N	camaramz/certificates/30-atestado-de-convenientes/149-2022.pdf	1	\N	3	C
908	151-2022	2023-11-04 22:10:53.08593+00	\N	872	\N	4	\N	camaramz/certificates/4-atestado-de-casamento/151-2022.pdf	1	\N	3	C
910	153-2022	2023-11-04 22:10:54.343686+00	\N	874	\N	16	\N	camaramz/certificates/16-atestado-de-residencia/153-2022.pdf	1	\N	3	C
911	154-2022	2023-11-04 22:10:54.956534+00	\N	875	\N	30	\N	camaramz/certificates/30-atestado-de-convenientes/154-2022.pdf	1	\N	3	C
913	156-2022	2023-11-04 22:10:56.211825+00	\N	876	\N	4	\N	camaramz/certificates/4-atestado-de-casamento/156-2022.pdf	1	\N	3	C
915	158-2022	2023-11-04 22:10:57.44615+00	\N	1882	\N	16	\N	camaramz/certificates/16-atestado-de-residencia/158-2022.pdf	1	\N	3	C
916	159-2022	2023-11-04 22:10:58.132806+00	\N	877	\N	4	\N	camaramz/certificates/4-atestado-de-casamento/159-2022.pdf	1	\N	3	C
918	161-2022	2023-11-04 22:10:59.385961+00	\N	880	\N	30	\N	camaramz/certificates/30-atestado-de-convenientes/161-2022.pdf	1	\N	3	C
919	162-2022	2023-11-04 22:11:00.052376+00	\N	881	\N	30	\N	camaramz/certificates/30-atestado-de-convenientes/162-2022.pdf	1	\N	3	C
921	164-2022	2023-11-04 22:11:01.325411+00	\N	883	\N	2	\N	camaramz/certificates/2-atestado-de-bolsa-de-estudo/164-2022.pdf	1	\N	3	C
923	166-2022	2023-11-04 22:11:03.823785+00	\N	885	\N	8	\N	camaramz/certificates/8-atestado-de-fixacao-de-residencia/166-2022.pdf	1	\N	3	C
925	168-2022	2023-11-04 22:11:05.077989+00	\N	887	\N	19	\N	camaramz/certificates/19-atestado-de-viagem/168-2022.pdf	1	\N	3	C
928	3-2022	2023-11-04 22:11:05.699695+00	\N	888	\N	32	\N	camaramz/certificates/32-licenca-de-licencas-para-baile/3-2022.pdf	10	\N	3	C
931	174-2022	2023-11-04 22:11:06.988912+00	\N	889	\N	18	\N	camaramz/certificates/18-atestado-de-agregado-familiar/174-2022.pdf	1	\N	3	C
933	176-2022	2023-11-04 22:11:08.286009+00	\N	891	\N	1	\N	camaramz/certificates/1-atestado-de-emprego/176-2022.pdf	1	\N	3	C
934	177-2022	2023-11-04 22:11:08.92954+00	\N	892	\N	30	\N	camaramz/certificates/30-atestado-de-convenientes/177-2022.pdf	1	\N	3	C
936	179-2022	2023-11-04 22:11:10.218053+00	\N	894	\N	4	\N	camaramz/certificates/4-atestado-de-casamento/179-2022.pdf	1	\N	3	C
937	5-2022	2023-11-04 22:11:10.845692+00	\N	895	\N	32	\N	camaramz/certificates/32-licenca-de-licencas-para-baile/5-2022.pdf	10	\N	1	P
939	181-2022	2023-11-04 22:11:12.134705+00	\N	898	\N	30	\N	camaramz/certificates/30-atestado-de-convenientes/181-2022.pdf	1	\N	3	C
941	182-2022	2023-11-04 22:11:13.429986+00	\N	899	\N	2	\N	camaramz/certificates/2-atestado-de-bolsa-de-estudo/182-2022.pdf	1	\N	3	C
942	183-2022	2023-11-04 22:11:14.070662+00	\N	900	\N	2	\N	camaramz/certificates/2-atestado-de-bolsa-de-estudo/183-2022.pdf	1	\N	3	C
944	185-2022	2023-11-04 22:11:15.346689+00	\N	474	\N	16	\N	camaramz/certificates/16-atestado-de-residencia/185-2022.pdf	1	\N	3	C
946	187-2022	2023-11-04 22:11:16.701074+00	\N	903	\N	2	\N	camaramz/certificates/2-atestado-de-bolsa-de-estudo/187-2022.pdf	1	\N	3	C
948	189-2022	2023-11-04 22:11:18.189804+00	\N	905	\N	16	\N	camaramz/certificates/16-atestado-de-residencia/189-2022.pdf	1	\N	3	C
952	193-2022	2023-11-04 22:12:16.639441+00	\N	908	\N	30	\N	camaramz/certificates/30-atestado-de-convenientes/193-2022.pdf	1	\N	3	C
953	7-2022	2023-11-04 22:12:17.273881+00	\N	909	\N	23	\N	camaramz/certificates/23-autorizacao-de-autorizacao-de-construcao/7-2022.pdf	2	\N	3	C
955	195-2022	2023-11-04 22:12:18.558623+00	\N	911	\N	30	\N	camaramz/certificates/30-atestado-de-convenientes/195-2022.pdf	1	\N	3	C
956	196-2022	2023-11-04 22:12:19.193982+00	\N	912	\N	30	\N	camaramz/certificates/30-atestado-de-convenientes/196-2022.pdf	1	\N	3	C
958	8-2022	2023-11-04 22:12:20.58018+00	\N	896	\N	23	\N	camaramz/certificates/23-autorizacao-de-autorizacao-de-construcao/8-2022.pdf	2	\N	3	C
960	199-2022	2023-11-04 22:12:21.953732+00	\N	915	\N	16	\N	camaramz/certificates/16-atestado-de-residencia/199-2022.pdf	1	\N	3	C
961	200-2022	2023-11-04 22:12:22.607261+00	\N	916	\N	18	\N	camaramz/certificates/18-atestado-de-agregado-familiar/200-2022.pdf	1	\N	3	C
963	202-2022	2023-11-04 22:12:23.980465+00	\N	918	\N	4	\N	camaramz/certificates/4-atestado-de-casamento/202-2022.pdf	1	\N	3	C
965	203-2022	2023-11-04 22:12:25.449972+00	\N	920	\N	4	\N	camaramz/certificates/4-atestado-de-casamento/203-2022.pdf	1	\N	3	C
966	204-2022	2023-11-04 22:12:26.197048+00	\N	921	\N	4	\N	camaramz/certificates/4-atestado-de-casamento/204-2022.pdf	1	\N	3	C
968	206-2022	2023-11-04 22:12:27.554415+00	\N	923	\N	2	\N	camaramz/certificates/2-atestado-de-bolsa-de-estudo/206-2022.pdf	1	\N	3	C
970	208-2022	2023-11-04 22:12:29.16132+00	\N	925	\N	2	\N	camaramz/certificates/2-atestado-de-bolsa-de-estudo/208-2022.pdf	1	\N	3	C
971	209-2022	2023-11-04 22:12:29.819057+00	\N	926	\N	13	\N	camaramz/certificates/13-atestado-de-subsidio-de-transporte/209-2022.pdf	1	\N	3	C
976	214-2022	2023-11-04 22:12:33.077158+00	\N	931	\N	2	\N	camaramz/certificates/2-atestado-de-bolsa-de-estudo/214-2022.pdf	1	\N	3	C
977	215-2022	2023-11-04 22:12:33.836122+00	\N	932	\N	30	\N	camaramz/certificates/30-atestado-de-convenientes/215-2022.pdf	1	\N	3	C
979	217-2022	2023-11-04 22:12:35.077562+00	\N	934	\N	30	\N	camaramz/certificates/30-atestado-de-convenientes/217-2022.pdf	1	\N	3	C
981	5-2022	2023-11-04 22:12:36.368609+00	\N	935	\N	27	\N	camaramz/certificates/27-licenca-de-licencas-para-barraca/5-2022.pdf	6	\N	3	C
982	218-2022	2023-11-04 22:12:37.018197+00	\N	936	\N	30	\N	camaramz/certificates/30-atestado-de-convenientes/218-2022.pdf	1	\N	3	C
984	220-2022	2023-11-04 22:12:38.281901+00	\N	938	\N	30	\N	camaramz/certificates/30-atestado-de-convenientes/220-2022.pdf	1	\N	3	C
986	222-2022	2023-11-04 22:12:39.530792+00	\N	807	\N	18	\N	camaramz/certificates/18-atestado-de-agregado-familiar/222-2022.pdf	1	\N	3	C
987	223-2022	2023-11-04 22:12:40.188496+00	\N	941	\N	4	\N	camaramz/certificates/4-atestado-de-casamento/223-2022.pdf	1	\N	3	C
989	225-2022	2023-11-04 22:12:41.507186+00	\N	943	\N	4	\N	camaramz/certificates/4-atestado-de-casamento/225-2022.pdf	1	\N	3	C
991	6-2022	2023-11-04 22:12:42.858977+00	\N	844	\N	32	\N	camaramz/certificates/32-licenca-de-licencas-para-baile/6-2022.pdf	10	\N	1	P
992	227-2022	2023-11-04 22:12:43.551583+00	\N	944	\N	2	\N	camaramz/certificates/2-atestado-de-bolsa-de-estudo/227-2022.pdf	1	\N	3	C
994	229-2022	2023-11-04 22:12:44.825144+00	\N	946	\N	30	\N	camaramz/certificates/30-atestado-de-convenientes/229-2022.pdf	1	\N	3	C
1003	232-2022	2023-11-04 22:12:46.790499+00	\N	949	\N	4	\N	camaramz/certificates/4-atestado-de-casamento/232-2022.pdf	1	\N	3	C
1004	233-2022	2023-11-04 22:12:47.434648+00	\N	950	\N	4	\N	camaramz/certificates/4-atestado-de-casamento/233-2022.pdf	1	\N	3	C
1006	235-2022	2023-11-04 22:12:48.786556+00	\N	952	\N	30	\N	camaramz/certificates/30-atestado-de-convenientes/235-2022.pdf	1	\N	3	C
1007	236-2022	2023-11-04 22:12:49.459431+00	\N	953	\N	30	\N	camaramz/certificates/30-atestado-de-convenientes/236-2022.pdf	1	\N	3	C
1009	6-2022	2023-11-04 22:12:50.781574+00	\N	955	\N	23	\N	camaramz/certificates/23-autorizacao-de-autorizacao-de-construcao/6-2022.pdf	2	\N	3	C
1012	239-2022	2023-11-04 22:12:52.054954+00	\N	957	\N	4	\N	camaramz/certificates/4-atestado-de-casamento/239-2022.pdf	1	\N	3	C
1013	240-2022	2023-11-04 22:12:52.753543+00	\N	958	\N	4	\N	camaramz/certificates/4-atestado-de-casamento/240-2022.pdf	1	\N	3	C
1015	242-2022	2023-11-04 22:12:54.055893+00	\N	960	\N	4	\N	camaramz/certificates/4-atestado-de-casamento/242-2022.pdf	1	\N	3	C
1017	244-2022	2023-11-04 22:12:55.341625+00	\N	962	\N	4	\N	camaramz/certificates/4-atestado-de-casamento/244-2022.pdf	1	\N	3	C
1018	245-2022	2023-11-04 22:12:55.98096+00	\N	963	\N	4	\N	camaramz/certificates/4-atestado-de-casamento/245-2022.pdf	1	\N	3	C
1020	247-2022	2023-11-04 22:12:57.385061+00	\N	965	\N	4	\N	camaramz/certificates/4-atestado-de-casamento/247-2022.pdf	1	\N	3	C
1022	249-2022	2023-11-04 22:12:58.740646+00	\N	967	\N	18	\N	camaramz/certificates/18-atestado-de-agregado-familiar/249-2022.pdf	1	\N	3	C
1023	250-2022	2023-11-04 22:12:59.467917+00	\N	968	\N	4	\N	camaramz/certificates/4-atestado-de-casamento/250-2022.pdf	1	\N	3	C
1025	252-2022	2023-11-04 22:13:00.865853+00	\N	761	\N	18	\N	camaramz/certificates/18-atestado-de-agregado-familiar/252-2022.pdf	1	\N	3	C
1026	253-2022	2023-11-04 22:13:01.528508+00	\N	971	\N	4	\N	camaramz/certificates/4-atestado-de-casamento/253-2022.pdf	1	\N	3	C
1029	256-2022	2023-11-04 22:13:03.447838+00	\N	428	\N	30	\N	camaramz/certificates/30-atestado-de-convenientes/256-2022.pdf	1	\N	3	C
1031	258-2022	2023-11-04 22:13:04.794489+00	\N	975	\N	10	\N	camaramz/certificates/10-atestado-de-percepcao-da-pensao-de-aposentacao/258-2022.pdf	1	Casado	3	C
1032	259-2022	2023-11-04 22:13:05.486524+00	\N	977	\N	30	\N	camaramz/certificates/30-atestado-de-convenientes/259-2022.pdf	1	\N	3	C
1034	261-2022	2023-11-04 22:13:07.005318+00	\N	978	\N	4	\N	camaramz/certificates/4-atestado-de-casamento/261-2022.pdf	1	\N	3	C
1036	263-2022	2023-11-04 22:13:08.319144+00	\N	980	\N	10	\N	camaramz/certificates/10-atestado-de-percepcao-da-pensao-de-aposentacao/263-2022.pdf	1	\N	3	C
1038	265-2022	2023-11-04 22:13:09.618198+00	\N	982	\N	16	\N	camaramz/certificates/16-atestado-de-residencia/265-2022.pdf	1	\N	3	C
1039	266-2022	2023-11-04 22:13:10.353868+00	\N	983	\N	4	\N	camaramz/certificates/4-atestado-de-casamento/266-2022.pdf	1	\N	3	C
1041	268-2022	2023-11-04 22:13:11.711928+00	\N	985	\N	19	\N	camaramz/certificates/19-atestado-de-viagem/268-2022.pdf	1	\N	3	C
1042	269-2022	2023-11-04 22:13:12.355774+00	\N	986	\N	18	\N	camaramz/certificates/18-atestado-de-agregado-familiar/269-2022.pdf	1	\N	3	C
1044	271-2022	2023-11-04 22:13:13.643104+00	\N	988	\N	19	\N	camaramz/certificates/19-atestado-de-viagem/271-2022.pdf	1	\N	3	C
1148	363-2022	2023-11-04 22:14:17.79342+00	\N	1081	\N	4	\N	camaramz/certificates/4-atestado-de-casamento/363-2022.pdf	1	\N	3	C
1118	333-2022	2023-11-04 22:13:58.86648+00	\N	1051	\N	2	\N	camaramz/certificates/2-atestado-de-bolsa-de-estudo/333-2022.pdf	1	\N	3	C
1119	334-2022	2023-11-04 22:13:59.501626+00	\N	1053	\N	10	\N	camaramz/certificates/10-atestado-de-percepcao-da-pensao-de-aposentacao/334-2022.pdf	1	\N	3	C
1120	335-2022	2023-11-04 22:14:00.127763+00	\N	1054	\N	10	\N	camaramz/certificates/10-atestado-de-percepcao-da-pensao-de-aposentacao/335-2022.pdf	1	\N	3	C
1121	336-2022	2023-11-04 22:14:00.764766+00	\N	1055	\N	10	\N	camaramz/certificates/10-atestado-de-percepcao-da-pensao-de-aposentacao/336-2022.pdf	1	\N	3	C
1122	337-2022	2023-11-04 22:14:01.385314+00	\N	1056	\N	10	\N	camaramz/certificates/10-atestado-de-percepcao-da-pensao-de-aposentacao/337-2022.pdf	1	\N	3	C
1123	338-2022	2023-11-04 22:14:02.024991+00	\N	1057	\N	10	\N	camaramz/certificates/10-atestado-de-percepcao-da-pensao-de-aposentacao/338-2022.pdf	1	\N	3	C
1201	407-2022	2023-11-04 22:14:50.295536+00	\N	1126	\N	16	\N	camaramz/certificates/16-atestado-de-residencia/407-2022.pdf	1	DIVORCIADA	3	C
1124	339-2022	2023-11-04 22:14:02.661064+00	\N	1058	\N	10	\N	camaramz/certificates/10-atestado-de-percepcao-da-pensao-de-aposentacao/339-2022.pdf	1	\N	3	C
1125	340-2022	2023-11-04 22:14:03.282339+00	\N	1059	\N	10	\N	camaramz/certificates/10-atestado-de-percepcao-da-pensao-de-aposentacao/340-2022.pdf	1	\N	3	C
1126	341-2022	2023-11-04 22:14:03.904867+00	\N	1060	\N	10	\N	camaramz/certificates/10-atestado-de-percepcao-da-pensao-de-aposentacao/341-2022.pdf	1	\N	3	C
1127	342-2022	2023-11-04 22:14:04.541001+00	\N	1061	\N	2	\N	camaramz/certificates/2-atestado-de-bolsa-de-estudo/342-2022.pdf	1	\N	3	C
1128	343-2022	2023-11-04 22:14:05.176172+00	\N	1062	\N	18	\N	camaramz/certificates/18-atestado-de-agregado-familiar/343-2022.pdf	1	\N	3	C
1129	344-2022	2023-11-04 22:14:05.796511+00	\N	1063	\N	15	\N	camaramz/certificates/15-atestado-de-prova-de-vida/344-2022.pdf	1	\N	3	C
1130	11-2022	2023-11-04 22:14:06.427077+00	\N	844	\N	32	\N	camaramz/certificates/32-licenca-de-licencas-para-baile/11-2022.pdf	10	\N	1	P
1131	345-2022	2023-11-04 22:14:07.042667+00	\N	1064	\N	10	\N	camaramz/certificates/10-atestado-de-percepcao-da-pensao-de-aposentacao/345-2022.pdf	1	\N	3	C
1132	346-2022	2023-11-04 22:14:07.67057+00	\N	1065	\N	10	\N	camaramz/certificates/10-atestado-de-percepcao-da-pensao-de-aposentacao/346-2022.pdf	1	\N	3	C
1133	348-2022	2023-11-04 22:14:08.310311+00	\N	1067	\N	16	\N	camaramz/certificates/16-atestado-de-residencia/348-2022.pdf	1	\N	3	C
1134	349-2022	2023-11-04 22:14:08.929831+00	\N	1066	\N	4	\N	camaramz/certificates/4-atestado-de-casamento/349-2022.pdf	1	\N	3	C
1135	350-2022	2023-11-04 22:14:09.543051+00	\N	158	\N	30	\N	camaramz/certificates/30-atestado-de-convenientes/350-2022.pdf	1	\N	3	C
1136	351-2022	2023-11-04 22:14:10.198131+00	\N	1068	\N	10	\N	camaramz/certificates/10-atestado-de-percepcao-da-pensao-de-aposentacao/351-2022.pdf	1	\N	3	C
1137	352-2022	2023-11-04 22:14:10.813651+00	\N	1069	\N	16	\N	camaramz/certificates/16-atestado-de-residencia/352-2022.pdf	1	\N	3	C
1139	354-2022	2023-11-04 22:14:12.110843+00	\N	1072	\N	4	\N	camaramz/certificates/4-atestado-de-casamento/354-2022.pdf	1	\N	3	C
1140	355-2022	2023-11-04 22:14:12.736314+00	\N	1073	\N	4	\N	camaramz/certificates/4-atestado-de-casamento/355-2022.pdf	1	\N	3	C
1141	356-2022	2023-11-04 22:14:13.347414+00	\N	1074	\N	4	\N	camaramz/certificates/4-atestado-de-casamento/356-2022.pdf	1	\N	3	C
1142	357-2022	2023-11-04 22:14:13.974978+00	\N	1070	\N	4	\N	camaramz/certificates/4-atestado-de-casamento/357-2022.pdf	1	\N	3	C
1143	358-2022	2023-11-04 22:14:14.593549+00	\N	1076	\N	15	\N	camaramz/certificates/15-atestado-de-prova-de-vida/358-2022.pdf	1	\N	3	C
1144	359-2022	2023-11-04 22:14:15.211733+00	\N	1077	\N	16	\N	camaramz/certificates/16-atestado-de-residencia/359-2022.pdf	1	\N	3	C
1145	360-2022	2023-11-04 22:14:15.869686+00	\N	1078	\N	30	\N	camaramz/certificates/30-atestado-de-convenientes/360-2022.pdf	1	\N	3	C
1146	361-2022	2023-11-04 22:14:16.501397+00	\N	1079	\N	16	\N	camaramz/certificates/16-atestado-de-residencia/361-2022.pdf	1	\N	3	C
1147	362-2022	2023-11-04 22:14:17.164705+00	\N	552	\N	18	\N	camaramz/certificates/18-atestado-de-agregado-familiar/362-2022.pdf	1	\N	3	C
1150	365-2022	2023-11-04 22:14:19.091307+00	\N	1083	\N	16	\N	camaramz/certificates/16-atestado-de-residencia/365-2022.pdf	1	\N	3	C
1151	366-2022	2023-11-04 22:14:19.710527+00	\N	318	\N	16	\N	camaramz/certificates/16-atestado-de-residencia/366-2022.pdf	1	\N	3	C
1153	368-2022	2023-11-04 22:14:21.025977+00	\N	1080	\N	16	\N	camaramz/certificates/16-atestado-de-residencia/368-2022.pdf	1	\N	3	C
1155	370-2022	2023-11-04 22:14:22.262738+00	\N	1086	\N	19	\N	camaramz/certificates/19-atestado-de-viagem/370-2022.pdf	1	\N	3	C
1156	371-2022	2023-11-04 22:14:22.881409+00	\N	1087	\N	16	\N	camaramz/certificates/16-atestado-de-residencia/371-2022.pdf	1	\N	3	C
1158	373-2022	2023-11-04 22:14:24.11972+00	\N	67	\N	18	\N	camaramz/certificates/18-atestado-de-agregado-familiar/373-2022.pdf	1	\N	3	C
1159	374-2022	2023-11-04 22:14:24.751208+00	\N	1089	\N	16	\N	camaramz/certificates/16-atestado-de-residencia/374-2022.pdf	1	\N	3	C
1161	376-2022	2023-11-04 22:14:26.015224+00	\N	1091	\N	16	\N	camaramz/certificates/16-atestado-de-residencia/376-2022.pdf	1	\N	3	C
1163	378-2022	2023-11-04 22:14:27.387403+00	\N	1092	\N	2	\N	camaramz/certificates/2-atestado-de-bolsa-de-estudo/378-2022.pdf	1	\N	3	C
1164	10-2022	2023-11-04 22:14:29.231128+00	\N	1094	\N	27	\N	camaramz/certificates/27-licenca-de-licencas-para-barraca/10-2022.pdf	6	\N	4	F
1169	379-2022	2023-11-04 22:14:30.511034+00	\N	1095	\N	2	\N	camaramz/certificates/2-atestado-de-bolsa-de-estudo/379-2022.pdf	1	\N	3	C
1171	381-2022	2023-11-04 22:14:31.779327+00	\N	1097	\N	16	\N	camaramz/certificates/16-atestado-de-residencia/381-2022.pdf	1	\N	3	C
1175	384-2022	2023-11-04 22:14:33.670407+00	\N	1100	\N	13	\N	camaramz/certificates/13-atestado-de-subsidio-de-transporte/384-2022.pdf	1	\N	3	C
1176	385-2022	2023-11-04 22:14:34.286581+00	\N	1101	\N	15	\N	camaramz/certificates/15-atestado-de-prova-de-vida/385-2022.pdf	1	\N	3	C
1178	387-2022	2023-11-04 22:14:35.566507+00	\N	1104	\N	16	\N	camaramz/certificates/16-atestado-de-residencia/387-2022.pdf	1	\N	3	C
1180	389-2022	2023-11-04 22:14:36.781466+00	\N	1107	\N	16	\N	camaramz/certificates/16-atestado-de-residencia/389-2022.pdf	1	\N	3	C
1181	390-2022	2023-11-04 22:14:37.33606+00	\N	1108	\N	16	\N	camaramz/certificates/16-atestado-de-residencia/390-2022.pdf	1	\N	3	C
1183	12-2022	2023-11-04 22:14:38.537095+00	\N	1110	\N	32	\N	camaramz/certificates/32-licenca-de-licencas-para-baile/12-2022.pdf	10	\N	1	P
1185	393-2022	2023-11-04 22:14:40.058804+00	\N	1112	\N	16	\N	camaramz/certificates/16-atestado-de-residencia/393-2022.pdf	1	\N	3	C
1186	394-2022	2023-11-04 22:14:40.749461+00	\N	1113	\N	16	\N	camaramz/certificates/16-atestado-de-residencia/394-2022.pdf	1	\N	3	C
1188	13-2022	2023-11-04 22:14:42.052122+00	\N	91	\N	27	\N	camaramz/certificates/27-licenca-de-licencas-para-barraca/13-2022.pdf	6	\N	3	C
1190	397-2022	2023-11-04 22:14:43.332249+00	\N	1115	\N	4	\N	camaramz/certificates/4-atestado-de-casamento/397-2022.pdf	1	\N	3	C
1191	398-2022	2023-11-04 22:14:43.967141+00	\N	175	\N	30	\N	camaramz/certificates/30-atestado-de-convenientes/398-2022.pdf	1	\N	3	C
1193	399-2022	2023-11-04 22:14:45.194859+00	\N	1117	\N	16	\N	camaramz/certificates/16-atestado-de-residencia/399-2022.pdf	1	\N	3	C
1195	401-2022	2023-11-04 22:14:46.500277+00	\N	1119	\N	19	\N	camaramz/certificates/19-atestado-de-viagem/401-2022.pdf	1	\N	3	C
1196	402-2022	2023-11-04 22:14:47.134736+00	\N	1120	\N	30	\N	camaramz/certificates/30-atestado-de-convenientes/402-2022.pdf	1	\N	3	C
1198	404-2022	2023-11-04 22:14:48.387645+00	\N	1123	\N	16	\N	camaramz/certificates/16-atestado-de-residencia/404-2022.pdf	1	\N	3	C
1200	406-2022	2023-11-04 22:14:49.632306+00	\N	1127	\N	4	\N	camaramz/certificates/4-atestado-de-casamento/406-2022.pdf	1	\N	3	C
1203	409-2022	2023-11-04 22:14:51.526392+00	\N	1128	\N	4	\N	camaramz/certificates/4-atestado-de-casamento/409-2022.pdf	1	\N	3	C
1204	13-2022	2023-11-04 22:14:52.190699+00	\N	1130	\N	32	\N	camaramz/certificates/32-licenca-de-licencas-para-baile/13-2022.pdf	10	\N	1	P
1206	411-2022	2023-11-04 22:14:53.410455+00	\N	1132	\N	4	\N	camaramz/certificates/4-atestado-de-casamento/411-2022.pdf	1	\N	3	C
1207	412-2022	2023-11-04 22:14:54.049474+00	\N	1133	\N	4	\N	camaramz/certificates/4-atestado-de-casamento/412-2022.pdf	1	\N	3	C
1209	414-2022	2023-11-04 22:14:55.402864+00	\N	1135	\N	16	\N	camaramz/certificates/16-atestado-de-residencia/414-2022.pdf	1	\N	3	C
1210	415-2022	2023-11-04 22:14:56.034373+00	\N	293	\N	16	\N	camaramz/certificates/16-atestado-de-residencia/415-2022.pdf	1	\N	3	C
1212	417-2022	2023-11-04 22:14:57.430358+00	\N	1139	\N	16	\N	camaramz/certificates/16-atestado-de-residencia/417-2022.pdf	1	\N	3	C
1214	419-2022	2023-11-04 22:14:58.680598+00	\N	1142	\N	16	\N	camaramz/certificates/16-atestado-de-residencia/419-2022.pdf	1	\N	3	C
1215	420-2022	2023-11-04 22:14:59.312009+00	\N	1143	\N	16	\N	camaramz/certificates/16-atestado-de-residencia/420-2022.pdf	1	\N	3	C
1218	423-2022	2023-11-04 22:15:01.233636+00	\N	1147	\N	4	\N	camaramz/certificates/4-atestado-de-casamento/423-2022.pdf	1	\N	3	C
1222	426-2022	2023-11-04 22:15:03.877301+00	\N	1154	\N	4	\N	camaramz/certificates/4-atestado-de-casamento/426-2022.pdf	1	\N	3	C
1223	428-2022	2023-11-04 22:15:04.524717+00	\N	1156	\N	15	\N	camaramz/certificates/15-atestado-de-prova-de-vida/428-2022.pdf	1	\N	3	C
1224	429-2022	2023-11-04 22:15:05.152289+00	\N	1157	\N	15	\N	camaramz/certificates/15-atestado-de-prova-de-vida/429-2022.pdf	1	\N	3	C
1225	430-2022	2023-11-04 22:15:05.756979+00	\N	1158	\N	10	\N	camaramz/certificates/10-atestado-de-percepcao-da-pensao-de-aposentacao/430-2022.pdf	1	\N	3	C
1227	432-2022	2023-11-04 22:15:06.987858+00	\N	1155	\N	18	\N	camaramz/certificates/18-atestado-de-agregado-familiar/432-2022.pdf	1	\N	3	C
1229	2-2022	2023-11-04 22:15:08.27352+00	\N	1160	\N	25	\N	camaramz/certificates/25-aurorizacao-de-autorizacao-para-modificar-o-coval/2-2022.pdf	4	\N	3	C
1249	435-2022	2023-11-04 22:15:09.539514+00	\N	1164	\N	2	\N	camaramz/certificates/2-atestado-de-bolsa-de-estudo/435-2022.pdf	1	\N	3	C
1252	438-2022	2023-11-04 22:15:11.430559+00	\N	1168	\N	2	\N	camaramz/certificates/2-atestado-de-bolsa-de-estudo/438-2022.pdf	1	\N	3	C
1254	440-2022	2023-11-04 22:15:12.682564+00	\N	1171	\N	16	\N	camaramz/certificates/16-atestado-de-residencia/440-2022.pdf	1	\N	3	C
1255	441-2022	2023-11-04 22:15:13.338142+00	\N	1172	\N	2	\N	camaramz/certificates/2-atestado-de-bolsa-de-estudo/441-2022.pdf	1	\N	3	C
1257	15-2022	2023-11-04 22:15:14.585987+00	\N	1174	\N	27	\N	camaramz/certificates/27-licenca-de-licencas-para-barraca/15-2022.pdf	6	\N	3	C
1259	443-2022	2023-11-04 22:15:15.84197+00	\N	1175	\N	16	\N	camaramz/certificates/16-atestado-de-residencia/443-2022.pdf	1	\N	3	C
1262	446-2022	2023-11-04 22:15:17.756348+00	\N	1179	\N	19	\N	camaramz/certificates/19-atestado-de-viagem/446-2022.pdf	1	\N	3	C
1263	447-2022	2023-11-04 22:15:18.392607+00	\N	1180	\N	30	\N	camaramz/certificates/30-atestado-de-convenientes/447-2022.pdf	1	\N	3	C
1265	449-2022	2023-11-04 22:15:19.649869+00	\N	1181	\N	16	\N	camaramz/certificates/16-atestado-de-residencia/449-2022.pdf	1	\N	3	C
1267	453-2022	2023-11-04 22:15:20.997162+00	\N	1185	\N	16	\N	camaramz/certificates/16-atestado-de-residencia/453-2022.pdf	1	\N	3	C
1268	15-2022	2023-11-04 22:15:21.620704+00	\N	1186	\N	32	\N	camaramz/certificates/32-licenca-de-licencas-para-baile/15-2022.pdf	10	\N	1	P
1270	455-2022	2023-11-04 22:15:22.92073+00	\N	1188	\N	30	\N	camaramz/certificates/30-atestado-de-convenientes/455-2022.pdf	1	CASADA	3	C
1272	457-2022	2023-11-04 22:15:24.155018+00	\N	1244	\N	4	\N	camaramz/certificates/4-atestado-de-casamento/457-2022.pdf	1	\N	3	C
1273	458-2022	2023-11-04 22:15:24.783817+00	\N	1245	\N	4	\N	camaramz/certificates/4-atestado-de-casamento/458-2022.pdf	1	\N	3	C
1275	460-2022	2023-11-04 22:15:26.078351+00	\N	1192	\N	2	\N	camaramz/certificates/2-atestado-de-bolsa-de-estudo/460-2022.pdf	1	\N	3	C
1276	461-2022	2023-11-04 22:15:26.702885+00	\N	1194	\N	19	\N	camaramz/certificates/19-atestado-de-viagem/461-2022.pdf	1	\N	3	C
1278	463-2022	2023-11-04 22:15:28.072083+00	\N	1114	\N	30	\N	camaramz/certificates/30-atestado-de-convenientes/463-2022.pdf	1	\N	3	C
1280	465-2022	2023-11-04 22:15:29.357027+00	\N	1195	\N	2	\N	camaramz/certificates/2-atestado-de-bolsa-de-estudo/465-2022.pdf	1	\N	3	C
1281	466-2022	2023-11-04 22:15:30.000226+00	\N	1196	\N	2	\N	camaramz/certificates/2-atestado-de-bolsa-de-estudo/466-2022.pdf	1	\N	3	C
1283	468-2022	2023-11-04 22:15:31.262443+00	\N	1198	\N	16	\N	camaramz/certificates/16-atestado-de-residencia/468-2022.pdf	1	\N	3	C
1285	470-2022	2023-11-04 22:15:32.575862+00	\N	1199	\N	18	\N	camaramz/certificates/18-atestado-de-agregado-familiar/470-2022.pdf	1	\N	3	C
1286	471-2022	2023-11-04 22:15:34.469722+00	\N	1201	\N	4	\N	camaramz/certificates/4-atestado-de-casamento/471-2022.pdf	1	\N	3	C
1288	473-2022	2023-11-04 22:15:35.762426+00	\N	1203	\N	30	\N	camaramz/certificates/30-atestado-de-convenientes/473-2022.pdf	1	\N	3	C
1290	475-2022	2023-11-04 22:15:37.038314+00	\N	1205	\N	4	\N	camaramz/certificates/4-atestado-de-casamento/475-2022.pdf	1	\N	3	C
1291	476-2022	2023-11-04 22:15:37.672874+00	\N	1206	\N	30	\N	camaramz/certificates/30-atestado-de-convenientes/476-2022.pdf	1	\N	3	C
1302	478-2022	2023-11-04 22:15:38.960728+00	\N	1209	\N	4	\N	camaramz/certificates/4-atestado-de-casamento/478-2022.pdf	1	\N	3	C
1303	479-2022	2023-11-04 22:15:39.598338+00	\N	1210	\N	16	\N	camaramz/certificates/16-atestado-de-residencia/479-2022.pdf	1	\N	3	C
1305	481-2022	2023-11-04 22:15:40.860886+00	\N	1211	\N	2	\N	camaramz/certificates/2-atestado-de-bolsa-de-estudo/481-2022.pdf	1	\N	3	C
1307	483-2022	2023-11-04 22:15:42.224201+00	\N	1214	\N	16	\N	camaramz/certificates/16-atestado-de-residencia/483-2022.pdf	1	\N	3	C
1308	484-2022	2023-11-04 22:15:42.873957+00	\N	1215	\N	30	\N	camaramz/certificates/30-atestado-de-convenientes/484-2022.pdf	1	\N	3	C
1310	486-2022	2023-11-04 22:15:44.138335+00	\N	1216	\N	4	\N	camaramz/certificates/4-atestado-de-casamento/486-2022.pdf	1	\N	3	C
1320	489-2022	2023-11-04 22:15:46.350415+00	\N	1218	\N	19	\N	camaramz/certificates/19-atestado-de-viagem/489-2022.pdf	1	\N	3	C
1330	490-2022	2023-11-04 22:15:47.118386+00	\N	390	\N	19	\N	camaramz/certificates/19-atestado-de-viagem/490-2022.pdf	1	\N	3	C
1332	16-2022	2023-11-04 22:15:48.527063+00	\N	1110	\N	32	\N	camaramz/certificates/32-licenca-de-licencas-para-baile/16-2022.pdf	10	\N	1	P
1334	493-2022	2023-11-04 22:15:49.811104+00	\N	1222	\N	4	\N	camaramz/certificates/4-atestado-de-casamento/493-2022.pdf	1	\N	3	C
1335	494-2022	2023-11-04 22:15:50.455122+00	\N	1223	\N	4	\N	camaramz/certificates/4-atestado-de-casamento/494-2022.pdf	1	\N	3	C
1337	496-2022	2023-11-04 22:15:51.713929+00	\N	1225	\N	30	\N	camaramz/certificates/30-atestado-de-convenientes/496-2022.pdf	1	\N	3	C
1338	497-2022	2023-11-04 22:15:52.336041+00	\N	1227	\N	19	\N	camaramz/certificates/19-atestado-de-viagem/497-2022.pdf	1	\N	3	C
1340	6-2022	2023-11-04 22:15:53.629635+00	\N	1162	\N	24	\N	camaramz/certificates/24-certificado-de-certificado-de-compra-de-coval/6-2022.pdf	3	\N	3	C
1351	500-2022	2023-11-04 22:15:54.904178+00	\N	1232	\N	19	\N	camaramz/certificates/19-atestado-de-viagem/500-2022.pdf	1	\N	3	C
1352	501-2022	2023-11-04 22:15:55.514389+00	\N	1233	\N	4	\N	camaramz/certificates/4-atestado-de-casamento/501-2022.pdf	1	\N	3	C
1354	503-2022	2023-11-04 22:15:56.765499+00	\N	1230	\N	19	\N	camaramz/certificates/19-atestado-de-viagem/503-2022.pdf	1	\N	3	C
1356	505-2022	2023-11-04 22:15:58.079331+00	\N	1329	\N	2	\N	camaramz/certificates/2-atestado-de-bolsa-de-estudo/505-2022.pdf	1	\N	3	C
1357	7-2022	2023-11-04 22:15:58.709064+00	\N	1229	\N	24	\N	camaramz/certificates/24-certificado-de-certificado-de-compra-de-coval/7-2022.pdf	3	\N	3	C
1359	507-2022	2023-11-04 22:15:59.971286+00	\N	1238	\N	4	\N	camaramz/certificates/4-atestado-de-casamento/507-2022.pdf	1	\N	3	C
1361	509-2022	2023-11-04 22:16:01.20587+00	\N	1240	\N	4	\N	camaramz/certificates/4-atestado-de-casamento/509-2022.pdf	1	\N	3	C
1362	510-2022	2023-11-04 22:16:01.839841+00	\N	1241	\N	4	\N	camaramz/certificates/4-atestado-de-casamento/510-2022.pdf	1	\N	3	C
1312	5-2022	2023-11-04 10:12:24.243206+00	\N	1162	\N	24	\N		3	\N	3	C
1366	514-2022	2023-11-04 22:16:04.348574+00	\N	1247	\N	16	\N	camaramz/certificates/16-atestado-de-residencia/514-2022.pdf	1	\N	3	C
1372	517-2022	2023-11-04 22:16:06.909313+00	\N	1250	\N	16	\N	camaramz/certificates/16-atestado-de-residencia/517-2022.pdf	1	\N	3	C
1375	518-2022	2023-11-04 22:16:07.541788+00	\N	1251	\N	16	\N	camaramz/certificates/16-atestado-de-residencia/518-2022.pdf	1	\N	3	C
1377	520-2022	2023-11-04 22:16:08.825477+00	\N	1254	\N	18	\N	camaramz/certificates/18-atestado-de-agregado-familiar/520-2022.pdf	1	\N	3	C
1379	522-2022	2023-11-04 22:16:10.10456+00	\N	1258	\N	16	\N	camaramz/certificates/16-atestado-de-residencia/522-2022.pdf	1	\N	3	C
1380	523-2022	2023-11-04 22:16:10.733953+00	\N	1259	\N	2	\N	camaramz/certificates/2-atestado-de-bolsa-de-estudo/523-2022.pdf	1	\N	3	C
1382	525-2022	2023-11-04 22:16:12.205804+00	\N	1261	\N	4	\N	camaramz/certificates/4-atestado-de-casamento/525-2022.pdf	1	\N	3	C
1384	527-2022	2023-11-04 22:16:13.526548+00	\N	1263	\N	30	\N	camaramz/certificates/30-atestado-de-convenientes/527-2022.pdf	1	\N	3	C
1385	528-2022	2023-11-04 22:16:14.204376+00	\N	1269	\N	30	\N	camaramz/certificates/30-atestado-de-convenientes/528-2022.pdf	1	\N	3	C
1387	530-2022	2023-11-04 22:16:15.537406+00	\N	1267	\N	4	\N	camaramz/certificates/4-atestado-de-casamento/530-2022.pdf	1	\N	3	C
1389	532-2022	2023-11-04 22:16:16.870564+00	\N	122	\N	16	\N	camaramz/certificates/16-atestado-de-residencia/532-2022.pdf	1	\N	3	C
1390	533-2022	2023-11-04 22:16:17.485638+00	\N	1270	\N	16	\N	camaramz/certificates/16-atestado-de-residencia/533-2022.pdf	1	\N	3	C
1392	535-2022	2023-11-04 22:16:18.754534+00	\N	1272	\N	16	\N	camaramz/certificates/16-atestado-de-residencia/535-2022.pdf	1	\N	3	C
1394	537-2022	2023-11-04 22:16:20.038361+00	\N	1275	\N	4	\N	camaramz/certificates/4-atestado-de-casamento/537-2022.pdf	1	\N	3	C
1395	538-2022	2023-11-04 22:16:20.664064+00	\N	1276	\N	4	\N	camaramz/certificates/4-atestado-de-casamento/538-2022.pdf	1	\N	3	C
1398	541-2022	2023-11-04 22:16:22.574833+00	\N	1278	\N	16	\N	camaramz/certificates/16-atestado-de-residencia/541-2022.pdf	1	\N	3	C
1399	542-2022	2023-11-04 22:16:23.206219+00	\N	614	\N	16	\N	camaramz/certificates/16-atestado-de-residencia/542-2022.pdf	1	\N	3	C
1401	544-2022	2023-11-04 22:16:24.457812+00	\N	1279	\N	16	\N	camaramz/certificates/16-atestado-de-residencia/544-2022.pdf	1	\N	3	C
1403	546-2022	2023-11-04 22:16:25.731601+00	\N	1281	\N	16	\N	camaramz/certificates/16-atestado-de-residencia/546-2022.pdf	1	\N	3	C
1404	547-2022	2023-11-04 22:16:26.376554+00	\N	1283	\N	4	\N	camaramz/certificates/4-atestado-de-casamento/547-2022.pdf	1	\N	3	C
1406	549-2022	2023-11-04 22:16:27.712688+00	\N	1282	\N	4	\N	camaramz/certificates/4-atestado-de-casamento/549-2022.pdf	1	\N	3	C
1408	551-2022	2023-11-04 22:16:29.007761+00	\N	1285	\N	16	\N	camaramz/certificates/16-atestado-de-residencia/551-2022.pdf	1	\N	3	C
1409	552-2022	2023-11-04 22:16:29.626918+00	\N	1286	\N	18	\N	camaramz/certificates/18-atestado-de-agregado-familiar/552-2022.pdf	1	\N	3	C
1414	554-2022	2023-11-04 22:16:30.903507+00	\N	1290	\N	4	\N	camaramz/certificates/4-atestado-de-casamento/554-2022.pdf	1	\N	3	C
1415	555-2022	2023-11-04 22:16:31.557291+00	\N	1289	\N	4	\N	camaramz/certificates/4-atestado-de-casamento/555-2022.pdf	1	\N	3	C
1417	16-2022	2023-11-04 22:16:32.921025+00	\N	1293	\N	27	\N	camaramz/certificates/27-licenca-de-licencas-para-barraca/16-2022.pdf	6	\N	3	C
1419	557-2022	2023-11-04 22:16:34.206341+00	\N	1296	\N	16	\N	camaramz/certificates/16-atestado-de-residencia/557-2022.pdf	1	\N	3	C
1421	559-2022	2023-11-04 22:16:35.505876+00	\N	1299	\N	2	\N	camaramz/certificates/2-atestado-de-bolsa-de-estudo/559-2022.pdf	1	\N	3	C
1422	560-2022	2023-11-04 22:16:36.148395+00	\N	1300	\N	4	\N	camaramz/certificates/4-atestado-de-casamento/560-2022.pdf	1	\N	3	C
1424	562-2022	2023-11-04 22:16:37.42179+00	\N	1298	\N	30	\N	camaramz/certificates/30-atestado-de-convenientes/562-2022.pdf	1	\N	3	C
1426	564-2022	2023-11-04 22:16:38.711554+00	\N	1305	\N	16	\N	camaramz/certificates/16-atestado-de-residencia/564-2022.pdf	1	\N	3	C
1427	17-2022	2023-11-04 22:16:40.56538+00	\N	1306	\N	32	\N	camaramz/certificates/32-licenca-de-licencas-para-baile/17-2022.pdf	10	\N	1	P
1429	566-2022	2023-11-04 22:16:41.828417+00	\N	1309	\N	4	\N	camaramz/certificates/4-atestado-de-casamento/566-2022.pdf	1	\N	3	C
1430	567-2022	2023-11-04 22:16:42.475256+00	\N	1310	\N	4	\N	camaramz/certificates/4-atestado-de-casamento/567-2022.pdf	1	\N	3	C
1432	569-2022	2023-11-04 22:16:43.722887+00	\N	892	\N	30	\N	camaramz/certificates/30-atestado-de-convenientes/569-2022.pdf	1	\N	3	C
1436	572-2022	2023-11-04 22:16:45.683874+00	\N	1316	\N	4	\N	camaramz/certificates/4-atestado-de-casamento/572-2022.pdf	1	VIVO	3	C
1437	573-2022	2023-11-04 22:16:46.339544+00	\N	1317	\N	19	\N	camaramz/certificates/19-atestado-de-viagem/573-2022.pdf	1	\N	3	C
1439	575-2022	2023-11-04 22:16:47.609302+00	\N	1318	\N	4	\N	camaramz/certificates/4-atestado-de-casamento/575-2022.pdf	1	\N	3	C
1440	577-2022	2023-11-04 22:16:48.239566+00	\N	1320	\N	4	\N	camaramz/certificates/4-atestado-de-casamento/577-2022.pdf	1	\N	3	C
1442	18-2022	2023-11-04 22:16:49.613545+00	\N	1322	\N	32	\N	camaramz/certificates/32-licenca-de-licencas-para-baile/18-2022.pdf	10	\N	1	P
1444	580-2022	2023-11-04 22:16:50.925815+00	\N	1319	\N	18	\N	camaramz/certificates/18-atestado-de-agregado-familiar/580-2022.pdf	1	\N	3	C
1445	581-2022	2023-11-04 22:16:51.602299+00	\N	1319	\N	18	\N	camaramz/certificates/18-atestado-de-agregado-familiar/581-2022.pdf	1	\N	3	C
1448	4-2022	2023-11-04 22:16:53.101682+00	\N	1229	\N	25	\N	camaramz/certificates/25-aurorizacao-de-autorizacao-para-modificar-o-coval/4-2022.pdf	4	\N	3	C
1450	583-2022	2023-11-04 22:16:54.554729+00	\N	1327	\N	19	\N	camaramz/certificates/19-atestado-de-viagem/583-2022.pdf	1	\N	3	C
1451	584-2022	2023-11-04 22:16:55.239122+00	\N	1328	\N	16	\N	camaramz/certificates/16-atestado-de-residencia/584-2022.pdf	1	\N	3	C
1452	585-2022	2023-11-04 22:16:55.87446+00	\N	1329	\N	2	\N	camaramz/certificates/2-atestado-de-bolsa-de-estudo/585-2022.pdf	1	\N	3	C
1456	587-2022	2023-11-04 22:16:57.266563+00	\N	1335	\N	16	\N	camaramz/certificates/16-atestado-de-residencia/587-2022.pdf	1	\N	3	C
1458	589-2022	2023-11-04 22:16:58.535954+00	\N	1338	\N	16	\N	camaramz/certificates/16-atestado-de-residencia/589-2022.pdf	1	\N	3	C
1460	591-2022	2023-11-04 22:16:59.877497+00	\N	1340	\N	16	\N	camaramz/certificates/16-atestado-de-residencia/591-2022.pdf	1	\N	3	C
1462	593-2022	2023-11-04 22:17:01.162097+00	\N	1342	\N	16	\N	camaramz/certificates/16-atestado-de-residencia/593-2022.pdf	1	\N	3	C
1463	594-2022	2023-11-04 22:17:01.774154+00	\N	1344	\N	18	\N	camaramz/certificates/18-atestado-de-agregado-familiar/594-2022.pdf	1	\N	3	C
1466	597-2022	2023-11-04 22:17:03.725025+00	\N	100	\N	2	\N	camaramz/certificates/2-atestado-de-bolsa-de-estudo/597-2022.pdf	1	\N	3	C
1468	599-2022	2023-11-04 22:17:04.979728+00	\N	1349	\N	2	\N	camaramz/certificates/2-atestado-de-bolsa-de-estudo/599-2022.pdf	1	\N	3	C
1469	600-2022	2023-11-04 22:17:05.611358+00	\N	1350	\N	2	\N	camaramz/certificates/2-atestado-de-bolsa-de-estudo/600-2022.pdf	1	\N	3	C
1471	602-2022	2023-11-04 22:17:06.881592+00	\N	1352	\N	2	\N	camaramz/certificates/2-atestado-de-bolsa-de-estudo/602-2022.pdf	1	\N	3	C
1473	604-2022	2023-11-04 22:17:08.191535+00	\N	1355	\N	2	\N	camaramz/certificates/2-atestado-de-bolsa-de-estudo/604-2022.pdf	1	\N	3	C
1476	607-2022	2023-11-04 22:17:10.089706+00	\N	1358	\N	16	\N	camaramz/certificates/16-atestado-de-residencia/607-2022.pdf	1	\N	3	C
1477	608-2022	2023-11-04 22:17:10.786772+00	\N	1360	\N	16	\N	camaramz/certificates/16-atestado-de-residencia/608-2022.pdf	1	\N	3	C
1478	609-2022	2023-11-04 22:17:11.407136+00	\N	1361	\N	4	\N	camaramz/certificates/4-atestado-de-casamento/609-2022.pdf	1	\N	3	C
1480	611-2022	2023-11-04 22:17:12.693475+00	\N	1364	\N	2	\N	camaramz/certificates/2-atestado-de-bolsa-de-estudo/611-2022.pdf	1	\N	3	C
1482	613-2022	2023-11-04 22:17:13.970295+00	\N	1369	\N	16	\N	camaramz/certificates/16-atestado-de-residencia/613-2022.pdf	1	\N	3	C
1483	614-2022	2023-11-04 22:17:14.6333+00	\N	1367	\N	2	\N	camaramz/certificates/2-atestado-de-bolsa-de-estudo/614-2022.pdf	1	\N	3	C
1486	615-2022	2023-11-04 22:17:15.946736+00	\N	1370	\N	2	\N	camaramz/certificates/2-atestado-de-bolsa-de-estudo/615-2022.pdf	1	\N	3	C
1488	617-2022	2023-11-04 22:17:17.260989+00	\N	1371	\N	2	\N	camaramz/certificates/2-atestado-de-bolsa-de-estudo/617-2022.pdf	1	\N	3	C
1489	618-2022	2023-11-04 22:17:17.883434+00	\N	1373	\N	2	\N	camaramz/certificates/2-atestado-de-bolsa-de-estudo/618-2022.pdf	1	\N	3	C
1491	620-2022	2023-11-04 22:17:19.14557+00	\N	1376	\N	2	\N	camaramz/certificates/2-atestado-de-bolsa-de-estudo/620-2022.pdf	1	\N	3	C
1493	622-2022	2023-11-04 22:17:20.46085+00	\N	1378	\N	30	\N	camaramz/certificates/30-atestado-de-convenientes/622-2022.pdf	1	\N	3	C
1494	623-2022	2023-11-04 22:17:21.128798+00	\N	1379	\N	2	\N	camaramz/certificates/2-atestado-de-bolsa-de-estudo/623-2022.pdf	1	\N	3	C
1497	19-2022	2023-11-04 22:17:23.17099+00	\N	888	\N	32	\N	camaramz/certificates/32-licenca-de-licencas-para-baile/19-2022.pdf	10	\N	1	P
1499	5-2022	2023-11-04 22:17:24.457493+00	\N	1383	\N	25	\N	camaramz/certificates/25-aurorizacao-de-autorizacao-para-modificar-o-coval/5-2022.pdf	4	\N	3	C
1501	628-2022	2023-11-04 22:17:25.830894+00	\N	1385	\N	2	\N	camaramz/certificates/2-atestado-de-bolsa-de-estudo/628-2022.pdf	1	\N	3	C
1502	629-2022	2023-11-04 22:17:26.458235+00	\N	1384	\N	2	\N	camaramz/certificates/2-atestado-de-bolsa-de-estudo/629-2022.pdf	1	\N	3	C
1504	631-2022	2023-11-04 22:17:27.889626+00	\N	1387	\N	4	\N	camaramz/certificates/4-atestado-de-casamento/631-2022.pdf	1	\N	3	C
1506	633-2022	2023-11-04 22:17:29.278815+00	\N	1389	\N	2	\N	camaramz/certificates/2-atestado-de-bolsa-de-estudo/633-2022.pdf	1	\N	3	C
1507	634-2022	2023-11-04 22:17:29.924897+00	\N	1390	\N	2	\N	camaramz/certificates/2-atestado-de-bolsa-de-estudo/634-2022.pdf	1	\N	3	C
1509	636-2022	2023-11-04 22:17:31.18888+00	\N	1392	\N	2	\N	camaramz/certificates/2-atestado-de-bolsa-de-estudo/636-2022.pdf	1	\N	3	C
1511	638-2022	2023-11-04 22:17:32.517971+00	\N	1393	\N	18	\N	camaramz/certificates/18-atestado-de-agregado-familiar/638-2022.pdf	1	\N	3	C
1512	639-2022	2023-11-04 22:17:33.147065+00	\N	1395	\N	16	\N	camaramz/certificates/16-atestado-de-residencia/639-2022.pdf	1	\N	3	C
1514	641-2022	2023-11-04 22:17:34.447395+00	\N	1403	\N	4	\N	camaramz/certificates/4-atestado-de-casamento/641-2022.pdf	1	\N	3	C
1516	643-2022	2023-11-04 22:17:35.799294+00	\N	1397	\N	2	\N	camaramz/certificates/2-atestado-de-bolsa-de-estudo/643-2022.pdf	1	\N	3	C
1517	644-2022	2023-11-04 22:17:36.427846+00	\N	1400	\N	2	\N	camaramz/certificates/2-atestado-de-bolsa-de-estudo/644-2022.pdf	1	\N	3	C
1519	646-2022	2023-11-04 22:17:37.814606+00	\N	1401	\N	2	\N	camaramz/certificates/2-atestado-de-bolsa-de-estudo/646-2022.pdf	1	\N	3	C
1532	648-2022	2023-11-04 22:17:39.078567+00	\N	1407	\N	2	\N	camaramz/certificates/2-atestado-de-bolsa-de-estudo/648-2022.pdf	1	\N	3	C
1533	649-2022	2023-11-04 22:17:39.699703+00	\N	1408	\N	2	\N	camaramz/certificates/2-atestado-de-bolsa-de-estudo/649-2022.pdf	1	\N	3	C
1535	651-2022	2023-11-04 22:17:40.953878+00	\N	1410	\N	4	\N	camaramz/certificates/4-atestado-de-casamento/651-2022.pdf	1	\N	3	C
1536	652-2022	2023-11-04 22:17:41.572581+00	\N	1411	\N	30	\N	camaramz/certificates/30-atestado-de-convenientes/652-2022.pdf	1	\N	3	C
1538	654-2022	2023-11-04 22:17:42.861432+00	\N	1413	\N	30	\N	camaramz/certificates/30-atestado-de-convenientes/654-2022.pdf	1	\N	3	C
1540	656-2022	2023-11-04 22:17:44.179937+00	\N	96	\N	4	\N	camaramz/certificates/4-atestado-de-casamento/656-2022.pdf	1	\N	3	C
1541	657-2022	2023-11-04 22:17:44.889784+00	\N	1414	\N	2	\N	camaramz/certificates/2-atestado-de-bolsa-de-estudo/657-2022.pdf	1	\N	3	C
1543	659-2022	2023-11-04 22:17:47.528518+00	\N	1417	\N	2	\N	camaramz/certificates/2-atestado-de-bolsa-de-estudo/659-2022.pdf	1	\N	3	C
1545	21-2022	2023-11-04 22:17:48.877243+00	\N	1419	\N	32	\N	camaramz/certificates/32-licenca-de-licencas-para-baile/21-2022.pdf	10	\N	1	P
1546	21-2022	2023-11-04 22:17:49.717363+00	\N	1405	\N	32	\N	camaramz/certificates/32-licenca-de-licencas-para-baile/21-2022.pdf	10	\N	2	R
1550	25-2022	2023-11-04 22:17:51.649412+00	\N	1322	\N	32	\N	camaramz/certificates/32-licenca-de-licencas-para-baile/25-2022.pdf	10	\N	2	R
1554	663-2022	2023-11-04 22:17:53.619768+00	\N	1423	\N	2	\N	camaramz/certificates/2-atestado-de-bolsa-de-estudo/663-2022.pdf	1	\N	3	C
1555	664-2022	2023-11-04 22:17:54.25895+00	\N	1069	\N	16	\N	camaramz/certificates/16-atestado-de-residencia/664-2022.pdf	1	\N	3	C
1556	665-2022	2023-11-04 22:17:54.90416+00	\N	1424	\N	4	\N	camaramz/certificates/4-atestado-de-casamento/665-2022.pdf	1	\N	3	C
1557	666-2022	2023-11-04 22:17:55.540291+00	\N	1425	\N	16	\N	camaramz/certificates/16-atestado-de-residencia/666-2022.pdf	1	\N	3	C
1559	668-2022	2023-11-04 22:17:56.916745+00	\N	1427	\N	2	\N	camaramz/certificates/2-atestado-de-bolsa-de-estudo/668-2022.pdf	1	\N	3	C
1560	669-2022	2023-11-04 22:17:57.555376+00	\N	1428	\N	2	\N	camaramz/certificates/2-atestado-de-bolsa-de-estudo/669-2022.pdf	1	\N	3	C
1565	671-2022	2023-11-04 22:17:58.87189+00	\N	1429	\N	16	\N	camaramz/certificates/16-atestado-de-residencia/671-2022.pdf	1	\N	3	C
1567	673-2022	2023-11-04 22:18:00.292315+00	\N	1432	\N	4	\N	camaramz/certificates/4-atestado-de-casamento/673-2022.pdf	1	\N	3	C
1568	674-2022	2023-11-04 22:18:01.034448+00	\N	1431	\N	4	\N	camaramz/certificates/4-atestado-de-casamento/674-2022.pdf	1	\N	3	C
1570	676-2022	2023-11-04 22:18:02.546877+00	\N	1434	\N	16	\N	camaramz/certificates/16-atestado-de-residencia/676-2022.pdf	1	\N	3	C
1571	677-2022	2023-11-04 22:18:03.340813+00	\N	1025	\N	19	\N	camaramz/certificates/19-atestado-de-viagem/677-2022.pdf	1	\N	3	C
1573	679-2022	2023-11-04 22:18:04.660042+00	\N	256	\N	2	\N	camaramz/certificates/2-atestado-de-bolsa-de-estudo/679-2022.pdf	1	\N	3	C
1575	681-2022	2023-11-04 22:18:05.949528+00	\N	1435	\N	2	\N	camaramz/certificates/2-atestado-de-bolsa-de-estudo/681-2022.pdf	1	\N	3	C
1576	682-2022	2023-11-04 22:18:06.653877+00	\N	1437	\N	13	\N	camaramz/certificates/13-atestado-de-subsidio-de-transporte/682-2022.pdf	1	\N	3	C
1578	684-2022	2023-11-04 22:18:07.94907+00	\N	1438	\N	2	\N	camaramz/certificates/2-atestado-de-bolsa-de-estudo/684-2022.pdf	1	\N	3	C
1580	686-2022	2023-11-04 22:18:09.351407+00	\N	1440	\N	4	\N	camaramz/certificates/4-atestado-de-casamento/686-2022.pdf	1	\N	3	C
1582	688-2022	2023-11-04 22:18:10.647097+00	\N	1442	\N	16	\N	camaramz/certificates/16-atestado-de-residencia/688-2022.pdf	1	\N	3	C
1584	690-2022	2023-11-04 22:18:11.930606+00	\N	1444	\N	30	\N	camaramz/certificates/30-atestado-de-convenientes/690-2022.pdf	1	\N	3	C
1586	692-2022	2023-11-04 22:18:13.232276+00	\N	1446	\N	4	\N	camaramz/certificates/4-atestado-de-casamento/692-2022.pdf	1	\N	3	C
1587	693-2022	2023-11-04 22:18:13.95167+00	\N	1447	\N	4	\N	camaramz/certificates/4-atestado-de-casamento/693-2022.pdf	1	\N	3	C
1589	695-2022	2023-11-04 22:18:15.228166+00	\N	1449	\N	4	\N	camaramz/certificates/4-atestado-de-casamento/695-2022.pdf	1	\N	3	C
1590	696-2022	2023-11-04 22:18:15.877008+00	\N	1451	\N	2	\N	camaramz/certificates/2-atestado-de-bolsa-de-estudo/696-2022.pdf	1	\N	3	C
1593	699-2022	2023-11-04 22:18:17.813458+00	\N	150	\N	18	\N	camaramz/certificates/18-atestado-de-agregado-familiar/699-2022.pdf	1	\N	3	C
1596	11-2022	2023-11-04 22:18:19.793101+00	\N	1457	\N	23	\N	camaramz/certificates/23-autorizacao-de-autorizacao-de-construcao/11-2022.pdf	2	\N	3	C
1598	8-2022	2023-11-04 22:18:21.066625+00	\N	1161	\N	24	\N	camaramz/certificates/24-certificado-de-certificado-de-compra-de-coval/8-2022.pdf	3	\N	1	P
1600	701-2022	2023-11-04 22:18:22.390339+00	\N	1460	\N	2	\N	camaramz/certificates/2-atestado-de-bolsa-de-estudo/701-2022.pdf	1	\N	3	C
1601	702-2022	2023-11-04 22:18:23.036072+00	\N	1461	\N	16	\N	camaramz/certificates/16-atestado-de-residencia/702-2022.pdf	1	\N	3	C
1604	705-2022	2023-11-04 22:18:24.956722+00	\N	1465	\N	2	\N	camaramz/certificates/2-atestado-de-bolsa-de-estudo/705-2022.pdf	1	\N	3	C
1605	706-2022	2023-11-04 22:18:25.610595+00	\N	1467	\N	2	\N	camaramz/certificates/2-atestado-de-bolsa-de-estudo/706-2022.pdf	1	\N	3	C
1606	707-2022	2023-11-04 22:18:26.244933+00	\N	1468	\N	16	\N	camaramz/certificates/16-atestado-de-residencia/707-2022.pdf	1	\N	3	C
1607	708-2022	2023-11-04 22:18:26.891197+00	\N	1462	\N	2	\N	camaramz/certificates/2-atestado-de-bolsa-de-estudo/708-2022.pdf	1	\N	3	C
1609	710-2022	2023-11-04 22:18:28.179663+00	\N	1471	\N	18	\N	camaramz/certificates/18-atestado-de-agregado-familiar/710-2022.pdf	1	\N	3	C
1611	712-2022	2023-11-04 22:18:29.446589+00	\N	1473	\N	1	\N	camaramz/certificates/1-atestado-de-emprego/712-2022.pdf	1	\N	3	C
1612	713-2022	2023-11-04 22:18:30.077736+00	\N	1474	\N	2	\N	camaramz/certificates/2-atestado-de-bolsa-de-estudo/713-2022.pdf	1	\N	3	C
1614	715-2022	2023-11-04 22:18:31.372206+00	\N	1477	\N	16	\N	camaramz/certificates/16-atestado-de-residencia/715-2022.pdf	1	\N	3	C
1617	718-2022	2023-11-04 22:18:33.337577+00	\N	196	\N	18	\N	camaramz/certificates/18-atestado-de-agregado-familiar/718-2022.pdf	1	\N	3	C
1619	720-2022	2023-11-04 22:18:34.646979+00	\N	1484	\N	19	\N	camaramz/certificates/19-atestado-de-viagem/720-2022.pdf	1	\N	3	C
1620	721-2022	2023-11-04 22:18:35.283718+00	\N	1485	\N	30	\N	camaramz/certificates/30-atestado-de-convenientes/721-2022.pdf	1	\N	3	C
1621	722-2022	2023-11-04 22:18:35.914543+00	\N	1486	\N	2	\N	camaramz/certificates/2-atestado-de-bolsa-de-estudo/722-2022.pdf	1	\N	3	C
1623	724-2022	2023-11-04 22:18:37.229292+00	\N	1488	\N	2	\N	camaramz/certificates/2-atestado-de-bolsa-de-estudo/724-2022.pdf	1	\N	3	C
1624	725-2022	2023-11-04 22:18:37.871801+00	\N	1489	\N	2	\N	camaramz/certificates/2-atestado-de-bolsa-de-estudo/725-2022.pdf	1	\N	3	C
1626	726-2022	2023-11-04 22:18:39.142688+00	\N	550	\N	16	\N	camaramz/certificates/16-atestado-de-residencia/726-2022.pdf	1	\N	3	C
1628	728-2022	2023-11-04 22:18:40.443982+00	\N	1482	\N	2	\N	camaramz/certificates/2-atestado-de-bolsa-de-estudo/728-2022.pdf	1	\N	3	C
1629	729-2022	2023-11-04 22:18:41.074266+00	\N	1494	\N	2	\N	camaramz/certificates/2-atestado-de-bolsa-de-estudo/729-2022.pdf	1	\N	3	C
1631	17-2022	2023-11-04 22:18:42.384218+00	\N	1496	\N	27	\N	camaramz/certificates/27-licenca-de-licencas-para-barraca/17-2022.pdf	6	\N	1	P
1633	731-2022	2023-11-04 22:18:43.667569+00	\N	1498	\N	4	\N	camaramz/certificates/4-atestado-de-casamento/731-2022.pdf	1	\N	3	C
1634	732-2022	2023-11-04 22:18:44.316809+00	\N	1499	\N	4	\N	camaramz/certificates/4-atestado-de-casamento/732-2022.pdf	1	\N	3	C
1636	734-2022	2023-11-04 22:18:45.633664+00	\N	1501	\N	4	\N	camaramz/certificates/4-atestado-de-casamento/734-2022.pdf	1	\N	3	C
1638	736-2022	2023-11-04 22:18:46.994845+00	\N	1503	\N	2	\N	camaramz/certificates/2-atestado-de-bolsa-de-estudo/736-2022.pdf	1	\N	3	C
1641	738-2022	2023-11-04 22:18:48.263811+00	\N	1505	\N	19	\N	camaramz/certificates/19-atestado-de-viagem/738-2022.pdf	1	\N	3	C
1642	739-2022	2023-11-04 22:18:48.911253+00	\N	1506	\N	2	\N	camaramz/certificates/2-atestado-de-bolsa-de-estudo/739-2022.pdf	1	\N	3	C
1644	741-2022	2023-11-04 22:18:50.190898+00	\N	1509	\N	19	\N	camaramz/certificates/19-atestado-de-viagem/741-2022.pdf	1	\N	3	C
1646	743-2022	2023-11-04 22:18:51.54134+00	\N	1511	\N	2	\N	camaramz/certificates/2-atestado-de-bolsa-de-estudo/743-2022.pdf	1	\N	3	C
1647	744-2022	2023-11-04 22:18:52.194773+00	\N	1508	\N	2	\N	camaramz/certificates/2-atestado-de-bolsa-de-estudo/744-2022.pdf	1	\N	3	C
1649	746-2022	2023-11-04 22:18:54.766762+00	\N	1514	\N	2	\N	camaramz/certificates/2-atestado-de-bolsa-de-estudo/746-2022.pdf	1	\N	3	C
1651	748-2022	2023-11-04 22:18:56.02466+00	\N	1516	\N	16	\N	camaramz/certificates/16-atestado-de-residencia/748-2022.pdf	1	\N	3	C
1652	749-2022	2023-11-04 22:18:56.661986+00	\N	1517	\N	19	\N	camaramz/certificates/19-atestado-de-viagem/749-2022.pdf	1	\N	3	C
1654	751-2022	2023-11-04 22:18:57.935512+00	\N	1518	\N	30	\N	camaramz/certificates/30-atestado-de-convenientes/751-2022.pdf	1	\N	3	C
1657	754-2022	2023-11-04 22:18:59.885849+00	\N	1032	\N	13	\N	camaramz/certificates/13-atestado-de-subsidio-de-transporte/754-2022.pdf	1	\N	3	C
1658	755-2022	2023-11-04 22:19:00.513331+00	\N	1520	\N	16	\N	camaramz/certificates/16-atestado-de-residencia/755-2022.pdf	1	\N	3	C
1660	757-2022	2023-11-04 22:19:01.782866+00	\N	1521	\N	16	\N	camaramz/certificates/16-atestado-de-residencia/757-2022.pdf	1	\N	3	C
1663	760-2022	2023-11-04 22:19:03.631142+00	\N	681	\N	13	\N	camaramz/certificates/13-atestado-de-subsidio-de-transporte/760-2022.pdf	1	\N	3	C
1664	761-2022	2023-11-04 22:19:04.273825+00	\N	1524	\N	18	\N	camaramz/certificates/18-atestado-de-agregado-familiar/761-2022.pdf	1	\N	3	C
1666	763-2022	2023-11-04 22:19:05.531681+00	\N	1526	\N	1	\N	camaramz/certificates/1-atestado-de-emprego/763-2022.pdf	1	\N	3	C
1668	765-2022	2023-11-04 22:19:06.799188+00	\N	1528	\N	30	\N	camaramz/certificates/30-atestado-de-convenientes/765-2022.pdf	1	\N	3	C
1669	766-2022	2023-11-04 22:19:07.461015+00	\N	1022	\N	4	\N	camaramz/certificates/4-atestado-de-casamento/766-2022.pdf	1	\N	3	C
1671	768-2022	2023-11-04 22:19:08.894186+00	\N	1529	\N	2	\N	camaramz/certificates/2-atestado-de-bolsa-de-estudo/768-2022.pdf	1	\N	3	C
1673	770-2022	2023-11-04 22:19:10.146236+00	\N	1539	\N	8	\N	camaramz/certificates/8-atestado-de-fixacao-de-residencia/770-2022.pdf	1	\N	3	C
1674	771-2022	2023-11-04 22:19:10.772645+00	\N	1528	\N	30	\N	camaramz/certificates/30-atestado-de-convenientes/771-2022.pdf	1	\N	3	C
1676	773-2022	2023-11-04 22:19:12.138115+00	\N	1532	\N	2	\N	camaramz/certificates/2-atestado-de-bolsa-de-estudo/773-2022.pdf	1	\N	3	C
1678	774-2022	2023-11-04 22:19:13.471437+00	\N	1535	\N	4	\N	camaramz/certificates/4-atestado-de-casamento/774-2022.pdf	1	\N	3	C
1679	775-2022	2023-11-04 22:19:14.119579+00	\N	1534	\N	18	\N	camaramz/certificates/18-atestado-de-agregado-familiar/775-2022.pdf	1	\N	3	C
1681	777-2022	2023-11-04 22:19:15.387572+00	\N	1537	\N	1	\N	camaramz/certificates/1-atestado-de-emprego/777-2022.pdf	1	\N	3	C
1682	778-2022	2023-11-04 22:19:16.017056+00	\N	1538	\N	2	\N	camaramz/certificates/2-atestado-de-bolsa-de-estudo/778-2022.pdf	1	\N	3	C
1685	781-2022	2023-11-04 22:19:17.327375+00	\N	1541	\N	4	\N	camaramz/certificates/4-atestado-de-casamento/781-2022.pdf	1	\N	3	C
1688	784-2022	2023-11-04 22:19:19.260751+00	\N	1544	\N	4	\N	camaramz/certificates/4-atestado-de-casamento/784-2022.pdf	1	\N	3	C
1689	785-2022	2023-11-04 22:19:19.892751+00	\N	1545	\N	4	\N	camaramz/certificates/4-atestado-de-casamento/785-2022.pdf	1	\N	3	C
1691	787-2022	2023-11-04 22:19:21.168219+00	\N	1547	\N	30	\N	camaramz/certificates/30-atestado-de-convenientes/787-2022.pdf	1	\N	3	C
1693	789-2022	2023-11-04 22:19:22.52699+00	\N	1549	\N	16	\N	camaramz/certificates/16-atestado-de-residencia/789-2022.pdf	1	\N	3	C
1694	790-2022	2023-11-04 22:19:23.167889+00	\N	1551	\N	13	\N	camaramz/certificates/13-atestado-de-subsidio-de-transporte/790-2022.pdf	1	\N	3	C
1696	792-2022	2023-11-04 22:19:24.456805+00	\N	1552	\N	18	\N	camaramz/certificates/18-atestado-de-agregado-familiar/792-2022.pdf	1	\N	3	C
1698	794-2022	2023-11-04 22:19:25.752456+00	\N	1553	\N	13	\N	camaramz/certificates/13-atestado-de-subsidio-de-transporte/794-2022.pdf	1	\N	3	C
1699	795-2022	2023-11-04 22:19:26.374428+00	\N	1554	\N	16	\N	camaramz/certificates/16-atestado-de-residencia/795-2022.pdf	1	\N	3	C
1722	813-2022	2023-11-04 22:19:39.982391+00	\N	1569	\N	30	\N	camaramz/certificates/30-atestado-de-convenientes/813-2022.pdf	1	\N	3	C
1771	855-2022	2023-11-04 22:20:11.519979+00	\N	1615	\N	30	\N	camaramz/certificates/30-atestado-de-convenientes/855-2022.pdf	1	\N	3	C
1772	856-2022	2023-11-04 22:20:12.165098+00	\N	1617	\N	30	\N	camaramz/certificates/30-atestado-de-convenientes/856-2022.pdf	1	\N	3	C
1773	857-2022	2023-11-04 22:20:13.053177+00	\N	202	\N	4	\N	camaramz/certificates/4-atestado-de-casamento/857-2022.pdf	1	\N	3	C
1774	858-2022	2023-11-04 22:20:13.808785+00	\N	1618	\N	30	\N	camaramz/certificates/30-atestado-de-convenientes/858-2022.pdf	1	\N	3	C
1775	859-2022	2023-11-04 22:20:14.496242+00	\N	1042	\N	4	\N	camaramz/certificates/4-atestado-de-casamento/859-2022.pdf	1	\N	3	C
1776	860-2022	2023-11-04 22:20:15.259592+00	\N	1043	\N	4	\N	camaramz/certificates/4-atestado-de-casamento/860-2022.pdf	1	\N	3	C
1777	861-2022	2023-11-04 22:20:16.007387+00	\N	1619	\N	13	\N	camaramz/certificates/13-atestado-de-subsidio-de-transporte/861-2022.pdf	1	\N	3	C
1778	862-2022	2023-11-04 22:20:16.750897+00	\N	1620	\N	30	\N	camaramz/certificates/30-atestado-de-convenientes/862-2022.pdf	1	\N	3	C
1780	864-2022	2023-11-04 22:20:18.070007+00	\N	1622	\N	30	\N	camaramz/certificates/30-atestado-de-convenientes/864-2022.pdf	1	\N	3	C
1781	865-2022	2023-11-04 22:20:18.722471+00	\N	1623	\N	30	\N	camaramz/certificates/30-atestado-de-convenientes/865-2022.pdf	1	\N	3	C
1782	866-2022	2023-11-04 22:20:19.338668+00	\N	1624	\N	30	\N	camaramz/certificates/30-atestado-de-convenientes/866-2022.pdf	1	\N	3	C
1783	867-2022	2023-11-04 22:20:19.965185+00	\N	1626	\N	4	\N	camaramz/certificates/4-atestado-de-casamento/867-2022.pdf	1	\N	3	C
1784	868-2022	2023-11-04 22:20:20.610318+00	\N	1627	\N	4	\N	camaramz/certificates/4-atestado-de-casamento/868-2022.pdf	1	\N	3	C
1785	869-2022	2023-11-04 22:20:21.256901+00	\N	1623	\N	30	\N	camaramz/certificates/30-atestado-de-convenientes/869-2022.pdf	1	\N	3	C
1786	870-2022	2023-11-04 22:20:21.884436+00	\N	1628	\N	4	\N	camaramz/certificates/4-atestado-de-casamento/870-2022.pdf	1	\N	3	C
1787	871-2022	2023-11-04 22:20:22.525419+00	\N	1625	\N	13	\N	camaramz/certificates/13-atestado-de-subsidio-de-transporte/871-2022.pdf	1	nascida em vinte e oito (26) de Junho	3	C
1788	872-2022	2023-11-04 22:20:23.169595+00	\N	1629	\N	4	\N	camaramz/certificates/4-atestado-de-casamento/872-2022.pdf	1	\N	3	C
1789	873-2022	2023-11-04 22:20:23.908058+00	\N	513	\N	4	\N	camaramz/certificates/4-atestado-de-casamento/873-2022.pdf	1	\N	3	C
1790	874-2022	2023-11-04 22:20:24.519063+00	\N	1633	\N	4	\N	camaramz/certificates/4-atestado-de-casamento/874-2022.pdf	1	\N	3	C
1791	875-2022	2023-11-04 22:20:25.131798+00	\N	1631	\N	2	\N	camaramz/certificates/2-atestado-de-bolsa-de-estudo/875-2022.pdf	1	\N	3	C
1792	876-2022	2023-11-04 22:20:25.778875+00	\N	1632	\N	30	\N	camaramz/certificates/30-atestado-de-convenientes/876-2022.pdf	1	\N	3	C
1793	877-2022	2023-11-04 22:20:26.418703+00	\N	824	\N	30	\N	camaramz/certificates/30-atestado-de-convenientes/877-2022.pdf	1	\N	3	C
1794	878-2022	2023-11-04 22:20:27.03767+00	\N	1634	\N	4	\N	camaramz/certificates/4-atestado-de-casamento/878-2022.pdf	1	\N	3	C
1795	879-2022	2023-11-04 22:20:27.760212+00	\N	1635	\N	4	\N	camaramz/certificates/4-atestado-de-casamento/879-2022.pdf	1	\N	3	C
1796	880-2022	2023-11-04 22:20:28.405844+00	\N	1636	\N	16	\N	camaramz/certificates/16-atestado-de-residencia/880-2022.pdf	1	\N	3	C
1800	882-2022	2023-11-04 22:20:29.658425+00	\N	1639	\N	2	\N	camaramz/certificates/2-atestado-de-bolsa-de-estudo/882-2022.pdf	1	\N	3	C
1801	883-2022	2023-11-04 22:20:30.360546+00	\N	1640	\N	2	\N	camaramz/certificates/2-atestado-de-bolsa-de-estudo/883-2022.pdf	1	\N	3	C
1802	884-2022	2023-11-04 22:20:30.994043+00	\N	1641	\N	2	\N	camaramz/certificates/2-atestado-de-bolsa-de-estudo/884-2022.pdf	1	\N	3	C
1803	885-2022	2023-11-04 22:20:31.61452+00	\N	272	\N	13	\N	camaramz/certificates/13-atestado-de-subsidio-de-transporte/885-2022.pdf	1	\N	3	C
1804	886-2022	2023-11-04 22:20:32.268545+00	\N	1642	\N	18	\N	camaramz/certificates/18-atestado-de-agregado-familiar/886-2022.pdf	1	\N	3	C
1807	889-2022	2023-11-04 22:20:34.34694+00	\N	961	\N	30	\N	camaramz/certificates/30-atestado-de-convenientes/889-2022.pdf	1	\N	3	C
1808	890-2022	2023-11-04 22:20:34.99865+00	\N	143	\N	4	\N	camaramz/certificates/4-atestado-de-casamento/890-2022.pdf	1	\N	3	C
1810	892-2022	2023-11-04 22:20:36.35096+00	\N	1625	\N	13	\N	camaramz/certificates/13-atestado-de-subsidio-de-transporte/892-2022.pdf	1	\N	3	C
1811	893-2022	2023-11-04 22:20:36.998613+00	\N	1648	\N	4	\N	camaramz/certificates/4-atestado-de-casamento/893-2022.pdf	1	\N	3	C
1813	895-2022	2023-11-04 22:20:38.412201+00	\N	1647	\N	15	\N	camaramz/certificates/15-atestado-de-prova-de-vida/895-2022.pdf	1	\N	3	C
1815	897-2022	2023-11-04 22:20:39.800243+00	\N	1645	\N	13	\N	camaramz/certificates/13-atestado-de-subsidio-de-transporte/897-2022.pdf	1	\N	3	C
1816	898-2022	2023-11-04 22:20:40.439521+00	\N	1652	\N	4	\N	camaramz/certificates/4-atestado-de-casamento/898-2022.pdf	1	\N	3	C
1818	900-2022	2023-11-04 22:20:41.713783+00	\N	1651	\N	18	\N	camaramz/certificates/18-atestado-de-agregado-familiar/900-2022.pdf	1	\N	3	C
1821	903-2022	2023-11-04 22:20:43.618154+00	\N	1620	\N	30	\N	camaramz/certificates/30-atestado-de-convenientes/903-2022.pdf	1	\N	3	C
1822	904-2022	2023-11-04 22:20:44.255743+00	\N	1656	\N	19	\N	camaramz/certificates/19-atestado-de-viagem/904-2022.pdf	1	\N	3	C
1823	905-2022	2023-11-04 22:20:44.896447+00	\N	708	\N	18	\N	camaramz/certificates/18-atestado-de-agregado-familiar/905-2022.pdf	1	\N	3	C
1826	908-2022	2023-11-04 22:20:46.863844+00	\N	1659	\N	30	\N	camaramz/certificates/30-atestado-de-convenientes/908-2022.pdf	1	\N	3	C
1827	909-2022	2023-11-04 22:20:47.49935+00	\N	1660	\N	16	\N	camaramz/certificates/16-atestado-de-residencia/909-2022.pdf	1	\N	3	C
1829	911-2022	2023-11-04 22:20:48.746498+00	\N	102	\N	16	\N	camaramz/certificates/16-atestado-de-residencia/911-2022.pdf	1	\N	3	C
1831	913-2022	2023-11-04 22:20:50.014428+00	\N	1663	\N	16	\N	camaramz/certificates/16-atestado-de-residencia/913-2022.pdf	1	\N	3	C
1832	914-2022	2023-11-04 22:20:50.655544+00	\N	1655	\N	8	\N	camaramz/certificates/8-atestado-de-fixacao-de-residencia/914-2022.pdf	1	\N	3	C
1834	916-2022	2023-11-04 22:20:51.973158+00	\N	1664	\N	19	\N	camaramz/certificates/19-atestado-de-viagem/916-2022.pdf	1	\N	3	C
1837	918-2022	2023-11-04 22:20:54.008292+00	\N	1668	\N	16	\N	camaramz/certificates/16-atestado-de-residencia/918-2022.pdf	1	\N	3	C
1838	919-2022	2023-11-04 22:20:54.639468+00	\N	1669	\N	1	\N	camaramz/certificates/1-atestado-de-emprego/919-2022.pdf	1	\N	3	C
1840	921-2022	2023-11-04 22:20:55.918244+00	\N	1671	\N	13	\N	camaramz/certificates/13-atestado-de-subsidio-de-transporte/921-2022.pdf	1	\N	3	C
1842	922-2022	2023-11-04 22:20:57.190797+00	\N	1673	\N	13	\N	camaramz/certificates/13-atestado-de-subsidio-de-transporte/922-2022.pdf	1	\N	3	C
1844	924-2022	2023-11-04 22:20:58.478267+00	\N	1675	\N	13	\N	camaramz/certificates/13-atestado-de-subsidio-de-transporte/924-2022.pdf	1	\N	3	C
1845	925-2022	2023-11-04 22:20:59.103593+00	\N	1676	\N	30	\N	camaramz/certificates/30-atestado-de-convenientes/925-2022.pdf	1	\N	3	C
1847	927-2022	2023-11-04 22:21:00.414059+00	\N	1678	\N	30	\N	camaramz/certificates/30-atestado-de-convenientes/927-2022.pdf	1	\N	3	C
1848	928-2022	2023-11-04 22:21:01.082476+00	\N	1190	\N	4	\N	camaramz/certificates/4-atestado-de-casamento/928-2022.pdf	1	\N	3	C
1851	17-2022	2023-11-04 22:21:03.002295+00	\N	1680	\N	23	\N	camaramz/certificates/23-autorizacao-de-autorizacao-de-construcao/17-2022.pdf	2	\N	1	P
1853	932-2022	2023-11-04 22:21:04.253276+00	\N	1682	\N	30	\N	camaramz/certificates/30-atestado-de-convenientes/932-2022.pdf	1	\N	3	C
1855	934-2022	2023-11-04 22:21:05.516606+00	\N	1684	\N	9	\N	camaramz/certificates/9-atestado-de-nacionalidade-santomense/934-2022.pdf	1	\N	3	C
1856	935-2022	2023-11-04 22:21:07.407713+00	\N	1685	\N	4	\N	camaramz/certificates/4-atestado-de-casamento/935-2022.pdf	1	data nascimento	3	C
1858	937-2022	2023-11-04 22:21:08.790639+00	\N	1688	\N	30	\N	camaramz/certificates/30-atestado-de-convenientes/937-2022.pdf	1	\N	3	C
1860	939-2022	2023-11-04 22:21:10.137364+00	\N	1689	\N	30	\N	camaramz/certificates/30-atestado-de-convenientes/939-2022.pdf	1	data, nome do pai	3	C
1861	940-2022	2023-11-04 22:21:10.768406+00	\N	1690	\N	30	\N	camaramz/certificates/30-atestado-de-convenientes/940-2022.pdf	1	\N	3	C
1874	942-2022	2023-11-04 22:21:12.030429+00	\N	1691	\N	30	\N	camaramz/certificates/30-atestado-de-convenientes/942-2022.pdf	1	estado civil	3	C
1875	943-2022	2023-11-04 22:21:12.670681+00	\N	1692	\N	30	\N	camaramz/certificates/30-atestado-de-convenientes/943-2022.pdf	1	\N	3	C
1877	945-2022	2023-11-04 22:21:13.961147+00	\N	1693	\N	4	\N	camaramz/certificates/4-atestado-de-casamento/945-2022.pdf	1	\N	3	C
1879	947-2022	2023-11-04 22:21:15.274512+00	\N	1697	\N	4	\N	camaramz/certificates/4-atestado-de-casamento/947-2022.pdf	1	\N	3	C
1880	948-2022	2023-11-04 22:21:15.924715+00	\N	1697	\N	4	\N	camaramz/certificates/4-atestado-de-casamento/948-2022.pdf	1	\N	3	C
1882	950-2022	2023-11-04 22:21:17.232821+00	\N	1699	\N	30	\N	camaramz/certificates/30-atestado-de-convenientes/950-2022.pdf	1	\N	3	C
1883	951-2022	2023-11-04 22:21:17.862283+00	\N	1700	\N	30	\N	camaramz/certificates/30-atestado-de-convenientes/951-2022.pdf	1	\N	3	C
1885	953-2022	2023-11-04 22:21:19.149656+00	\N	1702	\N	13	\N	camaramz/certificates/13-atestado-de-subsidio-de-transporte/953-2022.pdf	1	\N	3	C
1887	955-2022	2023-11-04 22:21:20.424649+00	\N	1704	\N	30	\N	camaramz/certificates/30-atestado-de-convenientes/955-2022.pdf	1	nascida, filha de	3	C
1888	26-2022	2023-11-04 22:21:21.083655+00	\N	1705	\N	32	\N	camaramz/certificates/32-licenca-de-licencas-para-baile/26-2022.pdf	10	\N	1	P
1890	957-2022	2023-11-04 22:21:22.471903+00	\N	1707	\N	13	\N	camaramz/certificates/13-atestado-de-subsidio-de-transporte/957-2022.pdf	1	\N	3	C
1892	18-2022	2023-11-04 22:21:23.745239+00	\N	1710	\N	23	\N	camaramz/certificates/23-autorizacao-de-autorizacao-de-construcao/18-2022.pdf	2	\N	1	P
1893	959-2022	2023-11-04 22:21:24.384073+00	\N	1711	\N	4	\N	camaramz/certificates/4-atestado-de-casamento/959-2022.pdf	1	\N	3	C
1895	961-2022	2023-11-04 22:21:25.672351+00	\N	1712	\N	4	\N	camaramz/certificates/4-atestado-de-casamento/961-2022.pdf	1	\N	3	C
1897	963-2022	2023-11-04 22:21:26.940123+00	\N	1714	\N	18	\N	camaramz/certificates/18-atestado-de-agregado-familiar/963-2022.pdf	1	\N	3	C
1899	964-2022	2023-11-04 22:21:28.218369+00	\N	633	\N	19	\N	camaramz/certificates/19-atestado-de-viagem/964-2022.pdf	1	\N	3	C
1901	966-2022	2023-11-04 22:21:29.54335+00	\N	1716	\N	13	\N	camaramz/certificates/13-atestado-de-subsidio-de-transporte/966-2022.pdf	1	\N	3	C
1902	967-2022	2023-11-04 22:21:30.204975+00	\N	1717	\N	30	\N	camaramz/certificates/30-atestado-de-convenientes/967-2022.pdf	1	\N	3	C
1905	970-2022	2023-11-04 22:21:32.124141+00	\N	1720	\N	4	\N	camaramz/certificates/4-atestado-de-casamento/970-2022.pdf	1	\N	3	C
1907	972-2022	2023-11-04 22:21:33.411005+00	\N	1721	\N	13	\N	camaramz/certificates/13-atestado-de-subsidio-de-transporte/972-2022.pdf	1	\N	3	C
1908	973-2022	2023-11-04 22:21:34.040178+00	\N	1722	\N	4	\N	camaramz/certificates/4-atestado-de-casamento/973-2022.pdf	1	\N	3	C
1910	975-2022	2023-11-04 22:21:35.444548+00	\N	1724	\N	16	\N	camaramz/certificates/16-atestado-de-residencia/975-2022.pdf	1	\N	3	C
1912	977-2022	2023-11-04 22:21:36.7135+00	\N	1726	\N	4	\N	camaramz/certificates/4-atestado-de-casamento/977-2022.pdf	1	\N	3	C
1913	978-2022	2023-11-04 22:21:37.365742+00	\N	1727	\N	16	\N	camaramz/certificates/16-atestado-de-residencia/978-2022.pdf	1	\N	3	C
1915	980-2022	2023-11-04 22:21:38.735884+00	\N	1728	\N	13	\N	camaramz/certificates/13-atestado-de-subsidio-de-transporte/980-2022.pdf	1	\N	3	C
1917	982-2022	2023-11-04 22:21:40.029154+00	\N	1730	\N	30	\N	camaramz/certificates/30-atestado-de-convenientes/982-2022.pdf	1	\N	3	C
1918	983-2022	2023-11-04 22:21:40.658763+00	\N	1731	\N	18	\N	camaramz/certificates/18-atestado-de-agregado-familiar/983-2022.pdf	1	\N	3	C
1920	985-2022	2023-11-04 22:21:41.928635+00	\N	1733	\N	30	\N	camaramz/certificates/30-atestado-de-convenientes/985-2022.pdf	1	\N	3	C
1922	987-2022	2023-11-04 22:21:43.212435+00	\N	1735	\N	30	\N	camaramz/certificates/30-atestado-de-convenientes/987-2022.pdf	1	\N	3	C
1924	27-2022	2023-11-04 22:21:44.491578+00	\N	995	\N	32	\N	camaramz/certificates/32-licenca-de-licencas-para-baile/27-2022.pdf	10	\N	2	R
1926	990-2022	2023-11-04 22:21:45.82942+00	\N	1738	\N	30	\N	camaramz/certificates/30-atestado-de-convenientes/990-2022.pdf	1	\N	3	C
1927	991-2022	2023-11-04 22:21:46.515978+00	\N	1739	\N	18	\N	camaramz/certificates/18-atestado-de-agregado-familiar/991-2022.pdf	1	\N	3	C
1929	28-2022	2023-11-04 22:21:47.808832+00	\N	1186	\N	32	\N	camaramz/certificates/32-licenca-de-licencas-para-baile/28-2022.pdf	10	\N	2	R
1934	1-2023	2023-11-04 22:21:49.112386+00	\N	1744	\N	2	\N	camaramz/certificates/2-atestado-de-bolsa-de-estudo/1-2023.pdf	1	\N	3	C
1935	2-2023	2023-11-04 22:21:49.768924+00	\N	1743	\N	19	\N	camaramz/certificates/19-atestado-de-viagem/2-2023.pdf	1	\N	3	C
1940	4-2023	2023-11-04 22:21:51.058027+00	\N	1746	\N	18	\N	camaramz/certificates/18-atestado-de-agregado-familiar/4-2023.pdf	1	sua companheira (SUA ESPOSA)	3	C
1947	7-2023	2023-11-04 22:21:52.439305+00	\N	440	\N	18	\N	camaramz/certificates/18-atestado-de-agregado-familiar/7-2023.pdf	1	\N	3	C
1948	8-2023	2023-11-04 22:21:53.123582+00	\N	1749	\N	4	\N	camaramz/certificates/4-atestado-de-casamento/8-2023.pdf	1	\N	3	C
1951	10-2023	2023-11-04 22:21:54.416134+00	\N	1752	\N	4	\N	camaramz/certificates/4-atestado-de-casamento/10-2023.pdf	1	\N	3	C
1954	12-2023	2023-11-04 22:21:55.696375+00	\N	1754	\N	30	\N	camaramz/certificates/30-atestado-de-convenientes/12-2023.pdf	1	\N	3	C
1955	13-2023	2023-11-04 22:21:56.330518+00	\N	1755	\N	4	\N	camaramz/certificates/4-atestado-de-casamento/13-2023.pdf	1	\N	3	C
1959	14-2023	2023-11-04 22:21:57.649978+00	\N	30	\N	4	\N	camaramz/certificates/4-atestado-de-casamento/14-2023.pdf	1	\N	1	P
1961	16-2023	2023-11-04 22:21:59.467377+00	\N	743	\N	15	\N	camaramz/certificates/15-atestado-de-prova-de-vida/16-2023.pdf	1	\N	3	C
1962	17-2023	2023-11-04 22:22:00.380051+00	\N	863	\N	15	\N	camaramz/certificates/15-atestado-de-prova-de-vida/17-2023.pdf	1	\N	3	C
1964	19-2023	2023-11-04 22:22:02.01365+00	\N	1771	\N	16	\N	camaramz/certificates/16-atestado-de-residencia/19-2023.pdf	1	\N	3	C
1966	21-2023	2023-11-04 22:22:03.996054+00	\N	1764	\N	18	\N	camaramz/certificates/18-atestado-de-agregado-familiar/21-2023.pdf	1	\N	3	C
1968	23-2023	2023-11-04 22:22:05.665414+00	\N	1760	\N	16	\N	camaramz/certificates/16-atestado-de-residencia/23-2023.pdf	1	\N	3	C
1969	24-2023	2023-11-04 22:22:06.387408+00	\N	1761	\N	19	\N	camaramz/certificates/19-atestado-de-viagem/24-2023.pdf	1	\N	3	C
1971	26-2023	2023-11-04 22:22:07.91384+00	\N	1747	\N	18	\N	camaramz/certificates/18-atestado-de-agregado-familiar/26-2023.pdf	1	\N	3	C
1973	28-2023	2023-11-04 22:22:09.958688+00	\N	1757	\N	4	\N	camaramz/certificates/4-atestado-de-casamento/28-2023.pdf	1	\N	3	C
1974	29-2023	2023-11-04 22:22:10.961756+00	\N	1765	\N	19	\N	camaramz/certificates/19-atestado-de-viagem/29-2023.pdf	1	\N	3	C
1980	31-2023	2023-11-04 22:22:13.027846+00	\N	1770	\N	4	\N	camaramz/certificates/4-atestado-de-casamento/31-2023.pdf	1	\N	3	C
1999	32-2023	2023-11-04 22:22:13.836801+00	\N	1772	\N	13	\N	camaramz/certificates/13-atestado-de-subsidio-de-transporte/32-2023.pdf	1	\N	3	C
2001	34-2023	2023-11-04 22:22:15.409457+00	\N	1773	\N	4	\N	camaramz/certificates/4-atestado-de-casamento/34-2023.pdf	1	\N	3	C
2025	37-2023	2023-11-04 22:22:18.741611+00	\N	1776	\N	4	\N	camaramz/certificates/4-atestado-de-casamento/37-2023.pdf	1	\N	3	C
2026	38-2023	2023-11-04 22:22:19.502353+00	\N	1777	\N	16	\N	camaramz/certificates/16-atestado-de-residencia/38-2023.pdf	1	\N	3	C
2028	40-2023	2023-11-04 22:22:21.089309+00	\N	1779	\N	18	\N	camaramz/certificates/18-atestado-de-agregado-familiar/40-2023.pdf	1	\N	3	C
2030	42-2023	2023-11-04 22:22:22.443714+00	\N	1781	\N	3	\N	camaramz/certificates/3-atestado-de-bolsa-interna/42-2023.pdf	1	\N	3	C
2032	44-2023	2023-11-04 22:22:24.163518+00	\N	1783	\N	3	\N	camaramz/certificates/3-atestado-de-bolsa-interna/44-2023.pdf	1	\N	3	C
2033	45-2023	2023-11-04 22:22:25.247376+00	\N	1784	\N	3	\N	camaramz/certificates/3-atestado-de-bolsa-interna/45-2023.pdf	1	\N	3	C
2035	47-2023	2023-11-04 22:22:27.278373+00	\N	1785	\N	16	\N	camaramz/certificates/16-atestado-de-residencia/47-2023.pdf	1	\N	3	C
1975	1-2023	2023-11-04 10:12:25.314003+00	\N	1766	\N	24	\N		3	\N	4	F
2047	52-2023	2023-11-04 22:22:30.665122+00	\N	1790	\N	4	\N	camaramz/certificates/4-atestado-de-casamento/52-2023.pdf	1	\N	3	C
2049	54-2023	2023-11-04 22:22:31.985148+00	\N	720	\N	16	\N	camaramz/certificates/16-atestado-de-residencia/54-2023.pdf	1	\N	3	C
2050	55-2023	2023-11-04 22:22:32.634894+00	\N	852	\N	15	\N	camaramz/certificates/15-atestado-de-prova-de-vida/55-2023.pdf	1	\N	3	C
2052	57-2023	2023-11-04 22:22:33.948426+00	\N	1792	\N	4	\N	camaramz/certificates/4-atestado-de-casamento/57-2023.pdf	1	\N	3	C
2054	59-2023	2023-11-04 22:22:35.234317+00	\N	1793	\N	4	\N	camaramz/certificates/4-atestado-de-casamento/59-2023.pdf	1	\N	3	C
2055	60-2023	2023-11-04 22:22:35.886567+00	\N	1795	\N	13	\N	camaramz/certificates/13-atestado-de-subsidio-de-transporte/60-2023.pdf	1	\N	3	C
2057	62-2023	2023-11-04 22:22:37.19504+00	\N	1797	\N	18	\N	camaramz/certificates/18-atestado-de-agregado-familiar/62-2023.pdf	1	\N	3	C
2059	64-2023	2023-11-04 22:22:38.482878+00	\N	1798	\N	4	\N	camaramz/certificates/4-atestado-de-casamento/64-2023.pdf	1	\N	3	C
2060	65-2023	2023-11-04 22:22:39.129264+00	\N	1799	\N	4	\N	camaramz/certificates/4-atestado-de-casamento/65-2023.pdf	1	\N	3	C
2062	67-2023	2023-11-04 22:22:40.442022+00	\N	1802	\N	2	\N	camaramz/certificates/2-atestado-de-bolsa-de-estudo/67-2023.pdf	1	\N	3	C
2064	69-2023	2023-11-04 22:22:41.758149+00	\N	1803	\N	8	\N	camaramz/certificates/8-atestado-de-fixacao-de-residencia/69-2023.pdf	1	\N	3	C
2066	71-2023	2023-11-04 22:22:43.074659+00	\N	1806	\N	18	\N	camaramz/certificates/18-atestado-de-agregado-familiar/71-2023.pdf	1	\N	3	C
2067	72-2023	2023-11-04 22:22:43.727301+00	\N	1807	\N	4	\N	camaramz/certificates/4-atestado-de-casamento/72-2023.pdf	1	\N	3	C
2069	74-2023	2023-11-04 22:22:45.197454+00	\N	1808	\N	19	\N	camaramz/certificates/19-atestado-de-viagem/74-2023.pdf	1	\N	3	C
2071	76-2023	2023-11-04 22:22:46.483833+00	\N	1813	\N	2	\N	camaramz/certificates/2-atestado-de-bolsa-de-estudo/76-2023.pdf	1	\N	3	C
2072	77-2023	2023-11-04 22:22:47.120841+00	\N	1465	\N	16	\N	camaramz/certificates/16-atestado-de-residencia/77-2023.pdf	1	\N	3	C
2074	79-2023	2023-11-04 22:22:48.405829+00	\N	1815	\N	16	\N	camaramz/certificates/16-atestado-de-residencia/79-2023.pdf	1	\N	3	C
2076	81-2023	2023-11-04 22:22:49.707832+00	\N	1816	\N	4	\N	camaramz/certificates/4-atestado-de-casamento/81-2023.pdf	1	\N	3	C
2077	82-2023	2023-11-04 22:22:50.350768+00	\N	1817	\N	4	\N	camaramz/certificates/4-atestado-de-casamento/82-2023.pdf	1	\N	3	C
2079	84-2023	2023-11-04 22:22:51.630721+00	\N	1818	\N	16	\N	camaramz/certificates/16-atestado-de-residencia/84-2023.pdf	1	\N	3	C
2081	85-2023	2023-11-04 22:22:52.917158+00	\N	1819	\N	18	\N	camaramz/certificates/18-atestado-de-agregado-familiar/85-2023.pdf	1	\N	3	C
2082	86-2023	2023-11-04 22:22:53.568841+00	\N	1820	\N	19	\N	camaramz/certificates/19-atestado-de-viagem/86-2023.pdf	1	\N	3	C
2084	88-2023	2023-11-04 22:22:54.859152+00	\N	1820	\N	4	\N	camaramz/certificates/4-atestado-de-casamento/88-2023.pdf	1	\N	3	C
2085	89-2023	2023-11-04 22:22:55.498514+00	\N	1823	\N	19	\N	camaramz/certificates/19-atestado-de-viagem/89-2023.pdf	1	\N	3	C
2088	91-2023	2023-11-04 22:22:57.415764+00	\N	1825	\N	11	\N	camaramz/certificates/11-atestado-de-assistencia-judicial/91-2023.pdf	1	\N	3	C
2090	93-2023	2023-11-04 22:22:58.704045+00	\N	1001	\N	10	\N	camaramz/certificates/10-atestado-de-percepcao-da-pensao-de-aposentacao/93-2023.pdf	1	\N	3	C
2093	96-2023	2023-11-04 22:23:00.621964+00	\N	714	\N	13	\N	camaramz/certificates/13-atestado-de-subsidio-de-transporte/96-2023.pdf	1	\N	3	C
2095	98-2023	2023-11-04 22:23:01.902679+00	\N	1829	\N	18	\N	camaramz/certificates/18-atestado-de-agregado-familiar/98-2023.pdf	1	\N	3	C
2096	99-2023	2023-11-04 22:23:02.567217+00	\N	1831	\N	16	\N	camaramz/certificates/16-atestado-de-residencia/99-2023.pdf	1	\N	3	C
2098	101-2023	2023-11-04 22:23:03.887666+00	\N	1833	\N	4	\N	camaramz/certificates/4-atestado-de-casamento/101-2023.pdf	1	\N	3	C
2100	103-2023	2023-11-04 22:23:05.183468+00	\N	1326	\N	18	\N	camaramz/certificates/18-atestado-de-agregado-familiar/103-2023.pdf	1	\N	3	C
2101	104-2023	2023-11-04 22:23:05.890174+00	\N	1834	\N	16	\N	camaramz/certificates/16-atestado-de-residencia/104-2023.pdf	1	\N	3	C
2103	106-2023	2023-11-04 22:23:07.181941+00	\N	725	\N	13	\N	camaramz/certificates/13-atestado-de-subsidio-de-transporte/106-2023.pdf	1	\N	3	C
2105	108-2023	2023-11-04 22:23:08.505487+00	\N	1837	\N	19	\N	camaramz/certificates/19-atestado-de-viagem/108-2023.pdf	1	\N	3	C
2106	109-2023	2023-11-04 22:23:09.187285+00	\N	1838	\N	16	\N	camaramz/certificates/16-atestado-de-residencia/109-2023.pdf	1	\N	3	C
2108	111-2023	2023-11-04 22:23:10.544859+00	\N	1840	\N	19	\N	camaramz/certificates/19-atestado-de-viagem/111-2023.pdf	1	\N	3	C
2111	114-2023	2023-11-04 22:23:12.509179+00	\N	1843	\N	4	\N	camaramz/certificates/4-atestado-de-casamento/114-2023.pdf	1	\N	3	C
2112	1-2023	2023-11-04 22:23:13.158419+00	\N	768	\N	27	\N	camaramz/certificates/27-licenca-de-licencas-para-barraca/1-2023.pdf	6	\N	1	P
2114	116-2023	2023-11-04 22:23:14.479533+00	\N	1845	\N	8	\N	camaramz/certificates/8-atestado-de-fixacao-de-residencia/116-2023.pdf	1	\N	3	C
2116	118-2023	2023-11-04 22:23:15.756423+00	\N	1847	\N	10	\N	camaramz/certificates/10-atestado-de-percepcao-da-pensao-de-aposentacao/118-2023.pdf	1	*Barbara	3	C
2117	119-2023	2023-11-04 22:23:16.4039+00	\N	1848	\N	4	\N	camaramz/certificates/4-atestado-de-casamento/119-2023.pdf	1	\N	3	C
2119	121-2023	2023-11-04 22:23:17.68998+00	\N	759	\N	10	\N	camaramz/certificates/10-atestado-de-percepcao-da-pensao-de-aposentacao/121-2023.pdf	1	\N	3	C
2121	123-2023	2023-11-04 22:23:18.968928+00	\N	1851	\N	19	\N	camaramz/certificates/19-atestado-de-viagem/123-2023.pdf	1	\N	3	C
2123	125-2023	2023-11-04 22:23:20.271046+00	\N	1852	\N	13	\N	camaramz/certificates/13-atestado-de-subsidio-de-transporte/125-2023.pdf	1	\N	3	C
2124	126-2023	2023-11-04 22:23:20.920624+00	\N	1853	\N	13	\N	camaramz/certificates/13-atestado-de-subsidio-de-transporte/126-2023.pdf	1	\N	3	C
2126	128-2023	2023-11-04 22:23:22.218985+00	\N	1856	\N	16	\N	camaramz/certificates/16-atestado-de-residencia/128-2023.pdf	1	\N	3	C
2129	130-2023	2023-11-04 22:23:23.508867+00	\N	1857	\N	4	\N	camaramz/certificates/4-atestado-de-casamento/130-2023.pdf	1	\N	3	C
2130	131-2023	2023-11-04 22:23:24.144005+00	\N	561	\N	16	\N	camaramz/certificates/16-atestado-de-residencia/131-2023.pdf	1	\N	3	C
2133	134-2023	2023-11-04 22:23:27.315328+00	\N	1854	\N	13	\N	camaramz/certificates/13-atestado-de-subsidio-de-transporte/134-2023.pdf	1	\N	3	C
2135	3-2023	2023-11-04 22:23:28.612293+00	\N	1861	\N	27	\N	camaramz/certificates/27-licenca-de-licencas-para-barraca/3-2023.pdf	6	\N	3	C
2137	136-2023	2023-11-04 22:23:29.914503+00	\N	1860	\N	19	\N	camaramz/certificates/19-atestado-de-viagem/136-2023.pdf	1	\N	3	C
2139	138-2023	2023-11-04 22:23:31.20433+00	\N	1863	\N	16	\N	camaramz/certificates/16-atestado-de-residencia/138-2023.pdf	1	\N	3	C
2141	140-2023	2023-11-04 22:23:32.484128+00	\N	1148	\N	18	\N	camaramz/certificates/18-atestado-de-agregado-familiar/140-2023.pdf	1	\N	3	C
2143	142-2023	2023-11-04 22:23:33.846689+00	\N	1866	\N	4	\N	camaramz/certificates/4-atestado-de-casamento/142-2023.pdf	1	\N	3	C
2144	143-2023	2023-11-04 22:23:34.58418+00	\N	1865	\N	4	\N	camaramz/certificates/4-atestado-de-casamento/143-2023.pdf	1	\N	3	C
2146	145-2023	2023-11-04 22:23:36.098807+00	\N	1867	\N	11	\N	camaramz/certificates/11-atestado-de-assistencia-judicial/145-2023.pdf	1	\N	3	C
2148	147-2023	2023-11-04 22:23:37.532225+00	\N	1871	\N	4	\N	camaramz/certificates/4-atestado-de-casamento/147-2023.pdf	1	\N	3	C
2149	148-2023	2023-11-04 22:23:38.264273+00	\N	1874	\N	10	\N	camaramz/certificates/10-atestado-de-percepcao-da-pensao-de-aposentacao/148-2023.pdf	1	\N	3	C
2151	150-2023	2023-11-04 22:23:39.564624+00	\N	1869	\N	4	\N	camaramz/certificates/4-atestado-de-casamento/150-2023.pdf	1	\N	3	C
2153	152-2023	2023-11-04 22:23:40.926073+00	\N	1878	\N	18	\N	camaramz/certificates/18-atestado-de-agregado-familiar/152-2023.pdf	1	\N	3	C
2154	153-2023	2023-11-04 22:23:41.596709+00	\N	1875	\N	8	\N	camaramz/certificates/8-atestado-de-fixacao-de-residencia/153-2023.pdf	1	\N	3	C
2156	155-2023	2023-11-04 22:23:42.93444+00	\N	1877	\N	2	\N	camaramz/certificates/2-atestado-de-bolsa-de-estudo/155-2023.pdf	1	\N	3	C
2158	2-2023	2023-11-04 22:23:44.221648+00	\N	1880	\N	24	\N	camaramz/certificates/24-certificado-de-certificado-de-compra-de-coval/2-2023.pdf	3	\N	1	P
2160	158-2023	2023-11-04 22:23:45.510627+00	\N	1882	\N	16	\N	camaramz/certificates/16-atestado-de-residencia/158-2023.pdf	1	\N	3	C
2161	4-2023	2023-11-04 22:23:46.151011+00	\N	768	\N	27	\N	camaramz/certificates/27-licenca-de-licencas-para-barraca/4-2023.pdf	6	\N	1	P
2164	162-2023	2023-11-04 22:23:48.17318+00	\N	565	\N	4	\N	camaramz/certificates/4-atestado-de-casamento/162-2023.pdf	1	\N	3	C
2167	164-2023	2023-11-04 22:23:49.472996+00	\N	1886	\N	2	\N	camaramz/certificates/2-atestado-de-bolsa-de-estudo/164-2023.pdf	1	\N	3	C
2168	165-2023	2023-11-04 22:23:50.126943+00	\N	1887	\N	18	\N	camaramz/certificates/18-atestado-de-agregado-familiar/165-2023.pdf	1	\N	3	C
2170	167-2023	2023-11-04 22:23:51.45779+00	\N	565	\N	4	\N	camaramz/certificates/4-atestado-de-casamento/167-2023.pdf	1	\N	3	C
2172	6-2023	2023-11-04 22:23:52.748972+00	\N	1889	\N	27	\N	camaramz/certificates/27-licenca-de-licencas-para-barraca/6-2023.pdf	6	\N	1	P
2173	7-2023	2023-11-04 22:23:53.461364+00	\N	1890	\N	27	\N	camaramz/certificates/27-licenca-de-licencas-para-barraca/7-2023.pdf	6	\N	1	P
2175	169-2023	2023-11-04 22:23:54.822356+00	\N	1892	\N	4	\N	camaramz/certificates/4-atestado-de-casamento/169-2023.pdf	1	\N	3	C
2177	171-2023	2023-11-04 22:23:56.119438+00	\N	1893	\N	4	\N	camaramz/certificates/4-atestado-de-casamento/171-2023.pdf	1	\N	3	C
2178	172-2023	2023-11-04 22:23:56.743497+00	\N	1898	\N	16	\N	camaramz/certificates/16-atestado-de-residencia/172-2023.pdf	1	\N	3	C
2180	174-2023	2023-11-04 22:23:58.022797+00	\N	1895	\N	16	\N	camaramz/certificates/16-atestado-de-residencia/174-2023.pdf	1	\N	3	C
2182	176-2023	2023-11-04 22:23:59.300858+00	\N	1896	\N	16	\N	camaramz/certificates/16-atestado-de-residencia/176-2023.pdf	1	\N	3	C
2184	178-2023	2023-11-04 22:24:00.611523+00	\N	1148	\N	18	\N	camaramz/certificates/18-atestado-de-agregado-familiar/178-2023.pdf	1	\N	3	C
2186	180-2023	2023-11-04 22:24:01.903805+00	\N	1900	\N	4	\N	camaramz/certificates/4-atestado-de-casamento/180-2023.pdf	1	\N	3	C
2187	181-2023	2023-11-04 22:24:02.549754+00	\N	1901	\N	4	\N	camaramz/certificates/4-atestado-de-casamento/181-2023.pdf	1	\N	3	C
2189	183-2023	2023-11-04 22:24:03.893558+00	\N	1902	\N	16	\N	camaramz/certificates/16-atestado-de-residencia/183-2023.pdf	1	\N	3	C
2192	186-2023	2023-11-04 22:24:05.937885+00	\N	1905	\N	13	\N	camaramz/certificates/13-atestado-de-subsidio-de-transporte/186-2023.pdf	1	\N	3	C
2194	188-2023	2023-11-04 22:24:07.247855+00	\N	1148	\N	18	\N	camaramz/certificates/18-atestado-de-agregado-familiar/188-2023.pdf	1	\N	3	C
2195	189-2023	2023-11-04 22:24:07.905371+00	\N	1907	\N	2	\N	camaramz/certificates/2-atestado-de-bolsa-de-estudo/189-2023.pdf	1	\N	3	C
2197	191-2023	2023-11-04 22:24:09.22757+00	\N	1909	\N	4	\N	camaramz/certificates/4-atestado-de-casamento/191-2023.pdf	1	\N	3	C
2199	193-2023	2023-11-04 22:24:10.543786+00	\N	20	\N	15	\N	camaramz/certificates/15-atestado-de-prova-de-vida/193-2023.pdf	1	\N	3	C
2200	194-2023	2023-11-04 22:24:11.208442+00	\N	1911	\N	18	\N	camaramz/certificates/18-atestado-de-agregado-familiar/194-2023.pdf	1	\N	3	C
2201	195-2023	2023-11-04 22:24:11.857055+00	\N	1912	\N	2	\N	camaramz/certificates/2-atestado-de-bolsa-de-estudo/195-2023.pdf	1	\N	3	C
2203	9-2023	2023-11-04 22:24:13.171458+00	\N	59	\N	27	\N	camaramz/certificates/27-licenca-de-licencas-para-barraca/9-2023.pdf	6	\N	1	P
2205	1-2023	2023-11-04 22:24:14.489628+00	\N	1914	\N	23	\N	camaramz/certificates/23-autorizacao-de-autorizacao-de-construcao/1-2023.pdf	2	\N	1	P
2207	197-2023	2023-11-04 22:24:15.819939+00	\N	1916	\N	10	\N	camaramz/certificates/10-atestado-de-percepcao-da-pensao-de-aposentacao/197-2023.pdf	1	\N	3	C
2209	199-2023	2023-11-04 22:24:17.158688+00	\N	986	\N	18	\N	camaramz/certificates/18-atestado-de-agregado-familiar/199-2023.pdf	1	\N	3	C
2210	200-2023	2023-11-04 22:24:17.816618+00	\N	122	\N	16	\N	camaramz/certificates/16-atestado-de-residencia/200-2023.pdf	1	\N	3	C
2212	11-2023	2023-11-04 22:24:19.167293+00	\N	1919	\N	27	\N	camaramz/certificates/27-licenca-de-licencas-para-barraca/11-2023.pdf	6	\N	1	P
2214	13-2023	2023-11-04 22:24:20.66609+00	\N	1921	\N	27	\N	camaramz/certificates/27-licenca-de-licencas-para-barraca/13-2023.pdf	6	\N	1	P
2216	203-2023	2023-11-04 22:24:21.990017+00	\N	1728	\N	13	\N	camaramz/certificates/13-atestado-de-subsidio-de-transporte/203-2023.pdf	1	\N	3	C
2219	206-2023	2023-11-04 22:24:23.990942+00	\N	1928	\N	2	\N	camaramz/certificates/2-atestado-de-bolsa-de-estudo/206-2023.pdf	1	\N	3	C
2221	208-2023	2023-11-04 22:24:25.311162+00	\N	1634	\N	2	\N	camaramz/certificates/2-atestado-de-bolsa-de-estudo/208-2023.pdf	1	\N	3	C
2222	209-2023	2023-11-04 22:24:26.00582+00	\N	1929	\N	18	\N	camaramz/certificates/18-atestado-de-agregado-familiar/209-2023.pdf	1	\N	3	C
2224	211-2023	2023-11-04 22:24:27.322161+00	\N	1158	\N	10	\N	camaramz/certificates/10-atestado-de-percepcao-da-pensao-de-aposentacao/211-2023.pdf	1	\N	3	C
2226	14-2023	2023-11-04 22:24:28.660719+00	\N	1933	\N	27	\N	camaramz/certificates/27-licenca-de-licencas-para-barraca/14-2023.pdf	6	\N	1	P
2228	16-2023	2023-11-04 22:24:29.946418+00	\N	1934	\N	27	\N	camaramz/certificates/27-licenca-de-licencas-para-barraca/16-2023.pdf	6	\N	1	P
2230	214-2023	2023-11-04 22:24:31.230696+00	\N	719	\N	13	\N	camaramz/certificates/13-atestado-de-subsidio-de-transporte/214-2023.pdf	1	\N	3	C
2231	215-2023	2023-11-04 22:24:31.850703+00	\N	1935	\N	16	\N	camaramz/certificates/16-atestado-de-residencia/215-2023.pdf	1	\N	3	C
2233	217-2023	2023-11-04 22:24:33.154516+00	\N	1937	\N	13	\N	camaramz/certificates/13-atestado-de-subsidio-de-transporte/217-2023.pdf	1	\N	3	C
2235	219-2023	2023-11-04 22:24:35.731468+00	\N	891	\N	16	\N	camaramz/certificates/16-atestado-de-residencia/219-2023.pdf	1	\N	3	C
2236	220-2023	2023-11-04 22:24:36.377983+00	\N	1800	\N	18	\N	camaramz/certificates/18-atestado-de-agregado-familiar/220-2023.pdf	1	\N	3	C
2238	222-2023	2023-11-04 22:24:37.67937+00	\N	1940	\N	30	\N	camaramz/certificates/30-atestado-de-convenientes/222-2023.pdf	1	\N	3	C
2240	224-2023	2023-11-04 22:24:38.968159+00	\N	1942	\N	2	\N	camaramz/certificates/2-atestado-de-bolsa-de-estudo/224-2023.pdf	1	\N	3	C
2241	17-2023	2023-11-04 22:24:39.629629+00	\N	1943	\N	27	\N	camaramz/certificates/27-licenca-de-licencas-para-barraca/17-2023.pdf	6	\N	1	P
2243	19-2023	2023-11-04 22:24:40.936013+00	\N	1945	\N	27	\N	camaramz/certificates/27-licenca-de-licencas-para-barraca/19-2023.pdf	6	\N	1	P
2247	226-2023	2023-11-04 22:24:43.111098+00	\N	1009	\N	10	\N	camaramz/certificates/10-atestado-de-percepcao-da-pensao-de-aposentacao/226-2023.pdf	1	\N	3	C
2249	228-2023	2023-11-04 22:24:44.627946+00	\N	1948	\N	16	\N	camaramz/certificates/16-atestado-de-residencia/228-2023.pdf	1	\N	3	C
2251	230-2023	2023-11-04 22:24:46.005904+00	\N	1950	\N	16	\N	camaramz/certificates/16-atestado-de-residencia/230-2023.pdf	1	\N	3	C
2252	231-2023	2023-11-04 22:24:46.640565+00	\N	1951	\N	4	\N	camaramz/certificates/4-atestado-de-casamento/231-2023.pdf	1	\N	3	C
2254	233-2023	2023-11-04 22:24:47.97514+00	\N	1953	\N	4	\N	camaramz/certificates/4-atestado-de-casamento/233-2023.pdf	1	\N	3	C
2255	234-2023	2023-11-04 22:24:48.624903+00	\N	1955	\N	4	\N	camaramz/certificates/4-atestado-de-casamento/234-2023.pdf	1	\N	3	C
2257	236-2023	2023-11-04 22:24:49.93957+00	\N	1956	\N	4	\N	camaramz/certificates/4-atestado-de-casamento/236-2023.pdf	1	8 de setembro ao invs de 9	3	C
2259	238-2023	2023-11-04 22:24:51.212866+00	\N	1960	\N	16	\N	camaramz/certificates/16-atestado-de-residencia/238-2023.pdf	1	\N	3	C
2260	239-2023	2023-11-04 22:24:51.873481+00	\N	1961	\N	4	\N	camaramz/certificates/4-atestado-de-casamento/239-2023.pdf	1	\N	3	C
2262	241-2023	2023-11-04 22:24:53.204163+00	\N	1963	\N	4	\N	camaramz/certificates/4-atestado-de-casamento/241-2023.pdf	1	\N	3	C
2263	242-2023	2023-11-04 22:24:53.954209+00	\N	1964	\N	4	\N	camaramz/certificates/4-atestado-de-casamento/242-2023.pdf	1	\N	3	C
2265	244-2023	2023-11-04 22:24:55.258806+00	\N	1970	\N	4	\N	camaramz/certificates/4-atestado-de-casamento/244-2023.pdf	1	\N	3	C
2267	246-2023	2023-11-04 22:24:56.58174+00	\N	1967	\N	4	\N	camaramz/certificates/4-atestado-de-casamento/246-2023.pdf	1	\N	3	C
2269	21-2023	2023-11-04 22:24:57.932666+00	\N	763	\N	27	\N	camaramz/certificates/27-licenca-de-licencas-para-barraca/21-2023.pdf	6	\N	1	P
2272	249-2023	2023-11-04 22:24:59.91075+00	\N	1969	\N	4	\N	camaramz/certificates/4-atestado-de-casamento/249-2023.pdf	1	\N	3	C
2275	251-2023	2023-11-04 22:25:01.218998+00	\N	1972	\N	16	\N	camaramz/certificates/16-atestado-de-residencia/251-2023.pdf	1	\N	3	C
2276	252-2023	2023-11-04 22:25:01.856491+00	\N	1973	\N	16	\N	camaramz/certificates/16-atestado-de-residencia/252-2023.pdf	1	\N	3	C
2278	254-2023	2023-11-04 22:25:03.244673+00	\N	1974	\N	18	\N	camaramz/certificates/18-atestado-de-agregado-familiar/254-2023.pdf	1	\N	3	C
2352	317-2023	2023-11-04 22:25:51.257308+00	\N	1712	\N	4	\N	camaramz/certificates/4-atestado-de-casamento/317-2023.pdf	1	\N	3	C
2378	332-2023	2023-11-04 22:26:02.3747+00	\N	2048	\N	16	\N	camaramz/certificates/16-atestado-de-residencia/332-2023.pdf	1	\N	3	C
2379	333-2023	2023-11-04 22:26:03.062394+00	\N	2049	\N	4	\N	camaramz/certificates/4-atestado-de-casamento/333-2023.pdf	1	\N	3	C
2380	4-2023	2023-11-04 22:26:03.697267+00	\N	2050	\N	23	\N	camaramz/certificates/23-autorizacao-de-autorizacao-de-construcao/4-2023.pdf	2	\N	1	P
2381	27-2023	2023-11-04 22:26:04.327976+00	\N	1094	\N	27	\N	camaramz/certificates/27-licenca-de-licencas-para-barraca/27-2023.pdf	6	\N	1	P
2382	28-2023	2023-11-04 22:26:04.998845+00	\N	2051	\N	27	\N	camaramz/certificates/27-licenca-de-licencas-para-barraca/28-2023.pdf	6	\N	1	P
2383	5-2023	2023-11-04 22:26:05.614322+00	\N	991	\N	23	\N	camaramz/certificates/23-autorizacao-de-autorizacao-de-construcao/5-2023.pdf	2	\N	1	P
2385	335-2023	2023-11-04 22:26:06.877156+00	\N	2054	\N	4	\N	camaramz/certificates/4-atestado-de-casamento/335-2023.pdf	1	\N	3	C
2386	336-2023	2023-11-04 22:26:07.505636+00	\N	1417	\N	2	\N	camaramz/certificates/2-atestado-de-bolsa-de-estudo/336-2023.pdf	1	\N	3	C
2387	337-2023	2023-11-04 22:26:08.137038+00	\N	2055	\N	2	\N	camaramz/certificates/2-atestado-de-bolsa-de-estudo/337-2023.pdf	1	\N	3	C
2388	29-2023	2023-11-04 22:26:08.759597+00	\N	1094	\N	27	\N	camaramz/certificates/27-licenca-de-licencas-para-barraca/29-2023.pdf	6	\N	1	P
2389	338-2023	2023-11-04 22:26:09.425906+00	\N	2059	\N	4	\N	camaramz/certificates/4-atestado-de-casamento/338-2023.pdf	1	\N	3	C
2390	339-2023	2023-11-04 22:26:10.124247+00	\N	2056	\N	4	\N	camaramz/certificates/4-atestado-de-casamento/339-2023.pdf	1	\N	3	C
2391	340-2023	2023-11-04 22:26:10.751656+00	\N	2057	\N	4	\N	camaramz/certificates/4-atestado-de-casamento/340-2023.pdf	1	\N	3	C
2392	341-2023	2023-11-04 22:26:11.377376+00	\N	2058	\N	15	\N	camaramz/certificates/15-atestado-de-prova-de-vida/341-2023.pdf	1	\N	3	C
2393	342-2023	2023-11-04 22:26:12.008081+00	\N	834	\N	10	\N	camaramz/certificates/10-atestado-de-percepcao-da-pensao-de-aposentacao/342-2023.pdf	1	\N	3	C
2394	343-2023	2023-11-04 22:26:12.634429+00	\N	1508	\N	2	\N	camaramz/certificates/2-atestado-de-bolsa-de-estudo/343-2023.pdf	1	\N	3	C
2395	344-2023	2023-11-04 22:26:13.264406+00	\N	2060	\N	10	\N	camaramz/certificates/10-atestado-de-percepcao-da-pensao-de-aposentacao/344-2023.pdf	1	\N	3	C
2362	318-2023	2023-11-04 22:25:52.004667+00	\N	2034	\N	4	\N	camaramz/certificates/4-atestado-de-casamento/318-2023.pdf	1	\N	3	C
2363	319-2023	2023-11-04 22:25:52.758864+00	\N	2035	\N	4	\N	camaramz/certificates/4-atestado-de-casamento/319-2023.pdf	1	\N	3	C
2364	320-2023	2023-11-04 22:25:53.431205+00	\N	2037	\N	4	\N	camaramz/certificates/4-atestado-de-casamento/320-2023.pdf	1	\N	3	C
2365	321-2023	2023-11-04 22:25:54.066476+00	\N	2036	\N	4	\N	camaramz/certificates/4-atestado-de-casamento/321-2023.pdf	1	\N	3	C
2366	322-2023	2023-11-04 22:25:54.692408+00	\N	2038	\N	16	\N	camaramz/certificates/16-atestado-de-residencia/322-2023.pdf	1	\N	3	C
2367	1-2023	2023-11-04 22:25:55.327215+00	\N	2039	\N	25	\N	camaramz/certificates/25-aurorizacao-de-autorizacao-para-modificar-o-coval/1-2023.pdf	4	\N	1	P
2368	26-2023	2023-11-04 22:25:55.955738+00	\N	2040	\N	27	\N	camaramz/certificates/27-licenca-de-licencas-para-barraca/26-2023.pdf	6	\N	1	P
2369	323-2023	2023-11-04 22:25:56.586375+00	\N	1713	\N	4	\N	camaramz/certificates/4-atestado-de-casamento/323-2023.pdf	1	\N	3	C
2370	324-2023	2023-11-04 22:25:57.260903+00	\N	2041	\N	4	\N	camaramz/certificates/4-atestado-de-casamento/324-2023.pdf	1	\N	3	C
2371	325-2023	2023-11-04 22:25:57.872147+00	\N	2042	\N	4	\N	camaramz/certificates/4-atestado-de-casamento/325-2023.pdf	1	\N	3	C
2372	326-2023	2023-11-04 22:25:58.490688+00	\N	1831	\N	16	\N	camaramz/certificates/16-atestado-de-residencia/326-2023.pdf	1	\N	3	C
2373	327-2023	2023-11-04 22:25:59.117632+00	\N	2046	\N	19	\N	camaramz/certificates/19-atestado-de-viagem/327-2023.pdf	1	\N	3	C
2374	328-2023	2023-11-04 22:25:59.753172+00	\N	2043	\N	19	\N	camaramz/certificates/19-atestado-de-viagem/328-2023.pdf	1	\N	3	C
2375	329-2023	2023-11-04 22:26:00.395702+00	\N	2044	\N	2	\N	camaramz/certificates/2-atestado-de-bolsa-de-estudo/329-2023.pdf	1	\N	3	C
2377	331-2023	2023-11-04 22:26:01.741598+00	\N	2047	\N	10	\N	camaramz/certificates/10-atestado-de-percepcao-da-pensao-de-aposentacao/331-2023.pdf	1	\N	3	C
2398	347-2023	2023-11-04 22:26:15.245583+00	\N	2062	\N	30	\N	camaramz/certificates/30-atestado-de-convenientes/347-2023.pdf	1	\N	3	C
2400	348-2023	2023-11-04 22:26:16.525594+00	\N	2063	\N	2	\N	camaramz/certificates/2-atestado-de-bolsa-de-estudo/348-2023.pdf	1	\N	3	C
2402	349-2023	2023-11-04 22:26:17.92019+00	\N	2064	\N	4	\N	camaramz/certificates/4-atestado-de-casamento/349-2023.pdf	1	\N	3	C
2403	350-2023	2023-11-04 22:26:18.537916+00	\N	1829	\N	16	\N	camaramz/certificates/16-atestado-de-residencia/350-2023.pdf	1	\N	3	C
2405	352-2023	2023-11-04 22:26:19.798325+00	\N	475	\N	2	\N	camaramz/certificates/2-atestado-de-bolsa-de-estudo/352-2023.pdf	1	\N	3	C
2407	354-2023	2023-11-04 22:26:21.186369+00	\N	1389	\N	2	\N	camaramz/certificates/2-atestado-de-bolsa-de-estudo/354-2023.pdf	1	\N	3	C
2408	355-2023	2023-11-04 22:26:21.850853+00	\N	269	\N	2	\N	camaramz/certificates/2-atestado-de-bolsa-de-estudo/355-2023.pdf	1	\N	3	C
2411	358-2023	2023-11-04 22:26:23.886229+00	\N	2080	\N	2	\N	camaramz/certificates/2-atestado-de-bolsa-de-estudo/358-2023.pdf	1	\N	3	C
2412	359-2023	2023-11-04 22:26:24.504504+00	\N	2066	\N	19	\N	camaramz/certificates/19-atestado-de-viagem/359-2023.pdf	1	\N	3	C
2414	6-2023	2023-11-04 22:26:25.758567+00	\N	2071	\N	23	\N	camaramz/certificates/23-autorizacao-de-autorizacao-de-construcao/6-2023.pdf	2	\N	1	P
2416	362-2023	2023-11-04 22:26:27.011564+00	\N	2072	\N	16	\N	camaramz/certificates/16-atestado-de-residencia/362-2023.pdf	1	\N	3	C
2417	363-2023	2023-11-04 22:26:27.657894+00	\N	2073	\N	16	\N	camaramz/certificates/16-atestado-de-residencia/363-2023.pdf	1	\N	3	C
2419	5-2023	2023-11-04 22:26:28.905945+00	\N	2074	\N	24	\N	camaramz/certificates/24-certificado-de-certificado-de-compra-de-coval/5-2023.pdf	3	\N	1	P
2423	367-2023	2023-11-04 22:26:31.53869+00	\N	2084	\N	18	\N	camaramz/certificates/18-atestado-de-agregado-familiar/367-2023.pdf	1	\N	3	C
2425	369-2023	2023-11-04 22:26:32.837648+00	\N	901	\N	16	\N	camaramz/certificates/16-atestado-de-residencia/369-2023.pdf	1	\N	3	C
2426	370-2023	2023-11-04 22:26:33.483541+00	\N	2086	\N	4	\N	camaramz/certificates/4-atestado-de-casamento/370-2023.pdf	1	\N	3	C
2450	372-2023	2023-11-04 22:26:34.757403+00	\N	2089	\N	19	\N	camaramz/certificates/19-atestado-de-viagem/372-2023.pdf	1	\N	3	C
2451	373-2023	2023-11-04 22:26:35.408248+00	\N	2090	\N	19	\N	camaramz/certificates/19-atestado-de-viagem/373-2023.pdf	1	\N	3	C
2453	375-2023	2023-11-04 22:26:36.729722+00	\N	2092	\N	4	\N	camaramz/certificates/4-atestado-de-casamento/375-2023.pdf	1	\N	3	C
2455	377-2023	2023-11-04 22:26:37.973532+00	\N	2069	\N	19	\N	camaramz/certificates/19-atestado-de-viagem/377-2023.pdf	1	\N	3	C
2456	378-2023	2023-11-04 22:26:38.615857+00	\N	2065	\N	16	\N	camaramz/certificates/16-atestado-de-residencia/378-2023.pdf	1	\N	3	C
2458	380-2023	2023-11-04 22:26:39.860586+00	\N	2068	\N	4	\N	camaramz/certificates/4-atestado-de-casamento/380-2023.pdf	1	\N	3	C
2459	381-2023	2023-11-04 22:26:40.50876+00	\N	2077	\N	4	\N	camaramz/certificates/4-atestado-de-casamento/381-2023.pdf	1	\N	3	C
2461	383-2023	2023-11-04 22:26:41.764715+00	\N	2093	\N	16	\N	camaramz/certificates/16-atestado-de-residencia/383-2023.pdf	1	\N	3	C
2463	385-2023	2023-11-04 22:26:43.012975+00	\N	2064	\N	18	\N	camaramz/certificates/18-atestado-de-agregado-familiar/385-2023.pdf	1	\N	3	C
2464	386-2023	2023-11-04 22:26:43.644694+00	\N	1828	\N	16	\N	camaramz/certificates/16-atestado-de-residencia/386-2023.pdf	1	\N	3	C
2466	387-2023	2023-11-04 22:26:44.960827+00	\N	1549	\N	16	\N	camaramz/certificates/16-atestado-de-residencia/387-2023.pdf	1	\N	3	C
2468	6-2023	2023-11-04 22:26:46.3845+00	\N	2097	\N	32	\N	camaramz/certificates/32-licenca-de-licencas-para-baile/6-2023.pdf	10	\N	1	P
2469	389-2023	2023-11-04 22:26:47.013861+00	\N	2099	\N	4	\N	camaramz/certificates/4-atestado-de-casamento/389-2023.pdf	1	\N	3	C
2471	390-2023	2023-11-04 22:26:49.579993+00	\N	2100	\N	4	\N	camaramz/certificates/4-atestado-de-casamento/390-2023.pdf	1	\N	3	C
2473	392-2023	2023-11-04 22:26:50.886113+00	\N	1677	\N	2	\N	camaramz/certificates/2-atestado-de-bolsa-de-estudo/392-2023.pdf	1	\N	3	C
2474	393-2023	2023-11-04 22:26:51.568457+00	\N	2102	\N	4	\N	camaramz/certificates/4-atestado-de-casamento/393-2023.pdf	1	\N	3	C
2476	395-2023	2023-11-04 22:26:53.037006+00	\N	2104	\N	2	\N	camaramz/certificates/2-atestado-de-bolsa-de-estudo/395-2023.pdf	1	\N	3	C
2478	397-2023	2023-11-04 22:26:54.340796+00	\N	2105	\N	4	\N	camaramz/certificates/4-atestado-de-casamento/397-2023.pdf	1	\N	3	C
2479	398-2023	2023-11-04 22:26:54.966395+00	\N	2070	\N	2	\N	camaramz/certificates/2-atestado-de-bolsa-de-estudo/398-2023.pdf	1	\N	3	C
2481	399-2023	2023-11-04 22:26:56.274932+00	\N	2108	\N	4	\N	camaramz/certificates/4-atestado-de-casamento/399-2023.pdf	1	\N	3	C
2483	401-2023	2023-11-04 22:26:57.657114+00	\N	691	\N	18	\N	camaramz/certificates/18-atestado-de-agregado-familiar/401-2023.pdf	1	\N	3	C
2484	402-2023	2023-11-04 22:26:58.429302+00	\N	1015	\N	15	\N	camaramz/certificates/15-atestado-de-prova-de-vida/402-2023.pdf	1	\N	3	C
2486	404-2023	2023-11-04 22:26:59.92767+00	\N	2109	\N	2	\N	camaramz/certificates/2-atestado-de-bolsa-de-estudo/404-2023.pdf	1	\N	3	C
2489	407-2023	2023-11-04 22:27:01.967937+00	\N	2055	\N	2	\N	camaramz/certificates/2-atestado-de-bolsa-de-estudo/407-2023.pdf	1	\N	3	C
2490	408-2023	2023-11-04 22:27:02.612185+00	\N	2112	\N	4	\N	camaramz/certificates/4-atestado-de-casamento/408-2023.pdf	1	\N	3	C
2492	409-2023	2023-11-04 22:27:03.918401+00	\N	1010	\N	15	\N	camaramz/certificates/15-atestado-de-prova-de-vida/409-2023.pdf	1	\N	3	C
2494	411-2023	2023-11-04 22:27:05.219015+00	\N	2117	\N	19	\N	camaramz/certificates/19-atestado-de-viagem/411-2023.pdf	1	\N	3	C
2495	412-2023	2023-11-04 22:27:05.875406+00	\N	2118	\N	16	\N	camaramz/certificates/16-atestado-de-residencia/412-2023.pdf	1	\N	3	C
2497	414-2023	2023-11-04 22:27:07.209296+00	\N	2121	\N	4	\N	camaramz/certificates/4-atestado-de-casamento/414-2023.pdf	1	\N	3	C
2498	415-2023	2023-11-04 22:27:07.845105+00	\N	2122	\N	2	\N	camaramz/certificates/2-atestado-de-bolsa-de-estudo/415-2023.pdf	1	\N	3	C
2500	417-2023	2023-11-04 22:27:09.171893+00	\N	2123	\N	12	\N	camaramz/certificates/12-atestado-de-percepcao-da-pensao-de-sobrevivencia-por-morte/417-2023.pdf	1	\N	3	C
2502	419-2023	2023-11-04 22:27:10.461619+00	\N	2125	\N	2	\N	camaramz/certificates/2-atestado-de-bolsa-de-estudo/419-2023.pdf	1	\N	3	C
2505	422-2023	2023-11-04 22:27:12.441227+00	\N	2128	\N	13	\N	camaramz/certificates/13-atestado-de-subsidio-de-transporte/422-2023.pdf	1	\N	3	C
2507	424-2023	2023-11-04 22:27:13.7112+00	\N	2130	\N	13	\N	camaramz/certificates/13-atestado-de-subsidio-de-transporte/424-2023.pdf	1	\N	3	C
2508	425-2023	2023-11-04 22:27:14.347038+00	\N	2131	\N	19	\N	camaramz/certificates/19-atestado-de-viagem/425-2023.pdf	1	\N	3	C
2510	427-2023	2023-11-04 22:27:15.615286+00	\N	1653	\N	18	\N	camaramz/certificates/18-atestado-de-agregado-familiar/427-2023.pdf	1	\N	3	C
2512	429-2023	2023-11-04 22:27:16.898018+00	\N	1653	\N	18	\N	camaramz/certificates/18-atestado-de-agregado-familiar/429-2023.pdf	1	\N	3	C
2513	430-2023	2023-11-04 22:27:17.537766+00	\N	2133	\N	13	\N	camaramz/certificates/13-atestado-de-subsidio-de-transporte/430-2023.pdf	1	\N	3	C
2515	432-2023	2023-11-04 22:27:18.88692+00	\N	2135	\N	4	\N	camaramz/certificates/4-atestado-de-casamento/432-2023.pdf	1	\N	3	C
2517	434-2023	2023-11-04 22:27:20.183685+00	\N	2137	\N	4	\N	camaramz/certificates/4-atestado-de-casamento/434-2023.pdf	1	\N	3	C
2519	435-2023	2023-11-04 22:27:20.880951+00	\N	2138	\N	2	\N	camaramz/certificates/2-atestado-de-bolsa-de-estudo/435-2023.pdf	1	\N	3	C
2521	437-2023	2023-11-04 22:27:22.146993+00	\N	2140	\N	19	\N	camaramz/certificates/19-atestado-de-viagem/437-2023.pdf	1	\N	3	C
2529	438-2023	2023-11-04 22:27:22.784091+00	\N	2143	\N	4	\N	camaramz/certificates/4-atestado-de-casamento/438-2023.pdf	1	\N	3	C
2531	440-2023	2023-11-04 22:27:24.158236+00	\N	2145	\N	2	\N	camaramz/certificates/2-atestado-de-bolsa-de-estudo/440-2023.pdf	1	\N	3	C
2533	442-2023	2023-11-04 22:27:25.46555+00	\N	2147	\N	8	\N	camaramz/certificates/8-atestado-de-fixacao-de-residencia/442-2023.pdf	1	\N	3	C
2535	444-2023	2023-11-04 22:27:26.758864+00	\N	2149	\N	16	\N	camaramz/certificates/16-atestado-de-residencia/444-2023.pdf	1	\N	3	C
2536	445-2023	2023-11-04 22:27:27.382439+00	\N	2155	\N	2	\N	camaramz/certificates/2-atestado-de-bolsa-de-estudo/445-2023.pdf	1	\N	3	C
2539	448-2023	2023-11-04 22:27:29.339125+00	\N	2155	\N	2	\N	camaramz/certificates/2-atestado-de-bolsa-de-estudo/448-2023.pdf	1	\N	3	C
2541	6-2023	2023-11-04 22:27:30.656664+00	\N	2141	\N	24	\N	camaramz/certificates/24-certificado-de-certificado-de-compra-de-coval/6-2023.pdf	3	\N	1	P
2542	450-2023	2023-11-04 22:27:31.304204+00	\N	1982	\N	13	\N	camaramz/certificates/13-atestado-de-subsidio-de-transporte/450-2023.pdf	1	\N	3	C
2544	452-2023	2023-11-04 22:27:32.701576+00	\N	2157	\N	18	\N	camaramz/certificates/18-atestado-de-agregado-familiar/452-2023.pdf	1	\N	3	C
2546	454-2023	2023-11-04 22:27:34.020016+00	\N	2158	\N	13	\N	camaramz/certificates/13-atestado-de-subsidio-de-transporte/454-2023.pdf	1	\N	3	C
2548	30-2023	2023-11-04 22:27:35.313597+00	\N	1334	\N	27	\N	camaramz/certificates/27-licenca-de-licencas-para-barraca/30-2023.pdf	6	\N	1	P
2549	456-2023	2023-11-04 22:27:36.009236+00	\N	2161	\N	2	\N	camaramz/certificates/2-atestado-de-bolsa-de-estudo/456-2023.pdf	1	\N	3	C
2551	458-2023	2023-11-04 22:27:37.317576+00	\N	2163	\N	2	\N	camaramz/certificates/2-atestado-de-bolsa-de-estudo/458-2023.pdf	1	\N	3	C
2553	7-2023	2023-11-04 22:27:38.61491+00	\N	1419	\N	32	\N	camaramz/certificates/32-licenca-de-licencas-para-baile/7-2023.pdf	10	\N	2	R
2554	460-2023	2023-11-04 22:27:39.235404+00	\N	1158	\N	15	\N	camaramz/certificates/15-atestado-de-prova-de-vida/460-2023.pdf	1	\N	3	C
2556	462-2023	2023-11-04 22:27:40.551005+00	\N	1422	\N	2	\N	camaramz/certificates/2-atestado-de-bolsa-de-estudo/462-2023.pdf	1	\N	3	C
2558	464-2023	2023-11-04 22:27:41.843641+00	\N	2169	\N	2	\N	camaramz/certificates/2-atestado-de-bolsa-de-estudo/464-2023.pdf	1	\N	3	C
2559	465-2023	2023-11-04 22:27:42.492062+00	\N	2171	\N	13	\N	camaramz/certificates/13-atestado-de-subsidio-de-transporte/465-2023.pdf	1	\N	3	C
2561	467-2023	2023-11-04 22:27:43.784277+00	\N	2174	\N	2	\N	camaramz/certificates/2-atestado-de-bolsa-de-estudo/467-2023.pdf	1	\N	3	C
2564	470-2023	2023-11-04 22:27:45.715776+00	\N	2179	\N	2	\N	camaramz/certificates/2-atestado-de-bolsa-de-estudo/470-2023.pdf	1	\N	3	C
2565	471-2023	2023-11-04 22:27:46.390199+00	\N	1571	\N	16	\N	camaramz/certificates/16-atestado-de-residencia/471-2023.pdf	1	\N	3	C
2570	473-2023	2023-11-04 22:27:47.729335+00	\N	2181	\N	2	\N	camaramz/certificates/2-atestado-de-bolsa-de-estudo/473-2023.pdf	1	\N	3	C
2572	475-2023	2023-11-04 22:27:49.032777+00	\N	2183	\N	2	\N	camaramz/certificates/2-atestado-de-bolsa-de-estudo/475-2023.pdf	1	\N	3	C
2574	476-2023	2023-11-04 22:27:50.326636+00	\N	2184	\N	2	\N	camaramz/certificates/2-atestado-de-bolsa-de-estudo/476-2023.pdf	1	\N	3	C
2575	5-2023	2023-11-04 22:27:50.958444+00	\N	2188	\N	25	\N	camaramz/certificates/25-aurorizacao-de-autorizacao-para-modificar-o-coval/5-2023.pdf	4	\N	1	P
2577	478-2023	2023-11-04 22:27:52.264116+00	\N	2187	\N	4	\N	camaramz/certificates/4-atestado-de-casamento/478-2023.pdf	1	\N	3	C
2579	480-2023	2023-11-04 22:27:53.56982+00	\N	2190	\N	19	\N	camaramz/certificates/19-atestado-de-viagem/480-2023.pdf	1	\N	3	C
2580	481-2023	2023-11-04 22:27:54.226887+00	\N	2191	\N	2	\N	camaramz/certificates/2-atestado-de-bolsa-de-estudo/481-2023.pdf	1	\N	3	C
2582	483-2023	2023-11-04 22:27:56.684572+00	\N	2192	\N	2	\N	camaramz/certificates/2-atestado-de-bolsa-de-estudo/483-2023.pdf	1	\N	3	C
2584	485-2023	2023-11-04 22:27:57.947295+00	\N	2193	\N	2	\N	camaramz/certificates/2-atestado-de-bolsa-de-estudo/485-2023.pdf	1	\N	3	C
2585	486-2023	2023-11-04 22:27:58.599707+00	\N	2194	\N	2	\N	camaramz/certificates/2-atestado-de-bolsa-de-estudo/486-2023.pdf	1	\N	3	C
2588	489-2023	2023-11-04 22:28:00.522759+00	\N	2198	\N	10	\N	camaramz/certificates/10-atestado-de-percepcao-da-pensao-de-aposentacao/489-2023.pdf	1	\N	3	C
2590	491-2023	2023-11-04 22:28:01.832126+00	\N	2200	\N	2	\N	camaramz/certificates/2-atestado-de-bolsa-de-estudo/491-2023.pdf	1	\N	3	C
2592	493-2023	2023-11-04 22:28:03.083039+00	\N	2202	\N	4	\N	camaramz/certificates/4-atestado-de-casamento/493-2023.pdf	1	\N	3	C
2594	495-2023	2023-11-04 22:28:04.349662+00	\N	2204	\N	2	\N	camaramz/certificates/2-atestado-de-bolsa-de-estudo/495-2023.pdf	1	\N	3	C
2596	497-2023	2023-11-04 22:28:05.669162+00	\N	2206	\N	2	\N	camaramz/certificates/2-atestado-de-bolsa-de-estudo/497-2023.pdf	1	\N	3	C
2599	500-2023	2023-11-04 22:28:07.790616+00	\N	2209	\N	4	\N	camaramz/certificates/4-atestado-de-casamento/500-2023.pdf	1	\N	3	C
2600	501-2023	2023-11-04 22:28:08.497375+00	\N	2210	\N	4	\N	camaramz/certificates/4-atestado-de-casamento/501-2023.pdf	1	\N	3	C
2602	503-2023	2023-11-04 22:28:09.760915+00	\N	2212	\N	2	\N	camaramz/certificates/2-atestado-de-bolsa-de-estudo/503-2023.pdf	1	\N	3	C
2604	505-2023	2023-11-04 22:28:11.004226+00	\N	2213	\N	13	\N	camaramz/certificates/13-atestado-de-subsidio-de-transporte/505-2023.pdf	1	\N	3	C
2606	507-2023	2023-11-04 22:28:12.290589+00	\N	2217	\N	4	\N	camaramz/certificates/4-atestado-de-casamento/507-2023.pdf	1	\N	3	C
2607	508-2023	2023-11-04 22:28:12.932857+00	\N	2216	\N	4	\N	camaramz/certificates/4-atestado-de-casamento/508-2023.pdf	1	\N	3	C
2609	509-2023	2023-11-04 22:28:14.271375+00	\N	2219	\N	2	\N	camaramz/certificates/2-atestado-de-bolsa-de-estudo/509-2023.pdf	1	\N	3	C
2610	510-2023	2023-11-04 22:28:14.92573+00	\N	2220	\N	2	\N	camaramz/certificates/2-atestado-de-bolsa-de-estudo/510-2023.pdf	1	\N	3	C
2612	512-2023	2023-11-04 22:28:16.185709+00	\N	2222	\N	4	\N	camaramz/certificates/4-atestado-de-casamento/512-2023.pdf	1	\N	3	C
2614	514-2023	2023-11-04 22:28:17.431173+00	\N	2225	\N	16	\N	camaramz/certificates/16-atestado-de-residencia/514-2023.pdf	1	\N	3	C
2615	515-2023	2023-11-04 22:28:18.057173+00	\N	2226	\N	2	\N	camaramz/certificates/2-atestado-de-bolsa-de-estudo/515-2023.pdf	1	\N	3	C
2617	517-2023	2023-11-04 22:28:19.362754+00	\N	2228	\N	2	\N	camaramz/certificates/2-atestado-de-bolsa-de-estudo/517-2023.pdf	1	\N	3	C
2619	519-2023	2023-11-04 22:28:20.650183+00	\N	2230	\N	19	\N	camaramz/certificates/19-atestado-de-viagem/519-2023.pdf	1	\N	3	C
2620	520-2023	2023-11-04 22:28:21.272362+00	\N	2230	\N	19	\N	camaramz/certificates/19-atestado-de-viagem/520-2023.pdf	1	\N	3	C
2622	522-2023	2023-11-04 22:28:22.533747+00	\N	2258	\N	19	\N	camaramz/certificates/19-atestado-de-viagem/522-2023.pdf	1	\N	3	C
2624	524-2023	2023-11-04 22:28:23.833241+00	\N	2257	\N	1	\N	camaramz/certificates/1-atestado-de-emprego/524-2023.pdf	1	\N	3	C
2626	526-2023	2023-11-04 22:28:25.083178+00	\N	2259	\N	19	\N	camaramz/certificates/19-atestado-de-viagem/526-2023.pdf	1	\N	3	C
2628	528-2023	2023-11-04 22:28:26.348584+00	\N	2230	\N	19	\N	camaramz/certificates/19-atestado-de-viagem/528-2023.pdf	1	\N	3	C
2629	529-2023	2023-11-04 22:28:26.972984+00	\N	2249	\N	19	\N	camaramz/certificates/19-atestado-de-viagem/529-2023.pdf	1	\N	3	C
2631	531-2023	2023-11-04 22:28:28.23389+00	\N	1467	\N	16	\N	camaramz/certificates/16-atestado-de-residencia/531-2023.pdf	1	\N	3	C
2632	532-2023	2023-11-04 22:28:28.933714+00	\N	2232	\N	4	\N	camaramz/certificates/4-atestado-de-casamento/532-2023.pdf	1	\N	3	C
2634	534-2023	2023-11-04 22:28:30.218957+00	\N	1549	\N	16	\N	camaramz/certificates/16-atestado-de-residencia/534-2023.pdf	1	\N	3	C
2636	536-2023	2023-11-04 22:28:31.544229+00	\N	2234	\N	4	\N	camaramz/certificates/4-atestado-de-casamento/536-2023.pdf	1	\N	3	C
2637	537-2023	2023-11-04 22:28:32.233937+00	\N	227	\N	13	\N	camaramz/certificates/13-atestado-de-subsidio-de-transporte/537-2023.pdf	1	\N	3	C
2639	539-2023	2023-11-04 22:28:33.482328+00	\N	2238	\N	16	\N	camaramz/certificates/16-atestado-de-residencia/539-2023.pdf	1	\N	3	C
2641	541-2023	2023-11-04 22:28:34.742689+00	\N	2240	\N	13	\N	camaramz/certificates/13-atestado-de-subsidio-de-transporte/541-2023.pdf	1	\N	3	C
2642	542-2023	2023-11-04 22:28:35.377411+00	\N	2241	\N	1	\N	camaramz/certificates/1-atestado-de-emprego/542-2023.pdf	1	\N	3	C
2644	544-2023	2023-11-04 22:28:36.66873+00	\N	2242	\N	4	\N	camaramz/certificates/4-atestado-de-casamento/544-2023.pdf	1	\N	3	C
2647	8-2023	2023-11-04 22:28:37.942002+00	\N	995	\N	32	\N	camaramz/certificates/32-licenca-de-licencas-para-baile/8-2023.pdf	10	\N	3	C
2648	546-2023	2023-11-04 22:28:38.566695+00	\N	2244	\N	4	\N	camaramz/certificates/4-atestado-de-casamento/546-2023.pdf	1	\N	3	C
2651	549-2023	2023-11-04 22:28:40.500465+00	\N	2247	\N	13	\N	camaramz/certificates/13-atestado-de-subsidio-de-transporte/549-2023.pdf	1	\N	3	C
2653	551-2023	2023-11-04 22:28:41.768804+00	\N	2250	\N	13	\N	camaramz/certificates/13-atestado-de-subsidio-de-transporte/551-2023.pdf	1	\N	3	C
2654	552-2023	2023-11-04 22:28:42.383971+00	\N	2243	\N	8	\N	camaramz/certificates/8-atestado-de-fixacao-de-residencia/552-2023.pdf	1	\N	3	C
2656	554-2023	2023-11-04 22:28:43.646889+00	\N	2252	\N	13	\N	camaramz/certificates/13-atestado-de-subsidio-de-transporte/554-2023.pdf	1	\N	3	C
2658	556-2023	2023-11-04 22:28:44.890937+00	\N	2254	\N	13	\N	camaramz/certificates/13-atestado-de-subsidio-de-transporte/556-2023.pdf	1	\N	3	C
2660	558-2023	2023-11-04 22:28:46.149147+00	\N	2255	\N	13	\N	camaramz/certificates/13-atestado-de-subsidio-de-transporte/558-2023.pdf	1	\N	3	C
2661	559-2023	2023-11-04 22:28:46.861775+00	\N	1508	\N	16	\N	camaramz/certificates/16-atestado-de-residencia/559-2023.pdf	1	\N	3	C
2663	561-2023	2023-11-04 22:28:48.125449+00	\N	1817	\N	4	\N	camaramz/certificates/4-atestado-de-casamento/561-2023.pdf	1	\N	3	C
2665	563-2023	2023-11-04 22:28:49.357138+00	\N	2260	\N	3	\N	camaramz/certificates/3-atestado-de-bolsa-interna/563-2023.pdf	1	\N	3	C
2666	564-2023	2023-11-04 22:28:49.979003+00	\N	2262	\N	4	\N	camaramz/certificates/4-atestado-de-casamento/564-2023.pdf	1	\N	3	C
2668	566-2023	2023-11-04 22:28:51.229536+00	\N	2263	\N	3	\N	camaramz/certificates/3-atestado-de-bolsa-interna/566-2023.pdf	1	\N	3	C
2669	567-2023	2023-11-04 22:28:51.840317+00	\N	332	\N	7	\N	camaramz/certificates/7-atestado-de-escolares/567-2023.pdf	1	\N	3	C
2671	569-2023	2023-11-04 22:28:53.250255+00	\N	2265	\N	2	\N	camaramz/certificates/2-atestado-de-bolsa-de-estudo/569-2023.pdf	1	\N	3	C
2673	11-2023	2023-11-04 22:28:54.513424+00	\N	2267	\N	23	\N	camaramz/certificates/23-autorizacao-de-autorizacao-de-construcao/11-2023.pdf	2	\N	1	P
2675	32-2023	2023-11-04 22:28:55.830223+00	\N	1294	\N	27	\N	camaramz/certificates/27-licenca-de-licencas-para-barraca/32-2023.pdf	6	\N	1	P
2677	572-2023	2023-11-04 22:28:57.086861+00	\N	2268	\N	18	\N	camaramz/certificates/18-atestado-de-agregado-familiar/572-2023.pdf	1	\N	3	C
2680	575-2023	2023-11-04 22:28:58.962559+00	\N	2271	\N	4	\N	camaramz/certificates/4-atestado-de-casamento/575-2023.pdf	1	\N	3	C
2681	576-2023	2023-11-04 22:28:59.582243+00	\N	2272	\N	4	\N	camaramz/certificates/4-atestado-de-casamento/576-2023.pdf	1	\N	3	C
2683	578-2023	2023-11-04 22:29:02.054151+00	\N	2274	\N	16	\N	camaramz/certificates/16-atestado-de-residencia/578-2023.pdf	1	\N	2	R
2685	580-2023	2023-11-04 22:29:03.308202+00	\N	559	\N	13	\N	camaramz/certificates/13-atestado-de-subsidio-de-transporte/580-2023.pdf	1	\N	2	R
2686	581-2023	2023-11-04 22:29:03.930243+00	\N	2276	\N	16	\N	camaramz/certificates/16-atestado-de-residencia/581-2023.pdf	1	\N	2	R
2688	583-2023	2023-11-04 22:29:05.213912+00	\N	2278	\N	13	\N	camaramz/certificates/13-atestado-de-subsidio-de-transporte/583-2023.pdf	1	\N	2	R
2690	585-2023	2023-11-04 22:29:06.462716+00	\N	2280	\N	16	\N	camaramz/certificates/16-atestado-de-residencia/585-2023.pdf	1	\N	2	R
2691	586-2023	2023-11-04 22:29:07.111957+00	\N	2281	\N	13	\N	camaramz/certificates/13-atestado-de-subsidio-de-transporte/586-2023.pdf	1	\N	1	P
2693	588-2023	2023-11-04 22:29:08.419679+00	\N	2283	\N	13	\N	camaramz/certificates/13-atestado-de-subsidio-de-transporte/588-2023.pdf	1	\N	1	P
2695	590-2023	2023-11-04 22:29:09.694335+00	\N	2285	\N	4	\N	camaramz/certificates/4-atestado-de-casamento/590-2023.pdf	1	\N	1	P
2696	591-2023	2023-11-04 22:29:10.33942+00	\N	2286	\N	4	\N	camaramz/certificates/4-atestado-de-casamento/591-2023.pdf	1	\N	1	P
2699	594-2023	2023-11-04 22:29:12.239949+00	\N	2289	\N	13	\N	camaramz/certificates/13-atestado-de-subsidio-de-transporte/594-2023.pdf	1	\N	3	C
2701	596-2023	2023-11-04 22:29:13.663227+00	\N	2021	\N	13	\N	camaramz/certificates/13-atestado-de-subsidio-de-transporte/596-2023.pdf	1	\N	3	C
2703	598-2023	2023-11-04 22:29:15.02031+00	\N	2292	\N	3	\N	camaramz/certificates/3-atestado-de-bolsa-interna/598-2023.pdf	1	\N	3	C
2704	599-2023	2023-11-04 22:29:15.662427+00	\N	2293	\N	13	\N	camaramz/certificates/13-atestado-de-subsidio-de-transporte/599-2023.pdf	1	\N	2	R
2706	601-2023	2023-11-04 22:29:16.984599+00	\N	2295	\N	13	\N	camaramz/certificates/13-atestado-de-subsidio-de-transporte/601-2023.pdf	1	\N	3	C
2708	603-2023	2023-11-04 22:29:18.226443+00	\N	2296	\N	13	\N	camaramz/certificates/13-atestado-de-subsidio-de-transporte/603-2023.pdf	1	\N	3	C
2709	604-2023	2023-11-04 22:29:18.847762+00	\N	2297	\N	13	\N	camaramz/certificates/13-atestado-de-subsidio-de-transporte/604-2023.pdf	1	\N	3	C
2711	606-2023	2023-11-04 22:29:20.108533+00	\N	2299	\N	13	\N	camaramz/certificates/13-atestado-de-subsidio-de-transporte/606-2023.pdf	1	\N	2	R
2713	608-2023	2023-11-04 22:29:21.409362+00	\N	1927	\N	3	\N	camaramz/certificates/3-atestado-de-bolsa-interna/608-2023.pdf	1	\N	2	R
2714	609-2023	2023-11-04 22:29:22.043691+00	\N	2301	\N	19	\N	camaramz/certificates/19-atestado-de-viagem/609-2023.pdf	1	\N	2	R
2716	611-2023	2023-11-04 22:29:23.349861+00	\N	2303	\N	13	\N	camaramz/certificates/13-atestado-de-subsidio-de-transporte/611-2023.pdf	1	\N	2	R
2718	613-2023	2023-11-04 22:29:24.638423+00	\N	2305	\N	4	\N	camaramz/certificates/4-atestado-de-casamento/613-2023.pdf	1	\N	2	R
2719	614-2023	2023-11-04 22:29:25.313215+00	\N	2306	\N	16	\N	camaramz/certificates/16-atestado-de-residencia/614-2023.pdf	1	\N	2	R
2721	616-2023	2023-11-04 22:29:26.565294+00	\N	2308	\N	16	\N	camaramz/certificates/16-atestado-de-residencia/616-2023.pdf	1	\N	2	R
2724	619-2023	2023-11-04 22:29:28.548149+00	\N	2312	\N	3	\N	camaramz/certificates/3-atestado-de-bolsa-interna/619-2023.pdf	1	\N	2	R
2726	621-2023	2023-11-04 22:29:29.801313+00	\N	2314	\N	4	\N	camaramz/certificates/4-atestado-de-casamento/621-2023.pdf	1	\N	2	R
2727	622-2023	2023-11-04 22:29:30.428561+00	\N	2315	\N	4	\N	camaramz/certificates/4-atestado-de-casamento/622-2023.pdf	1	\N	2	R
2729	624-2023	2023-11-04 22:29:31.68943+00	\N	2340	\N	7	\N	camaramz/certificates/7-atestado-de-escolares/624-2023.pdf	1	\N	2	R
2730	625-2023	2023-11-04 22:29:32.320156+00	\N	2319	\N	3	\N	camaramz/certificates/3-atestado-de-bolsa-interna/625-2023.pdf	1	\N	2	R
2732	627-2023	2023-11-04 22:29:33.540071+00	\N	2321	\N	3	\N	camaramz/certificates/3-atestado-de-bolsa-interna/627-2023.pdf	1	\N	2	R
2734	12-2023	2023-11-04 22:29:34.839776+00	\N	2324	\N	23	\N	camaramz/certificates/23-autorizacao-de-autorizacao-de-construcao/12-2023.pdf	2	\N	1	P
2735	629-2023	2023-11-04 22:29:35.460192+00	\N	2028	\N	4	\N	camaramz/certificates/4-atestado-de-casamento/629-2023.pdf	1	\N	2	R
2737	631-2023	2023-11-04 22:29:36.69+00	\N	2326	\N	3	\N	camaramz/certificates/3-atestado-de-bolsa-interna/631-2023.pdf	1	\N	2	R
2740	633-2023	2023-11-04 22:29:37.934622+00	\N	2327	\N	13	\N	camaramz/certificates/13-atestado-de-subsidio-de-transporte/633-2023.pdf	1	\N	2	R
2741	634-2023	2023-11-04 22:29:38.598455+00	\N	2328	\N	3	\N	camaramz/certificates/3-atestado-de-bolsa-interna/634-2023.pdf	1	\N	2	R
2743	636-2023	2023-11-04 22:29:39.916263+00	\N	2329	\N	13	\N	camaramz/certificates/13-atestado-de-subsidio-de-transporte/636-2023.pdf	1	\N	2	R
2745	638-2023	2023-11-04 22:29:41.17368+00	\N	2331	\N	13	\N	camaramz/certificates/13-atestado-de-subsidio-de-transporte/638-2023.pdf	1	\N	2	R
2747	640-2023	2023-11-04 22:29:42.394408+00	\N	2333	\N	13	\N	camaramz/certificates/13-atestado-de-subsidio-de-transporte/640-2023.pdf	1	\N	1	P
2748	641-2023	2023-11-04 22:29:43.02845+00	\N	1980	\N	13	\N	camaramz/certificates/13-atestado-de-subsidio-de-transporte/641-2023.pdf	1	\N	2	R
2751	644-2023	2023-11-04 22:29:44.947175+00	\N	2334	\N	19	\N	camaramz/certificates/19-atestado-de-viagem/644-2023.pdf	1	\N	2	R
2753	646-2023	2023-11-04 22:29:46.179856+00	\N	1657	\N	3	\N	camaramz/certificates/3-atestado-de-bolsa-interna/646-2023.pdf	1	\N	2	R
2754	647-2023	2023-11-04 22:29:46.82954+00	\N	2337	\N	3	\N	camaramz/certificates/3-atestado-de-bolsa-interna/647-2023.pdf	1	\N	2	R
2756	649-2023	2023-11-04 22:29:48.113675+00	\N	2339	\N	13	\N	camaramz/certificates/13-atestado-de-subsidio-de-transporte/649-2023.pdf	1	\N	2	R
2758	651-2023	2023-11-04 22:29:49.37564+00	\N	2342	\N	3	\N	camaramz/certificates/3-atestado-de-bolsa-interna/651-2023.pdf	1	\N	2	R
2759	652-2023	2023-11-04 22:29:49.993845+00	\N	2311	\N	2	\N	camaramz/certificates/2-atestado-de-bolsa-de-estudo/652-2023.pdf	1	\N	1	P
257	523-2021	2023-11-04 21:50:33.405047+00	\N	276	\N	3	\N	camaramz/certificates/3-atestado-de-bolsa-interna/523-2021.pdf	1	\N	3	C
849	107-2022	2023-11-04 22:10:22.989595+00	\N	527	\N	4	\N	camaramz/certificates/4-atestado-de-casamento/107-2022.pdf	1	\N	3	C
18	298-2021	2023-11-04 10:12:22.099123+00	\N	16	\N	13	\N		1	\N	3	C
877	133-2022	2023-11-04 22:10:40.530116+00	\N	651	\N	4	\N	camaramz/certificates/4-atestado-de-casamento/133-2022.pdf	1	\N	3	C
947	188-2022	2023-11-04 22:11:17.449392+00	\N	904	\N	4	\N	camaramz/certificates/4-atestado-de-casamento/188-2022.pdf	1	\N	3	C
973	211-2022	2023-11-04 22:12:31.119543+00	\N	928	\N	4	\N	camaramz/certificates/4-atestado-de-casamento/211-2022.pdf	1	\N	3	C
974	212-2022	2023-11-04 22:12:31.774942+00	\N	929	\N	4	\N	camaramz/certificates/4-atestado-de-casamento/212-2022.pdf	1	\N	3	C
1028	255-2022	2023-11-04 22:13:02.806979+00	\N	973	\N	4	\N	camaramz/certificates/4-atestado-de-casamento/255-2022.pdf	1	\N	3	C
1054	280-2022	2023-11-04 22:13:20.134619+00	\N	998	\N	4	\N	camaramz/certificates/4-atestado-de-casamento/280-2022.pdf	1	\N	3	C
1149	364-2022	2023-11-04 22:14:18.453934+00	\N	1082	\N	4	\N	camaramz/certificates/4-atestado-de-casamento/364-2022.pdf	1	\N	3	C
1172	382-2022	2023-11-04 22:14:32.399657+00	\N	1098	\N	4	\N	camaramz/certificates/4-atestado-de-casamento/382-2022.pdf	1	Atesta para Efeitos de Casamento que, Alkcia Manuela da Trindade Fernandes ,DIVORCIADA ,natural de Agostinho Neto,	3	C
1216	421-2022	2023-11-04 22:14:59.930736+00	\N	1145	\N	16	\N	camaramz/certificates/16-atestado-de-residencia/421-2022.pdf	1	filha de Avelino Julio Penhor e de Andreza ISABEL Soares	3	C
2761	654-2023	2023-11-04 22:29:51.239031+00	\N	2344	\N	3	\N	camaramz/certificates/3-atestado-de-bolsa-interna/654-2023.pdf	1	\N	1	P
2762	655-2023	2023-11-04 22:29:51.86261+00	\N	2345	\N	3	\N	camaramz/certificates/3-atestado-de-bolsa-interna/655-2023.pdf	1	\N	1	P
483	737-2021	2023-11-04 22:36:45.066089+00	\N	509	\N	4	\N	camaramz/certificates/4-atestado-de-casamento/737-2021.pdf	1	Rever o local de residencia do senhor	3	C
512	764-2021	2023-11-04 22:36:52.622144+00	\N	535	\N	4	\N	camaramz/certificates/4-atestado-de-casamento/764-2021.pdf	1	\N	3	C
514	766-2021	2023-11-04 22:36:53.193363+00	\N	537	\N	2	\N	camaramz/certificates/2-atestado-de-bolsa-de-estudo/766-2021.pdf	1	\N	3	C
272	538-2021	2023-11-04 21:50:37.693851+00	\N	293	\N	2	\N	camaramz/certificates/2-atestado-de-bolsa-de-estudo/538-2021.pdf	1	Temyr Alcantara dos Ramos e no Reis	3	C
170	444-2021	2023-11-04 21:44:23.783088+00	\N	190	\N	3	\N	camaramz/certificates/3-atestado-de-bolsa-interna/444-2021.pdf	1	tto ou b Izaquente	3	C
311	577-2021	2023-11-04 21:50:48.955173+00	\N	234	\N	2	\N	camaramz/certificates/2-atestado-de-bolsa-de-estudo/577-2021.pdf	1	\N	3	C
316	582-2021	2023-11-04 21:50:50.378017+00	\N	157	\N	18	\N	camaramz/certificates/18-atestado-de-agregado-familiar/582-2021.pdf	1	* Iasimira Agostinho dos RAMOS e no Iasimira Agostinho dos Santos,* Danzimiro Agostinho do Espirito Santo, nascido em nove deFevereiro de dois mil e onze	3	C
352	617-2021	2023-11-04 21:54:22.559725+00	\N	369	\N	2	\N	camaramz/certificates/2-atestado-de-bolsa-de-estudo/617-2021.pdf	1	\N	3	C
371	636-2021	2023-11-04 21:54:27.973941+00	\N	391	\N	16	\N	camaramz/certificates/16-atestado-de-residencia/636-2021.pdf	1	Filiao: Maria ARMANDA Dos Santos Correia Leal	3	C
393	657-2021	2023-11-04 21:54:33.778827+00	\N	412	\N	18	\N	camaramz/certificates/18-atestado-de-agregado-familiar/657-2021.pdf	1	Yury Fernando Eusbio, casado, natural de Distrito de Lobata, So Tom, nascido em QUINZE de Julho de mil ....	3	C
424	684-2021	2023-11-04 21:54:41.407315+00	\N	448	\N	4	\N	camaramz/certificates/4-atestado-de-casamento/684-2021.pdf	1	Reginalda e no Reginaldo	3	C
338	603-2021	2023-11-04 21:54:18.51763+00	\N	352	\N	3	\N	camaramz/certificates/3-atestado-de-bolsa-interna/603-2021.pdf	1	\N	3	C
595	846-2021	2023-11-04 22:07:52.476546+00	\N	621	\N	13	\N	camaramz/certificates/13-atestado-de-subsidio-de-transporte/846-2021.pdf	1	\N	3	C
605	856-2021	2023-11-04 22:07:59.5727+00	\N	635	\N	2	\N	camaramz/certificates/2-atestado-de-bolsa-de-estudo/856-2021.pdf	1	No est identificado a residencia do mesmo	3	C
650	886-2021	2023-11-04 22:08:22.539668+00	\N	660	\N	4	\N	camaramz/certificates/4-atestado-de-casamento/886-2021.pdf	1	passado pelo Centro de Identificao Civil e Criminal, aos catorzede Janeiro de dois mil e catorze	3	C
686	922-2021	2023-11-04 22:08:45.97593+00	\N	692	\N	8	\N	camaramz/certificates/8-atestado-de-fixacao-de-residencia/922-2021.pdf	1	\N	3	C
731	1-2022	2023-11-04 22:09:09.119273+00	\N	724	\N	4	\N	camaramz/certificates/4-atestado-de-casamento/1-2022.pdf	1	nascido em catorze de Fevereiro e nao quinzede mil, novecentos e noventa e trs	3	C
789	50-2022	2023-11-04 22:09:43.21235+00	\N	775	\N	4	\N	camaramz/certificates/4-atestado-de-casamento/50-2022.pdf	1	\N	3	C
803	63-2022	2023-11-04 22:09:52.44106+00	\N	88	\N	16	\N	camaramz/certificates/16-atestado-de-residencia/63-2022.pdf	1	\N	3	C
1251	437-2022	2023-11-04 22:15:10.781429+00	\N	1167	\N	16	\N	camaramz/certificates/16-atestado-de-residencia/437-2022.pdf	1	EMERCIANA do Esprito Santo Carvalho	3	C
1260	444-2022	2023-11-04 22:15:16.470879+00	\N	1176	\N	30	\N	camaramz/certificates/30-atestado-de-convenientes/444-2022.pdf	1	Fins de Residncia OU Fins Convenientes	3	C
1364	512-2022	2023-11-04 22:16:03.085698+00	\N	1246	\N	4	\N	camaramz/certificates/4-atestado-de-casamento/512-2022.pdf	1	\N	3	C
1365	513-2022	2023-11-04 22:16:03.715755+00	\N	1243	\N	4	\N	camaramz/certificates/4-atestado-de-casamento/513-2022.pdf	1	\N	3	C
1396	539-2022	2023-11-04 22:16:21.294484+00	\N	1277	\N	19	\N	camaramz/certificates/19-atestado-de-viagem/539-2022.pdf	1	de Luiza (LUZIA) da Silva Fernandes	3	C
1457	588-2022	2023-11-04 22:16:57.901533+00	\N	1337	\N	2	\N	camaramz/certificates/2-atestado-de-bolsa-de-estudo/588-2022.pdf	1	\N	3	C
1474	605-2022	2023-11-04 22:17:08.812505+00	\N	1356	\N	2	\N	camaramz/certificates/2-atestado-de-bolsa-de-estudo/605-2022.pdf	1	\N	3	C
1495	624-2022	2023-11-04 22:17:21.831881+00	\N	1380	\N	2	\N	camaramz/certificates/2-atestado-de-bolsa-de-estudo/624-2022.pdf	1	Nautilho (NAUTILIO) Andreza Rodrigues	3	C
1548	23-2022	2023-11-04 22:17:51.016293+00	\N	1420	\N	32	\N	camaramz/certificates/32-licenca-de-licencas-para-baile/23-2022.pdf	10	\N	2	R
2384	334-2023	2023-11-04 22:26:06.271964+00	\N	2053	\N	16	\N	camaramz/certificates/16-atestado-de-residencia/334-2023.pdf	1	\N	3	C
2396	345-2023	2023-11-04 22:26:13.913148+00	\N	2061	\N	4	\N	camaramz/certificates/4-atestado-de-casamento/345-2023.pdf	1	\N	3	C
2409	356-2023	2023-11-04 22:26:22.479138+00	\N	2066	\N	19	\N	camaramz/certificates/19-atestado-de-viagem/356-2023.pdf	1	\N	3	C
1581	687-2022	2023-11-04 22:18:10.002381+00	\N	1441	\N	16	\N	camaramz/certificates/16-atestado-de-residencia/687-2022.pdf	1	\N	3	C
1591	697-2022	2023-11-04 22:18:16.520019+00	\N	1452	\N	2	\N	camaramz/certificates/2-atestado-de-bolsa-de-estudo/697-2022.pdf	1	\N	3	C
1616	717-2022	2023-11-04 22:18:32.669824+00	\N	1479	\N	2	\N	camaramz/certificates/2-atestado-de-bolsa-de-estudo/717-2022.pdf	1	Sela Fatima Quintas , solteira, natural deCaixo Grande, distrito de M-Zchi, So Tom e Prncipe, nascida em treze de Outubro demil, novecentos e noventa e quatro (mil, novecentos e OITENTA  quatro )	3	C
1635	733-2022	2023-11-04 22:18:44.962123+00	\N	1500	\N	2	\N	camaramz/certificates/2-atestado-de-bolsa-de-estudo/733-2022.pdf	1	Rodolfo da Casta (COSTA) Monteiro	3	C
1661	758-2022	2023-11-04 22:19:02.410825+00	\N	1522	\N	19	\N	camaramz/certificates/19-atestado-de-viagem/758-2022.pdf	1	\N	3	C
1687	783-2022	2023-11-04 22:19:18.594142+00	\N	1543	\N	4	\N	camaramz/certificates/4-atestado-de-casamento/783-2022.pdf	1	\N	3	C
1716	15-2022	2023-11-04 22:19:36.131693+00	\N	1566	\N	23	\N	camaramz/certificates/23-autorizacao-de-autorizacao-de-construcao/15-2022.pdf	2	\N	3	C
1721	812-2022	2023-11-04 22:19:39.348516+00	\N	755	\N	4	\N	camaramz/certificates/4-atestado-de-casamento/812-2022.pdf	1	\N	3	C
1734	822-2022	2023-11-04 22:19:46.414642+00	\N	1573	\N	4	\N	camaramz/certificates/4-atestado-de-casamento/822-2022.pdf	1	casa nmeronoventa e quatro, na localidade de Obolongo	3	C
1779	863-2022	2023-11-04 22:20:17.429235+00	\N	1621	\N	30	\N	camaramz/certificates/30-atestado-de-convenientes/863-2022.pdf	1	\N	3	C
1799	881-2022	2023-11-04 22:20:29.049172+00	\N	1637	\N	16	\N	camaramz/certificates/16-atestado-de-residencia/881-2022.pdf	1	aos quatro deSetembro (Maro) de dois mil e vinte e um	3	C
1805	887-2022	2023-11-04 22:20:32.909689+00	\N	1643	\N	4	\N	camaramz/certificates/4-atestado-de-casamento/887-2022.pdf	1	\N	3	C
1825	907-2022	2023-11-04 22:20:46.22154+00	\N	1658	\N	30	\N	camaramz/certificates/30-atestado-de-convenientes/907-2022.pdf	1	\N	3	C
1849	929-2022	2023-11-04 22:21:01.722214+00	\N	1191	\N	4	\N	camaramz/certificates/4-atestado-de-casamento/929-2022.pdf	1	A data de nascimento esta incorreto,  2002 ao invs de 1992.	3	C
1896	962-2022	2023-11-04 22:21:26.298075+00	\N	1713	\N	4	\N	camaramz/certificates/4-atestado-de-casamento/962-2022.pdf	1	\N	3	C
1903	968-2022	2023-11-04 22:21:30.842578+00	\N	1718	\N	30	\N	camaramz/certificates/30-atestado-de-convenientes/968-2022.pdf	1	\N	3	C
1921	986-2022	2023-11-04 22:21:42.573907+00	\N	1734	\N	18	\N	camaramz/certificates/18-atestado-de-agregado-familiar/986-2022.pdf	1	filho de Glaudino (GUALDINO) de Sousa e de Maria Victria Semdo,	3	C
2002	35-2023	2023-11-04 22:22:16.088021+00	\N	1774	\N	3	\N	camaramz/certificates/3-atestado-de-bolsa-interna/35-2023.pdf	1	Jorge ao invs de  Geoge	3	C
2044	49-2023	2023-11-04 22:22:28.572693+00	\N	1788	\N	18	\N	camaramz/certificates/18-atestado-de-agregado-familiar/49-2023.pdf	1	\N	3	C
2045	50-2023	2023-11-04 22:22:29.320718+00	\N	789	\N	15	\N	camaramz/certificates/15-atestado-de-prova-de-vida/50-2023.pdf	1	 o bilhete da requerente no  vitalicio.	3	C
2087	2-2023	2023-11-04 22:22:56.767934+00	\N	867	\N	32	\N	camaramz/certificates/32-licenca-de-licencas-para-baile/2-2023.pdf	10	\N	1	P
2109	112-2023	2023-11-04 22:23:11.194595+00	\N	1842	\N	19	\N	camaramz/certificates/19-atestado-de-viagem/112-2023.pdf	1	\N	3	C
2131	132-2023	2023-11-04 22:23:24.793395+00	\N	917	\N	10	\N	camaramz/certificates/10-atestado-de-percepcao-da-pensao-de-aposentacao/132-2023.pdf	1	\N	3	C
2138	137-2023	2023-11-04 22:23:30.547723+00	\N	1862	\N	16	\N	camaramz/certificates/16-atestado-de-residencia/137-2023.pdf	1	\N	3	C
2163	161-2023	2023-11-04 22:23:47.534676+00	\N	1884	\N	2	\N	camaramz/certificates/2-atestado-de-bolsa-de-estudo/161-2023.pdf	1	\N	3	C
2190	184-2023	2023-11-04 22:24:04.546103+00	\N	1903	\N	4	\N	camaramz/certificates/4-atestado-de-casamento/184-2023.pdf	1	\N	3	C
2215	202-2023	2023-11-04 22:24:21.322869+00	\N	1922	\N	2	\N	camaramz/certificates/2-atestado-de-bolsa-de-estudo/202-2023.pdf	1	\N	3	C
2218	205-2023	2023-11-04 22:24:23.350257+00	\N	1927	\N	4	\N	camaramz/certificates/4-atestado-de-casamento/205-2023.pdf	1	\N	3	C
2246	225-2023	2023-11-04 22:24:42.307433+00	\N	1946	\N	2	\N	camaramz/certificates/2-atestado-de-bolsa-de-estudo/225-2023.pdf	1	\N	3	C
2270	247-2023	2023-11-04 22:24:58.590347+00	\N	1968	\N	4	\N	camaramz/certificates/4-atestado-de-casamento/247-2023.pdf	1	\N	3	C
2298	271-2023	2023-11-04 22:25:15.73079+00	\N	1558	\N	18	\N	camaramz/certificates/18-atestado-de-agregado-familiar/271-2023.pdf	1	\N	3	C
2420	364-2023	2023-11-04 22:26:29.573025+00	\N	2078	\N	4	\N	camaramz/certificates/4-atestado-de-casamento/364-2023.pdf	1	\N	3	C
2421	365-2023	2023-11-04 22:26:30.181723+00	\N	2083	\N	15	\N	camaramz/certificates/15-atestado-de-prova-de-vida/365-2023.pdf	1	\N	3	C
2504	421-2023	2023-11-04 22:27:11.747341+00	\N	2127	\N	2	\N	camaramz/certificates/2-atestado-de-bolsa-de-estudo/421-2023.pdf	1	\N	3	C
2537	446-2023	2023-11-04 22:27:28.030907+00	\N	2152	\N	2	\N	camaramz/certificates/2-atestado-de-bolsa-de-estudo/446-2023.pdf	1	\N	3	C
2591	492-2023	2023-11-04 22:28:02.452553+00	\N	2201	\N	19	\N	camaramz/certificates/19-atestado-de-viagem/492-2023.pdf	1	\N	3	C
2598	499-2023	2023-11-04 22:28:07.107667+00	\N	2208	\N	2	\N	camaramz/certificates/2-atestado-de-bolsa-de-estudo/499-2023.pdf	1	\N	3	C
2623	523-2023	2023-11-04 22:28:23.181148+00	\N	2258	\N	1	\N	camaramz/certificates/1-atestado-de-emprego/523-2023.pdf	1	\N	3	C
2676	571-2023	2023-11-04 22:28:56.457353+00	\N	708	\N	18	\N	camaramz/certificates/18-atestado-de-agregado-familiar/571-2023.pdf	1	\N	3	C
2678	573-2023	2023-11-04 22:28:57.711431+00	\N	2269	\N	4	\N	camaramz/certificates/4-atestado-de-casamento/573-2023.pdf	1	\N	3	C
2723	618-2023	2023-11-04 22:29:27.829285+00	\N	2310	\N	13	\N	camaramz/certificates/13-atestado-de-subsidio-de-transporte/618-2023.pdf	1	\N	2	R
2760	653-2023	2023-11-04 22:29:50.61205+00	\N	2343	\N	3	\N	camaramz/certificates/3-atestado-de-bolsa-interna/653-2023.pdf	1	\N	1	P
2979	656-2023	2023-11-22 16:42:09.139991+00	Atesta para Fins de  Bolsa Interna,  conceder pelo(a) Direco dos Impostos que,  @CELCINACY# @PAIXO# @CRAVID#, Casado, natural de Agostinho Neto, Neves,  distrito de Lobata, So Tom e Prncipe, nascido em um de Maro de mil novecentos e oitenta e um, filho de @Joaquim# @Joo# @Cravid# @e# @de# @Damiana# @Paixo#, portador do Bilhete de Identidade nmero oitenta e quatro mil cento e setenta e um, passado pelo Centro de Identificao Civil e Criminal, aos dezassete de Janeiro de dois mil e vinte, reside efetivamente  numa casa no numerada,  na localidade de Capela, Distrito de M-Zchi, deste Estado no dispe de recursos para custear despesas com os seus estudos no(a) Universidade Lusadas .	15	\N	3	\N	camaramz/certificates/3-atestado-de-bolsa-interna/656-2023.pdf	\N	\N	1	F
2790	654-2023	2023-11-09 12:13:44.744183+00	Atesta para Efeitos de  Bolsa de Estudo que,  @CELCINACY# @PAIXO# @CRAVID#, Casado, natural de Agostinho Neto, , distrito de Agostinho Neto, Lobata, So Tom e Prncipe, nascido em um de Maro de mil novecentos e oitenta e um, filho de @Joaquim# @Joo# @Cravid# @e# @de# @Damiana# @Paixo#, portador do Bilhete de Identidade nmero oitenta e quatro mil cento e setenta e um, passado pelo Centro de Identificao Civil e Criminal, aos dezassete de Janeiro de dois mil e vinte, reside efetivamente  numa casa no numerada,  na localidade de Capela, Distrito de M-Zchi, deste Estado h mais de trs anos e nos ltimos doze meses.	15	\N	2	\N		\N	\N	1	P
2794	658-2023	2023-11-22 16:58:32.842431+00	Atesta para Efeitos de  Bolsa de Estudo que,  @CELCINACY# @PAIXO# @CRAVID#, Casado, natural de Agostinho Neto, Guadalupe,  distrito de Lobata, So Tom e Prncipe, nascido em um de Maro de mil novecentos e oitenta e um, filho de @Joaquim# @Joo# @Cravid# @e# @de# @Damiana# @Paixo#, portador do Bilhete de Identidade nmero oitenta e quatro mil cento e setenta e um, passado pelo Centro de Identificao Civil e Criminal, aos dezassete de Janeiro de dois mil e vinte, reside efetivamente  numa casa no numerada,  na localidade de Capela, Distrito de M-Zchi, deste Estado h mais de trs anos e nos ltimos doze meses.	15	\N	2	\N	camaramz/certificates/2-atestado-de-bolsa-de-estudo/658-2023.pdf	\N	\N	1	R
2789	653-2023	2023-11-09 12:13:44.522186+00	Atesta para Efeitos de  Bolsa de Estudo que,  @CELCINACY# @PAIXO# @CRAVID#, Casado, natural de Agostinho Neto, , distrito de Agostinho Neto, Lobata, So Tom e Prncipe, nascido em um de Maro de mil novecentos e oitenta e um, filho de @Joaquim# @Joo# @Cravid# @e# @de# @Damiana# @Paixo#, portador do Bilhete de Identidade nmero oitenta e quatro mil cento e setenta e um, passado pelo Centro de Identificao Civil e Criminal, aos dezassete de Janeiro de dois mil e vinte, reside efetivamente  numa casa no numerada,  na localidade de Capela, Distrito de M-Zchi, deste Estado h mais de trs anos e nos ltimos doze meses.	15	\N	2	\N	camaramz/certificates/2-atestado-de-bolsa-de-estudo/653-2023.pdf	\N	\N	1	P
2791	654-2023	2023-11-09 12:13:48.559085+00	Atesta para Efeitos de  Bolsa de Estudo que,  @CELCINACY# @PAIXO# @CRAVID#, Casado, natural de Agostinho Neto, , distrito de Agostinho Neto, Lobata, So Tom e Prncipe, nascido em um de Maro de mil novecentos e oitenta e um, filho de @Joaquim# @Joo# @Cravid# @e# @de# @Damiana# @Paixo#, portador do Bilhete de Identidade nmero oitenta e quatro mil cento e setenta e um, passado pelo Centro de Identificao Civil e Criminal, aos dezassete de Janeiro de dois mil e vinte, reside efetivamente  numa casa no numerada,  na localidade de Capela, Distrito de M-Zchi, deste Estado h mais de trs anos e nos ltimos doze meses.	15	\N	2	\N	camaramz/certificates/2-atestado-de-bolsa-de-estudo/654-2023.pdf	\N	\N	1	P
2792	655-2023	2023-11-09 12:13:51.258073+00	Atesta para Efeitos de  Bolsa de Estudo que,  @CELCINACY# @PAIXO# @CRAVID#, Casado, natural de Agostinho Neto, , distrito de Agostinho Neto, Lobata, So Tom e Prncipe, nascido em um de Maro de mil novecentos e oitenta e um, filho de @Joaquim# @Joo# @Cravid# @e# @de# @Damiana# @Paixo#, portador do Bilhete de Identidade nmero oitenta e quatro mil cento e setenta e um, passado pelo Centro de Identificao Civil e Criminal, aos dezassete de Janeiro de dois mil e vinte, reside efetivamente  numa casa no numerada,  na localidade de Capela, Distrito de M-Zchi, deste Estado h mais de trs anos e nos ltimos doze meses.	15	\N	2	\N	camaramz/certificates/2-atestado-de-bolsa-de-estudo/655-2023.pdf	\N	\N	1	P
2793	659-2023	2023-11-09 14:06:10.345236+00	Atesta para Efeitos de  Bolsa de Estudo que,  @CELCINACY# @PAIXO# @CRAVID#, Casado, natural de Agostinho Neto, Guadalupe, , distrito de Agostinho Neto, Guadalupe, Lobata, So Tom e Prncipe, nascido em um de Maro de mil novecentos e oitenta e um, filho de @Joaquim# @Joo# @Cravid# @e# @de# @Damiana# @Paixo#, portador do Bilhete de Identidade nmero oitenta e quatro mil cento e setenta e um, passado pelo Centro de Identificao Civil e Criminal, aos dezassete de Janeiro de dois mil e vinte, reside efetivamente  numa casa no numerada,  na localidade de Capela, Distrito de M-Zchi, deste Estado h mais de trs anos e nos ltimos doze meses.	15	\N	2	\N	camaramz/certificates/2-atestado-de-bolsa-de-estudo/659-2023.pdf	\N	\N	1	P
2795	548-2023	2023-11-22 16:43:43.814647+00	Atesta para Fins de  Emprego que,  @CELCINACY# @PAIXO# @CRAVID#, Casado, natural de Agostinho Neto, Neves,  distrito de Lobata, So Tom e Prncipe, nascido em um de Maro de mil novecentos e oitenta e um, filho de @Joaquim# @Joo# @Cravid# @e# @de# @Damiana# @Paixo#, portador do Bilhete de Identidade nmero oitenta e quatro mil cento e setenta e um, passado pelo Centro de Identificao Civil e Criminal, aos dezassete de Janeiro de dois mil e vinte, reside efetivamente  numa casa no numerada,  na localidade de Capela, Distrito de M-Zchi, deste Estado.	15	\N	1	\N	camaramz/certificates/1-atestado-de-emprego/548-2023.pdf	\N	\N	1	C
3031	662-2023	2023-11-23 11:21:31.908076+00	Atesta para Fins de  Bolsa Interna,  conceder pelo(a) ASABA-Nigeria que,  @CELCINACY# @PAIXO# @CRAVID#, Casado, natural de Agostinho Neto, Neves,  distrito de Lobata, So Tom e Prncipe, nascido em um de Maro de mil novecentos e oitenta e um, filho de @Joaquim# @Joo# @Cravid# @e# @de# @Damiana# @Paixo#, portador do Bilhete de Identidade nmero oitenta e quatro mil cento e setenta e um, passado pelo Centro de Identificao Civil e Criminal, aos dezassete de Janeiro de dois mil e vinte, reside efetivamente  numa casa no numerada,  na localidade de Capela, Distrito de M-Zchi, deste Estado no dispe de recursos para custear despesas com os seus estudos no(a) Instituto Victor S Machado .	15	\N	3	\N	camaramz/certificates/3-atestado-de-bolsa-interna/662-2023.pdf	\N	\N	1	P
2982	657-2023	2023-11-22 16:59:08.529214+00	Atesta para Fins de  Bolsa Interna,  conceder pelo(a) DEF Seco Emisso Passaportes que,  @CELCINACY# @PAIXO# @CRAVID#, Casado, natural de Agostinho Neto, Neves,  distrito de Lobata, So Tom e Prncipe, nascido em um de Maro de mil novecentos e oitenta e um, filho de @Joaquim# @Joo# @Cravid# @e# @de# @Damiana# @Paixo#, portador do Bilhete de Identidade nmero oitenta e quatro mil cento e setenta e um, passado pelo Centro de Identificao Civil e Criminal, aos dezassete de Janeiro de dois mil e vinte, reside efetivamente  numa casa no numerada,  na localidade de Capela, Distrito de M-Zchi, deste Estado no dispe de recursos para custear despesas com os seus estudos no(a) Instituto Victor S Machado .	15	\N	3	\N	camaramz/certificates/3-atestado-de-bolsa-interna/657-2023.pdf	\N	\N	1	P
3016	660-2023	2023-11-22 17:15:01.107827+00	Atesta para Fins de  Bolsa Interna,  conceder pelo(a) Centro de Identificao Civil e Criminal que,  @CELCINACY# @PAIXO# @CRAVID#, Casado, natural de Agostinho Neto, Neves,  distrito de Lobata, So Tom e Prncipe, nascido em um de Maro de mil novecentos e oitenta e um, filho de @Joaquim# @Joo# @Cravid# @e# @de# @Damiana# @Paixo#, portador do Bilhete de Identidade nmero oitenta e quatro mil cento e setenta e um, passado pelo Centro de Identificao Civil e Criminal, aos dezassete de Janeiro de dois mil e vinte, reside efetivamente  numa casa no numerada,  na localidade de Capela, Distrito de M-Zchi, deste Estado no dispe de recursos para custear despesas com os seus estudos no(a) Universidade de So Tom e Prncipe .	15	2352	3	\N	camaramz/certificates/3-atestado-de-bolsa-interna/660-2023.pdf	\N	\N	1	P
3014	658-2023	2023-11-22 17:13:21.864847+00	Atesta para Fins de  Bolsa Interna,  conceder pelo(a) Centro de Identificao Civil e Criminal que,  @CELCINACY# @PAIXO# @CRAVID#, Casado, natural de Agostinho Neto, Neves,  distrito de Lobata, So Tom e Prncipe, nascido em um de Maro de mil novecentos e oitenta e um, filho de @Joaquim# @Joo# @Cravid# @e# @de# @Damiana# @Paixo#, portador do Bilhete de Identidade nmero oitenta e quatro mil cento e setenta e um, passado pelo Centro de Identificao Civil e Criminal, aos dezassete de Janeiro de dois mil e vinte, reside efetivamente  numa casa no numerada,  na localidade de Capela, Distrito de M-Zchi, deste Estado no dispe de recursos para custear despesas com os seus estudos no(a) Universidade de So Tom e Prncipe .	15	\N	3	\N	camaramz/certificates/3-atestado-de-bolsa-interna/658-2023.pdf	\N	\N	1	P
3015	659-2023	2023-11-22 17:14:16.111044+00	Atesta para Fins de  Bolsa Interna,  conceder pelo(a) Centro de Identificao Civil e Criminal que,  @CELCINACY# @PAIXO# @CRAVID#, Casado, natural de Agostinho Neto, Neves,  distrito de Lobata, So Tom e Prncipe, nascido em um de Maro de mil novecentos e oitenta e um, filho de @Joaquim# @Joo# @Cravid# @e# @de# @Damiana# @Paixo#, portador do Bilhete de Identidade nmero oitenta e quatro mil cento e setenta e um, passado pelo Centro de Identificao Civil e Criminal, aos dezassete de Janeiro de dois mil e vinte, reside efetivamente  numa casa no numerada,  na localidade de Capela, Distrito de M-Zchi, deste Estado no dispe de recursos para custear despesas com os seus estudos no(a) Universidade de So Tom e Prncipe .	15	\N	3	\N	camaramz/certificates/3-atestado-de-bolsa-interna/659-2023.pdf	\N	\N	1	P
3017	661-2023	2023-11-22 17:18:16.173022+00	Atesta para Fins de  Bolsa Interna,  conceder pelo(a) Centro de Identificao Civil e Criminal que,  @CELCINACY# @PAIXO# @CRAVID#, Casado, natural de Agostinho Neto, Neves,  distrito de Lobata, So Tom e Prncipe, nascido em um de Maro de mil novecentos e oitenta e um, filho de @Joaquim# @Joo# @Cravid# @e# @de# @Damiana# @Paixo#, portador do Bilhete de Identidade nmero oitenta e quatro mil cento e setenta e um, passado pelo Centro de Identificao Civil e Criminal, aos dezassete de Janeiro de dois mil e vinte, reside efetivamente  numa casa no numerada,  na localidade de Capela, Distrito de M-Zchi, deste Estado no dispe de recursos para custear despesas com os seus estudos no(a) Universidade de So Tom e Prncipe .	15	2352	3	\N	camaramz/certificates/3-atestado-de-bolsa-interna/661-2023.pdf	\N	\N	1	P
3032	663-2023	2023-11-23 11:24:03.451203+00	Atesta para Fins de  Bolsa Interna,  conceder pelo(a) ASABA-Nigeria que,  @CELCINACY# @PAIXO# @CRAVID#, Casado, natural de Agostinho Neto, Neves,  distrito de Lobata, So Tom e Prncipe, nascido em um de Maro de mil novecentos e oitenta e um, filho de @Joaquim# @Joo# @Cravid# @e# @de# @Damiana# @Paixo#, portador do Bilhete de Identidade nmero oitenta e quatro mil cento e setenta e um, passado pelo Centro de Identificao Civil e Criminal, aos dezassete de Janeiro de dois mil e vinte, reside efetivamente  numa casa no numerada,  na localidade de Capela, Distrito de M-Zchi, deste Estado no dispe de recursos para custear despesas com os seus estudos no(a) Instituto Victor S Machado .	15	\N	3	\N	camaramz/certificates/3-atestado-de-bolsa-interna/663-2023.pdf	\N	\N	1	P
3033	664-2023	2023-11-23 11:26:39.585879+00	Atesta para Fins de  Bolsa Interna,  conceder pelo(a) Centro de Identificao Civil e Criminal que,  @CELCINACY# @PAIXO# @CRAVID#, Casado, natural de Agostinho Neto, Neves,  distrito de Lobata, So Tom e Prncipe, nascido em um de Maro de mil novecentos e oitenta e um, filho de @Joaquim# @Joo# @Cravid# @e# @de# @Damiana# @Paixo#, portador do Bilhete de Identidade nmero oitenta e quatro mil cento e setenta e um, passado pelo Centro de Identificao Civil e Criminal, aos dezassete de Janeiro de dois mil e vinte, reside efetivamente  numa casa no numerada,  na localidade de Capela, Distrito de M-Zchi, deste Estado no dispe de recursos para custear despesas com os seus estudos no(a) Instituto Victor S Machado .	15	\N	3	\N	camaramz/certificates/3-atestado-de-bolsa-interna/664-2023.pdf	\N	\N	1	P
3034	665-2023	2023-11-23 11:30:33.413443+00	Atesta para Fins de  Bolsa Interna,  conceder pelo(a) Certificado de Residncia  que,  @CELCINACY# @PAIXO# @CRAVID#, Casado, natural de Agostinho Neto, Neves,  distrito de Lobata, So Tom e Prncipe, nascido em um de Maro de mil novecentos e oitenta e um, filho de @Joaquim# @Joo# @Cravid# @e# @de# @Damiana# @Paixo#, portador do Bilhete de Identidade nmero oitenta e quatro mil cento e setenta e um, passado pelo Centro de Identificao Civil e Criminal, aos dezassete de Janeiro de dois mil e vinte, reside efetivamente  numa casa no numerada,  na localidade de Capela, Distrito de M-Zchi, deste Estado no dispe de recursos para custear despesas com os seus estudos no(a) Instituto Victor S Machado .	15	\N	3	\N	camaramz/certificates/3-atestado-de-bolsa-interna/665-2023.pdf	\N	\N	1	P
3035	666-2023	2023-11-23 11:41:37.250478+00	Atesta para Fins de  Bolsa Interna,  conceder pelo(a) Certificado de Residncia  que,  @CELCINACY# @PAIXO# @CRAVID#, Casado, natural de Agostinho Neto, Neves,  distrito de Lobata, So Tom e Prncipe, nascido em um de Maro de mil novecentos e oitenta e um, filho de @Joaquim# @Joo# @Cravid# @e# @de# @Damiana# @Paixo#, portador do Bilhete de Identidade nmero oitenta e quatro mil cento e setenta e um, passado pelo Centro de Identificao Civil e Criminal, aos dezassete de Janeiro de dois mil e vinte, reside efetivamente  numa casa no numerada,  na localidade de Capela, Distrito de M-Zchi, deste Estado no dispe de recursos para custear despesas com os seus estudos no(a) Universidade de So Tom e Prncipe .	15	\N	3	\N	camaramz/certificates/3-atestado-de-bolsa-interna/666-2023.pdf	\N	\N	1	P
3043	671-2023	2023-11-23 12:16:09.872707+00	Atesta para Fins de  Bolsa Interna,  conceder pelo(a) ASABA-Nigeria que,  @CELCINACY# @PAIXO# @CRAVID# @DOS# @SANTOS# @ABREU#, Casado, natural de Agostinho Neto, Neves,  distrito de Lobata, So Tom e Prncipe, nascido em um de Maro de mil novecentos e oitenta e um, filho de @Joaquim# @Joo# @Cravid# @e# @de# @Damiana# @Paixo#, portador do Bilhete de Identidade nmero oitenta e quatro mil cento e setenta e um, passado pelo Centro de Identificao Civil e Criminal, aos dezassete de Janeiro de dois mil e vinte, reside efetivamente  numa casa no numerada,  na localidade de Capela, Distrito de M-Zchi, deste Estado no dispe de recursos para custear despesas com os seus estudos no(a) Instituto Universitrio de Contabilidade, Administrao e Informtica .	15	\N	3	\N	camaramz/certificates/3-atestado-de-bolsa-interna/671-2023.pdf	\N	\N	1	P
3038	667-2023	2023-11-23 11:45:01.541288+00	Atesta para Fins de  Bolsa Interna,  conceder pelo(a) ASABA-Nigeria que,  @CELCINACY# @PAIXO# @CRAVID#, Casado, natural de Agostinho Neto, Neves,  distrito de Lobata, So Tom e Prncipe, nascido em um de Maro de mil novecentos e oitenta e um, filho de @Joaquim# @Joo# @Cravid# @e# @de# @Damiana# @Paixo#, portador do Bilhete de Identidade nmero oitenta e quatro mil cento e setenta e um, passado pelo Centro de Identificao Civil e Criminal, aos dezassete de Janeiro de dois mil e vinte, reside efetivamente  numa casa no numerada,  na localidade de Capela, Distrito de M-Zchi, deste Estado no dispe de recursos para custear despesas com os seus estudos no(a) Universidade de So Tom e Prncipe .	15	\N	3	\N	camaramz/certificates/3-atestado-de-bolsa-interna/667-2023.pdf	\N	\N	1	P
3039	668-2023	2023-11-23 11:46:07.682831+00	Atesta para Fins de  Bolsa Interna,  conceder pelo(a) ASABA-Nigeria que,  @CELCINACY# @PAIXO# @CRAVID#, Casado, natural de Agostinho Neto, Neves,  distrito de Lobata, So Tom e Prncipe, nascido em um de Maro de mil novecentos e oitenta e um, filho de @Joaquim# @Joo# @Cravid# @e# @de# @Damiana# @Paixo#, portador do Bilhete de Identidade nmero oitenta e quatro mil cento e setenta e um, passado pelo Centro de Identificao Civil e Criminal, aos dezassete de Janeiro de dois mil e vinte, reside efetivamente  numa casa no numerada,  na localidade de Capela, Distrito de M-Zchi, deste Estado no dispe de recursos para custear despesas com os seus estudos no(a) Instituto Victor S Machado .	15	\N	3	\N	camaramz/certificates/3-atestado-de-bolsa-interna/668-2023.pdf	\N	\N	1	P
3040	669-2023	2023-11-23 12:07:13.383157+00	Atesta para Fins de  Bolsa Interna,  conceder pelo(a) ASABA-Nigeria que,  @CELCINACY# @PAIXO# @CRAVID#, Casado, natural de Agostinho Neto, Neves,  distrito de Lobata, So Tom e Prncipe, nascido em um de Maro de mil novecentos e oitenta e um, filho de @Joaquim# @Joo# @Cravid# @e# @de# @Damiana# @Paixo#, portador do Bilhete de Identidade nmero oitenta e quatro mil cento e setenta e um, passado pelo Centro de Identificao Civil e Criminal, aos dezassete de Janeiro de dois mil e vinte, reside efetivamente  numa casa no numerada,  na localidade de Capela, Distrito de M-Zchi, deste Estado no dispe de recursos para custear despesas com os seus estudos no(a) Instituto Victor S Machado .	15	\N	3	\N	camaramz/certificates/3-atestado-de-bolsa-interna/669-2023.pdf	\N	\N	1	P
3042	670-2023	2023-11-23 12:14:56.74447+00	Atesta para Fins de  Bolsa Interna,  conceder pelo(a) ASABA-Nigeria que,  @CELCINACY# @PAIXO# @CRAVID# @DOS# @SANTOS# @ABREU#, Casado, natural de Agostinho Neto, Neves,  distrito de Lobata, So Tom e Prncipe, nascido em um de Maro de mil novecentos e oitenta e um, filho de @Joaquim# @Joo# @Cravid# @e# @de# @Damiana# @Paixo#, portador do Bilhete de Identidade nmero oitenta e quatro mil cento e setenta e um, passado pelo Centro de Identificao Civil e Criminal, aos dezassete de Janeiro de dois mil e vinte, reside efetivamente  numa casa no numerada,  na localidade de Capela, Distrito de M-Zchi, deste Estado no dispe de recursos para custear despesas com os seus estudos no(a) Instituto Superior de Educao e Comunicao .	15	\N	3	\N	camaramz/certificates/3-atestado-de-bolsa-interna/670-2023.pdf	\N	\N	1	P
3044	672-2023	2023-11-23 12:19:23.925418+00	Atesta para Fins de  Bolsa Interna,  conceder pelo(a) ASABA-Nigeria que,  @CELCINACY# @PAIXO# @CRAVID# @DOS# @SANTOS# @ABREU#, Casado, natural de Agostinho Neto, Neves,  distrito de Lobata, So Tom e Prncipe, nascido em um de Maro de mil novecentos e oitenta e um, filho de @Joaquim# @Joo# @Cravid# @e# @de# @Damiana# @Paixo#, portador do Bilhete de Identidade nmero oitenta e quatro mil cento e setenta e um, passado pelo Centro de Identificao Civil e Criminal, aos dezassete de Janeiro de dois mil e vinte, reside efetivamente  numa casa no numerada,  na localidade de Capela, Distrito de M-Zchi, deste Estado no dispe de recursos para custear despesas com os seus estudos no(a) Instituto Universitrio de Contabilidade, Administrao e Informtica .	15	\N	3	\N	camaramz/certificates/3-atestado-de-bolsa-interna/672-2023.pdf	\N	\N	1	P
3045	673-2023	2023-11-23 12:21:00.615261+00	Atesta para Fins de  Bolsa Interna,  conceder pelo(a) Certificado de Residncia  que,  @CELCINACY# @PAIXO# @CRAVID# @DOS# @SANTOS# @ABREU#, Casado, natural de Agostinho Neto, Neves,  distrito de Lobata, So Tom e Prncipe, nascido em um de Maro de mil novecentos e oitenta e um, filho de @Joaquim# @Joo# @Cravid# @e# @de# @Damiana# @Paixo#, portador do Bilhete de Identidade nmero oitenta e quatro mil cento e setenta e um, passado pelo Centro de Identificao Civil e Criminal, aos dezassete de Janeiro de dois mil e vinte, reside efetivamente  numa casa no numerada,  na localidade de Capela, Distrito de M-Zchi, deste Estado no dispe de recursos para custear despesas com os seus estudos no(a) Instituto Universitrio de Contabilidade, Administrao e Informtica .	15	\N	3	\N	camaramz/certificates/3-atestado-de-bolsa-interna/673-2023.pdf	\N	\N	1	P
3046	674-2023	2023-11-23 12:25:09.007942+00	Atesta para Fins de  Bolsa Interna,  conceder pelo(a) ASABA-Nigeria que,  @CELCINACY# @PAIXO# @CRAVID# @DOS# @SANTOS# @ABREU#, Casado, natural de Agostinho Neto, Neves,  distrito de Lobata, So Tom e Prncipe, nascido em um de Maro de mil novecentos e oitenta e um, filho de @Joaquim# @Joo# @Cravid# @e# @de# @Damiana# @Paixo#, portador do Bilhete de Identidade nmero oitenta e quatro mil cento e setenta e um, passado pelo Centro de Identificao Civil e Criminal, aos dezassete de Janeiro de dois mil e vinte, reside efetivamente  numa casa no numerada,  na localidade de Capela, Distrito de M-Zchi, deste Estado no dispe de recursos para custear despesas com os seus estudos no(a) Instituto Universitrio de Contabilidade, Administrao e Informtica .	15	\N	3	\N	camaramz/certificates/3-atestado-de-bolsa-interna/674-2023.pdf	\N	\N	1	P
3051	679-2023	2023-11-23 12:37:25.387921+00	Atesta para Fins de  Bolsa Interna,  conceder pelo(a) ASABA-Nigeria que,  @CELCINACY# @PAIXO# @CRAVID# @DOS# @SANTOS# @ABREU#, Casado, natural de Agostinho Neto, Neves,  distrito de Lobata, So Tom e Prncipe, nascido em um de Maro de mil novecentos e oitenta e um, filho de @Joaquim# @Joo# @Cravid# @e# @de# @Damiana# @Paixo#, portador do Bilhete de Identidade nmero oitenta e quatro mil cento e setenta e um, passado pelo Centro de Identificao Civil e Criminal, aos dezassete de Janeiro de dois mil e vinte, reside efetivamente  numa casa no numerada,  na localidade de Capela, Distrito de M-Zchi, deste Estado no dispe de recursos para custear despesas com os seus estudos no(a) Instituto Universitrio de Contabilidade, Administrao e Informtica .	15	\N	3	\N	camaramz/certificates/3-atestado-de-bolsa-interna/679-2023.pdf	\N	\N	1	P
3047	675-2023	2023-11-23 12:26:27.817693+00	Atesta para Fins de  Bolsa Interna,  conceder pelo(a) ASABA-Nigeria que,  @CELCINACY# @PAIXO# @CRAVID# @DOS# @SANTOS# @ABREU#, Casado, natural de Agostinho Neto, Neves,  distrito de Lobata, So Tom e Prncipe, nascido em um de Maro de mil novecentos e oitenta e um, filho de @Joaquim# @Joo# @Cravid# @e# @de# @Damiana# @Paixo#, portador do Bilhete de Identidade nmero oitenta e quatro mil cento e setenta e um, passado pelo Centro de Identificao Civil e Criminal, aos dezassete de Janeiro de dois mil e vinte, reside efetivamente  numa casa no numerada,  na localidade de Capela, Distrito de M-Zchi, deste Estado no dispe de recursos para custear despesas com os seus estudos no(a) Instituto Superior de Educao e Comunicao .	15	\N	3	\N	camaramz/certificates/3-atestado-de-bolsa-interna/675-2023.pdf	\N	\N	1	P
3048	676-2023	2023-11-23 12:28:06.580139+00	Atesta para Fins de  Bolsa Interna,  conceder pelo(a) ASABA-Nigeria que,  @CELCINACY# @PAIXO# @CRAVID# @DOS# @SANTOS# @ABREU#, Casado, natural de Agostinho Neto, Neves,  distrito de Lobata, So Tom e Prncipe, nascido em um de Maro de mil novecentos e oitenta e um, filho de @Joaquim# @Joo# @Cravid# @e# @de# @Damiana# @Paixo#, portador do Bilhete de Identidade nmero oitenta e quatro mil cento e setenta e um, passado pelo Centro de Identificao Civil e Criminal, aos dezassete de Janeiro de dois mil e vinte, reside efetivamente  numa casa no numerada,  na localidade de Capela, Distrito de M-Zchi, deste Estado no dispe de recursos para custear despesas com os seus estudos no(a) Instituto Superior de Educao e Comunicao .	15	\N	3	\N	camaramz/certificates/3-atestado-de-bolsa-interna/676-2023.pdf	\N	\N	1	P
3049	677-2023	2023-11-23 12:32:00.662103+00	Atesta para Fins de  Bolsa Interna,  conceder pelo(a) Centro de Identificao Civil e Criminal que,  @CELCINACY# @PAIXO# @CRAVID# @DOS# @SANTOS# @ABREU#, Casado, natural de Agostinho Neto, Neves,  distrito de Lobata, So Tom e Prncipe, nascido em um de Maro de mil novecentos e oitenta e um, filho de @Joaquim# @Joo# @Cravid# @e# @de# @Damiana# @Paixo#, portador do Bilhete de Identidade nmero oitenta e quatro mil cento e setenta e um, passado pelo Centro de Identificao Civil e Criminal, aos dezassete de Janeiro de dois mil e vinte, reside efetivamente  numa casa no numerada,  na localidade de Capela, Distrito de M-Zchi, deste Estado no dispe de recursos para custear despesas com os seus estudos no(a) Instituto Universitrio de Contabilidade, Administrao e Informtica .	15	\N	3	\N	camaramz/certificates/3-atestado-de-bolsa-interna/677-2023.pdf	\N	\N	1	P
3050	678-2023	2023-11-23 12:34:52.495961+00	Atesta para Fins de  Bolsa Interna,  conceder pelo(a) DEF Seco Emisso Passaportes que,  @CELCINACY# @PAIXO# @CRAVID# @DOS# @SANTOS# @ABREU#, Casado, natural de Agostinho Neto, Neves,  distrito de Lobata, So Tom e Prncipe, nascido em um de Maro de mil novecentos e oitenta e um, filho de @Joaquim# @Joo# @Cravid# @e# @de# @Damiana# @Paixo#, portador do Bilhete de Identidade nmero oitenta e quatro mil cento e setenta e um, passado pelo Centro de Identificao Civil e Criminal, aos dezassete de Janeiro de dois mil e vinte, reside efetivamente  numa casa no numerada,  na localidade de Capela, Distrito de M-Zchi, deste Estado no dispe de recursos para custear despesas com os seus estudos no(a) Instituto Universitrio de Contabilidade, Administrao e Informtica .	15	\N	3	\N	camaramz/certificates/3-atestado-de-bolsa-interna/678-2023.pdf	\N	\N	1	P
3052	680-2023	2023-11-23 12:38:32.553305+00	Atesta para Fins de  Bolsa Interna,  conceder pelo(a) ASABA-Nigeria que,  @CELCINACY# @PAIXO# @CRAVID# @DOS# @SANTOS# @ABREU#, Casado, natural de Agostinho Neto, Neves,  distrito de Lobata, So Tom e Prncipe, nascido em um de Maro de mil novecentos e oitenta e um, filho de @Joaquim# @Joo# @Cravid# @e# @de# @Damiana# @Paixo#, portador do Bilhete de Identidade nmero oitenta e quatro mil cento e setenta e um, passado pelo Centro de Identificao Civil e Criminal, aos dezassete de Janeiro de dois mil e vinte, reside efetivamente  numa casa no numerada,  na localidade de Capela, Distrito de M-Zchi, deste Estado no dispe de recursos para custear despesas com os seus estudos no(a) Instituto Universitrio de Contabilidade, Administrao e Informtica .	15	\N	3	\N	camaramz/certificates/3-atestado-de-bolsa-interna/680-2023.pdf	\N	\N	1	P
3053	681-2023	2023-11-23 12:40:01.620874+00	Atesta para Fins de  Bolsa Interna,  conceder pelo(a) ASABA-Nigeria que,  @CELCINACY# @PAIXO# @CRAVID# @DOS# @SANTOS# @ABREU#, Casado, natural de Agostinho Neto, Neves,  distrito de Lobata, So Tom e Prncipe, nascido em um de Maro de mil novecentos e oitenta e um, filho de @Joaquim# @Joo# @Cravid# @e# @de# @Damiana# @Paixo#, portador do Bilhete de Identidade nmero oitenta e quatro mil cento e setenta e um, passado pelo Centro de Identificao Civil e Criminal, aos dezassete de Janeiro de dois mil e vinte, reside efetivamente  numa casa no numerada,  na localidade de Capela, Distrito de M-Zchi, deste Estado no dispe de recursos para custear despesas com os seus estudos no(a) Instituto Universitrio de Contabilidade, Administrao e Informtica .	15	\N	3	\N	camaramz/certificates/3-atestado-de-bolsa-interna/681-2023.pdf	\N	\N	1	P
3054	682-2023	2023-11-23 12:41:31.411368+00	Atesta para Fins de  Bolsa Interna,  conceder pelo(a) ASABA-Nigeria que,  @CELCINACY# @PAIXO# @CRAVID# @DOS# @SANTOS# @ABREU#, Casado, natural de Agostinho Neto, Neves,  distrito de Lobata, So Tom e Prncipe, nascido em um de Maro de mil novecentos e oitenta e um, filho de @Joaquim# @Joo# @Cravid# @e# @de# @Damiana# @Paixo#, portador do Bilhete de Identidade nmero oitenta e quatro mil cento e setenta e um, passado pelo Centro de Identificao Civil e Criminal, aos dezassete de Janeiro de dois mil e vinte, reside efetivamente  numa casa no numerada,  na localidade de Capela, Distrito de M-Zchi, deste Estado no dispe de recursos para custear despesas com os seus estudos no(a) Instituto Universitrio de Contabilidade, Administrao e Informtica .	15	\N	3	\N	camaramz/certificates/3-atestado-de-bolsa-interna/682-2023.pdf	\N	\N	1	P
3059	687-2023	2023-11-23 16:05:09.293273+00	Atesta para Fins de  Bolsa Interna,  conceder pelo(a) ASABA-Nigeria que,  @CELCINACY# @PAIXO# @CRAVID# @DOS# @SANTOS# @ABREU#, Casado, natural de Agostinho Neto, Neves,  distrito de Lobata, So Tom e Prncipe, nascido em um de Maro de mil novecentos e oitenta e um, filho de @Joaquim# @Joo# @Cravid# @e# @de# @Damiana# @Paixo#, portador do Bilhete de Identidade nmero oitenta e quatro mil cento e setenta e um, passado pelo Centro de Identificao Civil e Criminal, aos dezassete de Janeiro de dois mil e vinte, reside efetivamente  numa casa no numerada,  na localidade de Capela, Distrito de M-Zchi, deste Estado no dispe de recursos para custear despesas com os seus estudos no(a) Universidade Lusadas .	15	\N	3	\N	camaramz/certificates/3-atestado-de-bolsa-interna/687-2023.pdf	\N	\N	1	P
3055	683-2023	2023-11-23 12:48:50.963108+00	Atesta para Fins de  Bolsa Interna,  conceder pelo(a) ASABA-Nigeria que,  @CELCINACY# @PAIXO# @CRAVID# @DOS# @SANTOS# @ABREU#, Casado, natural de Agostinho Neto, Neves,  distrito de Lobata, So Tom e Prncipe, nascido em um de Maro de mil novecentos e oitenta e um, filho de @Joaquim# @Joo# @Cravid# @e# @de# @Damiana# @Paixo#, portador do Bilhete de Identidade nmero oitenta e quatro mil cento e setenta e um, passado pelo Centro de Identificao Civil e Criminal, aos dezassete de Janeiro de dois mil e vinte, reside efetivamente  numa casa no numerada,  na localidade de Capela, Distrito de M-Zchi, deste Estado no dispe de recursos para custear despesas com os seus estudos no(a) Instituto Universitrio de Contabilidade, Administrao e Informtica .	15	\N	3	\N	camaramz/certificates/3-atestado-de-bolsa-interna/683-2023.pdf	\N	\N	1	P
3056	684-2023	2023-11-23 16:01:17.124054+00	Atesta para Fins de  Bolsa Interna,  conceder pelo(a) ASABA-Nigeria que,  @CELCINACY# @PAIXO# @CRAVID# @DOS# @SANTOS# @ABREU#, Casado, natural de Agostinho Neto, Neves,  distrito de Lobata, So Tom e Prncipe, nascido em um de Maro de mil novecentos e oitenta e um, filho de @Joaquim# @Joo# @Cravid# @e# @de# @Damiana# @Paixo#, portador do Bilhete de Identidade nmero oitenta e quatro mil cento e setenta e um, passado pelo Centro de Identificao Civil e Criminal, aos dezassete de Janeiro de dois mil e vinte, reside efetivamente  numa casa no numerada,  na localidade de Capela, Distrito de M-Zchi, deste Estado no dispe de recursos para custear despesas com os seus estudos no(a) Instituto Universitrio de Contabilidade, Administrao e Informtica .	15	\N	3	\N	camaramz/certificates/3-atestado-de-bolsa-interna/684-2023.pdf	\N	\N	1	P
3057	685-2023	2023-11-23 16:02:18.228377+00	Atesta para Fins de  Bolsa Interna,  conceder pelo(a) ASABA-Nigeria que,  @CELCINACY# @PAIXO# @CRAVID# @DOS# @SANTOS# @ABREU#, Casado, natural de Agostinho Neto, Neves,  distrito de Lobata, So Tom e Prncipe, nascido em um de Maro de mil novecentos e oitenta e um, filho de @Joaquim# @Joo# @Cravid# @e# @de# @Damiana# @Paixo#, portador do Bilhete de Identidade nmero oitenta e quatro mil cento e setenta e um, passado pelo Centro de Identificao Civil e Criminal, aos dezassete de Janeiro de dois mil e vinte, reside efetivamente  numa casa no numerada,  na localidade de Capela, Distrito de M-Zchi, deste Estado no dispe de recursos para custear despesas com os seus estudos no(a) Instituto Universitrio de Contabilidade, Administrao e Informtica .	15	\N	3	\N	camaramz/certificates/3-atestado-de-bolsa-interna/685-2023.pdf	\N	\N	1	P
3058	686-2023	2023-11-23 16:03:24.672644+00	Atesta para Fins de  Bolsa Interna,  conceder pelo(a) ASABA-Nigeria que,  @CELCINACY# @PAIXO# @CRAVID# @DOS# @SANTOS# @ABREU#, Casado, natural de Agostinho Neto, Neves,  distrito de Lobata, So Tom e Prncipe, nascido em um de Maro de mil novecentos e oitenta e um, filho de @Joaquim# @Joo# @Cravid# @e# @de# @Damiana# @Paixo#, portador do Bilhete de Identidade nmero oitenta e quatro mil cento e setenta e um, passado pelo Centro de Identificao Civil e Criminal, aos dezassete de Janeiro de dois mil e vinte, reside efetivamente  numa casa no numerada,  na localidade de Capela, Distrito de M-Zchi, deste Estado no dispe de recursos para custear despesas com os seus estudos no(a) Instituto Universitrio de Contabilidade, Administrao e Informtica .	15	\N	3	\N	camaramz/certificates/3-atestado-de-bolsa-interna/686-2023.pdf	\N	\N	1	P
3060	688-2023	2023-11-23 16:08:41.110944+00	Atesta para Fins de  Bolsa Interna,  conceder pelo(a) ASABA-Nigeria que,  @CELCINACY# @PAIXO# @CRAVID# @DOS# @SANTOS# @ABREU#, Casado, natural de Agostinho Neto, Neves,  distrito de Lobata, So Tom e Prncipe, nascido em um de Maro de mil novecentos e oitenta e um, filho de @Joaquim# @Joo# @Cravid# @e# @de# @Damiana# @Paixo#, portador do Bilhete de Identidade nmero oitenta e quatro mil cento e setenta e um, passado pelo Centro de Identificao Civil e Criminal, aos dezassete de Janeiro de dois mil e vinte, reside efetivamente  numa casa no numerada,  na localidade de Capela, Distrito de M-Zchi, deste Estado no dispe de recursos para custear despesas com os seus estudos no(a) Instituto Universitrio de Contabilidade, Administrao e Informtica .	15	\N	3	\N	camaramz/certificates/3-atestado-de-bolsa-interna/688-2023.pdf	\N	\N	1	P
3061	689-2023	2023-11-23 16:09:43.786114+00	Atesta para Fins de  Bolsa Interna,  conceder pelo(a) ASABA-Nigeria que,  @CELCINACY# @PAIXO# @CRAVID# @DOS# @SANTOS# @ABREU#, Casado, natural de Agostinho Neto, Neves,  distrito de Lobata, So Tom e Prncipe, nascido em um de Maro de mil novecentos e oitenta e um, filho de @Joaquim# @Joo# @Cravid# @e# @de# @Damiana# @Paixo#, portador do Bilhete de Identidade nmero oitenta e quatro mil cento e setenta e um, passado pelo Centro de Identificao Civil e Criminal, aos dezassete de Janeiro de dois mil e vinte, reside efetivamente  numa casa no numerada,  na localidade de Capela, Distrito de M-Zchi, deste Estado no dispe de recursos para custear despesas com os seus estudos no(a) Instituto Victor S Machado .	15	\N	3	\N	camaramz/certificates/3-atestado-de-bolsa-interna/689-2023.pdf	\N	\N	1	P
3062	690-2023	2023-11-23 16:10:48.949179+00	Atesta para Fins de  Bolsa Interna,  conceder pelo(a) ASABA-Nigeria que,  @CELCINACY# @PAIXO# @CRAVID# @DOS# @SANTOS# @ABREU#, Casado, natural de Agostinho Neto, Neves,  distrito de Lobata, So Tom e Prncipe, nascido em um de Maro de mil novecentos e oitenta e um, filho de @Joaquim# @Joo# @Cravid# @e# @de# @Damiana# @Paixo#, portador do Bilhete de Identidade nmero oitenta e quatro mil cento e setenta e um, passado pelo Centro de Identificao Civil e Criminal, aos dezassete de Janeiro de dois mil e vinte, reside efetivamente  numa casa no numerada,  na localidade de Capela, Distrito de M-Zchi, deste Estado no dispe de recursos para custear despesas com os seus estudos no(a) Instituto Victor S Machado .	15	\N	3	\N	camaramz/certificates/3-atestado-de-bolsa-interna/690-2023.pdf	\N	\N	1	P
3063	691-2023	2023-11-23 16:11:45.19979+00	Atesta para Fins de  Bolsa Interna,  conceder pelo(a) ASABA-Nigeria que,  @CELCINACY# @PAIXO# @CRAVID# @DOS# @SANTOS# @ABREU#, Casado, natural de Agostinho Neto, Neves,  distrito de Lobata, So Tom e Prncipe, nascido em um de Maro de mil novecentos e oitenta e um, filho de @Joaquim# @Joo# @Cravid# @e# @de# @Damiana# @Paixo#, portador do Bilhete de Identidade nmero oitenta e quatro mil cento e setenta e um, passado pelo Centro de Identificao Civil e Criminal, aos dezassete de Janeiro de dois mil e vinte, reside efetivamente  numa casa no numerada,  na localidade de Capela, Distrito de M-Zchi, deste Estado no dispe de recursos para custear despesas com os seus estudos no(a) Instituto Victor S Machado .	15	\N	3	\N	camaramz/certificates/3-atestado-de-bolsa-interna/691-2023.pdf	\N	\N	1	P
3064	692-2023	2023-11-23 16:12:57.985305+00	Atesta para Fins de  Bolsa Interna,  conceder pelo(a) ASABA-Nigeria que,  @CELCINACY# @PAIXO# @CRAVID# @DOS# @SANTOS# @ABREU#, Casado, natural de Agostinho Neto, Neves,  distrito de Lobata, So Tom e Prncipe, nascido em um de Maro de mil novecentos e oitenta e um, filho de @Joaquim# @Joo# @Cravid# @e# @de# @Damiana# @Paixo#, portador do Bilhete de Identidade nmero oitenta e quatro mil cento e setenta e um, passado pelo Centro de Identificao Civil e Criminal, aos dezassete de Janeiro de dois mil e vinte, reside efetivamente  numa casa no numerada,  na localidade de Capela, Distrito de M-Zchi, deste Estado no dispe de recursos para custear despesas com os seus estudos no(a) Instituto Universitrio de Contabilidade, Administrao e Informtica .	15	\N	3	\N	camaramz/certificates/3-atestado-de-bolsa-interna/692-2023.pdf	\N	\N	1	P
3065	693-2023	2023-12-05 15:48:39.013442+00	Atesta para Fins de  Bolsa Interna,  conceder pelo(a) ASABA-Nigeria que,  @CELCINACY# @PAIXO# @CRAVID# @DOS# @SANTOS# @ABREU#, Casado, natural de Agostinho Neto, Neves,  distrito de Lobata, So Tom e Prncipe, nascido em um de Maro de mil novecentos e oitenta e um, filho de @Joaquim# @Joo# @Cravid# @e# @de# @Damiana# @Paixo#, portador do Bilhete de Identidade nmero oitenta e quatro mil cento e setenta e um, passado pelo Centro de Identificao Civil e Criminal, aos dezassete de Janeiro de dois mil e vinte, reside efetivamente  numa casa no numerada,  na localidade de Capela, Distrito de M-Zchi, deste Estado no dispe de recursos para custear despesas com os seus estudos no(a) Instituto Universitrio de Contabilidade, Administrao e Informtica .	15	\N	3	\N	camaramz/certificates/3-atestado-de-bolsa-interna/693-2023.pdf	\N	\N	1	R
\.


--
-- Data for Name: certificates_certificatedata; Type: TABLE DATA; Schema: public; Owner: eurrkvbyncwetd
--

COPY "public"."certificates_certificatedata" ("id", "house_id", "certificate_id") FROM stdin;
25	1	2789
26	1	2791
27	1	2792
28	1	2793
29	1	2794
30	1	2790
31	1	2795
32	1	2979
33	1	2982
34	1	3014
35	1	3015
36	1	3016
37	1	3017
38	1	3031
39	1	3032
40	1	3033
41	1	3034
42	1	3035
43	1	3038
44	1	3039
45	1	3040
46	1	3042
47	1	3043
48	1	3044
49	1	3045
50	1	3046
51	1	3047
52	1	3048
53	1	3049
54	1	3050
55	1	3051
56	1	3052
57	1	3053
58	1	3054
59	1	3055
60	1	3056
61	1	3057
62	1	3058
63	1	3059
64	1	3060
65	1	3061
66	1	3062
67	1	3063
68	1	3064
69	1	3065
\.


--
-- Data for Name: certificates_certificatedate; Type: TABLE DATA; Schema: public; Owner: eurrkvbyncwetd
--

COPY "public"."certificates_certificatedate" ("id", "date", "type_id") FROM stdin;
\.


--
-- Data for Name: certificates_certificatesimpleparent; Type: TABLE DATA; Schema: public; Owner: eurrkvbyncwetd
--

COPY "public"."certificates_certificatesimpleparent" ("id", "name", "birth_date", "parent_id", "type_id") FROM stdin;
\.


--
-- Data for Name: certificates_certificatesimpleperson; Type: TABLE DATA; Schema: public; Owner: eurrkvbyncwetd
--

COPY "public"."certificates_certificatesimpleperson" ("id", "name", "gender", "birth_date", "type_id") FROM stdin;
\.


--
-- Data for Name: certificates_certificatesingleperson; Type: TABLE DATA; Schema: public; Owner: eurrkvbyncwetd
--

COPY "public"."certificates_certificatesingleperson" ("id", "name", "gender", "type_id") FROM stdin;
\.


--
-- Data for Name: certificates_certificatetitle; Type: TABLE DATA; Schema: public; Owner: eurrkvbyncwetd
--

COPY "public"."certificates_certificatetitle" ("id", "name", "type_price", "goal", "certificate_type_id", "slug") FROM stdin;
1	Emprego	140.00	\N	1	emprego
2	Bolsa de Estudo	140.00	\N	1	bolsa-de-estudo
3	Bolsa Interna	140.00	\N	1	bolsa-interna
4	Casamento	140.00	\N	1	casamento
5	Candidatura  Transporte Pblico	140.00	\N	1	candidatura-a-transporte-publico
6	Obteno de Visto	140.00	\N	1	obtencao-de-visto
7	Escolares	140.00	\N	1	escolares
8	Fixao de Residncia	2460.00	\N	1	fixacao-de-residencia
9	Nacionalidade Santomense	510.00	\N	1	nacionalidade-santomense
10	Percepo da Penso de Aposentao	10.00	\N	1	percepcao-da-pensao-de-aposentacao
11	Assistncia Judicial	210.00	\N	1	assistencia-judicial
12	Percepo da Penso de Sobrevivncia por Morte	140.00	\N	1	percepcao-da-pensao-de-sobrevivencia-por-morte
13	Subsdio de Transporte	140.00	\N	1	subsidio-de-transporte
14	Transferncia de mesada monetria	100.00	\N	1	transferencia-de-mesada-monetaria
15	Prova de Vida	10.00	\N	1	prova-de-vida
16	Residncia	140.00	\N	1	residencia
17	Abertura de Conta Bancria	140.00	\N	1	abertura-de-conta-bancaria
18	Agregado Familiar	140.00	\N	1	agregado-familiar
19	Viagem	140.00	\N	1	viagem
20	Cargo Pblico	140.00	\N	1	cargo-publico
21	Profissionais	100.00	\N	1	profissionais
22	Percepo da Penso de Reforma	10.00	\N	1	percepcao-da-pensao-de-reforma
23	Autorizao de Construo	1010.00	\N	2	autorizacao-de-construcao
24	Certificado de Compra de Coval	25010.00	\N	3	certificado-de-compra-de-coval
25	Autorizao para Modificar o Coval	300.00	\N	4	autorizacao-para-modificar-o-coval
26	Registo do enterramento de cadvel	350.00	\N	5	registo-do-enterramento-de-cadavel
27	Licenas Para Barraca	510.00	\N	6	licencas-para-barraca
28	Autorizao modificao, construo da sua barraca em alvenaria	1010.00	\N	7	autorizacao-modificacao-construcao-da-sua-barraca-em-alvenaria
29	Licena para Bufett	50.00	\N	8	licenca-para-bufett
30	Convenientes	210.00	\N	1	convenientes
31	Licenas Para Transladao	500.00	\N	9	licencas-para-transladacao
32	Licenas para Baile	500.00	\N	10	licencas-para-baile
33	Autorizao de Enterro	500.00	\N	11	autorizacao-de-enterro
\.


--
-- Data for Name: certificates_certificatetypes; Type: TABLE DATA; Schema: public; Owner: eurrkvbyncwetd
--

COPY "public"."certificates_certificatetypes" ("id", "name", "gender", "slug") FROM stdin;
11	Autorizao	a	autorizacao
10	Licena	a	licenca
9	Licena	a	licenca
8	Licena	a	licenca
7	Autorizao	a	autorizacao
6	Licena	a	licenca
5	Registo	o	registo
4	Aurorizao	a	aurorizacao
3	Certificado	o	certificado
2	Autorizao	a	autorizacao
1	Atestado	o	atestado
\.


--
-- Data for Name: certificates_change; Type: TABLE DATA; Schema: public; Owner: eurrkvbyncwetd
--

COPY "public"."certificates_change" ("id", "name", "price") FROM stdin;
\.


--
-- Data for Name: certificates_country; Type: TABLE DATA; Schema: public; Owner: eurrkvbyncwetd
--

COPY "public"."certificates_country" ("id", "name", "slug", "code") FROM stdin;
3	So Tom e Prncipe	0	239
4	Angola	0	244
5	Gabo	0	241
6	China	0	86
7	Guine Equatorial	0	240
8	Cabo Verde	0	238
9	Portugal	0	351
10	Pakistan 	0	92
11	Espanha	0	34
12	Moambique	0	258
13	Brasil	0	55
14	Timor Leste	1	670
15	Guine Bissau	1	245
16	Frana	0	33
17	Cuba	0	53
18	Palestina	0	970
19	Nigeria	0	234
20	Libano	0	961
\.


--
-- Data for Name: certificates_county; Type: TABLE DATA; Schema: public; Owner: eurrkvbyncwetd
--

COPY "public"."certificates_county" ("id", "name", "slug", "country_id") FROM stdin;
1	M-Zchi	1	3
2	gua Grande	1	3
3	Cantagalo	1	3
5	Lobata	1	3
6	Cau	1	3
7	Pagu	1	3
11	Angola	1	4
12	Conceio - Prncipe	1	3
13	Libreville	1	5
14	Shandong	1	6
16	Malabo 	1	7
17	Cabo Verde	1	8
18	Cabo Verde	1	8
19	Lisboa	1	9
20	Portugal	1	9
21	So Tom e Prncipe	1	3
22	Pakistan	1	10
23	Espanha	1	11
24	Moambique	1	12
25	Brasil	1	13
26	nada	1	10
27	Frana	1	16
28	Cuba	1	17
29	Barcelona	1	11
30	Palestina	1	18
31	Nigeria 	1	19
32	Cau	1	3
33	Libano	1	20
34	Brava	1	8
4	Lemb	1	3
\.


--
-- Data for Name: certificates_coval; Type: TABLE DATA; Schema: public; Owner: eurrkvbyncwetd
--

COPY "public"."certificates_coval" ("id", "nick_number", "number", "name", "date_used", "date_of_deth", "gender", "square", "closed", "selled", "cemiterio_id") FROM stdin;
6	7	541B	Aurelio de S.Baia da Costa	2013-02-19	2013-02-14	M	C	f	t	1
26	27	6B	Beatriz R. do Esp. Santo	2017-01-11	2017-01-10	F	C	f	f	1
25	26	8B	Dioner  do Sac. Mota Neto	2017-01-13	2017-01-12	M	C	f	f	1
24	25	9B	Maria da Conceio	2017-01-14	2017-01-13	F	C	f	f	1
23	24	10B	Margarida Duarte	2017-01-20	2017-01-19	F	C	f	f	1
22	23	11B	Armnio da Silva da Glria	2017-01-24	2017-01-22	M	C	f	f	1
21	22	12B	Atade Lzaro dos Santos	2017-01-26	2017-01-25	M	C	f	f	1
20	21	13B	Maria Tom Vaz Filipe	2017-01-28	2017-01-27	F	C	f	f	1
19	20	14B	Ernestino Esp. S. do Nascimento	2017-01-31	2017-01-30	M	C	f	f	1
18	19	15B	Lugenia de Esp.Cravid	2017-02-03	2017-01-31	F	C	f	f	1
17	18	16B	Manuel Guadalupe de S. Lopes	2017-02-03	2017-01-31	M	C	f	f	1
16	17	18B	Domingos Graa de S. e Costa	2017-02-08	2017-02-07	M	C	f	f	1
15	16	19B	Maria Andresa Losembo	2017-02-09	2017-02-08	F	C	f	f	1
14	15	23B	Rosa do Esprito Santo	2017-02-23	2017-02-22	F	C	f	f	1
13	14	24B	Ricardina Pires DAssuno	2017-02-27	2017-02-26	F	C	f	f	1
12	13	25B	Severina Gonalves Af. Dias	2017-02-27	2017-02-27	M	C	f	f	1
11	12	26B	Pedro dos S. Pires Paquete	2017-02-28	2017-02-27	M	C	f	f	1
10	11	27B	Odorico Afonso	2017-03-01	2017-03-01	M	C	f	f	1
9	10	35B	Fausta Cravid Costa Alegre	2017-03-14	2017-03-13	F	C	f	f	1
8	9	41B	Maria Afonso Neto	2017-03-24	2014-03-22	F	C	f	f	1
7	8	70E	Alfredo Afonso	2018-04-16	2018-04-15	M	C	f	t	1
5	6	05L	Jos dos Ramos	2019-01-15	2019-01-10	M	C	f	t	1
1	1	57j	Alice Ribeiro	2019-04-16	2019-04-16	F	C	f	t	1
4	5	05L	Ateliana Joo de Ceita Nazar	2020-01-07	2020-01-07	F	C	t	f	1
3	4	37L	Diogines Fernandes	2020-02-25	2020-02-23	M	C	t	f	1
2	2	42L	Antnio Francisco Afonso Pires	2020-02-29	2020-02-26	M	C	t	f	1
27	1	264N	Manuel do Sacramento Amorm	2023-04-22	2023-04-21	M	A	t	f	1
29	5	680B	Herculano de Jesus de Ceita Vanda	2013-05-06	2013-09-04	M	A	f	f	1
30	6	1C	Maria dos Ramos da Costa Ferreira	2000-01-01	2000-12-31	F	A	f	t	1
28	4	256DC	Laurinda Simo	2011-07-13	2011-05-08	F	A	f	t	1
31	7	065J	Anibal Ferreira Viegas	2019-04-28	2019-04-27	M	A	t	f	1
32	8	208C	Juelter de Ceita Dias	2001-12-27	2001-12-25	M	A	f	t	1
33	9	368N	Maria da Conceio do E.S. Antunes	2023-10-08	2023-10-07	F	A	f	f	1
34	10	764BC	Francisca Xavier Soares	2007-06-24	2007-06-24	F	A	f	t	1
35	11	59L	Maria da Cruz Guadalupe	2020-03-24	2020-03-23	F	A	t	f	1
36	12	344N	Manuel Agostinho Neto	2023-05-07	2023-05-06	M	A	t	f	1
37	16	284C	Maria G. Julio (V. Judia)	1996-07-25	1996-07-24	F	A	f	t	1
\.


--
-- Data for Name: certificates_covalsalles; Type: TABLE DATA; Schema: public; Owner: eurrkvbyncwetd
--

COPY "public"."certificates_covalsalles" ("id", "coval_id", "person_id") FROM stdin;
\.


--
-- Data for Name: certificates_customer; Type: TABLE DATA; Schema: public; Owner: eurrkvbyncwetd
--

COPY "public"."certificates_customer" ("id", "user_id", "level") FROM stdin;
8	8	1
6	6	3
9	9	1
4	4	2
7	7	3
\.


--
-- Data for Name: certificates_house; Type: TABLE DATA; Schema: public; Owner: eurrkvbyncwetd
--

COPY "public"."certificates_house" ("id", "house_number", "street_id") FROM stdin;
1	-1	82
2	1a	82
3	-1	80
4	-1	79
5	-1	178
6	-1	256
7	-1	81
8	-1	110
\.


--
-- Data for Name: certificates_idtype; Type: TABLE DATA; Schema: public; Owner: eurrkvbyncwetd
--

COPY "public"."certificates_idtype" ("id", "name") FROM stdin;
4	Bilhete de Identidade
5	Passaporte
6	Carto de Cidado Portugus
8	Carto Nacional de Identificao
9	Certificado de Residncia
10	Carto de Identificao Fiscal
\.


--
-- Data for Name: certificates_ifen; Type: TABLE DATA; Schema: public; Owner: eurrkvbyncwetd
--

COPY "public"."certificates_ifen" ("id", "name", "size") FROM stdin;
2	data	121
1	texto	650
\.


--
-- Data for Name: certificates_instituition; Type: TABLE DATA; Schema: public; Owner: eurrkvbyncwetd
--

COPY "public"."certificates_instituition" ("id", "name") FROM stdin;
5	Registo Notariado de Angola
6	Servio Estrangeiro e Fronteiras de Portugal
7	Ministrio de Educao Cultura e Cincias
8	MPS Exit & Entry Administration
9	Servio de Migrao e Fronteira de So Tom e Prncipe
10	Registo Notariado de Portugal
11	Servio Migrao e Fronteira de Angola 
12	Ministry Interior Of Pakistan
13	Centro de Identificao Civil e Criminal
14	D.G.D.I ngnamankala
15	SR/DPF/DF-Brasil
16	SR/DPF/PB-Brasil
17	Instituto Cames
18	Prfecture de Iisre Grenoble
19	Hotel Omali
20	DGP_38739N6P1455872
21	Registo Notariado de Cabo Verde
22	SR/DPF/SE
23	SR/DPF/PE
24	Grupo HBD
25	DGP-08055G6P1608064
26	Servio de Migrao e Fronteiras de Palestina
27	Certificado de Residncia 
28	ASABA-Nigeria
29	Direco dos Impostos
30	SR/DPF/BA
31	DPF/MOC/MG
32	Prfecture de lEssenne EVRY
33	Embaixada em So Tom
34	DEF Delegao Santa Catarina
35	DEF-PRAIA
36	SME-Luanda
37	DEF
38	DEF Seco Emisso Passaportes
\.


--
-- Data for Name: certificates_messages; Type: TABLE DATA; Schema: public; Owner: eurrkvbyncwetd
--

COPY "public"."certificates_messages" ("id", "name", "email", "text", "sent", "date") FROM stdin;
\.


--
-- Data for Name: certificates_parent; Type: TABLE DATA; Schema: public; Owner: eurrkvbyncwetd
--

COPY "public"."certificates_parent" ("id", "title", "in_plural", "in_plural_mix", "gender", "degree") FROM stdin;
12	Tia	Tias	Tios	F	6
11	Tio	Tios	Tios	M	6
10	Sobrinha	Sobrinhas	Sobrinhos	F	7
9	Sobrinho	Sobrinhos	Sobrinhos	M	7
8	Irm	Irms	Irmos	F	5
7	Irmo	Irmos	Irmos	M	5
6	Neta	Netas	Netos	F	4
5	Neto	Netos	Netos	M	4
4	Filha	Filhas	Filhos	F	3
3	Filho	Filhos	Filhos	M	3
22	Bisneta	Bisnetas	Bisnetos	F	8
21	Bisneto	Bisnetos	Bisnetos	M	8
16	Entiada	Entiadas	Entiados	F	9
15	Entiado	Entiados	Entiados	M	9
14	Afilhada	Afilhadas	Afilhados	F	10
13	Afilhado	Afilhados	Afilhados	M	10
18	Companheira	Companheiras	Companheiros	F	-1
17	Companheiro	Companheiros	Companheiros	M	-1
20	Av	Avs	Avs	M	2
19	Av	Avs	Avs	F	2
2	Me	Mes	Pais	F	1
1	Pai	Pais	Pais	M	1
\.


--
-- Data for Name: certificates_person; Type: TABLE DATA; Schema: public; Owner: eurrkvbyncwetd
--

COPY "public"."certificates_person" ("id", "name", "surname", "id_number", "id_issue_local_id", "father_name", "mother_name", "address_id", "id_type_id", "birth_day", "birth_month", "birth_year", "bi_nasc_loc", "id_issue_day", "id_issue_month", "id_issue_year", "bi_estado", "bi_sexo", "birth_address_id", "birth_date", "gender", "id_expire_date", "id_issue_country_id", "id_issue_date", "nationality_id", "status") FROM stdin;
2351	Katiana	Sousa dos Santos	220389	13	Silvinio Tereza dos Santos	Hedina Sousa de Bano	8	4	\N	\N	\N	\N	1	1	1	\N	\N	9	2007-04-23	F	2024-06-26	3	2019-06-27	3	S
23	Sinaik da Costa Guadalupe	\N	81068	5	Bernardino Xavier Guadalupe	Leonor de Abreu da Costa	\N	4	4	2	1982	96	27	12	2018	1	1	\N	1982-02-04	M	\N	\N	2018-12-27	\N	S
24	Silvio Quaresma Pereira Leal	\N	142127	5	Geronimo Sacramento Dias Pereira Leal	Maria Quaresma Pires dos Santos	\N	4	30	5	1998	96	13	8	2019	1	1	\N	1998-05-30	M	\N	\N	2019-08-13	\N	S
25	Izaike Fernandes D Arajo Viana	\N	162430	5	Manuel D Arajo da Piedade Viana	Antnia Maria Fernandes	\N	4	21	12	1999	81	3	7	2017	1	1	\N	1999-12-21	M	\N	\N	2017-07-03	\N	S
26	Eunicio Rosario Vaz da Cruz	\N	16555	5	Manuel dos Ramos da Cruz	Aoriana do Rosrio	\N	4	24	2	1951	96	11	6	2020	1	1	\N	1951-02-24	M	\N	\N	2020-06-11	\N	S
29	Eva Maria Gomes da Trindade Cardoso	\N	60018	5	Alfredo da Trindade 	Eugnia Vaz D  Almeida Bragana Gomes	\N	4	29	3	1973	81	9	9	2013	2	2	\N	1973-03-29	F	\N	\N	2013-09-09	\N	M
30	Admila Boa Morte Afonso	\N	99423	5	Calixto Afonso da Vera Cruz Almeida	Octvia de Boa Morte Borja	\N	4	13	10	1987	81	4	10	2018	1	2	\N	1987-10-13	F	\N	\N	2018-10-04	\N	S
31	Ermelinda da Costa Mendes	\N	CB 266961	6	Manuel Mendes	Maria Fernandes Batista da Costa	\N	5	19	8	1983	118	10	12	2019	1	2	\N	1983-08-19	F	\N	\N	2019-12-10	\N	S
32	Jakson Pacunha da Graa Mandinga	\N	112600	5	Sidny Antnio Pereira da Graa Mandinga	Florentina do Espirito Pacunha	\N	4	23	8	1992	96	23	11	2018	1	1	\N	1992-08-23	M	\N	\N	2018-11-23	\N	S
38	Diolinda Ramos	\N	69637	5	Manuel Francisco Tavares	Paulina Soledade Ramos	\N	4	6	12	1975	81	15	10	2018	1	2	\N	1975-12-06	F	\N	\N	2018-10-15	\N	S
46	Accio D Almeida Loureno	\N	99198	5	Cassiano Rosa Loreno	Maria Fernanda D Almeida	\N	4	21	9	1980	79	7	5	2021	1	1	\N	1980-09-21	M	\N	\N	2021-05-07	\N	S
47	Adasilza Afonso Carvalho da Apresentao	\N	93706	5	Cndido de Carvalho da Apresentao	Victria da Glria Pires Afonso	\N	4	2	5	1984	101	3	5	2021	1	2	\N	1984-05-02	F	\N	\N	2021-05-03	\N	S
48	Eullia da Graa Francisco	\N	234387	5	Simo Francisco	Eullia Pereira da Graa	\N	4	14	4	1989	85	13	5	2021	1	2	\N	1989-04-14	F	\N	\N	2021-05-13	\N	S
49	Seley da Graa Fernando	\N	160375	5	Francisco Fernando 	Arlete da Trindade da Graa	\N	4	4	9	2000	96	7	8	2016	1	2	\N	2000-09-04	F	\N	\N	2016-08-07	\N	S
51	Zhang Wenxiao	\N	E51456088	8	Zhang Huafu	You Yong Qin	\N	5	25	12	1969	129	21	5	2015	1	1	\N	1969-12-25	M	\N	\N	2015-05-21	\N	S
52	Dionisia da Trindade do Sacramento	\N	80244	5	Dionisio de Apresentao do Sacramento	Rosa da Trindade Santiago	\N	4	9	4	1978	96	29	9	2016	1	2	\N	1978-04-09	F	\N	\N	2016-09-29	\N	S
53	Artur Henriques Queiroz	\N	71288	5	Evaristo da Costa Henriques	Cila Stok da Cruz Queiroz	\N	4	28	3	1976	81	7	1	2016	1	1	\N	1976-03-28	M	\N	\N	2016-01-07	\N	S
54	Jorge da Silva Capela Santos Ferreira	\N	158630	5	Afonso Pires dos Santos Ferreira 	Abelina Judite da Silva Capela	\N	4	29	1	2001	96	1	8	2016	1	1	\N	2001-01-29	M	\N	\N	2016-08-01	\N	S
55	Elcio Mendes do Espirito Santo	\N	137334	5	Calos Alberto Marinho do Espirito Santo	Joana Pascoela Mendes	\N	4	6	11	1986	79	21	8	2019	1	1	\N	1986-11-06	M	\N	\N	2019-08-21	\N	S
16	Cesaltina Cassandra	\N	88848	5	Celestino Cassandra	Fernanda Maria Morais	\N	4	24	3	1985	79	17	3	2014	1	2	\N	1985-03-24	F	\N	\N	2014-03-17	\N	S
18	Jekson Mayquer de Sousa da Tridade	\N	109515	5	Filipe Julio da Trindade	Adriana  Soares Coimbra de Sousa	\N	4	12	8	1990	81	1	8	2019	1	1	\N	1990-08-12	M	\N	\N	2019-08-01	\N	S
19	Robson dos Ramos da Costa Neto	\N	111866	5	Balduino Viana da Costa	Eliza Viegas dos Ramos	\N	4	25	3	1988	81	12	3	2017	1	1	\N	1988-03-25	M	\N	\N	2017-03-12	\N	S
20	Carlos do Sacramento Dad	\N	24541	13	Manuel do Sacramento Dad	Maria da Trindade Victria	\N	4	9	4	1944	117	15	10	2019	1	1	\N	1944-04-09	M	\N	\N	2019-10-15	3	S
62	Stnio Marques Magalhes	\N	176028	5	Jlio Jesus de Magalhes	Maria Conceio Pina Marques	\N	4	12	2	1982	79	3	1	2019	1	1	\N	1982-02-12	M	\N	\N	2019-01-03	\N	S
63	Eramila Trindade dos Anjos	\N	146377	5	Luis dos Anjos Rompo 	Lucilia Manuela Trindade	\N	4	30	6	1999	81	8	12	2020	1	2	\N	1999-06-30	F	\N	\N	2020-12-08	\N	S
64	Jorge Ferreira da Cruz	\N	121886	5	Joo Augusto da Cruz	Maria do Carmo Ferreira Morais	\N	4	23	4	1994	135	13	12	2019	1	1	\N	1994-04-23	M	\N	\N	2019-12-13	\N	S
65	Manuel do Sacramento Pequeno Junior	\N	18908	5	Manuel do Sacramento Pequeno 	Maria Francisca	\N	4	8	7	1946	107	24	10	2016	1	1	\N	1946-07-08	M	\N	\N	2016-10-24	\N	S
2352	Hedina	Sousa de Barros	122062	13	Manuel Ramos de Barros	Maria Pires de Sousa	8	4	\N	\N	\N	\N	1	1	1	\N	\N	9	1981-06-19	F	2031-08-03	3	2021-08-05	3	S
67	Eugenio Cuaresma Cuaresma	\N	45603	13	Joo Cuaresma 	Eugenia Cuaresma	\N	4	7	2	1956	136	22	9	2010	1	1	\N	1956-02-07	M	\N	\N	2010-09-22	3	S
69	Roberto Garrido de Sousa Pontes	\N	58903	5	Luis Alcantara de Sousa Pontes	Roberta Leite Garrido	\N	4	23	4	1972	96	30	1	2014	1	1	\N	1972-04-23	M	\N	\N	2014-01-30	\N	S
70	Cely  Piedosa Alcntara dos Ramos	\N	158245	5	Virgilio Sacramento dos Ramos	Inocencia Ramos Vaz Alcantara	\N	4	13	10	2000	110	16	9	2020	1	2	\N	2000-10-13	F	\N	\N	2020-09-16	\N	S
71	Jose Pereira	\N	39414	5	Luiza Pereira	\N	\N	4	26	1	1951	117	12	10	2009	1	1	\N	1951-01-26	M	\N	\N	2009-10-12	\N	S
72	Abilecio Dias Cambl	\N	135400	5	Abilio Ferreira Cambl	Jacinta Dias D Almeida Barros	\N	4	23	9	1995	102	11	1	2019	1	1	\N	1995-09-23	M	\N	\N	2019-01-11	\N	S
73	Wilson Funde Vasconcelos Ingls 	\N	79378	5	Aureliano de Vasconcelos Ingls  	Ivone da Costa Afonso Funde	\N	4	17	6	1978	138	15	9	2017	1	1	\N	1978-06-17	M	\N	\N	2017-09-15	\N	S
74	Cremilde da Trindade Pires da Mota	\N	132219	5	Cosme Pires da Mata	Daniela da Trindade	\N	4	28	6	1986	81	14	2	2019	1	2	\N	1986-06-28	F	\N	\N	2019-02-14	\N	S
75	Sheila da Costa Cravid Afonso Freitas	\N	128842	5	Aurlio Trovoada Afonso Freitas 	 Maria de Lurdes Neves da Costa Cravid	\N	4	7	2	1996	96	15	8	2018	1	2	\N	1996-02-07	F	\N	\N	2018-08-15	\N	S
76	Daniel Joaquim DOliveira dos Ramos	\N	124420	5	Daniel Mateus de Oliveira 	Isaura Joaquim	\N	4	23	2	1996	128	7	8	2019	2	1	\N	1996-02-23	M	\N	\N	2019-08-07	\N	M
77	Virgilio Francisco Vaz Campos	\N	111626	5	Francisco da Costa Lima	Ana Rodrigues Vaz Campos	\N	4	1	6	1968	96	7	12	2015	1	1	\N	1968-06-01	M	\N	\N	2015-12-07	\N	S
78	Fernando da Graa da Trindade	\N	32779	5	Manuel da Trindade	Lucrcio Brando da Graa	\N	4	14	6	1955	141	7	6	2018	1	1	\N	1955-06-14	M	\N	\N	2018-06-07	\N	S
79	Ludmila Samba da Costa	\N	126288	5	Artur de Sousa da Costa	Ana Cristina Samba Pedro	\N	4	17	2	1983	122	15	1	2021	1	2	\N	1983-02-17	F	\N	\N	2021-01-15	\N	S
81	Elionay da Silva da Mata	\N	117508	5	Incio Jos da Mata	Mariana dos Ramos da Silva da Mata	\N	4	22	9	1991	96	13	2	2017	1	1	\N	1991-09-22	M	\N	\N	2017-02-13	\N	S
82	Danyela Soares d Assuno Castro	\N	168123	5	Danilo Miguel d Assuno Castro	Hilria Soares	\N	4	28	5	1998	81	16	8	2017	1	2	\N	1998-05-28	F	\N	\N	2017-08-16	\N	S
84	Adjanilza de Magalhes Bonfim do Ano	\N	168159	5	Argentino Bonfim do Ano	Celnia Carla da Graa Rosa de Magalhes	\N	4	22	12	2000	96	6	5	2021	1	2	\N	2000-12-22	F	\N	\N	2021-05-06	\N	S
85	Hirondino Henriques dos Santos	\N	67463	5	Manuel dos Santos	Maria Henriques	\N	4	23	4	1970	81	23	12	2012	1	1	\N	1970-04-23	M	\N	\N	2012-12-23	\N	S
86	Judiciley da Costa Barros Soares Pinto	\N	169110	5	Engrcio Soares Pinto	Ivalda Noronha da Costa Barros	\N	4	23	7	1996	81	19	5	2021	1	1	\N	1996-07-23	M	\N	\N	2021-05-19	\N	S
87	Jackson da Costa da Conceio	\N	183988	5	Jackson Gonalves da Conceio	Erica Samara de Bom Jesus Alves da Costa	\N	4	23	11	2002	96	11	8	2020	1	1	\N	2002-11-23	M	\N	\N	2020-08-11	\N	S
88	Adelino Lima D Assuno  	\N	112449	13	Manuel dos Ramos Pedro D Assuno	Maria do Espirito D Arajo Lima 	\N	4	18	12	1987	128	27	4	2021	1	1	\N	1987-12-18	M	\N	\N	2021-04-27	3	S
90	Alitnia da Conceio das Neves	\N	167048	5	David do Espirito Santo das Neves	Maria Augusta da Conceio Neto das Neves	\N	4	18	12	2002	96	17	7	2021	1	2	\N	2002-12-18	F	\N	\N	2021-07-17	\N	S
91	Arcangela Ferreira do Nascimento Lus Miguel	\N	79511	13	Manuel do Nascimento Lus 	Guilhermina Ferreira Neves	\N	4	27	5	1981	128	10	5	2017	2	2	\N	1981-05-27	F	\N	\N	2017-05-10	3	M
92	Zenaida Martins Sousa Soares	\N	84415	5	Lus do Rosrio Sousa Soares	Antnia Felizarda Martins do Rosrio	\N	4	10	10	1982	169	16	4	2021	1	2	\N	1982-10-10	F	\N	\N	2021-04-16	\N	S
93	Alirio Batista Semedo	\N	166034	5	Alirio Freire Semedo	ngela Maria Batista Neto	\N	4	18	6	2002	96	16	3	2021	1	1	\N	2002-06-18	M	\N	\N	2021-03-16	\N	S
94	Nair da Costa Piedade Guadalupe Rosa	\N	217849	5	Nuno de Guadalupe Rosa	Edizagila da Costa Piedade Viana	\N	4	6	5	1999	148	5	12	2018	1	2	\N	1999-05-06	F	\N	\N	2018-12-05	\N	S
95	Ivaldino dos Santos Sousa Fernandes	\N	146753	5	Incio dos Santos Fernandes 	Beatriz dos Santos de Sousa	\N	4	13	11	1995	96	22	10	2018	1	1	\N	1995-11-13	M	\N	\N	2018-10-22	\N	S
96	Pedro Santana da Madre Deus	\N	57349	13	Manuel da Madre Deus Junior	Ana Santana Neto	\N	4	21	1	1969	117	2	3	2015	1	1	\N	1969-01-21	M	\N	\N	2015-03-02	3	S
57	Atenilza Soares Menezes	\N	139449	5	Joo Pimentel Menezes	Hortncia de Almeida Soares	\N	4	23	1	1991	130	24	10	2019	1	2	\N	1991-01-23	F	\N	\N	2019-10-24	\N	S
59	Helder de Sousa Mercs Lima	\N	114546	5	Arlindo Bonfim Mercs Lima	Natercia do Rosrio Quaresma de Sousa	\N	4	10	2	1985	96	4	9	2017	1	1	\N	1985-02-10	M	\N	\N	2017-09-04	\N	S
60	Francelina Antnia Salvador dos Santos	\N	66092	5	Filipe Pires dos Santos 	Ivone Martins dos Santos Salvador	\N	4	19	10	1974	81	6	7	2017	1	2	\N	1974-10-19	F	\N	\N	2017-07-06	\N	S
61	Aldina Domingas da Cruz Pereira	\N	203800	5	Aurlio da Cruz Pereira	Guilhermina Zlia Domingas	\N	4	16	6	1990	132	11	4	2019	1	2	\N	1990-06-16	F	\N	\N	2019-04-11	\N	S
102	Abenildo da Fonseca Fernandes D Almeida	\N	150819	13	Bonifcio Fernandes D Almeida	Arminda do Rosrio da Fonseca D Almeida	\N	4	19	5	2000	96	31	8	2020	1	1	\N	2000-05-19	M	\N	\N	2020-08-31	3	S
104	Denilze Neto Abreu das Neves	\N	168596	5	Fausto Policarpo Abreu das Neves	Evaldina Maisa Neto	\N	4	12	11	2000	96	30	7	2018	1	2	\N	2000-11-12	F	\N	\N	2018-07-30	\N	S
105	Doday Lopes Batista Frota	\N	91447	5	Samuel Batista da Costa Frota 	Maria de Jesus Deus Lopes Frota	\N	4	4	4	1985	147	9	1	2017	1	1	\N	1985-04-04	M	\N	\N	2017-01-09	\N	S
107	Ctia Lucas d Oliveira	\N	187937	5	Justino da Mata d Oliveira	Maria Filomena Afonso Lucas	\N	4	29	6	2003	96	15	2	2021	1	2	\N	2003-06-29	F	\N	\N	2021-02-15	\N	S
108	Jucineyd de Oliveira Lima	\N	175050	5	Justino Viegas de Abreu lima 	Jacinta da Mata de Oliveira	\N	4	26	5	2000	96	8	8	2019	1	2	\N	2000-05-26	F	\N	\N	2019-08-08	\N	S
110	Samilay das Neves de Sousa	\N	168172	5	Placido Alegria de Sousa 	Maria da Graa Nene das Neves	\N	4	6	10	2000	96	18	6	2018	1	2	\N	2000-10-06	F	\N	\N	2018-06-18	\N	S
111	Isaias Barreto Ceita Nazar	\N	160398	5	Lucrecio Diniz da Mata de Ceita Nazar	Angelina Vaz do Espirito Santo Barreto	\N	4	26	7	2001	147	14	6	2021	1	1	\N	2001-07-26	M	\N	\N	2021-06-14	\N	S
112	Manuel do Espirito Santo	\N	14596	5	Manuel do Espirito Santo	Maria Penha Zinha Vicente Fernandes	\N	4	11	9	1945	117	13	12	2013	1	1	\N	1945-09-11	M	\N	\N	2013-12-13	\N	S
113	Elton Cravid dos Santos	\N	152787	5	Silvestre Quaresma Soares dos Santos 	Maria Victoria Cravid da Cunha Lisboa	\N	4	5	2	1999	96	21	9	2020	1	1	\N	1999-02-05	M	\N	\N	2020-09-21	\N	S
115	Antnia da Trindade Quaresma Cambl 	\N	98439	5	Maximino Quaresma Cambl	Maria Alves da Trindade	\N	4	19	2	1972	107	15	4	2021	1	2	\N	1972-02-19	F	\N	\N	2021-04-15	\N	S
116	Norberta de Melo Tavares Carvalho	\N	70333	5	Armando Mendes Tavares	Luzia Correia de Melo	\N	4	6	6	1969	81	9	10	2020	4	2	\N	1969-06-06	F	\N	\N	2020-10-09	\N	V
118	Genisvaldo Cosme Jos da Costa	\N	173541	5	Osvaldo Pires Jos da Costa	Ana Loureno Cosme	\N	4	11	9	2001	96	15	8	2018	1	1	\N	2001-09-11	M	\N	\N	2018-08-15	\N	S
120	Dinilson Garcia Capela	\N	181392	5	Adelino da Costa Capela	Antnia Mendes Garcia	\N	4	14	4	2002	96	15	9	2020	1	1	\N	2002-04-14	M	\N	\N	2020-09-15	\N	S
121	Joel Correia Rodrigues	\N	182230	5	\N	Domingas Correia de Melo Rodrigues	\N	4	11	2	2002	96	13	10	2020	1	1	\N	2002-02-11	M	\N	\N	2020-10-13	\N	S
122	Joo Luis Carneiro da Silva	\N	55935	13	Guilherme Carneiro da Silva	Maria Oflia	\N	4	7	2	1970	117	12	4	1922	2	1	\N	1970-02-07	M	\N	\N	1922-04-12	3	M
123	Dilcimene Adelaide Bragana	\N	145592	5	Horcio do Sacramento Braganca	Albertina  Adelaide 	\N	4	16	8	2000	147	14	8	2018	1	2	\N	2000-08-16	F	\N	\N	2018-08-14	\N	S
124	Waker Cristo Guadalupe	\N	189394	5	Juvenal de Almeida Guadalupe	Inossencia Rosa Cristo	\N	4	15	9	2002	81	10	9	2020	1	1	\N	2002-09-15	M	\N	\N	2020-09-10	\N	S
126	Adailton Fernandes Coelho da Fonseca	\N	125466	5	Lus Manuel Coelho da Fonseca 	Nomia Fernandes Soares	\N	4	6	4	1996	96	4	2	2020	1	1	\N	1996-04-06	M	\N	\N	2020-02-04	\N	S
127	Abjacilene Nascimento Rodrigues	\N	189812	5	Anelcio Correia Rodrigues	Josefa Managem Nascimento Rodrigues	\N	4	12	2	2006	96	15	7	2020	1	2	\N	2006-02-12	F	\N	\N	2020-07-15	\N	S
128	Isidoro Oliveira Fortes	\N	160689	5	Armando da Cruz Fortes 	Albertina Viegas de Carvalho Oliveira	\N	4	4	4	2000	152	26	9	2019	1	1	\N	2000-04-04	M	\N	\N	2019-09-26	\N	S
129	Heder Jonhson das Neves Silva	\N	176053	13	Vicente  DAssuno Silva	Graciete das Neves de Bom Despacho	\N	4	19	1	2004	96	25	6	2019	1	1	\N	2004-01-19	M	\N	\N	2019-06-25	3	S
130	Romisia Afonso Neto Rompo	\N	161229	5	Leonel Vaz Dias Rompo	Adalvantina de Assuno Afonso Neto	\N	4	24	11	1999	96	1	9	2020	1	2	\N	1999-11-24	F	\N	\N	2020-09-01	\N	S
131	Katiana da Graa Almeida Va-Jeng	\N	167257	5	Joo de Almeida Va-Jeng	Licinia da Graa Sousa e Almeida	\N	4	4	8	2001	96	15	7	2017	1	2	\N	2001-08-04	F	\N	\N	2017-07-15	\N	S
132	Kdma Vaz Pereira Va-Geng	\N	172451	5	Sedney Quaresma de Almeida Va-Geng 	Snia Sofia Vaz Pereira	\N	4	31	5	2004	96	2	8	2018	1	2	\N	2004-05-31	F	\N	\N	2018-08-02	\N	S
133	Edmar Patrcio Amaral Carvalho	\N	76123	5	Evaristo do Espirito Santo Carvalho	Deolinda da Glria Amaral	\N	4	25	3	1979	117	29	3	2017	1	1	\N	1979-03-25	M	\N	\N	2017-03-29	\N	S
134	Tereza Freire Vaz Rodrigues	\N	88025	5	Marcelino Vaz Rodrigues	Felismina da Silva Freire	\N	4	28	9	1983	96	23	12	2020	1	2	\N	1983-09-28	F	\N	\N	2020-12-23	\N	S
136	Josemar Monteiro de Almeida	\N	135147	13	Edmar Filipe de Almeida	Arlinda Monteiro Silva	\N	4	9	6	1996	169	6	1	2021	1	1	\N	1996-06-09	M	\N	\N	2021-01-06	3	S
98	Lucio de sousa da Cruz Fonseca	\N	44131	5	Jacob Nascimento Cruz Fonseca	Maria do Nascimento Ftima de Sousa	\N	4	23	10	1965	131	19	10	2018	2	1	\N	1965-10-23	M	\N	\N	2018-10-19	\N	M
99	Rosa do Sacramento Dad	\N	50888	5	Manuel do Sacramento Quaresma Dad	Maria Victria	\N	4	27	5	1946	117	1	10	2020	1	2	\N	1946-05-27	F	\N	\N	2020-10-01	\N	S
100	Adnizia Teixeira Bonfim	\N	196133	13	Filipe Sebastio Luis Bonfim	Luiza de Cristo Soares Teixeira 	\N	4	14	4	2004	149	29	6	2021	1	2	\N	2004-04-14	F	\N	\N	2021-06-29	3	S
101	Micael de Melo Carvalho	\N	171734	5	Domingos Carvalho	Noberta de Melo Tavares Carvalho 	\N	4	29	3	2000	98	27	4	2021	1	1	\N	2000-03-29	M	\N	\N	2021-04-27	\N	S
145	Faustina Romano do Esprito Santo	\N	36501	5	Fausto da Graa do Esprito Santo	Damiana do Rosrio Romano	\N	4	20	4	1951	81	2	7	2010	1	2	\N	1951-04-20	F	\N	\N	2010-07-02	\N	S
146	Denilson Pires dos Santos Trindade DAlmeida	\N	158835	5	Norberto Trindade DAlmaida	Anila Martins Pires dos Santos	\N	4	24	4	2000	96	25	7	2016	1	1	\N	2000-04-24	M	\N	\N	2016-07-25	\N	S
147	Deolinda Lopes Silva	\N	71643	5	Antnio Duarte Silva 	Benedita Lopes Sanches	\N	4	14	10	1974	159	4	7	2016	1	2	\N	1974-10-14	F	\N	\N	2016-07-04	\N	S
148	Valter Tavares Costa Alegre	\N	186244	5	Adrito Afonso da Costa Alegre	Maria Antnia Tavares	\N	4	13	9	2003	96	15	8	2020	1	1	\N	2003-09-13	M	\N	\N	2020-08-15	\N	S
150	Lcia Mendona dos Santos	\N	101304	13	Lcio Cambl dos Santos	Sema da Glria Neto Vaz de Mendona	\N	4	14	5	1987	81	29	3	2018	1	2	\N	1987-05-14	F	\N	\N	2018-03-29	3	S
151	Cledia de Sousa Pontes da Graa do Espirito Santo	\N	100337	5	Arlindo da Graa do Espirito Santo	Ivete Lima de Sousa Pontes	\N	4	13	9	1977	128	9	7	2018	1	2	\N	1977-09-13	F	\N	\N	2018-07-09	\N	S
152	Melanie de Boa Esperana Pereira de Amorim	\N	158850	5	Oscar da Costa Pereira de Amorim 	Andreza Catambe Boa Esperana	\N	4	22	11	2000	124	7	4	2021	1	2	\N	2000-11-22	F	\N	\N	2021-04-07	\N	S
153	Daniela Afonso Sousa	\N	175957	5	Guilherme Sousa Assuno	Glria Soares Afonso	\N	4	19	3	2003	96	28	5	2019	1	2	\N	2003-03-19	F	\N	\N	2019-05-28	\N	S
155	Higiney Lopes da Conceio Paquete	\N	97633	5	Apolinrio Neto da Conceio Paquete	Cristiana Fernandes Lopes	\N	4	3	4	1988	122	13	8	2019	1	1	\N	1988-04-03	M	\N	\N	2019-08-13	\N	S
158	Marlene da Silva Tavares	\N	165473	13	Pedro Nunes Tavares	Maria Antnia Ganete da Silva	\N	4	10	12	2002	81	31	8	2020	1	2	\N	2002-12-10	F	\N	\N	2020-08-31	3	S
159	Rafael Correia do Sacramento Sanha	\N	173312	5	Bacar Sanha	Sila Cristina Correia do Sacramento Neto	\N	4	22	6	2003	96	6	8	2018	1	1	\N	2003-06-22	M	\N	\N	2018-08-06	\N	S
160	Rosete Dias da Silva	\N	176147	5	Fernando de Conceio Silva	Clara Nazar da Mata Dias	\N	4	14	5	2000	96	24	6	2019	1	2	\N	2000-05-14	F	\N	\N	2019-06-24	\N	S
161	Isabel de Brito Barros	\N	234675	5	Daniel de Pina Barros	Herminia de Brito	\N	4	9	12	1971	96	2	6	2021	1	2	\N	1971-12-09	F	\N	\N	2021-06-02	\N	S
163	Arzenilson Bragana Fernandes Benguela	\N	157317	5	Jos Alexandre Fernandes Benguela	Arnalda Augusta Neto Bragana	\N	4	24	3	1989	81	26	2	2019	1	1	\N	1989-03-24	M	\N	\N	2019-02-26	\N	S
164	Constantino  Soares Pires dos Santos	\N	69124	5	Jorge Pires dos Santos	Maria da Glria Soares	\N	4	15	4	1975	96	4	4	2019	1	1	\N	1975-04-15	M	\N	\N	2019-04-04	\N	S
165	Marcilina do Nascimento Quaresma	\N	158210	5	Marcelino do Rasrio da Glria Quaresma	Paula dos Reis do Nascimento	\N	4	26	7	2001	147	12	5	2021	1	2	\N	2001-07-26	F	\N	\N	2021-05-12	\N	S
166	Esperana da Conceio Come	\N	36207	5	Pedro Cosme	Maria da Conceio	\N	4	9	6	1952	81	19	1	2011	1	2	\N	1952-06-09	F	\N	\N	2011-01-19	\N	S
167	Eurico da Conceio Fernandes	\N	36602	5	Manuel do Sacramento Vicente Fernandes	Victoria da Conceio Rompo	\N	4	19	3	1958	81	23	12	2013	1	1	\N	1958-03-19	M	\N	\N	2013-12-23	\N	S
168	Faustino Major de Figueiredo	\N	59563	5	Horcio Pereira de Figueiredo 	Maria Nazar Carvalho Ferreira Major	\N	4	3	11	1970	96	9	11	2015	1	1	\N	1970-11-03	M	\N	\N	2015-11-09	\N	S
169	Celeste Maria Soares de Almeida da Costa	\N	68645	5	Joo de  Deus de Almeida	Maria da Cruz Soares Feliz	\N	4	19	10	1972	96	4	7	2016	1	2	\N	1972-10-19	F	\N	\N	2016-07-04	\N	S
173	Leya Maria Mazanga Nana	\N	183344	5	Agostinho Nana Dua	Ilda Maria Eo Nazanga Nana	\N	4	13	3	2000	88	24	6	2019	1	2	\N	2000-03-13	F	\N	\N	2019-06-24	\N	S
174	Aida da Luz Oliveira	\N	20115	5	Mateus Tefilo Oliveira	Maria de Lourdes da Luz	\N	4	2	7	1970	81	13	3	2020	1	2	\N	1970-07-02	F	\N	\N	2020-03-13	\N	S
175	Aida da Luz Oliveira	\N	60115	13	Mateus Tefilo Oliveira	Maria de Lourdes da Luz	\N	4	2	7	1970	81	13	3	2020	1	2	\N	1970-07-02	F	\N	\N	2020-03-13	3	S
176	Tonilda Selandra Fernandes Soares	\N	82689	5	Tom Dias Quaresma Soares	Claudia Irenga  Fernandes Cot	\N	4	1	9	1979	138	17	12	2019	1	2	\N	1979-09-01	F	\N	\N	2019-12-17	\N	S
1034	Ernestina Cabinda	\N	45782	13	Cabinda 	Alice Calua	\N	4	13	2	1950	81	10	2	2014	1	2	\N	1950-02-13	F	\N	\N	2014-02-10	3	S
139	Grcia Silva Sousa Vieira	\N	135854	13	Jos da Costa Sousa Vieira	Ana Maria Quaresma e Silva	\N	4	28	5	1996	96	20	8	2018	1	2	\N	1996-05-28	F	\N	\N	2018-08-20	3	S
140	Mauro Lima Monteiro 	\N	168138	5	Jlio Monteiro 	Maria Catarina Pinto Lima	\N	4	15	5	2001	96	16	8	2017	1	1	\N	2001-05-15	M	\N	\N	2017-08-16	\N	S
143	Namila Santos Dias	\N	99882	13	Antnio Manuel Dias	Esperana de Cristo Santos 	\N	4	6	9	1982	122	18	9	2018	1	2	\N	1982-09-06	F	\N	\N	2018-09-18	3	S
141	Nelcilaine Afonso de Sousa Pontes Fernandes	\N	145867	5	Nelson de Sousa Pontes Fernandes	Secilaine Lima Afonso	\N	4	3	1	2000	169	17	10	2016	1	2	\N	2000-01-03	F	\N	\N	2016-10-17	\N	S
221	Bizulay da Silva Lima	\N	124624	5	Domingos do Nascimento Pereira de Lima	Filipa Beatriz Sousa Pontes da Silva	\N	4	23	9	1994	81	4	4	2019	1	1	\N	1994-09-23	M	\N	\N	2019-04-04	\N	S
144	Dalton Rodrigues Cravid	\N	146104	5	Valdmiro Nazar de Almeida Cravid	Antnia da Conceio Rodrigues	\N	4	22	1	2000	96	12	1	2021	1	1	\N	2000-01-22	M	\N	\N	2021-01-12	\N	S
183	Amalia Mazanga Bundo	\N	144625	5	Jos Pand Bundo	Albertina Cabangala Mazanga	\N	4	7	3	1999	81	26	7	2019	1	2	\N	1999-03-07	F	\N	\N	2019-07-26	\N	S
184	Guilhermina Andr da Costa	\N	60631	5	Lus And	Etelvina do Nascimento Borja da Costa	\N	4	20	8	1966	163	16	7	2018	1	2	\N	1966-08-20	F	\N	\N	2018-07-16	\N	S
185	Luizete Esteves Cambl	\N	145216	5	Alberto Pires dos Santos Cambl	Adlia Nazar Esteves	\N	4	24	10	1999	81	11	8	2020	1	2	\N	1999-10-24	F	\N	\N	2020-08-11	\N	S
186	Marlene do Ceu Augusto	\N	171710	13	Francisco Augusto	Francisca Carlota do Ceu	\N	4	26	3	2000	88	16	6	2018	1	2	\N	2000-03-26	F	\N	\N	2018-06-16	3	S
188	Zezilene Sebastio Assuno Castro	\N	167105	5	Arcangelo Pires dos Santos Assuno Castro	Eva Maria Sebastio	\N	4	22	10	1995	96	9	8	2017	1	1	\N	1995-10-22	M	\N	\N	2017-08-09	\N	S
189	Mirin Carvalho da Silva Lima	\N	172875	5	Cirilo da Silva Lima	Licinia Maria Lopes	\N	4	27	11	2001	96	26	7	2018	1	2	\N	2001-11-27	F	\N	\N	2018-07-26	\N	S
190	Betilisio Fernandes da Cunha	\N	162555	5	Elizeu da Conceio Cunha	Elizabeth Fernandes dos Anjos	\N	4	1	6	1999	117	14	8	2017	1	1	\N	1999-06-01	M	\N	\N	2017-08-14	\N	S
191	Mileidy Figueira Soares	\N	166489	5	Guelherme do Rosrio Soares	Deolinda Figueira	\N	4	7	8	2001	96	5	8	2017	1	2	\N	2001-08-07	F	\N	\N	2017-08-05	\N	S
192	Natally Sousa Pontes de Carvalho	\N	165224	5	Jes Cambl de Carvalho	Vivalda Marisa de Ceita Sousa Pontes	\N	4	25	12	2002	96	31	7	2017	1	2	\N	2002-12-25	F	\N	\N	2017-07-31	\N	S
193	Laura Daio do Espirito Santo	\N	156860	5	Ilidio das Neves do Espirito Santo	Itervina Daio Guadalupe	\N	4	3	10	2000	162	25	5	2021	1	2	\N	2000-10-03	F	\N	\N	2021-05-25	\N	S
194	Itiana Daio do Espirito Santo	\N	154688	5	Ilidio das Neves do Espirito Santo 	Etelvina Daio de Guadalupe	\N	4	19	4	2000	169	25	7	2016	1	2	\N	2000-04-19	F	\N	\N	2016-07-25	\N	S
199	Arlindo Fernades	\N	162456	5	\N	Sandra Maria de Carvalho Fernandes	\N	4	3	4	1999	96	26	6	2017	1	1	\N	1999-04-03	M	\N	\N	2017-06-26	\N	S
200	Eduarda da Mata Ferreira de Ceita	\N	145249	5	Eduardo Ferreira de Ceita Carvalho	Iolanda da Mata dos Santos	\N	4	23	6	1999	96	28	6	2019	1	2	\N	1999-06-23	F	\N	\N	2019-06-28	\N	S
201	Tiago Ferreira Constantino	\N	PC 033910	9	Luiz Constantino	Carminda Ferreira Lopes Moreira	\N	5	1	7	2005	81	29	3	2017	1	1	\N	2005-07-01	M	\N	\N	2017-03-29	\N	S
202	Jonalse de Sousa Pontes da Glria	\N	122005	13	Fernando Antnio da Glria 	Tereza Cavalho de Sousa Pontes	\N	4	30	3	1991	81	8	10	2021	1	1	\N	1991-03-30	M	\N	\N	2021-10-08	3	S
203	Jesska Afonso da Costa	\N	158811	13	Elvazio do Sacramento da Costa	Helga Neriza Fernandes Afonso	\N	4	28	9	2002	96	26	7	2022	1	2	\N	2002-09-28	F	\N	\N	2022-07-26	3	S
181	Artur Jorge Soares Costa	\N	121081	5	Ivo Mendona Costa	Leopoldina Neto Soares Moreira	\N	4	2	8	1994	96	22	7	2020	1	1	\N	1994-08-02	M	\N	\N	2020-07-22	\N	S
204	Iasalda Manuel Bom Jesus Soares	\N	173647	5	Iasalde Manuel Santana Soares	Constana de Bom Jesus Pereira	\N	4	30	9	2003	85	18	6	2018	1	2	\N	2003-09-30	F	\N	\N	2018-06-18	\N	S
205	Vania dos Santos da Trindade Neto	\N	139551	5	Delicio da Graa da Trindade Neto	Maria Lima Cupertino dos Santos	\N	4	15	12	1997	96	11	11	2017	1	2	\N	1997-12-15	F	\N	\N	2017-11-11	\N	S
206	Silvania Semedo Saldanha	\N	189771	5	Francisco Joaquim Saldanha	Constana Tavares Semedo	\N	4	20	1	2003	96	20	7	2020	1	2	\N	2003-01-20	F	\N	\N	2020-07-20	\N	S
208	Arnildo Keita Carneiro Marques de Alva	\N	74275	5	Roderico Marques de Alva	Dalila	\N	4	11	4	1977	96	24	3	2020	1	1	\N	1977-04-11	M	\N	\N	2020-03-24	\N	S
209	Valdemar da Costa Muhongo	\N	139910	5	Joo Manuel Muhongo	Julieta Elisia das Dores da Costa Trulha Muhongo	\N	4	13	8	1998	88	10	9	2019	1	1	\N	1998-08-13	M	\N	\N	2019-09-10	\N	S
210	Cremilda Maria dos Santos	\N	157990	5	Helder da Trindade dos Santos 	Maria Fernanda	\N	4	11	11	1984	96	10	7	2016	1	2	\N	1984-11-11	F	\N	\N	2016-07-10	\N	S
211	Daniel Mendes Afonso Neto	\N	159130	5	Incio Mrio Afonso Neto	Lovilay D Apresentao Mendes	\N	4	6	7	2000	96	2	7	2021	1	1	\N	2000-07-06	M	\N	\N	2021-07-02	\N	S
213	Sandro Miguel Neto de Barros	\N	94066	5	Joaquim de Barros Queiroz da Silva Costa	Tereza Nazar Guadalupe Sacramento Neto Queiroz	\N	4	8	11	1986	122	27	1	2018	1	1	\N	1986-11-08	M	\N	\N	2018-01-27	\N	S
214	Eudmisia Sousa Pontes Rodrigues	\N	146533	5	Nautilio Andreza Rodrigues	Eufrsia Maria de Ceita Sousa Pontes	\N	4	5	4	1999	96	5	8	2020	1	2	\N	1999-04-05	F	\N	\N	2020-08-05	\N	S
215	Gerlusia da Costa Honorio	\N	157032	5	Gervasio Tome Pires Honorio	Maria Luisa Apresentao da Costa	\N	4	11	1	2000	118	22	6	2016	1	2	\N	2000-01-11	F	\N	\N	2016-06-22	\N	S
216	Jobel do Espirito da Cruz	\N	150597	5	Manuel Alberto da Cruz	Zulmira Francisca do Espirito	\N	4	17	12	1997	86	10	7	2020	1	1	\N	1997-12-17	M	\N	\N	2020-07-10	\N	S
1441	Laizy Tavares	\N	152478	13	\N	Rosa Maria Tavares	\N	4	26	6	1997	191	28	7	2021	1	2	\N	1997-06-26	F	\N	\N	2021-07-28	3	S
245	Icler Soares de Brito	\N	131403	5	Antnio Rodrigues Brito	Maria Cupertina	\N	4	23	2	1994	81	5	2	2020	1	1	\N	1994-02-23	M	\N	\N	2020-02-05	\N	S
242	Danilton Mateus da Cruz Fonseca	\N	165485	5	Lcio de Sousa da Cruz Fonseca	Antnia Dias Mateus 	\N	4	5	5	2000	96	19	7	2017	1	1	\N	2000-05-05	M	\N	\N	2017-07-19	\N	S
243	Amizilza Fernandes Afonso 	\N	144855	5	Cndido da Graa Afonso	Edna Marisa do Rosario Fernandes	\N	4	23	2	1999	96	20	8	2020	1	2	\N	1999-02-23	F	\N	\N	2020-08-20	\N	S
246	Pricheza Quinta Sousa da Graa Leite	\N	69907	5	Albertino Sousa da Graa 	Maria da Apresentao dos Santos Quintas	\N	4	28	4	1975	96	17	8	2015	2	2	\N	1975-04-28	F	\N	\N	2015-08-17	\N	M
247	Madizalda Fonseca de Ceita	\N	152587	5	Felisberto da Cruz de Ceita	Juliana Filipe da Fonseca de ceita	\N	4	23	2	2001	96	17	9	2020	1	2	\N	2001-02-23	F	\N	\N	2020-09-17	\N	S
248	Adjamila do Nascimento Almeida Barros	\N	145913	5	Dionisio Dias de Almeida Barros	Georgina da Graa do Nascimento	\N	4	11	10	1999	101	27	2	2020	1	2	\N	1999-10-11	F	\N	\N	2020-02-27	\N	S
249	Azinar Gonalves Dias	\N	166880	5	Gustavo do Nascimento Dias 	Alexandrina Leito Gonalves	\N	4	4	2	2000	169	5	7	2017	1	1	\N	2000-02-04	M	\N	\N	2017-07-05	\N	S
251	Adjelcia da Graa Pires Marques	\N	152350	5	Marien Nguby Pires Marques 	Engracia  da Graa Escrivanes	\N	4	12	8	1999	137	19	9	2016	1	2	\N	1999-08-12	F	\N	\N	2016-09-19	\N	S
252	Valter D Assuno Penhor	\N	175332	5	Ermiterio  dos Ramos Penhor	Alvanya  D Assuno dos Santos Cuna	\N	4	15	3	1998	96	4	9	2018	1	1	\N	1998-03-15	M	\N	\N	2018-09-04	\N	S
253	Adjamilo Quaresma Lima	\N	173640	5	Hilrio Pimentel Borja Lima	Izilda Quaresma D Apresentao Rocha	\N	4	25	11	2001	92	1	8	2018	1	1	\N	2001-11-25	M	\N	\N	2018-08-01	\N	S
254	Celiny  D Apresentao	\N	125464	5	\N	Luciana Carvalho de Apresentao	\N	4	21	4	1995	135	11	11	2020	1	2	\N	1995-04-21	F	\N	\N	2020-11-11	\N	S
255	Nazimey de Oliveira Guadalupe dos Santos	\N	152994	5	Silvestre Jeronimo Guadalupe dos Santos Cuna	Laurinda de Oliveira de Boa Morte	\N	4	7	8	1999	96	26	6	2017	1	2	\N	1999-08-07	F	\N	\N	2017-06-26	\N	S
256	Idermilson do Espirito Santo Santana	\N	181219	13	Caetano dos Santos Santana	Amonossak do Espirito Santo Leal Andrade	\N	4	16	3	2003	96	30	6	2020	1	1	\N	2003-03-16	M	\N	\N	2020-06-30	3	S
218	Odaimanilza dos Ramos da Mota	\N	82616	5	Serafim Mota	Manuela dos Ramos Quaresma	\N	4	18	2	1981	128	11	6	2021	6	2	\N	1981-02-18	F	\N	\N	2021-06-11	\N	D
219	Norberta Maria Joo Afonso	\N	56826	5	\N	Maria dos Ramos	\N	4	29	11	1942	81	1	6	2021	1	2	\N	1942-11-29	F	\N	\N	2021-06-01	\N	S
261	Cristino Neto dos Santos	\N	24968	5	Lazaro dos Santos	Maria do Nascimento Neto	\N	4	13	5	1950	107	3	5	2005	1	1	\N	1950-05-13	M	\N	\N	2005-05-03	\N	S
262	Aldimira Arajo Lima Neto dos Santos	\N	188072	5	Cristino Neto dos Santos	Teodora da Trindade Araujo Lima	\N	4	13	8	2004	135	5	8	2020	1	2	\N	2004-08-13	F	\N	\N	2020-08-05	\N	S
264	Gorett da Graa Monteiro	\N	197577	5	Jos de Pina Monteiro	Gani Fernandes da Graa	\N	4	12	8	2004	81	20	7	2021	1	2	\N	2004-08-12	F	\N	\N	2021-07-20	\N	S
265	Lengyoclides Deny Quaresma Joaquim	\N	102808	5	Carlos Joaquim 	Angela Lima Quaresma Vaz	\N	4	18	9	1985	122	28	1	2018	1	1	\N	1985-09-18	M	\N	\N	2018-01-28	\N	S
266	Elton Amado Dias Pires dos Santos	\N	171999	5	Joo Dias Pires dos Santos	Cesaltina Maria Pires Amado	\N	4	17	1	2004	81	5	7	2021	1	1	\N	2004-01-17	M	\N	\N	2021-07-05	\N	S
267	Cesaltina Maria Pires Amado 	\N	62215	5	Constantino da Cruz Amado	Ins da Mata Pires Andrade	\N	4	28	5	1972	96	21	7	2020	1	2	\N	1972-05-28	F	\N	\N	2020-07-21	\N	S
269	Joel Benguela D Almeida	\N	139769	5	Possidnio Santana Leal	Ricardina Roberto Benguela 	\N	4	8	12	1998	169	20	6	2016	1	1	\N	1998-12-08	M	\N	\N	2016-06-20	\N	S
270	Gerciley D Abreu de Sousa Pires	\N	130824	5	Alcides Francisco de Sousa Pires	Elsa Maria Pires D Abreu	\N	4	16	7	1993	119	27	6	2017	1	1	\N	1993-07-16	M	\N	\N	2017-06-27	\N	S
271	Guercita Boa Morte Costa Alegre	\N	173424	5	Orlando Miguel Xavier Costa Alegre	Eliakina da Trindade Boa Morte	\N	4	1	5	2001	81	9	8	2018	1	2	\N	2001-05-01	F	\N	\N	2018-08-09	\N	S
272	Geny Victor de Sousa Pontes	\N	149979	13	Junito Pires de Sousa Pontes	Maria Adelina Victor	\N	4	31	1	1995	96	15	10	2020	1	2	\N	1995-01-31	F	\N	\N	2020-10-15	3	S
273	Wandergil Cardoso Cuba	\N	203431	5	Hilario de Fatima Cuba	Aurea Neto Ramos Cardoso	\N	4	13	4	1992	96	13	3	2017	1	1	\N	1992-04-13	M	\N	\N	2017-03-13	\N	S
274	Beatriz Amaro de Sousa Pontes	\N	51317	5	Amaro 	Maria do Sacramento de Sousa	\N	4	19	11	1954	96	10	4	2006	1	2	\N	1954-11-19	F	\N	\N	2006-04-10	\N	S
275	Carla Pires Semedo	\N	162117	13	Felisberto Monteiro Semedo	Adelina Tavares Evora Pires	\N	4	21	11	2000	96	5	10	2021	1	2	\N	2000-11-21	F	\N	\N	2021-10-05	3	S
276	Ekijercey D Apresentao Santiago	\N	94765	5	Alfredo de Sousa Santiago	Maria Augusta Semedo D Apresentao	\N	4	18	1	1985	122	12	1	2017	1	1	\N	1985-01-18	M	\N	\N	2017-01-12	\N	S
278	Yara Graa de Deus	\N	147568	5	Domingo de Deus	Isabel Virginia da Graa	\N	4	31	1	1999	132	18	9	2020	1	2	\N	1999-01-31	F	\N	\N	2020-09-18	\N	S
363	Jacquer Quaresma de Sousa	\N	212165	13	Jos Luis de Sousa	Maria Antonia Jordo Quarema	\N	4	1	7	2001	124	26	6	2018	1	1	\N	2001-07-01	M	\N	\N	2018-06-26	3	S
364	Adelino da Cruz Patrcio	\N	166416	13	Manuel dos Ramos Patrcio	Filndia Nazar Vicente da Cruz	\N	4	2	8	2002	81	16	4	2021	1	1	\N	2002-08-02	M	\N	\N	2021-04-16	3	S
365	Edmilson Fernandes Lima Assuno	\N	163324	5	Guilherme Sousa Assuno	Edna Fernandes Lima Afonso	\N	4	15	1	1999	169	14	8	2019	1	1	\N	1999-01-15	M	\N	\N	2019-08-14	\N	S
366	Maria Florentina Pires Bonfim 	\N	27269	5	Andre Pires Bonfim	Maria Curta dos Ramos	\N	4	17	12	1961	96	25	4	2016	1	2	\N	1961-12-17	F	\N	\N	2016-04-25	\N	S
367	Tnia Patricia Bonfim Viegas dos Ramos	\N	211309	5	Guilherme Otaviano Viegas dos Ramos	Maria Florentina Pires Bonfim	\N	4	1	4	2004	79	23	4	2018	1	2	\N	2004-04-01	F	\N	\N	2018-04-23	\N	S
368	Albartino Santana Afonso	\N	49920	5	Joao Abilho Afonso	Joana Sebastiana Santana	\N	4	24	10	1958	96	5	5	2011	1	1	\N	1958-10-24	M	\N	\N	2011-05-05	\N	S
340	Delfina dos Santos Aguiar	\N	15306	5	Anacleto Sidnio Paiva de Aguiar	Madalena dos Santos	\N	4	10	3	1954	107	23	12	2013	1	2	\N	1954-03-10	F	\N	\N	2013-12-23	\N	S
341	Alina Mery Esprito Santo	\N	171781	13	\N	Anila Maqueba Esprito Santo Bragana	\N	4	26	2	2003	96	11	6	2018	1	2	\N	2003-02-26	F	\N	\N	2018-06-11	3	S
356	Helder Santana do Nascimento	\N	101928	5	Soares Bragana do Nascimento	Leonor Caetana Santana Coelho	\N	4	9	12	1980	159	25	11	2020	1	1	\N	1980-12-09	M	\N	\N	2020-11-25	\N	S
357	Gerson Vaz Boa Esperana	\N	198213	5	Eliezer Augusto Quaresma Boa Esperana	Isabel Quaresma Cruz Neto Vaz de Boa Esperana	\N	4	12	11	2005	96	20	7	2021	1	1	\N	2005-11-12	M	\N	\N	2021-07-20	\N	S
358	Adelia Soares dos Ramos Jorge	\N	72244	5	Ramiro Antnio dos Ramos Jorge	Helena do Nascimento da Silva Soares	\N	4	4	10	1977	131	18	7	2016	1	2	\N	1977-10-04	F	\N	\N	2016-07-18	\N	S
360	Jackson Quintas D Apresentao Leite	\N	170952	5	Givaldo D Apresentao Leite	Pricheza Quintas Sousa da Graa	\N	4	4	11	2000	81	24	8	2018	1	1	\N	2000-11-04	M	\N	\N	2018-08-24	\N	S
362	Edmilson Gabriel Amaral 	\N	162431	5	Juvenal Cravid Amaral 	Valzer Gabriel de Constantino 	\N	4	2	11	2000	96	15	9	2020	1	1	\N	2000-11-02	M	\N	\N	2020-09-15	\N	S
370	Anastcio do Esprito Santo	\N	51121	5	Anibal do Esprito Santo	Rosa do Esprito Santo	\N	4	18	3	1964	81	9	4	2018	2	1	\N	1964-03-18	M	\N	\N	2018-04-09	\N	M
371	Nerikson Monteiro D Apresentao	\N	187909	5	Amrico Monteiro D Apresentao	Alda Monteiro Quintas da Graa	\N	4	13	5	2003	96	21	7	2020	1	1	\N	2003-05-13	M	\N	\N	2020-07-21	\N	S
373	Cleiton Santa Rosa Ribeiro	\N	182042	5	Domingos de Pina Ribeiro 	Maria do Rosrio Santa Rosa	\N	4	16	2	2002	96	4	8	2020	1	1	\N	2002-02-16	M	\N	\N	2020-08-04	\N	S
374	Leomildo Carneiro Mota Neto	\N	174466	5	Dionel do Sacramento Mota Neto	Arminda Augusta de Sousa Carneiro	\N	4	13	10	2000	81	6	8	2018	1	1	\N	2000-10-13	M	\N	\N	2018-08-06	\N	S
375	Erikson Monteiro D Apresentao 	\N	187926	5	Amrico Monteiro D Apresentao	Alda Monteiro Quintas da Graa	\N	4	13	5	2003	96	21	7	2020	1	1	\N	2003-05-13	M	\N	\N	2020-07-21	\N	S
376	Patrcia do Esprito Santo Catarina	\N	176653	5	Amilcar Nascimento do Sacramento Catarino	Claker da Cunha do Esprito Santo	\N	4	17	5	2002	169	7	8	2019	1	2	\N	2002-05-17	F	\N	\N	2019-08-07	\N	S
398	Hamilton Tavares Gomes 	\N	171485	5	Antnio Ramos Gomes 	Juventina Tavares Tom	\N	4	13	1	2001	96	12	9	2018	1	1	\N	2001-01-13	M	\N	\N	2018-09-12	\N	S
399	Carllile Brando Costa Alegre Mpanzo	\N	83813	5	Gervsio de Sousa Pontes Costa Alegre	Maria Hirondina Brando Costa Alegre	\N	4	25	2	1979	96	10	2	2021	2	2	\N	1979-02-25	F	\N	\N	2021-02-10	\N	M
400	Emlia Samuel Chipata	\N	N 169	9	Jos Chipata	Maria Amlia Samuel	\N	9	1	8	1985	118	17	2	2021	2	2	\N	1985-08-01	F	\N	\N	2021-02-17	\N	M
401	Bruno Nunes Camble	\N	166413	5	Victor Neto Fernandes Camble	Ermezinda Nunes Augusto	\N	4	31	12	2002	96	17	7	2017	1	1	\N	2002-12-31	M	\N	\N	2017-07-17	\N	S
402	Idalina da Cruz Soares	\N	72133	5	Alberto Manuel 	Maria da Cruz	\N	4	5	2	1972	186	5	4	2017	1	2	\N	1972-02-05	F	\N	\N	2017-04-05	\N	S
403	Gelsa da Cruz Catarina	\N	176793	5	Higino do Sacramento Catarina	Idalina da Cruz Soares	\N	4	20	2	2004	187	20	3	2019	1	2	\N	2004-02-20	F	\N	\N	2019-03-20	\N	S
407	Edmilson Cassandra Soares	\N	179401	5	Amilton de Ceita Soares	Hilria Martins da Cruz Cassandra	\N	4	17	6	2003	96	15	7	2019	1	1	\N	2003-06-17	M	\N	\N	2019-07-15	\N	S
408	Arminda Augusta de Sousa Carneiro	\N	65745	5	Rui Augusto	Argentina de Sousa Loureno Avelino	\N	4	4	9	1974	96	2	7	2019	1	2	\N	1974-09-04	F	\N	\N	2019-07-02	\N	S
409	Gilberto Quintas DApresentao Leite	\N	144427	5	Givaldo D Apresentao Leite	Pricheza Quintas Sousa da Graa	\N	4	12	2	1998	96	19	5	2021	1	1	\N	1998-02-12	M	\N	\N	2021-05-19	\N	S
410	Mauro Calege Fernandes	\N	139438	5	Incio Paquete Fernandes	Elsa Gazina Calege	\N	4	13	12	1997	169	29	3	2021	1	1	\N	1997-12-13	M	\N	\N	2021-03-29	\N	S
411	Norceley de Assuno Rodrigues	\N	179795	5	Norberto Jos Quaresma Rodrigues	Marcelina Arajo Lima Esteves de Assuno 	\N	4	9	4	2001	96	15	6	2020	1	1	\N	2001-04-09	M	\N	\N	2020-06-15	\N	S
412	Yury Fernando Eusbio 	\N	91333	5	Julio Armando Eusebio	Lucrecia Fernando Ebo Comandala	\N	4	25	7	1985	122	13	7	2007	2	1	\N	1985-07-25	M	\N	\N	2007-07-13	\N	M
413	Odmar Correia	\N	177703	5	\N	Berta Maria Correia	\N	4	4	11	2000	131	9	8	2018	1	1	\N	2000-11-04	M	\N	\N	2018-08-09	\N	S
414	Feliciana Monteverde dos Ramos	\N	70982	5	Martinho Taraveira Ceita dos Ramos	Maria Francisca de Monteverde Ramos Barros	\N	4	31	10	1975	96	13	6	2017	1	2	\N	1975-10-31	F	\N	\N	2017-06-13	\N	S
415	Walton Walide Ramos Paquete Rosrio Mendes	\N	172700	5	Armenio do Araujo Rosrio Mendes	Nilza Ramos Paquete Rosrio Mendes	\N	4	15	6	2003	96	20	7	2018	1	1	\N	2003-06-15	M	\N	\N	2018-07-20	\N	S
417	Edna dos Ramos Bom Jesus	\N	173337	5	Valter Vaz de Almeida Bom Jesus	Feliciana Monteverde dos Ramos	\N	4	10	6	2004	131	26	7	2018	1	2	\N	2004-06-10	F	\N	\N	2018-07-26	\N	S
212	Joaquim de Barros Queiroz da Silva Costa	\N	Sandro Mig	5	Joaquim de Barros Queiroz da Silva Costa	Tereza Nazar Guadalupe Sacramento Neto Queiroz	\N	4	8	11	1986	122	17	1	2018	1	1	\N	1986-11-08	M	\N	\N	2018-01-17	\N	S
380	Joo do Carmo Tavares	\N	72276	13	Gregrio Nunes Tavares	Antnia Luiza do Carmo	\N	4	5	3	1976	81	11	7	2019	1	1	\N	1976-03-05	M	\N	\N	2019-07-11	3	S
381	Joy Lopes Tavares	\N	190739	5	Joo do Carmo Tavares	Hermnia Cabral  Lopes	\N	4	18	2	2005	96	26	1	2021	1	1	\N	2005-02-18	M	\N	\N	2021-01-26	\N	S
423	Grinalda D Abreu de Ceita Soares	\N	122267	5	Mauricio de Ceita Soares	Herminia de Abreu de Sousa e Costa Soares	\N	4	8	6	1995	169	10	8	2021	1	2	\N	1995-06-08	F	\N	\N	2021-08-10	\N	S
424	Horacio Afonso Neto de Figueiredo	\N	18033	5	Oracio Pereira de Figueiredo	Ana Maria Afonso	\N	4	22	5	1951	81	25	5	2005	2	1	\N	1951-05-22	M	\N	\N	2005-05-25	\N	M
425	Wicilayd de Castro da Cruz Marques	\N	94761	5	Ernestino da Cruz Marques	Antnia de Castro	\N	4	28	9	1984	122	21	10	2016	1	2	\N	1984-09-28	F	\N	\N	2016-10-21	\N	S
426	Maiara de Castro	\N	195253	5	\N	Celinai de Castro Tavares Amado	\N	4	29	2	2004	96	29	6	2021	1	2	\N	2004-02-29	F	\N	\N	2021-06-29	\N	S
427	Augusto Manuel	\N	50113	5	Victorino Augusto	Ana Maria	\N	4	5	11	1961	186	9	6	2021	1	1	\N	1961-11-05	M	\N	\N	2021-06-09	\N	S
429	Dalton do Esprito Ferreira Nunes	\N	151577	5	Lucio Lima Ferreira Nunes	Isilda do Esprito da Veiga	\N	4	21	7	2000	96	3	8	2020	1	1	\N	2000-07-21	M	\N	\N	2020-08-03	\N	S
430	Paulo Jorge Trindade Dias do Sacramento	\N	165459	5	Paulo Nascimento Dias do Sacramento	Irene Encarnao da Trindade	\N	4	28	12	2001	96	25	6	2020	1	1	\N	2001-12-28	M	\N	\N	2020-06-25	\N	S
431	Celinee Dias Viegas Santiago	\N	173141	5	Hernane Viegas da Graa Santiago	Elsa da Graa Cunha Dias Santiago	\N	4	6	6	2003	96	19	7	2018	1	2	\N	2003-06-06	F	\N	\N	2018-07-19	\N	S
432	Simo Jos Batista de Sousa	\N	15648	5	Andr Batista de Sousa 	Maria Jos	\N	4	20	5	1948	81	29	5	2017	1	1	\N	1948-05-20	M	\N	\N	2017-05-29	\N	S
433	Henia Cecy Castro	\N	126583	5	\N	Arnalda Maria de Ceita de Assuno Castro	\N	4	6	6	1983	169	12	9	2019	1	2	\N	1983-06-06	F	\N	\N	2019-09-12	\N	S
434	Sintia Castro de Almeida	\N	181094	5	Cesrio Martins de Almeida	Hnia Cecy Castro	\N	4	17	4	2004	96	18	3	2020	1	2	\N	2004-04-17	F	\N	\N	2020-03-18	\N	S
435	Graciett Cupertina dos Santos	\N	147960	5	Antnio Rodrigues dos Santos	Maria Cupertina	\N	4	4	12	1986	81	5	9	2018	1	2	\N	1986-12-04	F	\N	\N	2018-09-05	\N	S
437	Daniel Diogo Dias	\N	171850	5	Gasto Penhor Dias	Guabina Ferreira de Carvalho Diogo Dias	\N	4	14	4	2002	190	23	7	2018	1	1	\N	2002-04-14	M	\N	\N	2018-07-23	\N	S
438	Alice Mateus da Silva	\N	88513	5	Amadeu da Silva	Margarida de Almeida Sacramento Mateus	\N	4	10	9	1984	128	10	9	1984	1	2	\N	1984-09-10	F	\N	\N	1984-09-10	\N	S
439	Patrcia Pires dos Santos Managem	\N	171479	5	Dailton de Sousa Pontes Managem	Chelsea Pires dos Santos Afonso Managem	\N	4	17	7	2003	96	18	6	2018	1	2	\N	2003-07-17	F	\N	\N	2018-06-18	\N	S
440	Idayres Soares Uncamo	\N	73200	13	Francisco Varela Uncamo	Celestina da Cruz Soares	\N	4	7	8	1978	96	2	12	2022	1	1	\N	1978-08-07	M	\N	\N	2022-12-02	3	S
441	Marluce Mendes Soares Umcamo	\N	187423	5	Idayres Soares Umcamo	Cupertina Duarte Mendes de Jesus	\N	4	9	9	2005	169	20	7	2020	1	2	\N	2005-09-09	F	\N	\N	2020-07-20	\N	S
442	Francisca Gaudencia da Graa	\N	57024	5	Antonio Pimentel da Graa	Maria Francisca	\N	4	16	9	1960	81	24	10	2018	1	2	\N	1960-09-16	F	\N	\N	2018-10-24	\N	S
443	Arlinda Ribeiro da Graa do Sacramento	\N	189012	5	Martinho Ribeiro do Sacramento	Francisca Gaudencia da Graa	\N	4	16	6	2004	149	11	8	2020	1	2	\N	2004-06-16	F	\N	\N	2020-08-11	\N	S
444	Eugenia do Espirito Santo Dias Ramos	\N	63537	5	Laurindo Dias	Maria Eduarda da Graa do Espirito Santo	\N	4	9	4	1973	138	26	10	2015	2	2	\N	1973-04-09	F	\N	\N	2015-10-26	\N	M
445	Elton Dia Amado dos Ramos	\N	187501	5	Felisberto da Fonseca Amado dos Ramos	Eugnia do Espirito Santo Dias dos Ramos	\N	4	20	1	2004	96	25	9	2020	1	1	\N	2004-01-20	M	\N	\N	2020-09-25	\N	S
446	Daisy Soares de Barros Ananias	\N	175810	5	Oliveiro Fernandes Diogo Ananias	Maria Pedro da Cruz Soares de Barros	\N	4	29	4	1999	124	20	11	2018	1	2	\N	1999-04-29	F	\N	\N	2018-11-20	\N	S
448	Reginalda da Silva Neto	\N	124078	5	Jos dos Ramos Neto	Leia Pereira Martins da Silva	\N	4	27	10	1993	96	30	11	2017	1	2	\N	1993-10-27	F	\N	\N	2017-11-30	\N	S
449	Wilson das Neves de Sousa	\N	147825	5	Placido Alegria de Sousa	Maria da Graa Nen das Neves	\N	4	17	5	1989	105	5	6	2017	1	1	\N	1989-05-17	M	\N	\N	2017-06-05	\N	S
450	Jorcel Benguela de Almeida	\N	189055	5	Idalecio Pacates de Almeida	Genicia Roberta Fernandes Benguela	\N	4	19	1	2003	96	22	6	2021	1	1	\N	2003-01-19	M	\N	\N	2021-06-22	\N	S
451	Wadilu Pires dos Santos	\N	120301	5	\N	Maria Pires dos Santos	\N	4	21	4	1989	81	14	10	2019	2	1	\N	1989-04-21	M	\N	\N	2019-10-14	\N	M
452	Iris Rafaela Fernandes dos Ramos	\N	218434	5	Paulo Rocha dos Ramos 	Alexandra Fernandes	\N	4	24	11	2017	96	13	2	2019	1	2	\N	2017-11-24	F	\N	\N	2019-02-13	\N	S
453	Alexandra Fernandes	\N	134504	5	\N	Isabel Lopes Fernandes	\N	4	8	5	1995	128	23	8	2021	1	2	\N	1995-05-08	F	\N	\N	2021-08-23	\N	S
454	Gil Carvalho Mota	\N	181961	5	Gil da Costa Mota	Maria da Conceio Matos de Sousa Carvalho	\N	4	18	8	2003	96	4	8	2020	1	1	\N	2003-08-18	M	\N	\N	2020-08-04	\N	S
455	Joo Boa Morte do Nascimento	\N	74293	5	Selaci Ramos Jesus do Nascimento	Maria do Rosrio Ba Morte	\N	4	16	5	1976	96	17	1	2020	1	1	\N	1976-05-16	M	\N	\N	2020-01-17	\N	S
456	Claricia da Encarnao do Nascimento	\N	185792	5	Joo Boa Morte Jesus do Nascimento	Nalutina Nobre da Encarnao	\N	4	11	11	2003	81	20	4	2021	1	2	\N	2003-11-11	F	\N	\N	2021-04-20	\N	S
457	Roger de Boa Esperana Fernandes Pereira	\N	159358	5	Rufino Fernandes Pereira	Firmina Leal de Boa Esperana	\N	4	26	1	2001	96	29	6	2017	1	1	\N	2001-01-26	M	\N	\N	2017-06-29	\N	S
458	Aknasalda Bonfim Pereira	\N	172465	5	Arnalda Luiz Pereira	Domingas da Graa Bonfim	\N	4	4	5	2003	96	23	7	2018	1	2	\N	2003-05-04	F	\N	\N	2018-07-23	\N	S
420	Gonalo Amarante Varela Semedo	\N	54671	5	Joo da Graa Semedo	Francisca Mendes Varela	\N	4	7	7	1966	163	17	7	2021	1	1	\N	1966-07-07	M	\N	\N	2021-07-17	\N	S
421	Katiliana Batista Teixeira Augusto	\N	179835	5	Augusto Manuel	Dionisia Pires Teixeira Batista da Costa	\N	4	18	3	2004	96	17	7	2019	1	2	\N	2004-03-18	F	\N	\N	2019-07-17	\N	S
422	Adilson Lima Viegas	\N	160068	5	Antnio Lopes Viegas	Cosmilde Fernandes Pereira Lima	\N	4	11	10	2001	96	3	6	2020	1	1	\N	2001-10-11	M	\N	\N	2020-06-03	\N	S
465	Regina Afonso Vaz de Sousa	\N	172951	5	Agostinho Salvador Vaz de Sousa	Enilsa Maria Borja Afonso	\N	4	20	9	2003	96	18	4	2019	1	2	\N	2003-09-20	F	\N	\N	2019-04-18	\N	S
467	Ktia da Cruz Fonseca do Esprito Santo	\N	152543	5	Bernardo Pinto do Esprito Santo	Carla Maria Nascimento da Cruz Fonseca  do Esprito Santo	\N	4	27	8	2000	96	9	8	2021	1	2	\N	2000-08-27	F	\N	\N	2021-08-09	\N	S
468	Joel Martins da Trindade	\N	160442	5	Jos Carlos Lopes da Trindade	Helena Isabel Martins	\N	4	30	5	2000	96	3	9	2021	1	1	\N	2000-05-30	M	\N	\N	2021-09-03	\N	S
469	Henrickson  Antnio de Freitas	\N	173741	5	Rainev Makiady Dias Vaz de Freitas	Aliznda Xavier Antnio	\N	4	9	5	2000	81	2	8	2018	1	1	\N	2000-05-09	M	\N	\N	2018-08-02	\N	S
471	Nilzia das Neves Diogo	\N	179636	5	Diniz Afonso Nazar Diogo	Rutte Maria Leal das Neves	\N	4	10	3	2003	96	8	4	2020	1	2	\N	2003-03-10	F	\N	\N	2020-04-08	\N	S
472	Laly Fonseca	\N	183209	5	\N	Eleuteria Tavares da Cruz Fonseca	\N	4	7	8	2003	96	29	7	2020	1	2	\N	2003-08-07	F	\N	\N	2020-07-29	\N	S
473	Vania Augusto Fernandes Mama	\N	167241	5	Faustino Pinheiro Fernandes Mama	Luisa da Cruz Augusto	\N	4	7	8	2002	107	12	8	2017	1	2	\N	2002-08-07	F	\N	\N	2017-08-12	\N	S
474	Regina Pereira dos Reis Mota Sanches	\N	144906	13	Bernardino Rita dos Reis Mota	Edna Afonso Vaz Pereira	\N	4	29	1	1994	81	30	10	2021	2	2	\N	1994-01-29	F	\N	\N	2021-10-30	3	M
475	Gualter Barros Rodrigues Bandeira	\N	88542	5	Atansio Rodrigues Bandeira 	Andreza da Costa Soares de Barros	\N	4	22	5	1984	122	10	12	2020	2	1	\N	1984-05-22	M	\N	\N	2020-12-10	\N	M
476	Andr Lima Rodrigues Bandeira 	\N	201329	5	Gualter Barros Rodrigues Bandeira	Edvalda Lima Pires dos Santos 	\N	4	29	2	2016	96	12	9	2016	1	1	\N	2016-02-29	M	\N	\N	2016-09-12	\N	S
477	Manuel Costa	\N	33199	5	\N	Diamantina Costa	\N	4	29	4	1963	163	21	8	2018	2	1	\N	1963-04-29	M	\N	\N	2018-08-21	\N	M
478	Lucas da Glria Costa	\N	195488	5	Manuel Costa	Ermelinda da Glria Xavier Neto	\N	4	17	1	2006	96	31	7	2021	1	1	\N	2006-01-17	M	\N	\N	2021-07-31	\N	S
479	Reiny Elias Quaresma Furtado	\N	157355	5	Alcides Semedo Furtado	Maria Elisa de Andrade Quaresma	\N	4	21	7	2000	124	20	6	2017	1	1	\N	2000-07-21	M	\N	\N	2017-06-20	\N	S
480	Wady Afonso Pinho do Nascimento	\N	125313	5	Faustino Manuel Pinho Nascimento	Ofrsia Neto das Neves Afonso	\N	4	24	9	1992	96	12	10	2020	1	1	\N	1992-09-24	M	\N	\N	2020-10-12	\N	S
481	Herlander da Conceio de Assuno Rosrio	\N	134031	5	Constantino Antnio de Assuno Rosrio	Ermelita da Conceio Dias do Espirito Santo	\N	4	22	10	1991	81	19	8	2019	1	1	\N	1991-10-22	M	\N	\N	2019-08-19	\N	S
482	Carla Gomes de Andrade Leite	\N	175266	5	Huirles Lopes de Andrade Leite	Beatriz Gomes	\N	4	6	7	1999	96	11	7	2019	1	2	\N	1999-07-06	F	\N	\N	2019-07-11	\N	S
483	Jacob da Conceio Cruz Fonseca	\N	152304	13	Lucio de Sousa da Cruz Fonseca	Cezaltina Antnia	\N	4	19	6	1999	96	6	8	2021	1	1	\N	1999-06-19	M	\N	\N	2021-08-06	3	S
464	Agostinho Salvador Vaz de Sousa	\N	52752	5	Pascoal Vaz de Sousa	Agostinha	\N	4	6	2	1969	81	29	7	2011	1	1	\N	1969-02-06	M	\N	\N	2011-07-29	\N	S
540	Iliziney Fernandes Soares Vaz	\N	166468	5	Francisco Soares Vaz	Icilina Fernandes da Cruz	\N	4	21	10	2002	131	8	7	2021	1	1	\N	2002-10-21	M	\N	\N	2021-07-08	\N	S
501	Suage Vicente Fernandes 	\N	176987	5	Antero Neto Fernandes 	Maria Diogo Vicente dos Ramos 	\N	4	21	11	1993	81	21	1	2020	1	1	\N	1993-11-21	M	\N	\N	2020-01-21	\N	S
502	Maria Celeste Rodrigues	\N	157316	5	\N	Maria Luiza Rodrigues	\N	4	11	4	1941	81	16	9	2021	1	2	\N	1941-04-11	F	\N	\N	2021-09-16	\N	S
504	Dalton Cravid Mendona	\N	156797	5	Octvio Celestino Mendona	Zuleica Bandeira Cravid	\N	4	21	3	2001	81	4	5	2021	1	1	\N	2001-03-21	M	\N	\N	2021-05-04	\N	S
505	Adolfo Lopes Moreira	\N	02867	5	Manuel Lopes Moreira	Francisca Lopes Semedo	\N	4	5	4	1936	179	20	7	2009	1	1	\N	1936-04-05	M	\N	\N	2009-07-20	\N	S
546	Syed Hammad Rasa	\N	C T 989494	5	Pir Syed Khalil Ahmad	Syeda Nusrat Iqbal	\N	5	21	10	1983	205	21	1	2016	2	1	\N	1983-10-21	M	\N	\N	2016-01-21	\N	M
548	Syed Hammad Rasa	\N	CT 9894942	12	Pir Syed Khalil Ahmad	Syeda Nusrat  Iqbal	\N	5	21	10	1983	205	21	1	2016	2	1	\N	1983-10-21	M	\N	\N	2016-01-21	\N	M
549	Arlete Jordo da Costa 	\N	155839	13	Adriano Judite Jose da Costa	Horacia Jordo Fortuna	\N	4	16	10	1992	206	2	2	2018	1	1	\N	1992-10-16	M	\N	\N	2018-02-02	3	S
550	Odair Furtado da Costa	\N	91975	13	Antnio do Sacramento Rosa da Costa	Virginia Furtado Gomes	\N	4	13	2	1983	122	7	2	2022	2	1	\N	1983-02-13	M	\N	\N	2022-02-07	3	M
551	Valdmiro Vera Cruz Costa dos Ramos 	\N	68679	13	Jos da Costa dos Ramos 	Albertina Vera Cruz Costa dos Ramos 	\N	4	22	9	1976	131	16	9	2017	1	1	\N	1976-09-22	M	\N	\N	2017-09-16	3	S
552	Crenilde de Ceita da Trindade D Assuno	\N	85134	13	Oscar Fernandes da Trindade	Elcia Ferreira  de Ceita	\N	4	8	1	1983	81	25	1	2019	2	2	\N	1983-01-08	F	\N	\N	2019-01-25	3	M
553	Heltina Djassi de Ceita Pires dos Santos	\N	124820	13	Cristiano da Costa Pires dos Santos	Marina Carvalho de Ceita Bonfim	\N	4	27	3	1992	169	11	10	2019	1	2	\N	1992-03-27	F	\N	\N	2019-10-11	3	S
554	Ilza Brito Teixeira 	\N	121623	13	Jorge Tavares Teixeira	Lucinda do Rosrio Brito	\N	4	14	5	1994	96	29	8	2020	1	2	\N	1994-05-14	F	\N	\N	2020-08-29	3	S
556	Cacia D Alva	\N	113203	13	\N	Epifania Monteiro D Alva	\N	4	25	3	1988	169	10	7	2018	1	2	\N	1988-03-25	F	\N	\N	2018-07-10	3	S
557	Pascoal da Fonseca de Ceita Nazar	\N	79794	13	Aurelio Bernardo de Ceita Nazar	Sebastiana da Fonseca Cruz	\N	4	9	1	1980	169	29	6	2017	1	1	\N	1980-01-09	M	\N	\N	2017-06-29	3	S
558	Mximo da Conceio 	\N	174468	13	\N	Idalcia da Conceio Neto do Rosrio	\N	4	14	4	1998	81	11	2	2021	1	1	\N	1998-04-14	M	\N	\N	2021-02-11	3	S
559	Neisy Martins Sousa do Sacramento Viegas	\N	137146	13	Orlando de Sousa do Sacramento 	Isidora Pinto Martins Paulo	\N	4	11	12	1996	165	11	1	2022	2	2	\N	1996-12-11	F	\N	\N	2022-01-11	3	M
560	Alekson Neto Ferreira Viegas	\N	124660	13	Justino Ferreira Viegas	Maria Filipa Neto Lazaro 	\N	4	25	7	1995	117	16	4	2020	1	1	\N	1995-07-25	M	\N	\N	2020-04-16	3	S
563	Americo Pires de Oliveira  Amadeu	\N	125304	13	Elisio Amadeu Pires Neto	Edna Maria Pires de Oliveira	\N	4	12	12	1994	96	19	3	2018	1	1	\N	1994-12-12	M	\N	\N	2018-03-19	3	S
564	Celine Julio Jos da Costa	\N	175453	13	Eusbio Manuel Jos da Costa	Margarida de Guadalupe Julio	\N	4	10	9	1999	107	17	7	2019	1	2	\N	1999-09-10	F	\N	\N	2019-07-17	3	S
565	Regino Ingls Xavier Neto	\N	168758	13	Engracio Lucas Xavier Neto	Sincia Neto Jdice Ingls	\N	4	30	10	1996	96	12	10	2022	1	1	\N	1996-10-30	M	\N	\N	2022-10-12	3	S
566	Alex Pontes Pinto do Espirito	\N	129868	13	Armando Neto do Espirito	Guiomar Ferreira Pontes Pinto	\N	4	4	8	1995	81	29	9	2020	1	1	\N	1995-08-04	M	\N	\N	2020-09-29	3	S
567	Cristina Gomes Casimiro	\N	129618	13	Ovidio Casimiro	Rosa Almeida Gomes	\N	4	7	11	1996	132	31	1	2019	1	2	\N	1996-11-07	F	\N	\N	2019-01-31	3	S
568	Bartolomeu Quaresma das Neves	\N	107532	13	Bartolomeu Tom das Neves	Maria Victria Quaresma Veloso	\N	4	24	9	1984	135	8	10	2019	2	1	\N	1984-09-24	M	\N	\N	2019-10-08	3	M
569	Ana Maria Fernandes Lima Varela	\N	26659	13	Manuel Tavares Cupertino Varela	Francisca Paquete Fernandes Lima	\N	4	26	9	1962	172	16	7	2021	1	2	\N	1962-09-26	F	\N	\N	2021-07-16	3	S
570	Tom Ferreira dos Santos Pensava	\N	37374	13	Manuel Tom Pensava	Justina Ferreira dos Santos	\N	4	18	12	1961	96	2	4	2016	1	1	\N	1961-12-18	M	\N	\N	2016-04-02	3	S
571	Gilson Varela de Arajo	\N	113065	13	Cosme de Arajo	Zelmira Pereira Varela	\N	4	9	6	1992	198	1	2	2019	1	1	\N	1992-06-09	M	\N	\N	2019-02-01	3	S
573	Marcia dos Santos Dias	\N	161319	13	Armando do Esprito Santo Dias	Geralda da Franca e Almeida dos Santos	\N	4	4	2	2003	96	14	8	2020	1	2	\N	2003-02-04	F	\N	\N	2020-08-14	3	S
574	Maria Agostinha do Esprito Santo	\N	42332	13	Agostinho	Maria do Esprito Santo	\N	4	17	11	1946	96	2	12	2002	1	2	\N	1946-11-17	F	\N	\N	2002-12-02	3	S
575	Manuel Pedro D Oliveira Mendona	\N	38220	13	\N	Januaria D Oliveira Paula	\N	4	3	5	1941	81	16	10	2012	1	1	\N	1941-05-03	M	\N	\N	2012-10-16	3	S
576	Zila Neto Herculano	\N	130779	13	Victorino Vila Herculano	Maria Afonso Fernandes Pires Neto	\N	4	17	2	1993	96	20	10	2021	1	2	\N	1993-02-17	F	\N	\N	2021-10-20	3	S
577	Niler Pires dos Santos	\N	112673	13	Arlindo Pires dos Santos	\N	\N	4	23	7	1990	135	10	6	2021	1	2	\N	1990-07-23	F	\N	\N	2021-06-10	3	S
578	Janete Pereira Vaz Montinho	\N	109723	13	Fernando Agostinho Vaz Montinho	Hirondina Pereira Lopes do Nascimento	\N	4	11	1	1989	209	16	5	2017	1	2	\N	1989-01-11	F	\N	\N	2017-05-16	3	S
579	Guilhermina Vaz Pereira da Mata	\N	57515	13	Joo Pereira da Mata	Maria Piedade Vaz Lima	\N	4	20	8	1959	81	29	2	2012	1	2	\N	1959-08-20	F	\N	\N	2012-02-29	3	S
581	Constantino Vaz Alcntara 	\N	07476	13	Manuel do Espirito Vaz Alcntara 	Maria dos Santos Joaquim Domingos	\N	4	12	1	1939	81	13	6	2012	1	1	\N	1939-01-12	M	\N	\N	2012-06-13	3	S
419	Liedson Brito Semedo	\N	181061	5	Gonalo Amarante Varela Semedo	Lucinda do Rosrio Brito	\N	4	2	7	2004	91	15	7	2020	1	1	\N	2004-07-02	M	\N	\N	2020-07-15	\N	S
544	Firmino Quaresma de Sousa Pontes	\N	40351	5	Manuel da Trindade Sousa Pontes	Maria Anastcia	\N	4	26	4	1965	81	6	2	2019	1	1	\N	1965-04-26	M	\N	\N	2019-02-06	\N	S
543	Elsa Maria do Esprito Santo da Costa	\N	58245	13	Miguel do Nascimento da Costa	Galdina da Graa do Esprito Santo	\N	4	19	10	1967	81	22	9	2020	1	2	\N	1967-10-19	F	\N	\N	2020-09-22	3	S
545	Syed Hammad Rasa	\N	C T 989494	5	Pir Syed Khalil Ahmad	Syeda Nusrat  Iqbal	\N	5	21	10	1983	205	21	1	2016	2	1	\N	1983-10-21	M	\N	\N	2016-01-21	\N	M
588	Denilze Pinto Rita	\N	157984	13	Joel Fernandes Rita	Adler Francisca Pinto	\N	4	22	10	2000	96	3	8	2021	1	2	\N	2000-10-22	F	\N	\N	2021-08-03	3	S
589	Justino da Costa Quaresma	\N	59440	13	Manuel dos Ramos Pereira Neto	Germina Maria da Costa Quaresma	\N	4	8	6	1970	131	27	9	2016	1	1	\N	1970-06-08	M	\N	\N	2016-09-27	3	S
590	Afonsina do Rosrio de Assuno Castro	\N	90470	13	Eugnio de Assuno Castro	Maria Ivone do Rosrio	\N	4	17	10	1976	96	11	6	2020	1	2	\N	1976-10-17	F	\N	\N	2020-06-11	3	S
591	Marlene Varela de Brito dos Ramos	\N	153887	13	Fernando de Almeida Brito	Elsa Maria de Oliveira Varela	\N	4	16	12	1992	96	24	9	2020	2	2	\N	1992-12-16	F	\N	\N	2020-09-24	3	M
592	Tiziana Salom da Cruz	\N	158308	13	Manuel do Nascimento da Cruz	Elsa Maria Paquete Lima Salom	\N	4	9	7	2001	96	19	7	2021	1	2	\N	2001-07-09	F	\N	\N	2021-07-19	3	S
593	Dineyda do Espirito Santo Cambl	\N	153886	13	Nazar Pires Fernandes Cambl	Olivia Luiza do Espirito Santo	\N	4	8	4	1996	81	17	9	2020	1	2	\N	1996-04-08	F	\N	\N	2020-09-17	3	S
594	Patrcia Semedo de Brito	\N	167400	13	Justiniano Gomes de Brito	Anastacia Tavares Semedo	\N	4	12	8	1996	96	8	2	2021	1	2	\N	1996-08-12	F	\N	\N	2021-02-08	3	S
595	Graciela Odete Tron	\N	88518	13	Carlos  Dias Domingos Tron	Maria Suzana Odete 	\N	4	21	11	1982	117	19	6	2019	1	2	\N	1982-11-21	F	\N	\N	2019-06-19	3	S
596	Jurcilina Luiz Lima	\N	128328	13	Jos Luis Lima 	\N	\N	4	9	6	1992	96	25	8	2021	1	2	\N	1992-06-09	F	\N	\N	2021-08-25	3	S
598	Yola Sofia da Cruz dos Santos Penetra	\N	138461	13	Nelson dos Santos Penetra	Maria Manuela da Cruz Joo	\N	4	25	6	1998	96	22	8	2017	1	2	\N	1998-06-25	F	\N	\N	2017-08-22	3	S
629	Samuel Pimenta Pinto	\N	95616	13	Jos Pinto Marcos Junior	Maria da Glria Pimenta	\N	4	25	7	1975	198	21	9	2021	1	1	\N	1975-07-25	M	\N	\N	2021-09-21	3	S
630	Tomaslinda dos Santos Tavares	\N	130740	13	Tomaz Semedo Tavares	Fernanda Gomes dos Santos	\N	4	7	2	1991	152	14	11	2018	1	2	\N	1991-02-07	F	\N	\N	2018-11-14	3	S
632	Diolinda Isabel	\N	129673	13	Antnio	Isabel	\N	4	8	9	1943	132	14	8	2006	1	2	\N	1943-09-08	F	\N	\N	2006-08-14	3	S
633	Maura Fernandes Pires dos Santos	\N	138943	13	Cristiano Almeida Pires dos Santos	Elsa de Carvalho Fernandes	\N	4	6	8	1998	209	28	8	2018	1	2	\N	1998-08-06	F	\N	\N	2018-08-28	3	S
634	Manuel da Gloria Arajo	\N	30092	13	Jose Araujo Afonso	Maria da Glria	\N	4	11	8	1934	81	10	3	2021	1	1	\N	1934-08-11	M	\N	\N	2021-03-10	3	S
635	Wilker Julio Quaresma	\N	172887	13	Dionsio das Neves Quaresma	Ana Maria do Sacramento Julio	\N	4	18	4	2002	96	14	7	2018	1	1	\N	2002-04-18	M	\N	\N	2018-07-14	3	S
636	Celestina Madre de Deus Abril	\N	107057	13	Manuel do Espirito Abril	Maria Deolinda Tavares Madre de Deus	\N	4	7	7	1982	157	7	2	2019	1	2	\N	1982-07-07	F	\N	\N	2019-02-07	3	S
637	Kinuela dos Reis Trovoada	\N	183377	13	Martinho das Chagas Trovoada Jos	Maria de Lurdes dos Reis Nascimento	\N	4	10	5	2001	169	17	7	2020	1	2	\N	2001-05-10	F	\N	\N	2020-07-17	3	S
638	Silene Dias Amadeu	\N	201911	13	Carlos dos Ramos Amadeu 	Maria do Livramento Dias Monteiro	\N	4	3	7	2003	113	7	10	2021	1	2	\N	2003-07-03	F	\N	\N	2021-10-07	3	S
640	Cleide Costa Alegre Barroso	\N	171639	13	Edner Dolinger Correia Barroso	Isabel Costa Alegre Dias Vaz	\N	4	8	2	2004	96	16	6	2018	1	2	\N	2004-02-08	F	\N	\N	2018-06-16	3	S
641	Vanessa Madi da Costa 	\N	151496	13	\N	Solange Madi da Costa do Rosrio	\N	4	11	9	2000	96	18	7	2017	1	2	\N	2000-09-11	F	\N	\N	2017-07-18	3	S
642	Alcino de Ceita de Assuno	\N	30404607  	10	Ral Amaro D Assuno	Adelaide Francisca de Ceita	\N	6	23	11	1970	81	26	6	2018	2	1	\N	1970-11-23	M	\N	\N	2018-06-26	\N	M
643	Anilker Quaresma Rodrigues da Cruz	\N	158676	13	Georges Rodrigues da Cruz	Inesenela Ricardina Quaresma 	\N	4	25	6	2001	96	14	10	2021	1	1	\N	2001-06-25	M	\N	\N	2021-10-14	3	S
644	Dbora da Trindade Camuenha Nana	\N	174327	13	Raul Camuenha Nana	Gabriela da Trindade Antonio	\N	4	14	2	2002	81	4	8	2018	1	2	\N	2002-02-14	F	\N	\N	2018-08-04	3	S
647	Alaudmy Acbar do Espirito Santo Martins	\N	174926	13	Cosme do Espirito Santo Martins	Feliciana Afonso do Espirito Santo	\N	4	1	12	2003	81	26	7	2019	1	1	\N	2003-12-01	M	\N	\N	2019-07-26	3	S
676	Jorge Lopes do Sacramento	\N	67551	13	Cludio Zenfrin do Sacramento	Maria Quaresma Lopes do Nascimento	\N	4	15	5	1970	131	29	10	2021	1	1	\N	1970-05-15	M	\N	\N	2021-10-29	3	S
677	Lucrcia da Cruz Neto Bragana	\N	62135	13	Joo Antnio Neto Bragana	Maria da Cruz	\N	4	1	4	1969	117	28	4	2020	1	2	\N	1969-04-01	F	\N	\N	2020-04-28	3	S
679	Brucilin Primo Monteiro Barreto	\N	95921	13	Manuel Monteiro Barreto	Manuela Cambundo Primo	\N	4	23	1	1980	128	26	3	2020	1	1	\N	1980-01-23	M	\N	\N	2020-03-26	3	S
680	Aziwalmira Bary Dias	\N	108011	13	Laurindo Giraculo Dias	Ermelinda Nana Bary	\N	4	16	7	1983	128	24	4	2015	1	2	\N	1983-07-16	F	\N	\N	2015-04-24	3	S
681	Janete Rita dos Santos	\N	123053	13	Tom Simes dos Santos	Justina de Sousa Pontes Rita dos Santos	\N	4	16	1	1995	169	25	12	2014	1	2	\N	1995-01-16	F	\N	\N	2014-12-25	3	S
682	Nze CorounahAime Bertha	\N	19GA 19021	5	Jean Corounah Nze	Solange Corounah	\N	5	22	1	1988	124	30	12	2019	1	2	\N	1988-01-22	F	\N	\N	2019-12-30	\N	S
683	Osvaldo Sacramento do Rosrio Sousa	\N	30736888 2	10	Manuel da Trindade do Rosrio Sousa	Maria Filipe Vaz do Sacramento	\N	6	10	6	1973	131	2	10	2019	1	1	\N	1973-06-10	M	\N	\N	2019-10-02	\N	S
685	Victor Manuel  da Silva Mesquita 	\N	CB 568680	6	Jos Bernardo Ferreira Mesquita	Maria Emilia	\N	5	24	11	1970	218	23	9	2020	5	1	\N	1970-11-24	M	\N	\N	2020-09-23	\N	D
686	Ailton Tom Loureno 	\N	132361	13	Bernardino Mand Loureno	Erlita dos Santos Bandeira Tom	\N	4	24	10	1994	96	30	7	2017	1	1	\N	1994-10-24	M	\N	\N	2017-07-30	3	S
688	Irina Vila Nova Teixeira de Sousa	\N	162919  	13	Pedro Teixeira de Sousa	Ludovina da Cruz Vila Nova	\N	4	20	8	1988	131	15	6	2018	1	2	\N	1988-08-20	F	\N	\N	2018-06-15	3	S
689	Cheula do Espirito Santo Primo	\N	168495	13	Eduardo Primo 	Hilria Andreza do Espirito Santo	\N	4	26	7	1998	81	12	3	2018	1	2	\N	1998-07-26	F	\N	\N	2018-03-12	3	S
690	Luzimar da Conceio Cirilo	\N	G C 936068	16	\N	Josete Maria Conceio Cirilo	\N	5	24	8	1990	221	10	9	2021	1	2	\N	1990-08-24	F	\N	\N	2021-09-10	\N	S
711	Daliney Marques Pires de Carvalho	\N	139464	13	Mario Eurico das Neves Pires de Carvalho	Idalcia Maria Barreto Pires Marques	\N	4	7	4	1994	96	18	3	2019	1	1	\N	1994-04-07	M	\N	\N	2019-03-18	3	S
712	ngela Maria Batista Neto	\N	40185	13	Eugrio Quaresma Neto	Rhcia Freitas Batista da Costa	\N	4	14	7	1966	96	27	8	2019	1	2	\N	1966-07-14	F	\N	\N	2019-08-27	3	S
713	Andre Gonalves da Costa	\N	09165	13	Rafael Gonalves 	Domingas Furtado da Costa	\N	4	15	9	1931	224	26	8	2002	1	1	\N	1931-09-15	M	\N	\N	2002-08-26	3	S
714	Ernestina Ferreira Pontes Pinto	\N	82053	13	Paulo de Sousa Pontes Pinto	Josefa Ferreira de Guadalupe	\N	4	14	7	1980	96	13	2	2023	1	2	\N	1980-07-14	F	\N	\N	2023-02-13	3	S
715	Bartolomeu Afonso dos Reis	\N	62407	13	Emidio Loureno dos Reis 	Lucrecia Afonso dos Ramos	\N	4	7	9	1973	120	2	11	2015	2	1	\N	1973-09-07	M	\N	\N	2015-11-02	3	M
716	Victria  Bastos Filipe	\N	232118	13	Jos Fiilipe	Marcelina de Sousa Bastos	\N	4	22	12	1960	96	10	11	2020	1	2	\N	1960-12-22	F	\N	\N	2020-11-10	3	S
718	Edsmael D Almeida Ribeiro do Sacramento	\N	125295	13	Martinho Ribeiro do Sacramento	Maria de Apresentao Vaz D Almeida	\N	4	23	4	1983	81	9	5	2017	1	1	\N	1983-04-23	M	\N	\N	2017-05-09	3	S
719	Nairy Lima Teles Neto do Sacramento	\N	91709	13	Joo Batista Teles  Neto	Isabel dos Santos Lima Neto	\N	4	22	11	1984	122	18	11	2020	2	2	\N	1984-11-22	F	\N	\N	2020-11-18	3	M
720	Edmilson Pascal de Ceita Filipe Novais 	\N	121539	13	Constancio Filipe Novais	Luisa Amaral de Ceita	\N	4	18	8	1991	96	11	1	2023	1	1	\N	1991-08-18	M	\N	\N	2023-01-11	3	S
721	Florentina da Glria D Oliveira Viegas	\N	56855	13	Leonardo Quaresma D Oliveira Viegas	Maria Ferreira da Glria	\N	4	21	2	1971	96	22	7	2013	1	2	\N	1971-02-21	F	\N	\N	2013-07-22	3	S
722	Esmiralda Guadalupe	\N	105517	13	\N	Josefa Ferreira de Guadalupe	\N	4	4	1	1989	96	13	12	2017	1	2	\N	1989-01-04	F	\N	\N	2017-12-13	3	S
723	Marcio Ferreira D Assuno	\N	130112	13	Manuel Ribeiro D Assuno	Adelina da Conceio Ferreira	\N	4	4	5	1986	96	4	4	2017	1	1	\N	1986-05-04	M	\N	\N	2017-04-04	3	S
724	Adelson Fernandes Boa Morte	\N	117372	13	Olinto dos Ramos Boa Morte	Celestina Fernandes Quaresma	\N	4	14	2	1993	96	28	5	2019	1	1	\N	1993-02-14	M	\N	\N	2019-05-28	3	S
726	Hilcia Ildia da Graa Tavares	\N	154197	13	Desidrio da Graa Tavares	Maria Ildia	\N	4	30	7	1993	207	27	8	2020	1	2	\N	1993-07-30	F	\N	\N	2020-08-27	3	S
727	Tatiana America D Assuno Lopes	\N	165471	13	Amncio Alves de Sousa Lopes	Zinaity do Espirito Santos Will D Assuno	\N	4	27	9	2002	118	19	7	2017	1	2	\N	2002-09-27	F	\N	\N	2017-07-19	3	S
728	Abdulay Lima do Nascimento	\N	91909	13	Geraldo Vaz do Nascimento 	Maria Paula da Conceio Lima	\N	4	4	2	1982	209	16	8	2022	1	1	\N	1982-02-04	M	\N	\N	2022-08-16	3	S
729	Amncio Soares Tete	\N	30038340 1	10	Martinho Afonso de Barros Tete Junior 	Ceclia Maria Soares de Almeida	\N	6	12	9	1959	193	8	5	2019	2	1	\N	1959-09-12	M	\N	\N	2019-05-08	\N	M
730	Vanilson Dias Ferreira Cambl	\N	169222	13	Abilio Ferreira Cambl	Jacinta Dias D Almeida Barros	\N	4	30	10	1998	96	3	10	2018	1	1	\N	1998-10-30	M	\N	\N	2018-10-03	3	S
731	Sergio do Espirito Santo Assuno Ceita	\N	132044	13	Ernesto da Silva Assuno Ceita	Severina Juliana do Espirito Santo	\N	4	6	12	1982	169	2	4	2018	1	1	\N	1982-12-06	M	\N	\N	2018-04-02	3	S
732	Miuarilsa Mateus Ferreira	\N	117544	13	Incio Antnio da Conceio Ferreira	Ftima da Graa Mateus	\N	4	18	6	1993	96	22	10	2020	1	2	\N	1993-06-18	F	\N	\N	2020-10-22	3	S
752	Adnilza da Cruz Martins	\N	173423	13	Manuel Leston Martins	Maria Ftima da Cruz	\N	4	4	10	1996	81	23	12	2021	1	2	\N	1996-10-04	F	\N	\N	2021-12-23	3	S
753	Ismael Tavares de Carvalho	\N	125343	13	Jos de Sousa Quebra de Carvalho	Domingas Tavares Rodrigues	\N	4	1	5	1994	96	23	12	2021	1	1	\N	1994-05-01	M	\N	\N	2021-12-23	3	S
754	Eula Nay Boa Morte D Apresentao	\N	162065	13	Eugenio D Apresentao Afonso	Ana do Espirito Santo Boa Morte	\N	4	14	8	2001	96	17	7	2017	1	2	\N	2001-08-14	F	\N	\N	2017-07-17	3	S
755	Andr do Rosrio Sousa Pontes	\N	134130	13	Antnio de Sousa Pontes	Cidlia do Rosrio Alves	\N	4	9	3	1991	81	20	3	2019	1	1	\N	1991-03-09	M	\N	\N	2019-03-20	3	S
756	Amonossak do Espirito Santo Leal Andrade	\N	82825	13	Tom Duque Leal Andrade	Maria Edite do Espirito Santo Fernandes	\N	4	3	5	1981	122	5	12	2017	1	2	\N	1981-05-03	F	\N	\N	2017-12-05	3	S
757	Jonas da Silva Eduardo	\N	160382	13	Laurindo Eduardo	Lizete Fernandes da Silva Eduardo	\N	4	30	3	1997	96	28	12	2021	1	1	\N	1997-03-30	M	\N	\N	2021-12-28	3	S
759	Maria Victria Cravid da Cunha Lisboa	\N	45589	13	Aleixo da Cunha Lisboa	Eugenia Cravid	\N	4	1	9	1958	172	28	11	2010	1	2	\N	1958-09-01	F	\N	\N	2010-11-28	3	S
760	Jucilina do Espirito Santo Coelho	\N	146981	13	\N	Argentina da Cruz do Espirito Santo	\N	4	15	7	1999	231	27	10	2021	2	2	\N	1999-07-15	F	\N	\N	2021-10-27	3	M
761	Ezilei Dria Coelho	\N	117351	13	Manuel do Sacramento Coelho	Francisca Domingas Mendes Dria Coelho	\N	4	25	3	1991	96	27	10	2021	2	1	\N	1991-03-25	M	\N	\N	2021-10-27	3	M
762	Nuno Monteiro	\N	68615	13	Ernesto Monteiro	Maria Palmira	\N	4	21	3	1976	88	28	12	2021	1	1	\N	1976-03-21	M	\N	\N	2021-12-28	3	S
763	Fernanda Quaresma Afonso	\N	93728	13	Manuel da Glria Afonso de Sousa	Eufrzia Afonso Vicente Fernandes	\N	4	9	12	1975	120	10	1	2020	1	2	\N	1975-12-09	F	\N	\N	2020-01-10	3	S
764	Juan Luis Bethencourt Darias	\N	P A B 4825	20	Juan Bethecourt Belo	Laudilina Darias Cabrera	\N	5	24	2	1975	232	11	11	2015	1	1	\N	1975-02-24	M	\N	\N	2015-11-11	\N	S
765	Ivone Maria Fernandes do Espirito Santo	\N	56131	13	Tom Martins Vaz do Rosario	Ana Fernandes do Espirito Santo	\N	4	14	5	1967	96	2	3	2017	1	1	\N	1967-05-14	M	\N	\N	2017-03-02	3	S
766	Wilder Rodrigues de Pina	\N	152369	13	Ilidio de Pina Moreira	Alcinda da Graa Rodrigues	\N	4	27	11	1999	81	15	9	2020	1	1	\N	1999-11-27	M	\N	\N	2020-09-15	3	S
767	Elizabete Vaz Cabral	\N	145424	13	Jos Manuel Semedo Cabral	Cesaltina Furtado Vaz	\N	4	8	10	1996	152	12	8	2020	1	2	\N	1996-10-08	F	\N	\N	2020-08-12	3	S
769	Patrcia de Carvalho Rodrigues 	\N	19839	13	Arnaldo Carvalho Rodrigues	Ana	\N	4	18	3	1954	96	23	8	2008	1	2	\N	1954-03-18	F	\N	\N	2008-08-23	3	S
770	Aldazisa Castro da Cruz Vaz	\N	167718	13	Artur Antnio da Cruz Vaz 	Monica Idalzisa Quaresma de Castro	\N	4	16	7	2001	96	15	11	2021	1	2	\N	2001-07-16	F	\N	\N	2021-11-15	3	S
771	Eddy das Neves Signo	\N	31623919 4	10	Loureno das Neves Quaresma 	Maria Vaz Signo Bom Jesus	\N	6	2	3	1983	235	28	7	2020	2	1	\N	1983-03-02	M	\N	\N	2020-07-28	\N	M
772	Wilson Afonso Fernandes	\N	32511925 2	10	Manuel Santana Fernandes	Maria Nazare Afonso Will Fernandes	\N	6	27	6	1979	209	23	12	2019	1	1	\N	1979-06-27	M	\N	\N	2019-12-23	\N	S
773	Marcos Leal de Barros	\N	125618	13	\N	Edna Maria Mnica Leal de Barros	\N	4	18	12	1992	131	16	4	2018	1	1	\N	1992-12-18	M	\N	\N	2018-04-16	3	S
774	Maria das Neves DArajo Lima	\N	142675	13	Manuel Francisco DArajo Lima	Clarisse Maria das Neves	\N	4	12	8	1983	120	2	1	2019	1	2	\N	1983-08-12	F	\N	\N	2019-01-02	3	S
775	Adilson Conceio da Mata	\N	89846	13	Tefilo da Cruz Pedroso da Mata	Isabel da Conceio	\N	4	14	4	1979	96	7	11	2018	1	1	\N	1979-04-14	M	\N	\N	2018-11-07	3	S
776	Carla Mendes da Glria Costa dos Ramos	\N	174840	13	Eugnio Mercs Costa dos Ramos	Vilma Mendes da Glria 	\N	4	29	7	2003	96	26	8	2019	1	2	\N	2003-07-29	F	\N	\N	2019-08-26	3	S
777	Nelson de Jesus Sanches Correia	\N	30932013 5	10	Marcos Correia de Carvalho	Joaquina Sanches Semedo	\N	6	22	3	1985	236	14	11	2017	2	1	\N	1985-03-22	M	\N	\N	2017-11-14	\N	M
734	Edmilson da Fonseca Afonso de Barros	\N	148637	13	Pascoal Ferreira Afonso de Barros	Elsa Maria da Cruz da Fonseca	\N	4	3	4	1997	96	10	2	2020	1	1	\N	1997-04-03	M	\N	\N	2020-02-10	3	S
736	Carlos Alberto Gonalves Trigueiros	\N	09315766 5	6	Eduardo Rafael de Moniz Trigueiros 	Aida Gonalves Afonso Trigueiros 	\N	6	6	9	1954	81	25	11	2018	4	1	\N	1954-09-06	M	\N	\N	2018-11-25	\N	V
737	Jos Luiz do Espirito	\N	60049	13	\N	Deolinda do Espirito	\N	4	13	7	1968	81	17	4	2017	1	1	\N	1968-07-13	M	\N	\N	2017-04-17	3	S
738	Leocelo Pereira da Cruz	\N	139916	13	Marcelo da Conceio Correia da Cruz	Leopoldina Correia Pereira	\N	4	10	6	1998	96	22	8	2018	1	1	\N	1998-06-10	M	\N	\N	2018-08-22	3	S
739	Leopoldina Correia Pereira	\N	39560	13	Adelino Pereira	Maria Elena Correia	\N	4	15	10	1964	186	2	5	2016	1	2	\N	1964-10-15	F	\N	\N	2016-05-02	3	S
740	Germias da Costa Luis	\N	180977	13	Estanislau Luis	Maria do Cu Costa Sousa	\N	4	4	1	2000	198	14	8	2021	1	1	\N	2000-01-04	M	\N	\N	2021-08-14	3	S
741	Mauricio Quaresma Pires dos Santos	\N	36287	13	Laudino Pires dos Santos 	Victoria Quaresma Afonso	\N	4	24	9	1954	107	8	11	2004	1	1	\N	1954-09-24	M	\N	\N	2004-11-08	3	S
742	Paulo Daio de Boa Morte	\N	32075	13	Manuel de Jesus Costa Boa Morte	Domingas Dias dos Santos Daio	\N	4	10	7	1954	163	13	9	2018	1	1	\N	1954-07-10	M	\N	\N	2018-09-13	3	S
704	Joaquina Ferreira	\N	118157	13	Brona	Maria Gomes Ferreira	\N	4	14	2	1954	128	11	11	2021	1	2	\N	1954-02-14	F	\N	\N	2021-11-11	3	S
707	Jacques Dominique Alain Benoist	\N	20 D K 516	18	Alain Henri Benoist	Simone Demeusy Benoist	\N	5	21	11	1946	223	8	10	2020	1	1	\N	1946-11-21	M	\N	\N	2020-10-08	\N	S
749	Jucelina Moreira Mendes Gonalves	\N	118703	13	Camilo Sanches Mendes	Arminda Gonalves Moreira	\N	4	13	6	1990	96	18	5	2021	2	2	\N	1990-06-13	F	\N	\N	2021-05-18	3	M
751	Maria do Carmo Ferreira Morais	\N	58757	13	Manuel Jos Correia	Maria Augusta Ferreira Morais	\N	4	9	6	1970	81	5	7	2018	1	2	\N	1970-06-09	F	\N	\N	2018-07-05	3	S
779	Ineias Almeida Dias 	\N	144923	13	Laurindo Giraculo Dias 	Delmira Mrio Almeida	\N	4	30	4	1997	96	19	8	2021	1	1	\N	1997-04-30	M	\N	\N	2021-08-19	3	S
780	Rui Bento Amado Pires dos Santos 	\N	129059 	13	Bento da Trindade Pires dos Santos	Cesaltina Maria Pires Amado	\N	4	18	10	1994	96	19	4	2017	1	1	\N	1994-10-18	M	\N	\N	2017-04-19	3	S
781	Helder Trovoada Afonso Freitas	\N	36713	13	Justino Afonso Freitas	Maria do Sacramento Trovoada	\N	4	7	11	1957	172	8	11	2010	1	1	\N	1957-11-07	M	\N	\N	2010-11-08	3	S
782	Edmilker Almeida Dias	\N	114185	13	Laurindo Giraculo Dias	Delmira  Mrio Almeida	\N	4	14	6	1988	81	14	6	2017	1	1	\N	1988-06-14	M	\N	\N	2017-06-14	3	S
783	Yaura Pires dos Santos	\N	146984	13	\N	Zulmira Pires dos Santos Vaz de Almeida	\N	4	21	10	1993	96	9	10	2019	1	2	\N	1993-10-21	F	\N	\N	2019-10-09	3	S
542	Jerson Quaresma Pinheiro	\N	134913	5	Berlindo Martins Pinheiro 	Margarida Gal Quaresma Pinheiro	\N	4	13	1	1996	96	7	8	2019	1	1	\N	1996-01-13	M	\N	\N	2019-08-07	\N	S
746	Wilson do Espirito Santo	\N	162329	13	\N	Maria Madalena Tati do Esprito Santo	\N	4	23	4	1995	135	24	11	2021	1	1	\N	1995-04-23	M	\N	\N	2021-11-24	3	S
745	Ana Maria Martins Bragana Vaz	\N	59323	13	Joo Antnio Neto Bragana	Ana Martins	\N	4	8	3	1968	81	28	7	2013	2	2	\N	1968-03-08	F	\N	\N	2013-07-28	3	M
748	Vitor Jos Dias Correia dos Santos	\N	CB 696329	6	Jaime dos Santos	Maria Fernanda Dias Santos	\N	5	1	9	1965	228	21	1	2021	2	1	\N	1965-09-01	M	\N	\N	2021-01-21	\N	M
791	Jos Freire Chantre	\N	191467	13	Alberto Maria Chantre	Amlia Freire	\N	4	1	7	1963	117	27	10	2015	1	1	\N	1963-07-01	M	\N	\N	2015-10-27	3	S
792	Waldy do Espirito Santo Lima	\N	175477	13	Jos Andreza da Conceio Lima	Alexandrina Coelho do Espirito Santo	\N	4	21	4	1999	156	4	2	2022	1	2	\N	1999-04-21	F	\N	\N	2022-02-04	3	S
793	Yassel Jerry Barros Martins	\N	152608	13	Ruben do Espirito Santo Martins	Domitilia Sacramento de Barros	\N	4	14	11	1999	101	10	1	2022	1	1	\N	1999-11-14	M	\N	\N	2022-01-10	3	S
794	Manuel Lopes	\N	191270	13	\N	Maria Lopes Bazilio	\N	4	8	9	1995	209	8	9	2021	1	1	\N	1995-09-08	M	\N	\N	2021-09-08	3	S
796	Brigido dos Ramos	\N	18468	13	Lzaro dos Ramos 	Maria de Bom Despacho	\N	4	2	11	1942	141	11	3	2004	1	1	\N	1942-11-02	M	\N	\N	2004-03-11	3	S
797	Jucilina Fernandes Varela	\N	146920	13	Jos Varela Landim	Elsa Maria Fernandes Moreno	\N	4	5	5	1994	81	11	1	2022	1	2	\N	1994-05-05	F	\N	\N	2022-01-11	3	S
798	Ronaldo da Costa Monteiro	\N	158876	13	Nelson Pereira Monteiro	Marisa Marquinhas da Conceio Paquete da Costa	\N	4	18	1	2002	109	28	7	2021	1	1	\N	2002-01-18	M	\N	\N	2021-07-28	3	S
799	Paulina Bonifcio de Brito	\N	128220	13	Quintino de Brito	Sofia Bonifcio	\N	4	11	10	1979	88	25	6	2021	1	2	\N	1979-10-11	F	\N	\N	2021-06-25	3	S
800	Anastacia Bonifacio de Brito	\N	192797	13	Quintino Mendes de Brito	 Sofia Bonifacio	\N	4	1	9	1962	117	30	11	2015	1	2	\N	1962-09-01	F	\N	\N	2015-11-30	3	S
801	Maria Filomena Carlota da Silva Pinto	\N	108756	13	Juvenal da Silva Pinto 	Maria do Carmo Carlota	\N	4	24	8	1990	135	3	7	2017	1	2	\N	1990-08-24	F	\N	\N	2017-07-03	3	S
802	Cristino Quaresma da Silva Lomba	\N	97932	13	Joo da Silva Lomba	Maria Quaresma	\N	4	26	1	1975	96	21	9	2015	1	1	\N	1975-01-26	M	\N	\N	2015-09-21	3	S
804	Hiplito Moreno da Costa	\N	125705	13	Pedro da Costa Brito	Valentina Lopes Moreno	\N	4	19	11	1986	135	8	10	2020	1	1	\N	1986-11-19	M	\N	\N	2020-10-08	3	S
805	Waldson Alves Faleiro	\N	81232	13	Justino da Costa Faleiro	Dina Antnia Alves da Glria 	\N	4	28	11	1980	122	18	12	2018	1	1	\N	1980-11-28	M	\N	\N	2018-12-18	3	S
806	Manuel Lima Pereira	\N	59361	13	Jos Luiz Pereira	Diamantina Armando Lima	\N	4	18	3	1971	107	26	4	2019	1	1	\N	1971-03-18	M	\N	\N	2019-04-26	3	S
807	Diallo da Costa Pires dos Santos	\N	68307	13	Jorge Pires dos Santos	Guilhermina de Sousa da Costa Santos	\N	4	22	7	1976	96	25	8	2021	2	1	\N	1976-07-22	M	\N	\N	2021-08-25	3	M
808	Antnio Vicente Mota Andrade	\N	67059	13	Vicente Frederico Andrade	Adelaide Carlota Mota	\N	4	29	10	1975	128	28	1	2018	1	1	\N	1975-10-29	M	\N	\N	2018-01-28	3	S
809	Julio Gomes Estevo	\N	64340	13	Agnelo Francisco Estevo	Joana Gomes	\N	4	20	6	1973	81	22	5	2019	2	1	\N	1973-06-20	M	\N	\N	2019-05-22	3	M
810	Madlaine Maria da Cunha	\N	81071	13	Elizeu da Conceio Cunha	Fernanda Maria Fortes Evora	\N	4	20	6	1982	209	28	2	2018	1	2	\N	1982-06-20	F	\N	\N	2018-02-28	3	S
812	Jorciley Pires de Andrade Costa	\N	163851	13	Jos de Assuno Costa	Cesaltina Pereira Pires de Andrade	\N	4	16	5	1992	109	20	2	2020	1	1	\N	1992-05-16	M	\N	\N	2020-02-20	3	S
813	Fradik Pires Jos	\N	100790	13	Pascoal Jos	Albertina Quaresma de Sousa Pires	\N	4	6	10	1986	81	25	11	2020	1	1	\N	1986-10-06	M	\N	\N	2020-11-25	3	S
814	Augusta do Nascimento da Veiga Graa	\N	117343	13	Joo Lopes da Veiga 	Everte Ferreira do Nascimento	\N	4	5	3	1975	81	31	3	2022	2	2	\N	1975-03-05	F	\N	\N	2022-03-31	3	M
816	Eliete Baza de Almeida 	\N	168465	13	Helsinque Mota de Almeida	Elite Baza Lima Francisco	\N	4	31	1	2002	96	8	12	2017	1	2	\N	2002-01-31	F	\N	\N	2017-12-08	3	S
817	Elite Baza Lima Francisco	\N	82483	13	Jacinto Lima Francisco 	Maria da Glria Baza Francisco	\N	4	21	5	1980	198	18	2	2022	1	2	\N	1980-05-21	F	\N	\N	2022-02-18	3	S
819	Maria do Carmo Pinto Bragana	\N	88701	13	Honorato D Araujo Sequeira Bragana	Domingas da Conceio Vaz Pinto	\N	4	16	7	1983	131	21	2	2018	1	2	\N	1983-07-16	F	\N	\N	2018-02-21	3	S
820	Alcinda da Graa Rodrigues	\N	67015	13	Rufino Alves Rodrigues 	Hirondina Dias da Graa	\N	4	11	6	1973	81	3	5	2012	1	2	\N	1973-06-11	F	\N	\N	2012-05-03	3	S
821	Wilson Rodrigues de Pina	\N	222710	13	Ilidio de Pina Moreira	Alcinda da Graa Rodrigues	\N	4	17	8	2005	81	31	7	2019	1	1	\N	2005-08-17	M	\N	\N	2019-07-31	3	S
822	Marcelina Lopes da Costa	\N	121932	13	Pedro da Costa Brito	Valentina Lopes Moreno	\N	4	31	3	1991	81	15	1	2021	1	2	\N	1991-03-31	F	\N	\N	2021-01-15	3	S
823	Leonidio da Graa Quintas	\N	29916	13	Jos da Costa Quintas	Beleza da Graa do Espirito Santo	\N	4	28	11	1954	81	7	1	2011	1	1	\N	1954-11-28	M	\N	\N	2011-01-07	3	S
824	Ernestina Pires Chantre	\N	85120	13	Alberto Maria Chantre	Irene dos Santos Pires	\N	4	22	5	1974	117	19	5	2021	1	2	\N	1974-05-22	F	\N	\N	2021-05-19	3	S
825	Albertino Pires Chantre	\N	104331	13	Alberto Maria Chantre	Irene dos Santos Pires	\N	4	1	1	1979	91	9	12	2021	1	1	\N	1979-01-01	M	\N	\N	2021-12-09	3	S
583	Genilson Vera Cruz Soares 	\N	185808	13	Eugnio Loureno Soares 	Nilza Maria D Assuno Vera Cruz	\N	4	8	6	2005	96	8	9	2021	1	1	\N	2005-06-08	M	\N	\N	2021-09-08	3	S
788	Erikson da Costa Barroso	\N	96466	13	Ernestino Borges Pereira Barroso	Ana Paula Costa da Cruz Barroso	\N	4	14	7	1987	96	8	4	2022	1	1	\N	1987-07-14	M	\N	\N	2022-04-08	3	S
787	Eliezer da Silva Rodrigues	\N	130803	13	Deolindo da Graa Rodrigues 	Maria Julia Neto da Silva	\N	4	19	7	1993	85	21	9	2018	1	1	\N	1993-07-19	M	\N	\N	2018-09-21	3	S
790	Dugas Coelho Moreno Afonso Neto	\N	99603	13	Jos Carlos Moreno Afonso Neto	Luzia Coelho	\N	4	4	10	1986	169	29	9	2020	2	1	\N	1986-10-04	M	\N	\N	2020-09-29	3	M
832	Cecilia de Ceita Carvalho	\N	35716	13	Hilrio Quaresma Carvalho	Maria Francisca Santana de Ceita	\N	4	24	6	1959	172	2	8	2017	1	2	\N	1959-06-24	F	\N	\N	2017-08-02	3	S
833	Izidoro da Costa Bonfim	\N	20096	13	Izidoro Filipe Bonfim	Leandra Francisca Afonso Jos da Costa	\N	4	17	1	1956	96	11	9	2006	1	1	\N	1956-01-17	M	\N	\N	2006-09-11	3	S
834	Cesar Augusto D Arajo	\N	07224	13	\N	Maria D Arajo	\N	4	5	6	1946	96	26	1	1998	2	1	\N	1946-06-05	M	\N	\N	1998-01-26	3	M
836	Lingley Varela Viegas	\N	121909	13	Leonel Alvaro Fernandes Viegas	Idalina Domingas Varela	\N	4	25	12	1994	81	21	9	2021	2	1	\N	1994-12-25	M	\N	\N	2021-09-21	3	M
837	Berta do Espirito Santo	\N	93489	13	\N	Maria Nazar do Espirito Santo	\N	4	13	6	1974	105	18	9	2015	1	2	\N	1974-06-13	F	\N	\N	2015-09-18	3	S
838	Rosalina Semedo dos Santos	\N	46377	13	Joaquim Semedo dos Santos	Augusta Semedo	\N	4	2	6	1958	120	11	2	2022	1	2	\N	1958-06-02	F	\N	\N	2022-02-11	3	S
839	Jos D Apresentao Ferreira de Ceita	\N	10127	13	Higino Ferreira de Ceita	Maria dos Santos Quaresma D Apresentao Pensava	\N	4	20	3	1953	107	9	7	2007	1	1	\N	1953-03-20	M	\N	\N	2007-07-09	3	S
840	Adjana Baa de Almeida Dias Pires Neto	\N	110943	13	Incio de Almeida Dias	Carla do Espirito Santo Baa	\N	4	23	4	1989	169	1	2	2021	2	2	\N	1989-04-23	F	\N	\N	2021-02-01	3	M
841	Suwazy D Apresentao dos Santos	\N	124902	13	Apolinrio dos Santos	Fausta Pires dos Santos de Apresentao	\N	4	27	8	1995	157	11	11	2021	1	2	\N	1995-08-27	F	\N	\N	2021-11-11	3	S
842	Adjayles Loureno Soares da Cruz	\N	112607	13	Orlando Soares da Cruz	Bernardina Antnia Lourena	\N	4	7	8	1992	96	12	11	2021	1	1	\N	1992-08-07	M	\N	\N	2021-11-12	3	S
844	Teolindo Napolio de Sousa Pontes	\N	65016	13	Antonieto Gama de Sousa Pontes	Deliciosa Napoleo 	\N	4	27	11	1972	81	5	1	2015	1	1	\N	1972-11-27	M	\N	\N	2015-01-05	3	S
845	Antnio da Graa	\N	52327	13	Alfredo Margarida da Graa	Isabel Narrinho	\N	4	26	2	1967	81	20	11	2020	2	1	\N	1967-02-26	M	\N	\N	2020-11-20	3	M
846	Antnio de Jesus Afonso Gomes	\N	123446	13	Antnio Gomes Jos	Esperana Pinheiro Afonso	\N	4	26	5	1983	118	14	4	2021	1	1	\N	1983-05-26	M	\N	\N	2021-04-14	3	S
847	Delfim Manuel da Costa Frota	\N	57835	13	Raimundo Jos da Costa Frota	Maria Joana	\N	4	3	6	1972	131	13	2	2020	2	1	\N	1972-06-03	M	\N	\N	2020-02-13	3	M
848	Adelino da Conceio Soares Paquete	\N	131014	13	Aurelio Soares de Guadalupe Paquete	Adelina da Conceio dos Santos Lima	\N	4	7	8	1988	104	8	5	2018	1	1	\N	1988-08-07	M	\N	\N	2018-05-08	3	S
849	Adjercilay da Mata de Assuno	\N	91223	13	Aleixo de Ceita de Assuno	Norberta Luiz Pedroso da Mata	\N	4	6	11	1983	128	6	8	2018	1	1	\N	1983-11-06	M	\N	\N	2018-08-06	3	S
850	Silvia de Brito Tavares	\N	133450	13	Joo do Carmo Tavares	Paulina Bonifacio de Brito	\N	4	27	3	1997	81	16	8	2017	1	2	\N	1997-03-27	F	\N	\N	2017-08-16	3	S
852	Angelo da Graa Tron	\N	38279	13	Antnio da Redeno Domingos Tron	Firmosa da Graa	\N	4	8	5	1955	81	5	6	2006	1	1	\N	1955-05-08	M	\N	\N	2006-06-05	3	S
853	Valter Leite Fernandes	\N	130775	13	Manuel Antnio Fernandes 	Ana Maria Leite do Nascimento 	\N	4	6	4	1988	81	31	7	2017	1	1	\N	1988-04-06	M	\N	\N	2017-07-31	3	S
854	Celiberte Pires	\N	183496	13	\N	Maria da Conceio Pires da Graa	\N	4	27	8	1992	96	15	12	2021	1	2	\N	1992-08-27	F	\N	\N	2021-12-15	3	S
855	Gelson dos Santos Rosrio Mendes	\N	78165	13	Manuel Tom Tavares Rosrio Mendes	Maria dos Santos Natlia Arajo	\N	4	25	7	1979	138	25	6	2019	2	1	\N	1979-07-25	M	\N	\N	2019-06-25	3	M
856	Laidasy Romy Borja Salvador	\N	32183001 5	10	Carlos Salvador QUARESMA 	Esperana Borja Rompo	\N	6	12	6	1985	122	17	4	2017	1	2	\N	1985-06-12	F	\N	\N	2017-04-17	\N	S
857	Aurlio do Nascimento Pires dos Santos	\N	22924	13	Apolinrio Maria Pires dos Santos	Ana Ribeiro Jesus do Nascimento 	\N	4	15	10	1956	107	16	7	2007	1	1	\N	1956-10-15	M	\N	\N	2007-07-16	3	S
858	Manuel Faleiro de Almeida 	\N	35930	13	Manuel Viegas de Almeida 	Luiza Faleiro	\N	4	11	7	1954	81	20	6	2010	1	1	\N	1954-07-11	M	\N	\N	2010-06-20	3	S
860	Adilzio Lima  de Assuno Guin	\N	152337	13	Jos Pires Guin	Alcinda Lima Esteves de Assuno	\N	4	10	7	1997	81	15	7	2020	1	1	\N	1997-07-10	M	\N	\N	2020-07-15	3	S
861	Admilza Encarnao Gomes	\N	174843	13	Tom das Neves Gomes	Adelaide Encarnao Julio	\N	4	29	10	2003	96	20	7	2018	1	2	\N	2003-10-29	F	\N	\N	2018-07-20	3	S
862	Olivio da Cruz de Carvalho Tiny	\N	184858	13	Edmundo de Carvalho Tiny	Albertina da Cruz Luiz	\N	4	24	4	1993	169	8	2	2022	1	1	\N	1993-04-24	M	\N	\N	2022-02-08	3	S
863	Justino Ferreira Viegas 	\N	34446	13	Manuel Soares Carvalho Lima Viegas 	Maria Nazar Luiza Ferreira	\N	4	11	12	1955	81	19	8	2015	1	1	\N	1955-12-11	M	\N	\N	2015-08-19	3	S
864	Ana Maria da Luz Oliveira	\N	86978	13	Mateus Teofilo Oliveira	Maria de Lurdes da Luz	\N	4	21	8	1976	163	5	2	2018	1	2	\N	1976-08-21	F	\N	\N	2018-02-05	3	S
865	Kimilsa Oliveira da Costa Lima 	\N	164527	13	Paulino da Costa Lima 	Ana Maria da Luz Oliveira	\N	4	12	3	2002	96	22	5	2017	1	2	\N	2002-03-12	F	\N	\N	2017-05-22	3	S
866	Kinilsa Oliveira da Costa Lima	\N	124336	13	Paulino da Costa Lima 	Ana Maria da Luz Oliveira	\N	4	8	4	1995	209	27	10	2021	1	2	\N	1995-04-08	F	\N	\N	2021-10-27	3	S
623	Custodio Gaspar do Sacramento 	\N	106396	13	Manuel do Sacramento Sebastio	Izabel Lazaro Gaspar	\N	4	9	7	1972	96	27	8	2020	1	1	\N	1972-07-09	M	\N	\N	2020-08-27	3	S
830	Helder de Barros Viana	\N	32176251 7	10	Ral de Almeida Viana	Maria do Cu de Barros	\N	6	23	12	1989	135	29	4	2018	2	1	\N	1989-12-23	M	\N	\N	2018-04-29	\N	M
829	Askalline Pires Amado	\N	88861	13	Constantino da Cruz Amado	Ins da Mata Pires Andrade	\N	4	18	2	1984	81	29	4	2020	2	1	\N	1984-02-18	M	\N	\N	2020-04-29	3	M
831	Maria do Ceu de Barros	\N	42875	13	Manuel de Barros	Etelvina do Cu	\N	4	24	10	1964	81	6	11	2019	1	2	\N	1964-10-24	F	\N	\N	2019-11-06	3	S
873	Agostinho de Guadalupe	\N	57219	13	Martinho de Sousa Pontes	Maria Guadalupe Antnia Tete	\N	4	10	2	1961	81	18	11	2021	1	1	\N	1961-02-10	M	\N	\N	2021-11-18	3	S
874	Kedmilson da Silva Vaz Pereira 	\N	146751	13	Domingos Neto Vaz Pereira	Snia Maria Pinto da Silva	\N	4	13	2	1999	96	9	12	2020	1	1	\N	1999-02-13	M	\N	\N	2020-12-09	3	S
876	Afonsina Ceita Neto	\N	96566	13	Mateus Afonso Neto	Maria Sebastiana Sousa de Ceita	\N	4	31	7	1987	86	11	9	2021	1	2	\N	1987-07-31	F	\N	\N	2021-09-11	3	S
877	Selina Joaquim da Graa Alam	\N	165128	13	Antnio Maria da Graa Alam	Aida Joaquina Quipundia	\N	4	19	5	2002	88	15	8	2017	1	2	\N	2002-05-19	F	\N	\N	2017-08-15	3	S
878	Plcida Pires Semedo	\N	139292	13	Felisberto Monteiro Semedo	Adelina Tavares vora Pires	\N	4	8	10	1995	135	6	8	2020	1	2	\N	1995-10-08	F	\N	\N	2020-08-06	3	S
879	Jekciney Quaresma D Assuno Castro	\N	170407	13	Dalilo Rita Sacramento D Assuno Castro	Januria das Neves Quaresma	\N	4	11	2	1994	96	6	2	2019	1	1	\N	1994-02-11	M	\N	\N	2019-02-06	3	S
880	Disney Pires Semedo	\N	113678	13	Felisberto Monteiro Semedo	Adelina Tavares Evora Pires	\N	4	17	1	1992	81	5	11	2020	1	1	\N	1992-01-17	M	\N	\N	2020-11-05	3	S
881	Adelina Tavares Evora Pires	\N	60294	13	Izaquiel Evora Pires	Maria Lucia de Jesus Ramos Tavares	\N	4	12	6	1968	81	22	8	2016	1	2	\N	1968-06-12	F	\N	\N	2016-08-22	3	S
883	Stanley de Sousa Espirito Santo	\N	188728	13	Jekison Garcia do Espirito Santo	Sufuteleisa Ferreira de Sousa	\N	4	4	3	2002	96	21	8	2020	1	1	\N	2002-03-04	M	\N	\N	2020-08-21	3	S
884	Danilson Rodrigues da Silva Aguiar	\N	144979	13	Sergio Paulo Sousa da Silva Aguiar	Deolinda Rodrigues dos Santos	\N	4	9	6	1999	209	14	8	2017	1	1	\N	1999-06-09	M	\N	\N	2017-08-14	3	S
885	Slvia Anair Antnio Bernardo de Oliveira	\N	003532160 KS039	5	Armando Bernardo	Laurinda Antnio	\N	4	17	1	1990	245	30	12	2020	2	2	\N	1990-01-17	F	\N	\N	2020-12-30	\N	M
886	Sindermane Neto de Oliveira	\N	002941594 ME039	5	Cupertino Neto de Oliveira	Maria do Espirito Santo Xavier Neto	\N	4	9	10	1981	246	30	12	2020	2	1	\N	1981-10-09	M	\N	\N	2020-12-30	\N	M
887	Zinaldo da Costa de Assuno	\N	160401	13	Bartolomeu Quaresma de Assuno 	Idalina dos Ramos da  Costa	\N	4	19	6	1998	96	11	7	2019	1	1	\N	1998-06-19	M	\N	\N	2019-07-11	3	S
888	Edmar Vaz Alves de Carvalho	\N	75687	13	Amncio da Silva Alves de Carvalho	Maria Vaz Antnia Loureno 	\N	4	27	5	1979	81	5	10	2020	1	1	\N	1979-05-27	M	\N	\N	2020-10-05	3	S
889	Joaquim Soares Coelho 	\N	M 070512	6	Manuel Coelho Jnior	Maria dos Prazeres Soares	\N	5	7	8	1959	247	19	3	2017	2	1	\N	1959-08-07	M	\N	\N	2017-03-19	\N	M
1026	Arnaldo 	\N	42123	13	Antnio 	Maria Luiza	\N	4	16	11	1938	81	9	3	2001	1	1	\N	1938-11-16	M	\N	\N	2001-03-09	3	S
890	Eduino Gomes Varela	\N	75367	13	Joo Lopes Varela	Antonia Gomes Tavares 	\N	4	27	2	1964	81	23	1	2018	1	1	\N	1964-02-27	M	\N	\N	2018-01-23	3	S
892	Darcy Semedo Fonseca 	\N	163608	13	Armindo Ferreira Fonseca	Isabel Horta Semedo	\N	4	14	8	1999	124	3	8	2022	1	2	\N	1999-08-14	F	\N	\N	2022-08-03	3	S
893	Nelson Semedo Mendes Dias 	\N	72130	13	Mrio Lopes Furtado Mendes Dias 	Maria Sabado Rodrigues Semedo	\N	4	9	7	1977	163	23	10	2017	1	1	\N	1977-07-09	M	\N	\N	2017-10-23	3	S
894	Carmelita Monteiro Nascimento	\N	79762	13	Pedro Damio Nascimento	Silvestra Maria Monteiro Nascimento	\N	4	27	3	1977	96	1	9	2021	1	2	\N	1977-03-27	F	\N	\N	2021-09-01	3	S
895	Olivio das Neves Jos	\N	79365	13	Rita Jos	Maria das Neves Francisca	\N	4	25	4	1980	81	15	3	2019	1	1	\N	1980-04-25	M	\N	\N	2019-03-15	3	S
896	Antnio Manuel Rodrigues Segurado	\N	016/2016	9	Joaquim Manuel Bento Segurado	Aurora Maria Rodrigues Joo Segurado	\N	4	14	7	1967	248	23	7	2020	5	1	\N	1967-07-14	M	\N	\N	2020-07-23	\N	D
897	Atcleide Soares Bragana do Rosrio	\N	151108	13	Antnio Policarpo Bragana do Rosrio 	Leonor Aurra Quaresma Soares	\N	4	10	10	1996	96	30	8	2018	1	2	\N	1996-10-10	F	\N	\N	2018-08-30	3	S
898	Lesiley do Rosrio Lima 	\N	165783	13	Luiz Manuel Will de Deus Lima	Helena do Rosrio da Veiga	\N	4	23	2	2003	81	19	7	2017	1	2	\N	2003-02-23	F	\N	\N	2017-07-19	3	S
900	Liliana Garrido Bouas D Oliveira	\N	172411	13	Nelson Jos de Oliveira	Vilma Montiel Garrido D Arajo	\N	4	6	4	2003	96	11	1	2022	1	1	\N	2003-04-06	M	\N	\N	2022-01-11	3	S
901	Eula Ferreira da Conceio Pereira	\N	94799	13	Lzaro Manuel Vaz da Conceio Pereira	Alexandrina D  Assuno Ferreira	\N	4	29	5	1986	79	30	11	2021	1	2	\N	1986-05-29	F	\N	\N	2021-11-30	3	S
902	Vedigal Fernandes Godinho 	\N	161952	13	Cosme da Costa Godinho	Catarina do Espirito Santo Fernandes	\N	4	29	8	1995	250	14	8	2018	1	1	\N	1995-08-29	M	\N	\N	2018-08-14	3	S
903	Madnilza Lopes da Fonseca Sousa Pontes	\N	153881	13	Antnio Fonseca de Sousa Pontes	Isabel Francisca Borja Lopes	\N	4	24	7	2000	96	28	1	2022	1	2	\N	2000-07-24	F	\N	\N	2022-01-28	3	S
904	Azilay do Ano Nene das Neves	\N	168864	13	Horcio Nen das Neves	Hermnia Bonfim do Ano	\N	4	2	2	1999	81	8	8	2020	1	2	\N	1999-02-02	F	\N	\N	2020-08-08	3	S
905	Morbey Bonfim de Almeida	\N	74024	13	Joo de Almeida	Gabriela Bonfim D Assuno	\N	4	21	7	1977	96	16	7	2020	1	1	\N	1977-07-21	M	\N	\N	2020-07-16	3	S
906	Albertino Mendes Varela	\N	162418	13	Jos dos Reis Semedo Varela	Ana Mendes Tavares	\N	4	22	12	1983	122	14	4	2021	1	1	\N	1983-12-22	M	\N	\N	2021-04-14	3	S
664	Ilezia Jose da Costa Afonso Fernandes	\N	120121	13	Abilio Afonso Fernandes 	Herculana da Cruz da Costa	\N	4	31	12	1984	128	31	3	2017	1	2	\N	1984-12-31	F	\N	\N	2017-03-31	3	S
871	Abdulay Sousa Pontes Sousa Mendes	\N	128309	13	Janurio Gomes Sousa Mendes 	Maria Izabel de Sousa Pontes	\N	4	23	7	1994	169	6	11	2017	1	1	\N	1994-07-23	M	\N	\N	2017-11-06	3	S
870	Jos Silva Coronel	\N	102681	13	Manuel Candido Coronel	Isabel Adelaide Silva	\N	4	3	3	1973	120	21	1	2015	1	1	\N	1973-03-03	M	\N	\N	2015-01-21	3	S
872	Luiza da Costa Paulo	\N	73814	13	Manuel Quaresma Paulo	Carmelinda Lusa da Costa	\N	4	25	1	1978	81	19	9	2018	1	2	\N	1978-01-25	F	\N	\N	2018-09-19	3	S
914	Alekcia Filipe dos Ramos	\N	89681	13	Lzaro Francisco D Abreu dos Ramos	Antnia Filipe da Trindade	\N	4	27	10	1980	128	14	10	2020	1	2	\N	1980-10-27	F	\N	\N	2020-10-14	3	S
915	Reinivaldo Filipe Vaz do Rosrio	\N	183282	13	Eucilidio Rodrigues Vaz do Rosrio	Alekcia Filipe dos Ramos	\N	4	25	6	2000	253	14	8	2018	1	1	\N	2000-06-25	M	\N	\N	2018-08-14	3	S
916	Fernando Joaquim Esteves Martins Rovisco	\N	C A 446917	6	Ral Deniz Rovisco	Josefa Esteves Martins	\N	5	26	9	1945	254	14	2	2019	1	1	\N	1945-09-26	M	\N	\N	2019-02-14	\N	S
918	Jailson de Guadalupe Carreira	\N	139175	13	Engrcio do Esprito Santo Carreira	Eina Neusa Pereira de Guadalupe	\N	4	25	4	1997	82	14	9	2021	1	1	\N	1997-04-25	M	\N	\N	2021-09-14	3	S
919	Olivio Quaresma	\N	32760	13	\N	Antonia Quaresma	\N	4	27	5	1958	96	5	12	2016	2	1	\N	1958-05-27	M	\N	\N	2016-12-05	3	M
920	Engrcio Pereira Dias Soares 	\N	73706	13	Tom Eduardo Dias Soares 	Natalia Martins Pereira	\N	4	8	2	1976	96	12	10	2021	1	1	\N	1976-02-08	M	\N	\N	2021-10-12	3	S
921	Caty Assaman Carvalho de Ceita	\N	92323	13	Gabriel de Ceita Quaresma Bonfim	Maria das Mercs de Carvalho	\N	4	14	12	1982	107	12	10	2021	1	2	\N	1982-12-14	F	\N	\N	2021-10-12	3	S
922	Janilzia dos Santos Carvalho 	\N	189775	13	Jaime Carvalho da Conceio	Micaela dos Santos Carvalho	\N	4	1	5	2003	96	4	5	2021	1	2	\N	2003-05-01	F	\N	\N	2021-05-04	3	S
923	Serdizinayka Aguiar do Nascimento	\N	173149	13	Serodio Henriques de Boa Morte do Nascimento	Ledyzinayka da Trindade Bandeira Aguiar	\N	4	6	3	2003	96	14	3	2019	1	2	\N	2003-03-06	F	\N	\N	2019-03-14	3	S
924	Raquiela da Conceio Ribeiro	\N	136340	13	Horcio Fortes Ribeiro	Emilia Conceio Sousa Pontes	\N	4	14	2	1997	96	11	3	2022	1	2	\N	1997-02-14	F	\N	\N	2022-03-11	3	S
925	Carolaine Barbosa de Barros	\N	187445	13	Antnio de Barros	Eugnia de Sousa Barbosa	\N	4	16	12	2003	96	13	4	2021	1	2	\N	2003-12-16	F	\N	\N	2021-04-13	3	S
927	Michaela Rompo do Espirito Santo	\N	207289	13	Abilio Vaz do Espirito Santo	Germana Josefa Romo	\N	4	28	3	1996	107	31	7	2017	1	2	\N	1996-03-28	F	\N	\N	2017-07-31	3	S
928	Vasiley Marques Pires Afonso	\N	131337	13	Manuel de Jesus da Glria Pires Afonso	Izabel Pires da Mota Marques	\N	4	28	9	1992	131	30	11	2021	1	1	\N	1992-09-28	M	\N	\N	2021-11-30	3	S
929	Jossimar da Madre Deus e Sousa	\N	133539	13	Manuel Antnio da Conceio e Sousa	Edgardelina Anelita dos Ramos da Madre Deus	\N	4	11	6	1997	96	12	8	2017	1	1	\N	1997-06-11	M	\N	\N	2017-08-12	3	S
930	Regina da Trindade Bonfim de Almeida	\N	174852	13	Morbey Bonfim de Almeida	Loujilaine da Trindade	\N	4	17	4	2002	96	22	8	2018	1	2	\N	2002-04-17	F	\N	\N	2018-08-22	3	S
931	Carla Daiany Afonso dos Santos Frenandes	\N	174777	13	Yurguin Guadalupe dos Santos Fernandes	Seclay Afonso Neto D Assuno	\N	4	21	12	2003	96	28	8	2018	1	1	\N	2003-12-21	M	\N	\N	2018-08-28	3	S
932	Amilser Semedo Tron	\N	85008	13	gelo da Graa Tron 	Antnia Monteiro Semedo	\N	4	9	5	1980	138	21	6	2021	1	1	\N	1980-05-09	M	\N	\N	2021-06-21	3	S
933	Isabel dos Reis Norberto	\N	120031	13	Macatecane Manjate Norberto	Firmina Maria dos Reis	\N	4	4	5	1966	117	17	6	2021	1	2	\N	1966-05-04	F	\N	\N	2021-06-17	3	S
934	Agueda Ramos Cruz Lopes	\N	20084	13	Miguel Lopes da Cruz	Maria de Ftima Ramos	\N	4	18	2	1955	198	5	6	2006	2	2	\N	1955-02-18	F	\N	\N	2006-06-05	3	M
936	Manuel da Cruz Borja	\N	19252	13	Manuel da Cruz Borja	Maria Engracia da Cruz	\N	4	28	5	1950	81	22	6	2015	1	1	\N	1950-05-28	M	\N	\N	2015-06-22	3	S
937	Wadmilson Varela Manuel 	\N	162350	13	Albertino Manuel	Ester Varela de Brito	\N	4	18	1	2001	96	26	10	2021	1	1	\N	2001-01-18	M	\N	\N	2021-10-26	3	S
938	Marcia de Carvalho das Neves Pascoal	\N	184582	13	Constncio das Neves Pascoal	Francisca da Costa de Carvalho	\N	4	23	5	2002	96	30	7	2020	1	2	\N	2002-05-23	F	\N	\N	2020-07-30	3	S
939	Nicolau Monteiro da Veiga	\N	148964	13	Francisco Mendes da Veiga 	Joana Sanches Monteiro 	\N	4	14	1	1965	132	31	3	2022	1	1	\N	1965-01-14	M	\N	\N	2022-03-31	3	S
940	Laudino Pires D Assuno Vaz	\N	126724	13	Leonardo dos Ramos D Assuno Vaz	Teodora Quaresma Pires dos Santos	\N	4	19	12	1983	122	24	9	2018	1	1	\N	1983-12-19	M	\N	\N	2018-09-24	3	S
941	Marisa Ingls Soares 	\N	135116	13	Domingo Dias Soares 	Hilria Ingls	\N	4	19	9	1993	157	4	6	2018	1	2	\N	1993-09-19	F	\N	\N	2018-06-04	3	S
943	Erni Vaz de Carvalho Pires	\N	125724	13	Pascoal de Carvalho Pires	Maria Antnia Vaz da Madre de Deus	\N	4	22	8	1987	96	22	3	2022	1	2	\N	1987-08-22	F	\N	\N	2022-03-22	3	S
944	Eulicia Fernandes Cristovo	\N	173420	13	Orico Isabel Cristovo	Narcisa Neto Fernandes	\N	4	18	12	2003	81	17	7	2018	1	2	\N	2003-12-18	F	\N	\N	2018-07-17	3	S
945	Manuel do Sacramento Coelho	\N	31062	13	Juliano do Espirito Santo Coelho	Maria do Sacramento	\N	4	28	11	1954	163	5	2	2005	2	1	\N	1954-11-28	M	\N	\N	2005-02-05	3	M
946	Arlinda Monteiro Silva Henriques	\N	99974	13	Inocencio Maria Silva	Maria Antnia Monteiro	\N	4	30	10	1977	198	11	2	2016	2	2	\N	1977-10-30	F	\N	\N	2016-02-11	3	M
947	Carla Eunice Mendes Pereira	\N	20020902 F 002 F	21	Martiniano Vaz Pereira	Marta Mendes Ferreira	\N	8	2	9	2002	179	24	3	2022	1	2	\N	2002-09-02	F	\N	\N	2022-03-24	\N	S
948	Maurer Viegas Arajo Lima	\N	171246	13	Leandro de Sousa Arajo Lima	Nery Nunes Santana Viegas Lima	\N	4	25	8	2000	256	12	5	2018	1	1	\N	2000-08-25	M	\N	\N	2018-05-12	3	S
157	Iasimira Agostinho dos Ramos	\N	138988	5	Andr Lima dos Ramos	Gabriela do Espirito Agostinho	\N	4	16	11	1989	96	4	6	2019	1	2	\N	1989-11-16	F	\N	\N	2019-06-04	\N	S
910	Maria do Carmo Afonso da Silva	\N	21822	13	Victor Jos da Silva	Maria Pires Afonso Neto	\N	4	29	8	1958	172	9	1	2019	1	2	\N	1958-08-29	F	\N	\N	2019-01-09	3	S
815	Nerlio de Arajo do Espirito Santo	\N	95936	13	Bonifcio Lzaro do Espirito Santo	Maria Afonso de Arajo Trindade	\N	4	29	8	1985	81	24	9	2020	1	1	\N	1985-08-29	M	\N	\N	2020-09-24	3	S
912	Incia Adelaide Varela Tavares	\N	75843	13	Belmiro Santos Mendes Varela	Domingas Adelaide Catraio	\N	4	26	12	1978	88	21	11	2019	2	2	\N	1978-12-26	F	\N	\N	2019-11-21	3	M
954	Iailza Vaz de Brito	\N	187922	13	Jlio de Brito Varela	Edna Vaz Bernardo	\N	4	12	6	2005	96	10	9	2020	1	2	\N	2005-06-12	F	\N	\N	2020-09-10	3	S
956	Itelgina Rompo da Cruz Catarina	\N	121504	13	Higino do Sacramento Catarina	Idalina da Cruz Soares	\N	4	29	5	1995	96	1	2	2022	1	2	\N	1995-05-29	F	\N	\N	2022-02-01	3	S
957	Rosaly Salvador Ceita dos Ramos	\N	184429	13	Albino Ceita dos Ramos	Antnia Salvador dos Ramos	\N	4	18	12	1999	96	2	10	2020	1	2	\N	1999-12-18	F	\N	\N	2020-10-02	3	S
958	Fernando Leito	\N	17429	13	Joaquim Leito	Julia	\N	4	27	2	1951	186	20	12	2011	1	1	\N	1951-02-27	M	\N	\N	2011-12-20	3	S
960	Antnia Vaz	\N	184005	13	\N	Margarida Vaz	\N	4	4	7	1958	259	16	6	2017	6	2	\N	1958-07-04	F	\N	\N	2017-06-16	3	D
961	Esmael Joaquim Tavares da Costa	\N	185924	13	Jernimo Pereira Tavares da Costa	Dionsia da Graa Joaquim 	\N	4	2	2	2004	258	1	4	2021	1	1	\N	2004-02-02	M	\N	\N	2021-04-01	3	S
962	Edjamila dos Ramos Sousa Bastos	\N	167360	13	Edmar Lopes Sousa Bastos	Hirondina dos Ramos Catarina	\N	4	15	5	2000	81	7	6	2019	1	2	\N	2000-05-15	F	\N	\N	2019-06-07	3	S
963	Hedgar da Conceio Soares	\N	177133	13	Manuel de Nazar Soares	Maria da Conceio Soares 	\N	4	17	12	1992	96	23	9	2019	1	1	\N	1992-12-17	M	\N	\N	2019-09-23	3	S
964	Alfredo Antnio Carvalho de Sousa	\N	75513	13	Manuel Cristo de Sousa	Guilhermina da Trindade Pinto	\N	4	13	6	1972	131	1	2	2019	1	1	\N	1972-06-13	M	\N	\N	2019-02-01	3	S
966	Octavia de Boa Morte Borja	\N	40003	13	Manuel Rodrigues Borja	Anastcia da Boa Morte	\N	4	18	12	1958	81	25	4	2016	1	2	\N	1958-12-18	F	\N	\N	2016-04-25	3	S
967	Ineias Santana D Apresentao Trindade	\N	118426	13	Guilherme D Apresentao Trindade	Agostinha pires Afonso Santana	\N	4	10	5	1992	261	1	10	2019	1	1	\N	1992-05-10	M	\N	\N	2019-10-01	3	S
968	Iselfino Quaresma da Costa	\N	107408	13	Amandio Cravid da Costa	Ivone Quaresma Alva Dad	\N	4	20	1	1981	169	5	4	2022	1	1	\N	1981-01-20	M	\N	\N	2022-04-05	3	S
969	Aline da Trindade Fernandes 	\N	120498	13	Manuel Simo Bragana Fernandes	Izilda Neves da Trindade	\N	4	11	8	1990	172	16	10	2017	1	2	\N	1990-08-11	F	\N	\N	2017-10-16	3	S
970	Francisca Xavier Neto de Oliveira	\N	11616	13	Miguel Quintas Jordo	Maria Guadalupe da Graa Xavier Neto 	\N	4	18	4	1953	81	13	2	2014	2	2	\N	1953-04-18	F	\N	\N	2014-02-13	3	M
971	Agostinho Pedro Lzaro Elisa	\N	195197	13	Armindo Francisca Eliza	Elisa Maria das Neves Lzaro	\N	4	14	9	1987	194	11	2	2022	1	1	\N	1987-09-14	M	\N	\N	2022-02-11	3	S
972	Alzira Neto da Trindade	\N	114051	13	Jos Loureno do Nascimento da Trindade	Dionisia Leite Ferreira Neto	\N	4	15	9	1979	81	23	5	2017	1	2	\N	1979-09-15	F	\N	\N	2017-05-23	3	S
974	Edvaldo Fernandes de Ceita da Graa 	\N	120890	13	Ral de Ceita da Graa	Dulce Mendes Fernandes 	\N	4	15	11	1981	97	14	10	2019	2	1	\N	1981-11-15	M	\N	\N	2019-10-14	3	M
976	Jos dos Reis Norberto	\N	67228	13	Macatecane Maufuto Norberto	Firmina Maria dos Reis	\N	4	8	9	1975	117	29	1	2019	1	1	\N	1975-09-08	M	\N	\N	2019-01-29	3	S
977	Fernanda Bons Feitores	\N	46749	13	\N	Maria de Bons Feitores	\N	4	22	11	1961	96	22	6	2022	1	2	\N	1961-11-22	F	\N	\N	2022-06-22	3	S
978	Silvania Marisa de Rosrio de Assuno	\N	151614	13	Alcino de Ceita de Assuno	Adelaide Maria do Rosrio Afonso	\N	4	12	8	1999	169	14	8	2018	1	2	\N	1999-08-12	F	\N	\N	2018-08-14	3	S
979	Herlito da Mata da Encarnao	\N	134572	13	Nelson da Encarnao	Paula Conceio Pedroso da Mata	\N	4	9	12	1995	96	9	8	2017	1	1	\N	1995-12-09	M	\N	\N	2017-08-09	3	S
980	Manuel Lopes Ferreira	\N	191049	13	Alvarino Tavares 	Francisca Ferreira	\N	4	1	1	1932	259	12	10	2015	1	1	\N	1932-01-01	M	\N	\N	2015-10-12	3	S
982	Aldinha Borromeu Suzana Cravid	\N	10240	13	Carlos Borromeu da Costa Cravid	Maria do Espirito Fernandes Cambl	\N	4	2	9	1943	81	12	11	2011	1	2	\N	1943-09-02	F	\N	\N	2011-11-12	3	S
983	Idranildo Curta do Sacramento Fernandes	\N	79377	13	Loureno do Sacramento Fernandes Pedroso	Eugnia Curta	\N	4	6	3	1980	138	29	10	2019	1	1	\N	1980-03-06	M	\N	\N	2019-10-29	3	S
984	Neusa Varela Alves	\N	96577	13	Arnaldo dos Santos Alves	Agostinha Almeida Varela	\N	4	8	9	1984	81	30	11	2018	1	2	\N	1984-09-08	F	\N	\N	2018-11-30	3	S
985	Stela Guadalupe de Sousa Pontes	\N	109632	13	Manuel Fernandes de Sousa Pontes	Maria de Guadalupe	\N	4	26	6	1990	124	26	4	2022	1	2	\N	1990-06-26	F	\N	\N	2022-04-26	3	S
986	Placidino de Oliveira Paulo	\N	C A 073392	6	\N	Alexandrina Afonso de Oliveira Paulo	\N	5	4	4	1953	193	12	7	2018	4	1	\N	1953-04-04	M	\N	\N	2018-07-12	\N	V
987	Delton Miller do Rosrio Ferreira Pontes	\N	130763	13	Antnio Ferreira Pontes	Isabel Neto do Rosrio	\N	4	20	6	1996	81	1	11	2021	1	1	\N	1996-06-20	M	\N	\N	2021-11-01	3	S
988	Leonel Gomes da Mata	\N	66182	13	Delfim Ferreira da Mata	Germina Nazar Gomes	\N	4	26	4	1975	81	3	5	2017	1	1	\N	1975-04-26	M	\N	\N	2017-05-03	3	S
989	Lilian Carregosa Silva	\N	GD 491621	22	Jose Carlos Silva Nascimento	Vera Lcia Carregosa Nascimento	\N	5	18	7	1998	264	4	1	2022	1	2	\N	1998-07-18	F	\N	\N	2022-01-04	\N	S
990	Masa Arajo de Melo	\N	FU 866446	23	Mariano Luiz de Melo	Marlene Araujo de Melo	\N	5	18	7	1973	263	5	1	2018	1	2	\N	1973-07-18	F	\N	\N	2018-01-05	\N	S
951	Hirondina Monteiro Silva	\N	48106	13	Inocncio Maria Silva	Maria Antnia Monteiro	\N	4	28	2	1965	198	17	9	2020	1	2	\N	1965-02-28	F	\N	\N	2020-09-17	3	S
952	Flvia Palmira Monteiro	\N	129796	13	Ernesto Monteiro	Maria Palmira	\N	4	25	4	1973	117	30	7	2020	1	2	\N	1973-04-25	F	\N	\N	2020-07-30	3	S
953	Rosa Piedade Domingas	\N	53107	13	Pedro Rosa Domingos	Augusta Piedade Brito	\N	4	14	11	1954	81	10	4	2006	1	2	\N	1954-11-14	F	\N	\N	2006-04-10	3	S
975	Alberto de Sousa Pontes da Costa	\N	18488	13	Renato Jos da Costa	Domingas Dias de Sousa Pontes	\N	4	17	5	1943	96	14	6	2001	2	1	\N	1943-05-17	M	\N	\N	2001-06-14	3	M
996	Ducilene Rosa Afonso	\N	168351	13	Jernimo Isabel Afonso	Lourdes Lus Rosa	\N	4	14	6	1999	96	14	7	2020	1	2	\N	1999-06-14	F	\N	\N	2020-07-14	3	S
997	Avelino Julio Penhor	\N	25891	13	Loureno Penhor	Damiana Julio	\N	4	30	11	1949	81	29	3	2004	2	1	\N	1949-11-30	M	\N	\N	2004-03-29	3	M
998	Edmilson da Costa Santiago	\N	176399	13	Elsio do Nascimento Santiago	Maria Luciana Juliana da Costa	\N	4	24	5	1996	96	12	2	2019	1	1	\N	1996-05-24	M	\N	\N	2019-02-12	3	S
999	Paulo Vicente da Graa Ailamo	\N	16343	13	Francisco Luiz Ailamo	Silvia da Graa	\N	4	25	6	1947	81	31	10	2005	1	1	\N	1947-06-25	M	\N	\N	2005-10-31	3	S
1000	Wilson da Costa Leite	\N	84465	13	Isaias Antnio Leite	Ins Antnia da Costa	\N	4	27	11	1981	209	4	6	2020	1	1	\N	1981-11-27	M	\N	\N	2020-06-04	3	S
1001	Luciana Mendes Sanches	\N	192403	13	Jose Sanches	Antonia Mendes	\N	4	15	1	1959	266	21	12	2015	1	2	\N	1959-01-15	F	\N	\N	2015-12-21	3	S
1002	Jlia Sousa Pontes Pinto	\N	97257	13	Julio Afonso Viegas Pinto	Maria do Rosrio de Sousa Pontes Afonso	\N	4	10	11	1986	122	14	8	2018	1	2	\N	1986-11-10	F	\N	\N	2018-08-14	3	S
1003	Francisco Alvaro	\N	24467	13	Alvaro Aida	Jesuina Mariana	\N	4	6	7	1956	96	23	4	2007	1	1	\N	1956-07-06	M	\N	\N	2007-04-23	3	S
1005	Jussara Mendes Rocha	\N	152588	13	Pedro Ferreira da Rocha	Alcinda da Conceio Mendes	\N	4	24	3	2000	96	3	9	2020	1	2	\N	2000-03-24	F	\N	\N	2020-09-03	3	S
1006	Celina Costa de Jesus Bonfim 	\N	113444	13	Manuel Sebastio Jesus Bonfim	Arlete Antnia Alves Costa	\N	4	27	12	1987	81	30	6	2021	1	2	\N	1987-12-27	F	\N	\N	2021-06-30	3	S
1007	Wadson do Nascimento Dias	\N	162154	13	\N	Suzana da Conceio Nascimento Dias	\N	4	23	3	1999	96	16	7	2019	1	1	\N	1999-03-23	M	\N	\N	2019-07-16	3	S
1008	Constntino do Sacramento Montenegro	\N	16384	13	Sebastio Montenegro 	Anastcia do Sacramento	\N	4	20	1	1950	107	16	11	2015	2	1	\N	1950-01-20	M	\N	\N	2015-11-16	3	M
1009	Manuel Cristo do Espirito Santo	\N	24982	13	Gaspar dos Reis do Espirito Santo	Pascola do Nascimento	\N	4	27	10	1947	186	11	9	2000	1	1	\N	1947-10-27	M	\N	\N	2000-09-11	3	S
1010	Etelvina do Ce Manuel	\N	48949	13	Adriano 	Maria do Ce	\N	4	22	7	1945	81	7	5	2018	2	2	\N	1945-07-22	F	\N	\N	2018-05-07	3	M
1011	Clia de Barros Bandeira	\N	176638	13	Amrico de Guadalupe Bandeira	Aurora Soares de Barros	\N	4	9	9	1999	81	27	4	2022	1	2	\N	1999-09-09	F	\N	\N	2022-04-27	3	S
1012	Herminia Cabral Lopes 	\N	192397	13	Antnio Victor Lopes 	Amlia Sanches Cabral	\N	4	24	10	1985	194	28	1	2021	1	2	\N	1985-10-24	F	\N	\N	2021-01-28	3	S
1013	Manuel	\N	119886	13	\N	Maria Isabel Josefa 	\N	4	23	3	1942	81	7	5	2018	2	1	\N	1942-03-23	M	\N	\N	2018-05-07	3	M
1015	Manuel	\N	23414	13	\N	Isabel	\N	4	2	4	1943	81	5	5	2003	2	1	\N	1943-04-02	M	\N	\N	2003-05-05	3	M
1016	Pedro Leito	\N	28778	13	Samba	\N	\N	4	29	4	1945	81	16	2	2001	1	1	\N	1945-04-29	M	\N	\N	2001-02-16	3	S
1017	Marilda Tavares Lima	\N	105928	13	Olavo Manuel Lima	Maria de Lurdes Tavares	\N	4	29	6	1990	81	6	6	2019	1	2	\N	1990-06-29	F	\N	\N	2019-06-06	3	S
1020	Luiza do Espirito Patrcio Pires dos Santos 	\N	77019	13	Horcio Fernandes Pires dos Santos	Hirondina do Espirito Patrcio	\N	4	24	5	1978	96	15	10	2020	1	2	\N	1978-05-24	F	\N	\N	2020-10-15	3	S
1021	Vitalina Fortes Evora	\N	57117	13	Joo Batista Evora 	Maria Joana Fortes	\N	4	10	1	1969	81	9	4	2019	1	2	\N	1969-01-10	F	\N	\N	2019-04-09	3	S
1022	Milai Afonso da Trindade	\N	109218	13	Eduardo Neves da Trindade	Maria Jos da Silva Afonso	\N	4	1	10	1989	96	16	8	2022	1	2	\N	1989-10-01	F	\N	\N	2022-08-16	3	S
1023	Leine Managem Fernandes D Oliveira	\N	104019	13	Casimiro Fernandes da Costa D Oliveira	Leonor da Costa Managem	\N	4	29	2	1984	122	29	7	2019	1	1	\N	1984-02-29	M	\N	\N	2019-07-29	3	S
1024	Abel da Fonseca Fernandes D Almeida	\N	165420	13	Bonifcio Fernandes D Almeida	Arminda do Rosrio Fonseca	\N	4	15	5	2002	96	22	7	2017	1	1	\N	2002-05-15	M	\N	\N	2017-07-22	3	S
1025	Arminda do Rosario Fonseca D Almeida	\N	69303	13	Herminio da Fonseca 	Flavia do Rosario	\N	4	8	9	1973	96	4	4	2015	2	2	\N	1973-09-08	F	\N	\N	2015-04-04	3	M
1028	Neidy Luiz de Ceita Mendes	\N	112828	13	Antnio de Ceita	Incia Luiz Pedroso da Mata	\N	4	1	6	1984	122	14	8	2021	2	2	\N	1984-06-01	F	\N	\N	2021-08-14	3	M
1029	Carlos Junior de Ceita dos Santos	\N	207020	13	Hermis Lima dos Santos 	Neidy Luiz de Ceita	\N	4	16	8	2006	96	27	7	2017	1	1	\N	2006-08-16	M	\N	\N	2017-07-27	3	S
1030	Mrcio Nazreth de Deus Sousa Pontes	\N	141226	13	Fernando do Rosrio de Sousa Pontes	Protsia Madre de Deus	\N	4	16	5	1996	81	29	8	2019	1	1	\N	1996-05-16	M	\N	\N	2019-08-29	3	S
1031	Adenalde Quaresma Eurico	\N	15591748 0 ZY 4	10	Eurico 	Madalena da Cruz Alexandre Quaresma	\N	6	25	3	1985	96	19	5	2019	1	1	\N	1985-03-25	M	\N	\N	2019-05-19	\N	S
1032	Jelcilay da Graa dos Santos Lima	\N	151282	13	David da Conceio dos Santos Lima	Delcina da Graa Cruz	\N	4	6	5	1996	96	14	8	2020	1	2	\N	1996-05-06	F	\N	\N	2020-08-14	3	S
1033	Helger Almeida da Silva	\N	101398	13	Domingos da Silva	Maria Tom D Almeida	\N	4	1	2	1985	83	25	3	2019	1	1	\N	1985-02-01	M	\N	\N	2019-03-25	3	S
909	Hirondina Nazar dos Santos Amado	\N	30683	13	Nicolau dos Santos Amado	Maria de Madre de Deus Nazar	\N	4	16	12	1963	96	16	5	2015	1	2	\N	1963-12-16	F	\N	\N	2015-05-16	3	S
993	Andreza Francisca Xavier Soares 	\N	123356	13	Francisco Xavier Soares	Maria Francisca	\N	4	30	7	1947	81	14	3	2005	1	2	\N	1947-07-30	F	\N	\N	2005-03-14	3	S
992	Ana Maria Moreno Andrade	\N	87282	13	Francisco Borges Andrade	Eliza Moreno	\N	4	21	7	1973	132	3	8	2021	1	2	\N	1973-07-21	F	\N	\N	2021-08-03	3	S
994	Camila Lima do Espirito Santo	\N	134549	13	Nelson Joo Almeida do Espirito Santo	Victria Lima da Cruz Espirito Santo	\N	4	12	1	1997	96	10	7	2017	1	2	\N	1997-01-12	F	\N	\N	2017-07-10	3	S
1040	Benvindo Duarte do Sacramento	\N	79452	13	Manuel do Sacramento	Clotilde Maria Duarte	\N	4	31	1	1976	96	14	11	2019	2	1	\N	1976-01-31	M	\N	\N	2019-11-14	3	M
1041	Cristiano Manuel do Sacramento	\N	177685	13	Benvindo Duarte do Sacramento	Dinazalda Rocha Manuel do Sacramento	\N	4	18	12	2004	96	26	6	2019	1	1	\N	2004-12-18	M	\N	\N	2019-06-26	3	S
1042	Jekson dos Ramos da Silva Cruz	\N	130771	13	Luis Ceita da Silva Cruz	Guilhermina dos Ramos Sacramento Nobre	\N	4	20	7	1993	96	11	1	2019	1	1	\N	1993-07-20	M	\N	\N	2019-01-11	3	S
1044	Youyarne Vaz da Conceio Carvalho Pereira	\N	144778	13	\N	Maria Florinda Vaz da Conceio Pereira	\N	4	26	10	1996	124	30	7	2021	2	1	\N	1996-10-26	M	\N	\N	2021-07-30	3	M
1045	Edvaltino dos Santos Lima	\N	202219	13	\N	Alice dos Santos Lima	\N	4	4	10	1996	96	11	5	2022	1	1	\N	1996-10-04	M	\N	\N	2022-05-11	3	S
1046	Placido de Oliveira Paulo	\N	17769	13	\N	Alexandrina Afonso de Oliveira Paulo	\N	4	4	4	1953	107	2	12	2013	1	1	\N	1953-04-04	M	\N	\N	2013-12-02	3	S
1047	Antnia Loureno da Glria	\N	29607	13	Cosme Joo Loureno	Pascoela da Glria	\N	4	15	10	1957	172	13	3	2017	6	2	\N	1957-10-15	F	\N	\N	2017-03-13	3	D
1048	Victor Fortes Batista Evora	\N	208287	13	Joo Batista Evora 	Maria Joana Fortes	\N	4	11	4	1971	96	21	8	2017	1	1	\N	1971-04-11	M	\N	\N	2017-08-21	3	S
1049	Edmilson da Silva do Nascimento Pires	\N	145616	13	Manuel Sacramento Pires	Esperana Maria Soares da Silva	\N	4	20	8	1996	81	1	7	2021	1	1	\N	1996-08-20	M	\N	\N	2021-07-01	3	S
1050	Bernucia Bandeira D Assuno	\N	159024	13	Bernardo dos Ramos Vaz D Assuno	Adalberta Vaz Bandeira Quaresma 	\N	4	26	5	2000	96	9	6	2021	1	2	\N	2000-05-26	F	\N	\N	2021-06-09	3	S
1052	Arlete Quaresma Lima Vaz	\N	65438	13	Luciano Quaresma Vaz	Januaria dos Ramos Lima	\N	4	21	3	1974	117	26	10	2015	1	2	\N	1974-03-21	F	\N	\N	2015-10-26	3	S
1053	Miguel Chamarinza	\N	98400	13	\N	Liza	\N	4	5	4	1940	135	17	9	2019	1	1	\N	1940-04-05	M	\N	\N	2019-09-17	3	S
1054	Gustavo do Espirito Santo Barreto	\N	34845	13	Jos Barreto	Carlota do Espirito Santo 	\N	4	10	5	1955	96	16	4	2018	1	1	\N	1955-05-10	M	\N	\N	2018-04-16	3	S
1055	Sezaltino D Abreu da Trindade	\N	70796	13	Manuel da Trindade Tiny Junior	Antnia Viegas de Abreu	\N	4	9	6	1949	81	23	5	2016	1	1	\N	1949-06-09	M	\N	\N	2016-05-23	3	S
1056	Joaquim Calonga 	\N	17661	13	\N	Isabel Calonga	\N	4	28	5	1951	81	6	6	2011	2	1	\N	1951-05-28	M	\N	\N	2011-06-06	3	M
1057	Alfredo Domingos Faustino	\N	36275	13	Alfredo Faustino	Maria Domingas	\N	4	15	1	1950	81	15	12	2012	1	1	\N	1950-01-15	M	\N	\N	2012-12-15	3	S
1058	Adaliano Bonifcio	\N	25229	13	Bonifcio Manuel	Domingas	\N	4	16	11	1937	81	11	4	2019	1	1	\N	1937-11-16	M	\N	\N	2019-04-11	3	S
1059	Palmira	\N	47850	13	\N	Nunguma	\N	4	1	10	1944	132	7	8	2006	1	2	\N	1944-10-01	F	\N	\N	2006-08-07	3	S
1061	Edmilza de Oliveira Pastola	\N	181953	13	Joo Rocha Pastola	Alcinda Pina de Oliveira	\N	4	14	4	2001	96	30	7	2019	1	2	\N	2001-04-14	F	\N	\N	2019-07-30	3	S
1062	Abdul dos Ramos Ferreira	\N	30981866 4ZX8	10	Norberto Ferreira 	Juventina dos Ramos Faleiro 	\N	6	28	3	1983	193	24	7	2018	1	1	\N	1983-03-28	M	\N	\N	2018-07-24	\N	S
1064	Antnio de Assuno Calonga	\N	65157	13	\N	Isabel Calonga	\N	4	13	5	1956	81	28	3	2008	1	1	\N	1956-05-13	M	\N	\N	2008-03-28	3	S
1065	Maria do Nascimento Mateus 	\N	20238	13	Manuel do Sacramento Mateus Tom Fernandes	Maria do Nascimento Tavares Neto	\N	4	11	11	1943	81	17	4	2006	1	2	\N	1943-11-11	F	\N	\N	2006-04-17	3	S
1066	Elvald D Assuno Vaz da Conceio	\N	139077	13	Joo Benedicto Vaz da Conceio	Anastcia D Assuno Inde	\N	4	14	7	1997	124	11	2	2022	1	1	\N	1997-07-14	M	\N	\N	2022-02-11	3	S
1067	Nelcy Pinto Sebastio Pires 	\N	194170	13	Nelson do  Sebastio Pires	Arlina do Espirito Santo Pinto	\N	4	9	6	2004	96	6	4	2021	1	2	\N	2004-06-09	F	\N	\N	2021-04-06	3	S
1068	Leonel dos Santos	\N	11158	13	Alberto Afonso Pires 	Ceciliana Paula dos Santos	\N	4	6	6	1954	96	29	6	2003	1	1	\N	1954-06-06	M	\N	\N	2003-06-29	3	S
1070	Edna dos Ramos Cabea	\N	167361	13	Gostinho Domingos Cabea	Vanda Mariza Dias Fernandes dos Ramos	\N	4	14	4	2002	96	20	8	2018	1	2	\N	2002-04-14	F	\N	\N	2018-08-20	3	S
1071	Hadguela da Trindade Medina	\N	156821	13	Anselmo Borges Medina	Lucrecia do Espirito da Trindade Medina	\N	4	8	1	1999	81	12	5	2022	1	2	\N	1999-01-08	F	\N	\N	2022-05-12	3	S
1072	Dicelene de Nozelino dos Santos Paquete Fernandes	\N	68710	13	Nozelino do Sacramento Paquete Fernandes 	Suzana Afonso Pires dos Santos	\N	4	5	10	1976	96	3	3	2022	1	2	\N	1976-10-05	F	\N	\N	2022-03-03	3	S
1073	Cipriano de Sousa Riqueza	\N	67370	13	Marcos Pedro Riqueza	Emilia Francisca de Sousa	\N	4	16	9	1973	198	20	10	2014	1	1	\N	1973-09-16	M	\N	\N	2014-10-20	3	S
1074	Wadilson de Oliveira Viegas Frederico	\N	194383	13	Joaquim Frederico	Ana Afonso de Oliveira Viegas	\N	4	14	5	1996	81	17	5	2022	1	1	\N	1996-05-14	M	\N	\N	2022-05-17	3	S
1076	Cristino Diogo  Joo Loureno	\N	42286	13	Cristino Freite Joo Loureno	Maria Diogo	\N	4	4	2	1951	107	10	6	2013	1	1	\N	1951-02-04	M	\N	\N	2013-06-10	3	S
705	Ismael Monteiro Ramos Cardoso	\N	61735	13	Flaviano Paula Ramos Cardoso	Maria da Gloria dos Santos Monteiro Ramos Cardoso	\N	4	3	11	1972	96	24	10	2016	2	1	\N	1972-11-03	M	\N	\N	2016-10-24	3	M
1037	Elisa de Apresentao Carvalho	\N	179378	13	Adilson Melo Pires de Carvalho	Elisabeth dos Ramos D Assuno D Apresentao	\N	4	24	5	1999	268	9	6	2021	1	2	\N	1999-05-24	F	\N	\N	2021-06-09	3	S
1038	Watsnia Quaresma Fernandes Santiago	\N	177983	13	Watson Fernandes Santiago	Lazauca Quaresma Fernandes Santiago	\N	4	11	7	2004	96	30	5	2019	1	2	\N	2004-07-11	F	\N	\N	2019-05-30	3	S
1039	Lazaca Quaresma Fernandes Santiago	\N	107530	13	Claudio Mateus Fernandes	Celeste Quaresma dos Ramos	\N	4	31	12	1983	169	11	4	2022	2	2	\N	1983-12-31	F	\N	\N	2022-04-11	3	M
1085	Belsazar Al do Espirito Santo	\N	72272	13	Manuel da Trindade do Espirito Santo	Adlia Massela Ali	\N	4	30	11	1977	81	27	1	2022	1	1	\N	1977-11-30	M	\N	\N	2022-01-27	3	S
1086	Flvia Nazar Fernandes Cambl	\N	45504	13	Flvio do Nascimento Fernandes Cambl	Ermelinda Nazar	\N	4	17	8	1964	81	21	5	2022	1	2	\N	1964-08-17	F	\N	\N	2022-05-21	3	S
1087	Zezileyne Viegas Santiago	\N	183992	13	Jos Maria Santiago	Guilhermina Sousa Pontes Oliveira Viegas	\N	4	20	5	2002	81	9	4	2020	1	2	\N	2002-05-20	F	\N	\N	2020-04-09	3	S
1088	Aylton Cunha Nogueira	\N	189791	13	Maurcio do Sacramento Nogueira	Euletria Henriques Cunha	\N	4	11	1	2003	84	18	8	2020	1	1	\N	2003-01-11	M	\N	\N	2020-08-18	3	S
1089	Carla Patrcia Lima Quintas da Trindade	\N	200913	13	Geraldo Quintas da Trindade	Emiltonila de Sousa Lima	\N	4	23	4	2004	96	17	12	2021	1	2	\N	2004-04-23	F	\N	\N	2021-12-17	3	S
1090	Emanuel Cardoso Sanches 	\N	52470	21	Joo Sanches 	Joaquina Pereira Cardoso	\N	4	28	4	1966	259	14	2	2017	2	1	\N	1966-04-28	M	\N	\N	2017-02-14	\N	M
1092	Leonaldo Gonalves da Cruz Nascimento	\N	162149	13	Lcio Afonso da Cruz Nascimento	Aldinha Gonalves Vaz do Rosrio	\N	4	14	10	2001	96	11	5	2022	1	1	\N	2001-10-14	M	\N	\N	2022-05-11	3	S
1093	Florentino Gonalves Afonso da Cruz Nascimento	\N	195016	13	Lcio Afonso da Cruz Nascimento	Aldinha Gonalves Vaz do Rosrio	\N	4	18	3	2006	85	1	9	2021	1	1	\N	2006-03-18	M	\N	\N	2021-09-01	3	S
1094	Vilma Carvalho dos Santos Lima Vaz do Rosrio	\N	118609	13	Frederico Penhor dos Santos Lima	Honoria Lima Alves de Carvalho	\N	4	14	5	1991	114	26	3	2019	2	2	\N	1991-05-14	F	\N	\N	2019-03-26	3	M
1095	Bradilson Noronha da Vera Cruz Andreza	\N	165596	13	Bras da Vera Cruz Andreza 	Varda Matilde Tadinha de Alva Noronha	\N	4	6	4	2001	209	23	7	2017	1	1	\N	2001-04-06	M	\N	\N	2017-07-23	3	S
1096	Adilza de Ceita Afonso	\N	188052	13	Dionisio Santiago Afonso	Marilia Vaz de Ceita	\N	4	7	12	2002	87	8	11	2021	1	2	\N	2002-12-07	F	\N	\N	2021-11-08	3	S
1098	Alkcia Manuela da Trindade Fernandes 	\N	100610	13	Jos Manuel	Maria da Conceio da Trindade Fernandes	\N	4	28	11	1986	79	5	11	2019	6	2	\N	1986-11-28	F	\N	\N	2019-11-05	3	D
1099	Salatiel de Boa Esperana do Espirito	\N	114500	13	Osvaldo da Costa do Espirito	Eugnia de Boa Esperana	\N	4	17	2	1985	96	28	11	2018	1	1	\N	1985-02-17	M	\N	\N	2018-11-28	3	S
1100	Felicia Neves Fernandes	\N	129331	13	Antnio de Barros Neto Fernandes	Argentina Eugnia Neves	\N	4	15	9	1995	169	10	7	2017	1	2	\N	1995-09-15	F	\N	\N	2017-07-10	3	S
1101	Carlos Soares de Mascarenhas 	\N	23636	13	Manuel Herminio de Mascarenhas	Domingas Soares	\N	4	1	7	1949	132	5	4	2010	1	1	\N	1949-07-01	M	\N	\N	2010-04-05	3	S
1102	Edmar Vanduno do Nascimento	\N	196609	13	Ecio da Mata do Nascimento	Pascoa Pereira da Graa Trindade Vanduno	\N	4	14	3	2006	96	26	7	2021	1	1	\N	2006-03-14	M	\N	\N	2021-07-26	3	S
1103	Pascoa Pereira da Graa Trindade Vanduno	\N	111923	13	Manuel da Trindade das Neves Vanduno	Eulalia Pereira da Graa	\N	4	15	1	1983	157	22	8	2018	1	2	\N	1983-01-15	F	\N	\N	2018-08-22	3	S
1104	Heliete dos Santos Madeira Santana	\N	196817	13	Iader Arago Santana	Odete Aguiar da Trindade dos Santos Madeira	\N	4	5	3	2006	209	17	9	2021	1	2	\N	2006-03-05	F	\N	\N	2021-09-17	3	S
1106	Samuel da Silva Soares	\N	183595	13	Adelino Borges Soares	Arlinda da Silva Duarte	\N	4	31	8	2001	117	9	1	2020	1	1	\N	2001-08-31	M	\N	\N	2020-01-09	3	S
1107	Esmeralda Quaresma Viegas	\N	197524	13	Jorge Viegas	Antnia Quaresma	\N	4	2	7	2005	96	18	9	2020	1	2	\N	2005-07-02	F	\N	\N	2020-09-18	3	S
1108	Gerson de Ceita dos Santos Oquiongo	\N	198287	13	Jos dos Santos Oquiongo	Deise Mingas Rosrio de Ceita	\N	4	27	10	2005	96	4	8	2021	1	1	\N	2005-10-27	M	\N	\N	2021-08-04	3	S
1109	Ayza Fortes da Silva	\N	99249	13	Eliseu Vaz da Dias Cunha	Deolinda Francisca Fortes	\N	4	23	10	1985	135	10	4	2020	1	2	\N	1985-10-23	F	\N	\N	2020-04-10	3	S
1110	Nlido Gomes Viana Leal	\N	97666	13	Jos Dias de Andrade Leal	Bonifcia Cravid Gomes Viana Daio	\N	4	31	5	1986	128	29	10	2021	1	1	\N	1986-05-31	M	\N	\N	2021-10-29	3	S
1111	Heldinete Castro Batista da Costa	\N	232941	13	Helder de Freitas Batista da Costa	Lizete Ramos de Castro Santiago	\N	4	12	2	1997	169	8	1	2021	1	2	\N	1997-02-12	F	\N	\N	2021-01-08	3	S
1112	Cleiton da Costa Delgado	\N	173877	13	Olivio da Graa Delgado 	Lucrcia da Costa do Espirito	\N	4	26	6	2002	117	17	3	2021	1	1	\N	2002-06-26	M	\N	\N	2021-03-17	3	S
1113	Albercy dos Santos e Silva da Costa Tiol	\N	178958	13	Ludmildo Metzger da Costa	Jecimila dos Santos e Silva Costa	\N	4	18	1	2004	96	11	7	2019	1	2	\N	2004-01-18	F	\N	\N	2019-07-11	3	S
1114	Nadlaize Semy Frederico da Costa Cravid	\N	180268	13	Mikhayl da Costa Cravid	Snia Jos Pina Frederico	\N	4	21	9	2002	96	24	8	2021	1	2	\N	2002-09-21	F	\N	\N	2021-08-24	3	S
1080	Anadelsa Bragana do Espirito Santo	\N	188216	13	Belsazar Al do Espirto Santo	Analice Lopes Neto Bragana	\N	4	19	2	2005	81	11	5	2021	1	1	\N	2005-02-19	M	\N	\N	2021-05-11	3	S
1081	Cristiana Soares Pereira	\N	135404	13	Accio do Espirito Santo Pereira 	Andreza Soares de Boa Morte	\N	4	9	1	1997	96	1	9	2017	1	2	\N	1997-01-09	F	\N	\N	2017-09-01	3	S
1083	Joel Jacob Soares 	\N	182300	13	Damio Maria Soares	Catarina Afonso Jacob	\N	4	16	3	2004	96	15	3	2022	1	1	\N	2004-03-16	M	\N	\N	2022-03-15	3	S
1122	Joy Salvador Viegas de Abreu	\N	32025537 9 Z Y  8	10	Aladino Simo Cordeiro Viegas de Abreu	Izilda Maria Salvador Jos	\N	6	5	9	1991	193	16	10	2020	1	1	\N	1991-09-05	M	\N	\N	2020-10-16	\N	S
1124	Tatiana Major da Trindade Gaspar	\N	171905	13	Manuel Jos da Trindade Gaspar 	Arlete do Nascimento Major	\N	4	8	12	2003	96	7	7	2018	1	2	\N	2003-12-08	F	\N	\N	2018-07-07	3	S
1125	Januadina Quaresma Cambl	\N	109829	13	Januario Silveira Cambl	Francisca Quaresma Quind	\N	4	10	3	1985	79	22	4	2022	6	2	\N	1985-03-10	F	\N	\N	2022-04-22	3	D
1126	Ivandro Cambl de Castro	\N	199202	13	Estevo Luiz Quaresma de Castro	Januadina Quaresma Cambl de Castro	\N	4	16	2	2006	96	23	2	2022	1	1	\N	2006-02-16	M	\N	\N	2022-02-23	3	S
1127	Edvaldo de Carvalho	\N	183184	13	\N	Leonilda de Carvalho	\N	4	13	10	1999	96	10	9	2020	1	1	\N	1999-10-13	M	\N	\N	2020-09-10	3	S
1128	Amariza Fernandes Dias Mendes	\N	194851	13	Manuel da Nazar Dias Mendes	Severina Fernandes	\N	4	21	4	1985	273	20	5	2022	1	2	\N	1985-04-21	F	\N	\N	2022-05-20	3	S
1129	Valdemiro Napoleo de Sousa Pontes	\N	98614	13	Antinete Gama de Sousa Pontes	Deliciosa Napoleo Bonaparto	\N	4	8	9	1978	96	27	7	2020	1	1	\N	1978-09-08	M	\N	\N	2020-07-27	3	S
1130	Maria Nazar	\N	42699	13	Anonimato	Maria Rosa	\N	4	2	9	1956	107	17	6	2021	1	2	\N	1956-09-02	F	\N	\N	2021-06-17	3	S
1131	Milva Soares da Costa	\N	123115	13	Dionsio Soares Cabea	\N	\N	4	14	4	1983	118	7	7	2021	2	2	\N	1983-04-14	F	\N	\N	2021-07-07	3	M
1133	Admizia Quaresma D Assuno	\N	103575	13	Edgar Sacramento D Assuno	Ana Quaresma Fernandes Batista	\N	4	30	7	1990	169	8	10	2020	1	2	\N	1990-07-30	F	\N	\N	2020-10-08	3	S
1134	Inocencia Ramos Vaz de Alcntara	\N	73804	13	Paulo Ferreira Vaz de Alcantara	Piedosa Pires do Nascimento	\N	4	26	4	1977	81	6	11	2018	1	2	\N	1977-04-26	F	\N	\N	2018-11-06	3	S
1135	Ndia Lima da Trindade	\N	158479	13	Dailton Ramos da Trindade	Elvira D Assuno Arajo Lima	\N	4	13	8	2001	274	11	1	2022	1	2	\N	2001-08-13	F	\N	\N	2022-01-11	3	S
1136	Mait-Moma Pinto Leite D Almeida	\N	173428	13	Edne Leite de Almeida	Florentina Vaz Pinto Neto de Almeida	\N	4	25	3	2003	113	18	7	2019	1	2	\N	2003-03-25	F	\N	\N	2019-07-18	3	S
1137	Idalina Lopes	\N	19370618 F003R	21	\N	Margarida Lopes	\N	8	18	6	1937	196	23	1	2017	1	2	\N	1937-06-18	F	\N	\N	2017-01-23	\N	S
1138	Hortncia Batista Andrade Rompo	\N	55835	13	Manuel dos Reis da Graa Andrade 	Helena Mendes Batista	\N	4	6	10	1972	81	12	10	2018	2	2	\N	1972-10-06	F	\N	\N	2018-10-12	3	M
1139	Hugo Manuel Batista Quaresma	\N	194332	13	Anastcio de Ceita Quaresma 	Hortncia Batista Andrade Rompo	\N	4	3	7	2006	96	20	4	2021	1	1	\N	2006-07-03	M	\N	\N	2021-04-20	3	S
1141	Sulza Batista Andrade Fernandes 	\N	185836	13	Aderito Pereira Fernandes 	Joana Batista Andrade Fernandes	\N	4	20	10	2005	96	21	7	2020	1	2	\N	2005-10-20	F	\N	\N	2020-07-21	3	S
1142	Joel da Cruz Cravid Taraveira	\N	168948	13	Manuel da Costa Cravid Taraveira	Hirondina da Cruz Afonso	\N	4	27	7	1999	96	9	8	2021	1	1	\N	1999-07-27	M	\N	\N	2021-08-09	3	S
1144	Aldinha Gonalves Vaz do Rosrio	\N	128374	13	Agnelo Novais Vaz do Rosrio	Maurita Andre Antnio Gonalves	\N	4	21	12	1981	135	7	11	2013	1	2	\N	1981-12-21	F	\N	\N	2013-11-07	3	S
1145	Leandro Soares Afonso Neto	\N	198783	13	Jorge Celeste Afonso Neto 	D Jamila Soares Penhor	\N	4	22	8	2006	96	10	8	2021	1	1	\N	2006-08-22	M	\N	\N	2021-08-10	3	S
1146	D Jamila Soares Penhor	\N	97798	13	Avelino Julio Penhor	Andresa Isabel Soares 	\N	4	23	2	1987	135	7	4	2020	1	2	\N	1987-02-23	F	\N	\N	2020-04-07	3	S
1147	Quimilda do Esprirto Santo de Sousa	\N	117149	13	Eugnio Manuel Martins de Sousa	Anastcia de Carvalho do Espirito Santo	\N	4	23	8	1992	209	31	8	2018	1	2	\N	1992-08-23	F	\N	\N	2018-08-31	3	S
1148	Herlander Manuel Soares Bandeira	\N	103173	13	Hilrio Soares Bandeira 	Ins Manuel	\N	4	10	12	1988	209	16	11	2022	2	1	\N	1988-12-10	M	\N	\N	2022-11-16	3	M
1150	Rosi D Assuno Neto	\N	200757	13	\N	Edna Soares D Assuno Neto	\N	4	2	2	2005	209	7	12	2021	1	2	\N	2005-02-02	F	\N	\N	2021-12-07	3	S
1151	Ednilsa Mendes da Glria de Ceita Soares	\N	189432	13	Adelino Soares Leite	Edina Mendes da Glria Leite	\N	4	5	3	2006	96	21	8	2020	1	2	\N	2006-03-05	F	\N	\N	2020-08-21	3	S
1152	Adelino Soares Leite	\N	95777	13	Jernimo de Ceita Leite	Maria da Glria de Sousa Soares Leite	\N	4	8	6	1972	96	6	8	2020	2	1	\N	1972-06-08	M	\N	\N	2020-08-06	3	M
1153	Jessy de Jesus Quitato	\N	189419	13	Manuel Olimpio Quitato	Maria de Jesus Rompo	\N	4	23	7	1999	275	5	8	2021	1	2	\N	1999-07-23	F	\N	\N	2021-08-05	3	S
1154	Esmi da Silva do Rosrio Julio	\N	163776	13	Jaime do Rosrio Julio	Ftima Miguel da Silva	\N	4	28	1	1997	98	19	4	2022	1	1	\N	1997-01-28	M	\N	\N	2022-04-19	3	S
1155	Antnio Manuel Rodrigues Segurado	\N	08466325 1 ZY 7	10	Joaquim Manuel Bento Segurado	Aurora Maria Rodrigues Joo Segurado	\N	6	14	7	1967	248	24	6	2019	5	1	\N	1967-07-14	M	\N	\N	2019-06-24	\N	D
1156	Rosa Sole Tavares Nana	\N	36174	13	\N	Damalia Rosa Sole	\N	4	29	11	1958	81	7	1	2016	2	2	\N	1958-11-29	F	\N	\N	2016-01-07	3	M
1157	Arnaldo Nana Tavares	\N	193790	13	Nuno Tavares	Lucia Nana	\N	4	7	7	1957	81	11	1	2016	2	1	\N	1957-07-07	M	\N	\N	2016-01-11	3	M
142	Francisco Cruz Fortes	\N	42421	5	Pedro Antnio Fortes	Luiza Antnia da Cruz	\N	4	20	5	1963	117	17	4	2020	1	1	\N	1963-05-20	M	\N	\N	2020-04-17	\N	S
1119	Floreana Prata Coelho	\N	54480	13	Jos Coelho	Floreana Maria Prata	\N	4	1	3	1965	163	31	12	2015	1	2	\N	1965-03-01	F	\N	\N	2015-12-31	3	S
1118	Jos da Costa Gina	\N	77339	13	\N	Maria Providncia	\N	4	21	12	1938	107	7	12	1990	1	1	\N	1938-12-21	M	\N	\N	1990-12-07	3	S
1120	Carlos Monteiro Henriques	\N	169702	13	Isildo Henriques	Arlinda Monteiro Silva	\N	4	1	3	2001	81	26	11	2018	1	1	\N	2001-03-01	M	\N	\N	2018-11-26	3	S
1164	Uzinaica Dria Moreno Gomes	\N	168858	13	Mrio Moreno Gomes	Valdimira Dria Julio	\N	4	15	9	2001	277	17	8	2018	1	2	\N	2001-09-15	F	\N	\N	2018-08-17	3	S
1165	Amilton Afonso de Assuno	\N	176005	13	Vouva Trindade de Assuno	Elsa Maria Afonso Lucas	\N	4	13	3	2003	96	29	7	2019	1	1	\N	2003-03-13	M	\N	\N	2019-07-29	3	S
1166	Carlos Alberto Carvalho dos Anjos	\N	86358	13	Custdio Luiz dos Anjos	Emerciana do Esprito Santo Carvalho	\N	4	26	8	1968	131	7	10	2021	1	1	\N	1968-08-26	M	\N	\N	2021-10-07	3	S
1169	Deladji Vaz de Oliveira	\N	188974	13	Justino da Mata D Oliveira 	Ilhcia Vaz de Carvalho	\N	4	10	9	2003	96	5	5	2022	1	2	\N	2003-09-10	F	\N	\N	2022-05-05	3	S
1170	Candido Costa Frota	\N	37843	13	Valentim Jose da Costa Frota	Maria Paulina	\N	4	25	5	1963	163	3	3	2015	2	1	\N	1963-05-25	M	\N	\N	2015-03-03	3	M
1171	Leonardo da Graa da Silva Costa Frota	\N	177015	13	Cndido Costa Frota 	Joaquina da Graa da Silva Costa	\N	4	14	4	2005	96	25	7	2017	1	1	\N	2005-04-14	M	\N	\N	2017-07-25	3	S
1173	Francisco Tavares Monte Verde	\N	90968	13	Agostinho Manuel Monte Verde	Maria dos Reis Juliana Tavares	\N	4	21	4	1984	163	25	3	2019	2	1	\N	1984-04-21	M	\N	\N	2019-03-25	3	M
1174	Valdemar da Graa Conceio Lima	\N	144482	13	Albano de Nazar da Conceio	Sebastiana da Graa	\N	4	13	11	1980	128	19	1	2022	1	1	\N	1980-11-13	M	\N	\N	2022-01-19	3	S
1175	Antnio Bento Tavares Fernandes Gomes	\N	183720	13	Pedro Bento Fernandes Gomes	Paula Tavares de Boa Esperana	\N	4	15	11	2002	81	19	5	2020	1	1	\N	2002-11-15	M	\N	\N	2020-05-19	3	S
1176	Maria Jorge da Silva	\N	64443	13	Martinho Jorge	Domingas Tavares da Silva	\N	4	18	8	1972	163	28	4	2021	1	2	\N	1972-08-18	F	\N	\N	2021-04-28	3	S
1177	Tatiana Silvestre Lopes	\N	158022	13	Jos Lopes 	Alda Maria do Espirito Santo Silvestre	\N	4	12	1	2002	124	26	7	2019	1	2	\N	2002-01-12	F	\N	\N	2019-07-26	3	S
1178	Werke dos Anjos das Neves	\N	95448	13	Cndido Martins das Neves	Lucila Maria dos Anjos	\N	4	4	1	1984	122	8	4	2022	1	2	\N	1984-01-04	F	\N	\N	2022-04-08	3	S
1179	Euridice Marta das Neves Bastos da Glria	\N	187584	13	Eurition Bastos da Glria	Werke dos Anjos das Neves	\N	4	11	2	2005	96	30	7	2020	1	2	\N	2005-02-11	F	\N	\N	2020-07-30	3	S
1181	Antnieta dos Santos Tavares	\N	174894	13	Cecilio Dias Tavares 	Ruth Nauriene dos Santos Andreza	\N	4	24	2	2001	81	26	4	2019	1	2	\N	2001-02-24	F	\N	\N	2019-04-26	3	S
1182	Demostenes Baieca Afonso Fernandes 	\N	79110	13	Demostenes Ferreira da Costa Afonso Fernandes 	Fernanda Adelaide Baieca	\N	4	3	11	1980	122	9	2	2015	1	1	\N	1980-11-03	M	\N	\N	2015-02-09	3	S
1183	Ernestina Sengo Sequene	\N	128188	13	Pio Sengo Sequene	Valentina	\N	4	7	9	1980	169	5	10	2018	1	2	\N	1980-09-07	F	\N	\N	2018-10-05	3	S
1184	Belmiro Fernandes Capela	\N	51702	13	Severino do Sacramento Capela	Maria dos Santos Fernandes	\N	4	30	11	1968	81	23	4	2022	1	1	\N	1968-11-30	M	\N	\N	2022-04-23	3	S
1185	Maribel da Silva Capela	\N	197571	13	Belmiro Fernandes Capela	Marisa da Silva Ceita	\N	4	30	4	2006	96	3	8	2021	1	2	\N	2006-04-30	F	\N	\N	2021-08-03	3	S
1186	Clio Morgado das Neves Santiago	\N	66996	13	Sebastio de Boa Morte Santiago	Anglica das Neves Cambl	\N	4	8	12	1975	96	3	3	2017	2	1	\N	1975-12-08	M	\N	\N	2017-03-03	3	M
1187	Erley da Silva Costa	\N	141644	13	Feliciano do Espirito Santo Costa	Luiza Semedo da Silva	\N	4	25	12	1989	128	16	11	2018	1	1	\N	1989-12-25	M	\N	\N	2018-11-16	3	S
1188	Isabel Lima da Cruz Cabinda	\N	108726	13	Joo Francisco da Cruz 	Ceclia Rosa Lima 	\N	4	17	5	1978	97	8	2	2021	2	2	\N	1978-05-17	F	\N	\N	2021-02-08	3	M
1190	Hernane dos Santos Rita	\N	131730	13	Manuel Rita	Isilda Maria dos Santos	\N	4	19	4	1988	81	9	4	2018	1	1	\N	1988-04-19	M	\N	\N	2018-04-09	3	S
1191	Gineica Varela do Rosrio 	\N	179730	13	Eldson Esprito do Rosrio	Analta de Sousa Varela	\N	4	12	8	2002	81	17	7	2019	1	2	\N	2002-08-12	F	\N	\N	2019-07-17	3	S
1192	Susan da Mata Pinto Pires dos Santos	\N	89170	13	Manuel da Trindade Jos Pinto	Herminia Lopes Bandeira da Mata	\N	4	8	1	1984	128	4	2	2021	2	2	\N	1984-01-08	F	\N	\N	2021-02-04	3	M
1193	Sonya da Silva Frederico	\N	176052	13	Jos de Pina Melo Frederico	Maria Afonso Gomes	\N	4	13	12	1985	157	8	10	2019	1	2	\N	1985-12-13	F	\N	\N	2019-10-08	3	S
1194	Swanilton Francisco da Costa Boa Morte	\N	84377	13	Leocadio da Costa Boa Morte 	Antnia Francisca Boa Morte	\N	4	27	6	1983	79	22	12	2021	1	1	\N	1983-06-27	M	\N	\N	2021-12-22	3	S
1195	Eugenito das Neves Correia	\N	161840	13	Bernardino Semedo Correia	Eugenia das Neves Pires	\N	4	12	3	2000	117	4	9	2017	1	1	\N	2000-03-12	M	\N	\N	2017-09-04	3	S
1197	Amedy Taty Pereira 	\N	138203	13	Manuel Catone Pereira	Alda Tati	\N	4	14	4	1992	81	31	10	2019	1	1	\N	1992-04-14	M	\N	\N	2019-10-31	3	S
1198	ndria Cessi Cravid Jos da Costa Barroca	\N	91053	13	Jayme Jos da Costa	Gertrudes Cravid Leopoldino	\N	4	8	11	1985	122	1	4	2020	2	2	\N	1985-11-08	F	\N	\N	2020-04-01	3	M
747	Edmilza Lima Afonso Sequeira Bragana	\N	72094	13	Alfredo Afonso	Noemia Vicente Carlos Lima Afonso	\N	4	28	10	1977	96	5	7	2019	2	2	\N	1977-10-28	F	\N	\N	2019-07-05	3	M
1160	Maria do Espirito Santo da Mata	\N	26452	13	Jernimo Pereira da Mata	Maria Fernandes do Espirito Santo	\N	4	24	12	1950	81	14	12	2010	1	2	\N	1950-12-24	F	\N	\N	2010-12-14	3	S
1161	Epifnio Costa da Mata	\N	76715	13	Tom Pedroso da Trindade da Mata	Alda Viegas de Jesus Costa	\N	4	7	4	1979	96	6	3	2020	1	1	\N	1979-04-07	M	\N	\N	2020-03-06	3	S
1163	Waite dos Ramos de Deus Lopes Neto	\N	91866	13	Crisostomo de Deus Lopes	Conceio Maria dos Ramos 	\N	4	7	8	1983	135	12	8	2019	2	2	\N	1983-08-07	F	\N	\N	2019-08-12	3	M
1206	Ivete Tomaz Silva da Cruz	\N	76645	13	Antnio Joo Silva	Maria Carlota Tomaz	\N	4	13	1	1977	117	6	10	2021	2	2	\N	1977-01-13	F	\N	\N	2021-10-06	3	M
1207	Harold Mascarenhas Correia da Costa	\N	94419	13	Domingos Luis Coelho Correia da Costa	Celeste da Mascarenhas Lopes de Matos	\N	4	4	6	1986	159	19	4	2019	1	1	\N	1986-06-04	M	\N	\N	2019-04-19	3	S
1208	Nelson Sequeira de Ceita	\N	59200	13	Manuel de Guadalupe Francisco de Ceita	Adelina dos Ramos Sequeira de Ceita	\N	4	2	6	1971	96	20	2	2020	1	1	\N	1971-06-02	M	\N	\N	2020-02-20	3	S
1209	Snia do Espirito da Graa Antnio	\N	88057	13	Aires da Trindade da Graa Antnio	Ana Maria do Espirito	\N	4	26	9	1981	96	15	4	2020	1	2	\N	1981-09-26	F	\N	\N	2020-04-15	3	S
1210	Mauro Lavres Pereira de Castro	\N	151042	13	Amilcar Garcs Pereira de Castro	Laud Lavres dos Ramos Aurora	\N	4	3	12	1998	96	18	10	2021	1	1	\N	1998-12-03	M	\N	\N	2021-10-18	3	S
1211	Guno Semedo Correia 	\N	186538	13	Abel Neto Gomes Correia	Juliana Pereira Semedo	\N	4	11	2	2003	96	18	9	2020	1	1	\N	2003-02-11	M	\N	\N	2020-09-18	3	S
1213	Dionsio da Conceio Guadalupe	\N	60047	13	Manuel Filipe de Guadalupe	Isabel Cristina da Conceio	\N	4	26	10	1971	96	14	4	2022	1	1	\N	1971-10-26	M	\N	\N	2022-04-14	3	S
1214	Ednesio Francisco de Guadalupe	\N	199456	13	Dionsio da Conceio Guadalupe	Elizabete Soares Francisco	\N	4	18	11	2006	96	22	6	2021	1	1	\N	2006-11-18	M	\N	\N	2021-06-22	3	S
1215	Ricardo Varela Albino	\N	26034	13	Nhambalane Albino	Paula Varela	\N	4	24	7	1957	141	22	6	2022	1	1	\N	1957-07-24	M	\N	\N	2022-06-22	3	S
1216	Maria Pires dos Santos	\N	30825	13	Filipe Pires dos Santos	Ivone dos Santos	\N	4	2	4	1962	81	12	11	2019	1	2	\N	1962-04-02	F	\N	\N	2019-11-12	3	S
1217	Elson Fontes Vicente Fernandes	\N	14123497 0ZY0	6	Manuel do Sacramento Vicente Fernandes	Olinda Fontes	\N	6	15	4	1977	193	16	3	2020	5	1	\N	1977-04-15	M	\N	\N	2020-03-16	\N	D
1218	Junelzy Ceita Mendes da Conceio	\N	109726	13	Engrcio Vaz da Conceio	Arlina D Apresentao Ferreira de Ceita	\N	4	29	2	1984	122	7	10	2021	2	1	\N	1984-02-29	M	\N	\N	2021-10-07	3	M
1224	Adquilson da Mata Martins 	\N	160396	13	Adelino da Glria Martins	Isidora da Mata Lomb Dias	\N	4	1	11	2000	81	11	2	2022	1	1	\N	2000-11-01	M	\N	\N	2022-02-11	3	S
1225	Jdner Nazar Batista de Sousa	\N	155240	13	Lzaro D ssuno Batista de Sousa	Amarilia Afonso Nazar	\N	4	21	1	1993	280	7	12	2020	1	1	\N	1993-01-21	M	\N	\N	2020-12-07	3	S
1226	Alice Soha Genero Farias Lima	\N	239303	13	Artur Farias Lima	Edite Maria Gonalves Genero Farias Lima	\N	4	1	10	2006	281	15	9	2021	1	2	\N	2006-10-01	F	\N	\N	2021-09-15	3	S
1227	Isilda Maria dos Santos	\N	58838	13	Diogo Simo Antnio Soares	Maria Domingas	\N	4	12	1	1967	81	31	12	2019	1	2	\N	1967-01-12	F	\N	\N	2019-12-31	3	S
1229	Simplicio Nunes Augusto	\N	41057	13	Jos Augusto 	Maria Pequena Luzia	\N	4	25	4	1966	81	7	5	2017	1	1	\N	1966-04-25	M	\N	\N	2017-05-07	3	S
1230	Cristenilsa Cravid Cl Cl	\N	79232	13	Antnio Jorge Cl Cl	Irene Bom Despacho Cravid	\N	4	13	10	1980	138	26	4	2022	1	2	\N	1980-10-13	F	\N	\N	2022-04-26	3	S
1231	Valdmar Tavares Anastcio	\N	109332	13	Jos Anastcio	Josefa Tavares Rodrigues 	\N	4	30	1	1991	157	28	2	2020	1	1	\N	1991-01-30	M	\N	\N	2020-02-28	3	S
1232	Cleyda Fernandes Noronha Lucas	\N	166266	13	Marino Afonso da Trindade Lucas	Clefa Fernandes D Alva Noronha	\N	4	10	12	2002	96	5	3	2020	1	2	\N	2002-12-10	F	\N	\N	2020-03-05	3	S
1233	Leticia de Brito Salvador 	\N	165796	13	Idalcio Sousa Salvador 	Margarida Rosa de Brito	\N	4	21	9	1997	272	6	6	2018	1	2	\N	1997-09-21	F	\N	\N	2018-06-06	3	S
1234	Elias D Almeida Pedro	\N	212142	13	Guilherme Pedro	Ursula Maria D Almeida dos Ramos Alves	\N	4	6	4	1998	100	25	6	2018	1	1	\N	1998-04-06	M	\N	\N	2018-06-25	3	S
1236	Orlanda Guimares de Jesus	\N	140259	13	Orlando da Veiga de Jesus	Juliana Amrica Guimares	\N	4	17	10	1997	135	5	8	2019	1	2	\N	1997-10-17	F	\N	\N	2019-08-05	3	S
1237	Katia Ferreira da Cruz	\N	134589	13	Joo Augusto da Cruz 	Maria do Carmo Ferreira Morais	\N	4	9	9	1996	96	17	8	2017	1	2	\N	1996-09-09	F	\N	\N	2017-08-17	3	S
1238	Tyana Ferreira Viegas D Abreu	\N	152964	13	Victorino Neto Lima Viegas D Abreu	Hirondina Locadia	\N	4	15	1	1999	96	5	8	2021	1	2	\N	1999-01-15	F	\N	\N	2021-08-05	3	S
1239	Alex Semedo Sequene 	\N	168714	13	Mario Sequene	Paulina Selemane Pereira Semedo	\N	4	29	6	1997	96	18	9	2017	1	1	\N	1997-06-29	M	\N	\N	2017-09-18	3	S
785	Cirro Milr da Silva Pires	\N	171036	13	Manuel Filipe Pires Dias 	Isabel Celeste Lopes da Silva	\N	4	12	9	1984	117	1	2	2019	1	1	\N	1984-09-12	M	\N	\N	2019-02-01	3	S
1201	Dirlene Afonso de Carvalho	\N	89848	13	Herzino Pereira de Carvalho 	Francisca Lima Afonso 	\N	4	21	3	1980	128	15	1	2018	1	2	\N	1980-03-21	F	\N	\N	2018-01-15	3	S
1202	Jerniton Rosa Mendes Furtado	\N	120599	13	Casimiro Rosa 	Maria Filomena Mendes Furtado	\N	4	15	7	1981	209	2	4	2018	1	1	\N	1981-07-15	M	\N	\N	2018-04-02	3	S
1203	Diamantina Palmira Mendes	\N	55013	13	Joo Mendes	Maria Palmira	\N	4	10	8	1966	117	22	7	2012	1	2	\N	1966-08-10	F	\N	\N	2012-07-22	3	S
1205	Aryson Sanches Barros Bragana	\N	108367	13	Horcio Jos Barros Bragana	Jernima Sanches  da Trindade Lomb	\N	4	5	12	1991	96	18	10	2019	1	1	\N	1991-12-05	M	\N	\N	2019-10-18	3	S
1246	Joaceley Soares Gama	\N	109561	13	Joo Maria	Celestina da Cruz Soares	\N	4	19	8	1989	96	14	11	2019	1	1	\N	1989-08-19	M	\N	\N	2019-11-14	3	S
1247	Nerznaity da Silva Rodrigues	\N	135097	13	Norberto Jos Quaresma Rodrigues	Natlia Antnio Mand da Silva	\N	4	1	2	1997	81	13	8	2018	1	2	\N	1997-02-01	F	\N	\N	2018-08-13	3	S
1248	Kelcio Batista de Sousa Ceita	\N	158639	13	Lucio Xavier de Ceita	Dutymila da Conceio Batista de Sousa Ceita	\N	4	12	8	2001	96	1	9	2021	1	1	\N	2001-08-12	M	\N	\N	2021-09-01	3	S
1249	Bel-Soi de Almeida Faleiro	\N	143340	13	Benvindo Faleiro Antnio	Maria Dias Quaresma de Almeida	\N	4	12	12	1988	131	15	5	2017	2	1	\N	1988-12-12	M	\N	\N	2017-05-15	3	M
1250	Paulo Ferreira Neto Rita	\N	181055	13	Joel Fernandes Rita	Nariza Alberto Ferreira Neto	\N	4	24	4	2001	282	30	7	2019	1	1	\N	2001-04-24	M	\N	\N	2019-07-30	3	S
1251	Helvio da Silva Simo	\N	181381	13	Felisberto Costa dos Ramos Simo	Melisa Pinto da Silva	\N	4	25	6	2004	81	12	8	2020	1	1	\N	2004-06-25	M	\N	\N	2020-08-12	3	S
1253	Idalcio do Sacramento da Trindade	\N	55014	13	Virgilio da Trindade	Maria Filipe do Sacramento	\N	4	28	2	1967	117	19	10	2018	2	1	\N	1967-02-28	M	\N	\N	2018-10-19	3	M
1254	Jos Carlos Leite da Costa Vera Cruz	\N	61637	13	Hermenegildo da Vera Cruz	Maria Bartolomeu Leite da Costa	\N	4	2	4	1973	96	28	4	2022	1	1	\N	1973-04-02	M	\N	\N	2022-04-28	3	S
1255	Natalia Dias Moreira Lopes Martins	\N	108667	13	Arnaldo Moreira Lopes 	Oriza Dias Lima	\N	4	24	12	1988	163	23	6	2020	2	2	\N	1988-12-24	F	\N	\N	2020-06-23	3	M
1256	Gelcy Moreira Mendes 	\N	181984	13	Camilo Sanches Mendes 	Arminda Gonalves Moreira	\N	4	17	9	2001	96	16	7	2019	1	2	\N	2001-09-17	F	\N	\N	2019-07-16	3	S
1257	Eleuterio Afonso do Sacramento Joaquim 	\N	60862	13	Agostinho do Sacramento Joaquim 	Maria Suzana Filipe Fernandes Afonso	\N	4	10	4	1968	81	17	9	2017	1	1	\N	1968-04-10	M	\N	\N	2017-09-17	3	S
1258	Edvaldo Lima Triste do Sacramento Joaquim	\N	187532	13	Eleuterio Afonso do Sacramento Joaquim	Preciosa dos Santos Lima Triste	\N	4	29	4	2006	96	18	8	2020	1	1	\N	2006-04-29	M	\N	\N	2020-08-18	3	S
1260	Constantino da Trindade Vila Nova da Fonseca	\N	146131	13	Constantino Vila Nova da Fonseca	Nilza Bastos Marques Trindade	\N	4	6	2	1999	209	20	7	2022	1	1	\N	1999-02-06	M	\N	\N	2022-07-20	3	S
1261	Laize Bonfim Flix	\N	175931	13	Hilrio das Neves Cruz Flix	Ednilsa da Silva Bonfim do Sacramento	\N	4	28	2	2003	96	19	5	2021	1	2	\N	2003-02-28	F	\N	\N	2021-05-19	3	S
1262	Wilson Bruno Ten- Jua do Espirito Santo	\N	66950	13	Antnio Almeida do Espirito Santo	Maria da Cruz Ten-Jua	\N	4	29	7	1975	96	21	8	2017	2	1	\N	1975-07-29	M	\N	\N	2017-08-21	3	M
1263	Ftima Fernandes Uatela	\N	127293	13	Jamal Uatela 	Domingas Fernandes	\N	4	20	2	1964	132	29	9	2022	1	2	\N	1964-02-20	F	\N	\N	2022-09-29	3	S
1264	Alberto Madre de Deus da Boa Morte	\N	65900	13	Alberto do Sacramento de Boa Morte	Maria Madre de Deus Soares Domingos Boa Morte	\N	4	26	3	1974	141	9	1	2019	1	1	\N	1974-03-26	M	\N	\N	2019-01-09	3	S
1265	Regina da Costa Guadalupe	\N	79374	13	Bernardino Xavier Guadalupe	Leonor de Abreu da Costa Alves 	\N	4	17	1	1978	96	24	9	2019	1	2	\N	1978-01-17	F	\N	\N	2019-09-24	3	S
1266	Maria Leonor da Costa Soares	\N	196448	13	Herman Soares	Regina da Costa Guadalupe	\N	4	8	9	2006	96	6	7	2021	1	2	\N	2006-09-08	F	\N	\N	2021-07-06	3	S
1267	Lucrecio Filipe da Graa	\N	148327	13	Manuel Jeronimo da Graa	Tereza de Sousa Filipe	\N	4	11	6	1980	138	27	11	2019	1	1	\N	1980-06-11	M	\N	\N	2019-11-27	3	S
1269	Rafaela Mendes da Boa Morte	\N	204722	13	Alberto Madre de Deus da Boa Morte	Judite Mendes Barbosa	\N	4	10	9	2006	96	3	2	2022	1	2	\N	2006-09-10	F	\N	\N	2022-02-03	3	S
1270	Wadmilton Manuel da Trindade Fernandes	\N	127648	13	Jos Manuel 	Maria da Conceio da Trindade Fernandes	\N	4	22	9	1995	96	8	5	2019	2	1	\N	1995-09-22	M	\N	\N	2019-05-08	3	M
1271	Jernimo da Graa Bastos	\N	112205	13	Jos Guitola Bastos	Guilhermina da Conceio Graa	\N	4	26	5	1993	96	27	12	2019	2	1	\N	1993-05-26	M	\N	\N	2019-12-27	3	M
1272	Vanesia dos Santos Vicente	\N	187839	13	Jos Manuel da Trindade Vicente 	Ana Maria D Apresentao Santos Gomes	\N	4	20	2	2004	102	12	8	2020	1	2	\N	2004-02-20	F	\N	\N	2020-08-12	3	S
1273	Elisngela Nogueira Sousa Lopes	\N	124926	13	Jos Aurelio Alves Rompo de Sousa Lopes	Rosa da Trindade Nogueira	\N	4	4	8	1993	96	23	3	2021	1	2	\N	1993-08-04	F	\N	\N	2021-03-23	3	S
1274	Letcia Martins de Sousa Lopes	\N	202420	13	Amncio Alves de Sousa Lopes	Auria Martins	\N	4	2	12	2006	118	21	2	2022	1	2	\N	2006-12-02	F	\N	\N	2022-02-21	3	S
1276	Adelino das Neves Gomes	\N	99808	13	Aparcio de Sousa Gomes	Maria Simes Fernandes das Neves 	\N	4	14	4	1988	81	28	12	2020	1	1	\N	1988-04-14	M	\N	\N	2020-12-28	3	S
1277	Valdemar da Silva Fernandes 	\N	85380	13	Carlos Fernando Marques Fernandes	Luzia da Silva Fernandes	\N	4	7	3	1982	159	14	2	2022	1	1	\N	1982-03-07	M	\N	\N	2022-02-14	3	S
1278	Stela Batista de Sousa de Encarnao 	\N	154826	13	Estevo Filipe de Encarnao	Nelmira da Conceio Batista de Sousa	\N	4	10	10	2001	209	8	8	2018	1	2	\N	2001-10-10	F	\N	\N	2018-08-08	3	S
1279	Joelma Afonso Gomes	\N	99845	13	Antonio Gomes Jos	Esperana Pinheiro Afonso	\N	4	13	4	1987	79	17	5	2021	1	2	\N	1987-04-13	F	\N	\N	2021-05-17	3	S
789	Guilhermina da Conceio Graa	\N	36229	13	Jeronimo da Graa 	Maria da Conceio do Espirito Santo Lomb	\N	4	17	10	1962	81	20	2	2014	1	2	\N	1962-10-17	F	\N	\N	2014-02-20	3	S
1243	Inalda de Deus Ventura	\N	102807	13	Loureno Dias Quaresma Ventura 	Maria Celina Asacote de Deus	\N	4	5	11	1986	130	5	2	2019	1	2	\N	1986-11-05	F	\N	\N	2019-02-05	3	S
1242	Ablio do Espirito Santo	\N	49296	13	Avelino do Espirito Santo	Arlinda Semoa dos Santos	\N	4	9	6	1968	96	24	4	2019	5	1	\N	1968-06-09	M	\N	\N	2019-04-24	3	D
1245	Nadyne da Conceio Cravid	\N	179651	13	Ikens Kibson Cardoso Cravid	Marylo da Conceio Catraio	\N	4	10	10	2002	96	30	4	2022	1	2	\N	2002-10-10	F	\N	\N	2022-04-30	3	S
1286	Gudson N Guabi Pinto D Assuno Castro	\N	75570	13	Flvio D Assuno Castro	Arnalda Cabinda	\N	4	12	6	1980	128	8	1	2021	1	1	\N	1980-06-12	M	\N	\N	2021-01-08	3	S
1287	Lesiley Nunes Cambl 	\N	134328	13	Victor Neto Fernandes Cambl	Ermezinda Numes Augusto	\N	4	17	9	1995	96	31	7	2017	1	2	\N	1995-09-17	F	\N	\N	2017-07-31	3	S
1289	Ilzamilaide da Luz Neto Bragana	\N	175261	13	Vicente Guadalupe Neto Bragana	Paula Maria Neto da Luz	\N	4	13	9	2002	96	2	9	2019	1	2	\N	2002-09-13	F	\N	\N	2019-09-02	3	S
1290	Adilson de Arajo Lima Pires dos Santos	\N	169422	13	Luis da Conceio Pires dos Santos	Arlinda dos Santos Jesus de Arajo Lima	\N	4	10	9	1998	209	14	12	2018	1	1	\N	1998-09-10	M	\N	\N	2018-12-14	3	S
1291	Carla Marlene Assuno Vera Cruz	\N	178011	13	Alexandre do Rosrio Vera Cruz	Atanasia Assuno Pires dos Santos	\N	4	29	10	2004	96	30	4	2019	1	2	\N	2004-10-29	F	\N	\N	2019-04-30	3	S
1292	Atanasia Assuno Pires dos Santos 	\N	53148	13	Herculano Pires Dos Santos	Josefa D Assuno Lopes Galinha	\N	4	2	5	1970	96	1	12	2016	1	2	\N	1970-05-02	F	\N	\N	2016-12-01	3	S
1293	Maria de Lurdes D Assuno Lopes Bandeira 	\N	49474	13	Nascimento Gentil Lopes Bandeira	Izabel Felix D Assuno Costa	\N	4	11	4	1965	131	31	1	2020	1	2	\N	1965-04-11	F	\N	\N	2020-01-31	3	S
1294	Dismaiel da Graa Rodrigues	\N	91966	13	Rufino Alves Rodrigues	Hirondina Dias da Graa	\N	4	4	4	1983	81	23	11	2018	1	1	\N	1983-04-04	M	\N	\N	2018-11-23	3	S
1295	Sandra Maria Cassandra Dias Pinto	\N	98523	13	Arnaldo Dias Pinto	Maria do Rosrio Sinato Cassandra Soares Lopes	\N	4	21	11	1979	79	16	6	2022	1	2	\N	1979-11-21	F	\N	\N	2022-06-16	3	S
1296	Joel Cassandra 	\N	206282	13	\N	Sandra Maria Cassandra Dias Pinto	\N	4	12	4	2005	96	23	7	2022	1	1	\N	2005-04-12	M	\N	\N	2022-07-23	3	S
1297	Isnia Martins Jesus Quaresma	\N	165951	13	Jos Jesus Quaresma 	Fernanda Lomb Martins	\N	4	15	11	2002	96	24	6	2022	1	2	\N	2002-11-15	F	\N	\N	2022-06-24	3	S
1299	Uziel Viegas Arajo Lima	\N	171228	13	Leandro de Sousa Arajo Lima 	Nery Nunes Santana Viegas Lima	\N	4	2	9	2002	83	15	5	2018	1	1	\N	2002-09-02	M	\N	\N	2018-05-15	3	S
1300	Jaciney Assuno Sousa Neto	\N	185275	13	Joo da Graa de Sousa Neto	Maria Conceio Assuno da Graa	\N	4	20	11	1992	209	11	12	2020	1	1	\N	1992-11-20	M	\N	\N	2020-12-11	3	S
1301	Rui Manuel Quaresma Trindade Metzger	\N	94718	13	Eustace Victor Trindade Metzger	Maria Eduarda Jos Quaresma	\N	4	27	4	1972	118	20	9	2014	1	1	\N	1972-04-27	M	\N	\N	2014-09-20	3	S
1302	Rui Junior Espirito Santo Metzger	\N	239773	13	Rui Manuel Quaresma Trindade Metzger	Carla Nadja Xavier do Espirito Santo	\N	4	18	6	2016	96	12	10	2021	1	1	\N	2016-06-18	M	\N	\N	2021-10-12	3	S
1303	Carla Onofre de Carvalho	\N	212125	13	Adkaizer da Graa Fernandes de Carvalho	Cremilda Correia do Nascimento Onofre	\N	4	7	4	2005	96	6	6	2022	1	2	\N	2005-04-07	F	\N	\N	2022-06-06	3	S
1305	Otniel Dias Albergria Mendes	\N	211932	13	Acleide Nazar Albergaria   Mendes	Ester Lus de Lima Dias Mendes	\N	4	5	8	2006	96	18	6	2018	1	1	\N	2006-08-05	M	\N	\N	2018-06-18	3	S
1306	Aykisse Lmba	\N	80864	13	Anonimato	Isilda AntnioLmba	\N	4	9	4	1982	198	6	8	2017	1	1	\N	1982-04-09	M	\N	\N	2017-08-06	3	S
1307	Moiss Sousa Neto	\N	172653	13	Arsenio Bonifacio Neto	Angela Jorge Sousa	\N	4	4	1	2003	96	10	7	2018	1	1	\N	2003-01-04	M	\N	\N	2018-07-10	3	S
1308	Elisabete D  Almeida Rosrio Cravid dos Santos Andrade	\N	64995	13	Joaquim Joo Cravid	Damiana Paixo	\N	4	15	10	1973	96	20	7	2022	2	2	\N	1973-10-15	F	\N	\N	2022-07-20	3	M
1309	Juzeneyde Gonalo Eusbio	\N	123095	13	Adriano do Espirito Santo Eusbio	Odete Andr Gonalo	\N	4	14	7	1994	96	31	1	2020	1	2	\N	1994-07-14	F	\N	\N	2020-01-31	3	S
1310	Anslio Pedro da Trindade Neto	\N	95043	13	Delicio da Graa da Trindade Neto	Avelina Pedro	\N	4	1	10	1982	132	19	12	2022	1	1	\N	1982-10-01	M	\N	\N	2022-12-19	3	S
1311	Cheyla dos Ramos Borges	\N	114520	13	Daniel dos Reis Borges	Virginia dos Ramos Faleiro	\N	4	8	6	1982	96	29	1	2018	6	2	\N	1982-06-08	F	\N	\N	2018-01-29	3	D
1312	Helenter Catarina Pereira de Castro	\N	79331	13	Cladio de Melo Pereira de Castro	Adelaide Apresentao Dias Catarina	\N	4	25	5	1978	96	24	1	2020	1	1	\N	1978-05-25	M	\N	\N	2020-01-24	3	S
1314	Liandro Mata  do Espirito Santo	\N	187265	13	Antero Filipe do Espirito Santo	Beatriz Mata do Espirito Mateus 	\N	4	1	6	2004	96	27	7	2021	1	1	\N	2004-06-01	M	\N	\N	2021-07-27	3	S
1315	Marizete Ferreira de Ceita	\N	91795	13	Jos Emidio Pereira de Ceita	Gabriela dos Santos Ferreira	\N	4	28	1	1984	122	20	5	2022	1	2	\N	1984-01-28	F	\N	\N	2022-05-20	3	S
1316	Jussiley Encarnao de Sousa Pontes	\N	108891	13	Manuel da Trindade Pires de Sousa Pontes	Maria Luisa de Encarnao	\N	4	20	12	1988	92	26	5	2022	4	1	\N	1988-12-20	M	\N	\N	2022-05-26	3	V
1317	Gil Vicente Neto D Presentao	\N	181067	13	Manuel Vicente Joane D Apresentao	Edna Celeste Afonso Neto	\N	4	22	11	2003	96	11	7	2019	1	1	\N	2003-11-22	M	\N	\N	2019-07-11	3	S
1318	Jecila Pinhor dos Ramos	\N	96439	13	Joo Vaz Vicente dos Ramos	Maria Fernandes Pinhor	\N	4	22	4	1988	81	27	12	2018	1	2	\N	1988-04-22	F	\N	\N	2018-12-27	3	S
1319	Alda Monteiro Quinta da Graa D Apresentao	\N	69716	13	Sebastio Quinta da Graa	Olivia Silvestre Monteiro	\N	4	18	4	1976	81	2	10	2021	2	2	\N	1976-04-18	F	\N	\N	2021-10-02	3	M
827	Bejamilson de Pina	\N	123019	13	\N	Manuela de Pina Cabral Fernandes	\N	4	8	10	1989	243	30	1	2020	1	1	\N	1989-10-08	M	\N	\N	2020-01-30	3	S
1284	Cesaltina Pires Gomes Afonso Neto	\N	80578	13	Fortunato Gomes 	Fernanda Varela Pires 	\N	4	12	7	1981	163	25	6	2020	2	2	\N	1981-07-12	F	\N	\N	2020-06-25	3	M
1283	Edmilson Gomes Gonalves	\N	169788	13	Roberto Carlos Gomes Gonalves	Domingas Gomes Tavares	\N	4	16	10	1994	96	29	7	2021	1	1	\N	1994-10-16	M	\N	\N	2021-07-29	3	S
1285	Odair da Cruz Mendes 	\N	187465	13	Arlindo Mendes das Neves 	Maria de Ftima da Cruz Neto Pereira	\N	4	12	2	2003	96	7	7	2020	1	1	\N	2003-02-12	M	\N	\N	2020-07-07	3	S
1326	Incio da Cruz Quaresma da Silveira	\N	71931	13	Germano Quaresma da Silveira	Maria da Cruz Antnia Mand	\N	4	4	11	1977	81	19	2	2018	2	1	\N	1977-11-04	M	\N	\N	2018-02-19	3	M
1327	Adjamilson dos Ramos	\N	134546	13	\N	Incia de Cristo Boi dos Ramos	\N	4	4	3	1994	81	28	11	2017	1	1	\N	1994-03-04	M	\N	\N	2017-11-28	3	S
1328	Belmira Pereira dos Reis Mota	\N	208101	13	Bernardino Rita dos Reis Mota	Edna Afonso Vaz Pereira dos Reis Mota	\N	4	28	5	2003	96	11	6	2022	1	2	\N	2003-05-28	F	\N	\N	2022-06-11	3	S
1329	Sonilza do Espirito Santo Sousa Taraveira 	\N	178693	13	Carlos da Silva de Sousa Taraveira 	Adozinda do Espirito Santo Neto	\N	4	11	2	2005	169	28	6	2019	1	2	\N	2005-02-11	F	\N	\N	2019-06-28	3	S
1330	Carlos da Silva de Sousa Taraveira	\N	58667	13	Joo da Conceio Sousa Taraveira 	Benta Cristina da Silva do Espirito Santo	\N	4	26	5	1971	96	16	12	2013	1	1	\N	1971-05-26	M	\N	\N	2013-12-16	3	S
1331	Stnia Costa dos Santos	\N	87935	13	Arnaldo Lucas Leite dos Santos	Maria do Sacramento de Ceita Quaresma Costa	\N	4	11	7	1983	128	30	5	2022	1	2	\N	1983-07-11	F	\N	\N	2022-05-30	3	S
1332	Nayara Mif dos Santos Arago	\N	177777	13	Antnio Ramos Arago	Stnia Costa dos Santos	\N	4	16	3	2005	96	26	6	2019	1	2	\N	2005-03-16	F	\N	\N	2019-06-26	3	S
1334	Edgar Soares Jos da Costa	\N	154326	13	Adriano Judite Jos da Costa 	Maria do Cu das Neves Sousa Soares	\N	4	18	5	1996	149	24	7	2017	1	1	\N	1996-05-18	M	\N	\N	2017-07-24	3	S
1335	Tiago Martins Rodrigues	\N	195901	13	Dismaiel da Graa Rodrigues	Nezilay Garrido Martins	\N	4	3	3	2005	96	4	8	2021	1	1	\N	2005-03-03	M	\N	\N	2021-08-04	3	S
1336	Jos Luiz	\N	34441	13	Juliano	Maria Madalena	\N	4	17	5	1964	132	27	5	2019	2	1	\N	1964-05-17	M	\N	\N	2019-05-27	3	M
1337	Edgar Miguel da Fonseca Aguiar Luiz	\N	178031	13	Jos Luiz	Leonor Dias da Fonseca Aguiar Luiz	\N	4	10	3	2005	284	25	6	2019	1	1	\N	2005-03-10	M	\N	\N	2019-06-25	3	S
1338	Adnilza dos Santos Pereira da Mata	\N	168717	13	Adelino Sousa Pereira da Mata	Luiza de Carvalho Pires dos Santos	\N	4	24	11	2001	96	13	8	2018	1	2	\N	2001-11-24	F	\N	\N	2018-08-13	3	S
1339	Abimael Rodrigues Sanches	\N	174864	13	Domingos de Melo Sanches 	Nelsi da Silva Rodrigues	\N	4	19	4	2004	96	28	11	2019	1	1	\N	2004-04-19	M	\N	\N	2019-11-28	3	S
1341	Livia Monteiro Rodrigues	\N	189475	13	Afonso Lopes Rodrigues	Iva Monteiro Semedo	\N	4	2	7	2003	88	31	7	2021	1	2	\N	2003-07-02	F	\N	\N	2021-07-31	3	S
1342	Aquinilza Afonso Rodrigues 	\N	205441	13	Arlindo Afonso Neto Rodrigues 	Pascoa Anastcia Sacramento Afonso	\N	4	5	8	2005	96	11	8	2022	1	2	\N	2005-08-05	F	\N	\N	2022-08-11	3	S
1343	Anicilina Afonso Rodrigues 	\N	167603	13	Arlindo Afonso Neto Rodrigues 	Pscoa Anastcia do Sacramento Afonso	\N	4	3	9	1997	96	22	11	2019	1	2	\N	1997-09-03	F	\N	\N	2019-11-22	3	S
1344	Nenesio Quaresma Afonso	\N	89189	13	Incio da Silva Afonso	Alcina Domingas Quaresma	\N	4	10	6	1984	124	6	7	2020	2	1	\N	1984-06-10	M	\N	\N	2020-07-06	3	M
1345	Admer do Rosrio da Costa	\N	81360	13	Anastcio da Costa	Maria do Rosrio Joo Loureno	\N	4	13	4	1982	172	6	2	2020	1	1	\N	1982-04-13	M	\N	\N	2020-02-06	3	S
1346	Mariwalde Lucas Teixeira Gaspar	\N	181100	13	Gualter Lucas da Trindade Gaspar	Marileidy do Esprito Teixeira	\N	4	26	7	2003	96	26	7	2019	1	2	\N	2003-07-26	F	\N	\N	2019-07-26	3	S
1347	Maria de Ftima da Cruz Lopes Vera Cruz	\N	108062	13	Guilherme Antnio Lopes	Aguida Ramos da Cruz	\N	4	17	7	1978	117	31	1	2019	2	2	\N	1978-07-17	F	\N	\N	2019-01-31	3	M
1349	Lucineide Will e Silva	\N	179487	13	Jos Romano e Silva	Marisa Will Ramos dos Santos	\N	4	25	8	2004	96	1	8	2019	1	1	\N	2004-08-25	M	\N	\N	2019-08-01	3	S
1350	Joseane Tebs Cambl	\N	187373	13	Victor Neto Fernandes Cambl	Alberta Neves da Costa Tebs	\N	4	9	4	2003	83	23	3	2022	1	2	\N	2003-04-09	F	\N	\N	2022-03-23	3	S
1351	Jurdmila Noronha Antnio Leite	\N	158636	13	Joo Antnio Leite	Hermnia da Trindade Noronha	\N	4	23	5	1999	117	1	10	2021	1	2	\N	1999-05-23	F	\N	\N	2021-10-01	3	S
1352	Geremias Tron dos Santos	\N	177688	13	Humbelina Luiz dos Santos	Graciela Odete Tron	\N	4	15	4	2004	96	19	6	2019	1	1	\N	2004-04-15	M	\N	\N	2019-06-19	3	S
1353	Luidilei Jnior dos Santos Quintas	\N	181406	13	Osvaldo Patricio Quintas 	Carolina Andrade dos Santos	\N	4	21	11	2004	96	10	2	2020	1	1	\N	2004-11-21	M	\N	\N	2020-02-10	3	S
1354	Carolina Andrade dos Santos 	\N	75418	13	Custdio Sacramento dos Santos	Madalena da Silva Andrade	\N	4	14	2	1979	96	17	4	2017	1	2	\N	1979-02-14	F	\N	\N	2017-04-17	3	S
1355	Jerickson Paquete da Costa Chong	\N	180282	13	Orlando de Jesus Paquete Chong	Juliana Marquinhas da Conceio Paquete da Costa	\N	4	20	7	2004	96	31	12	2019	1	1	\N	2004-07-20	M	\N	\N	2019-12-31	3	S
1356	Liliana Patricia da Vera Cruz Fernandes	\N	171152	13	Helder Tomaz Fernandes	Melanie Francisco Lima da Vera Cruz	\N	4	21	2	2004	96	2	5	2018	1	2	\N	2004-02-21	F	\N	\N	2018-05-02	3	S
1358	Benilda Tavares Bonfim	\N	120502	13	Germano Fernandes Bonfim	Maria Antnio Tavares	\N	4	29	1	1995	81	18	11	2020	1	2	\N	1995-01-29	F	\N	\N	2020-11-18	3	S
1359	Silvania do Nascimento Afonso Neto	\N	119223	13	Alvaro Lima Afonso Neto	Maria do Rosrio do Nascimento	\N	4	4	2	1987	128	17	5	2022	1	2	\N	1987-02-04	F	\N	\N	2022-05-17	3	S
869	Alice Duarte do Espirito Santo 	\N	113685	13	Aoreano de Cristo do Espirito Santo	Candida Florinda Duarte	\N	4	12	4	1963	81	29	12	2014	1	2	\N	1963-04-12	F	\N	\N	2014-12-29	3	S
1324	Nomia Vicente Carlos Lima Afonso	\N	12834	13	Vicente Fernandes Lima	Maria de Arajo Carlos Eusbio	\N	4	6	8	1940	81	21	5	2012	2	2	\N	1940-08-06	F	\N	\N	2012-05-21	3	M
1323	Maria Rita Salom Lopes de Andrade	\N	27150	13	Igdio Soares da Rocha Lopes de Andrade	Tereza Maria	\N	4	11	3	1957	96	27	6	2022	1	2	\N	1957-03-11	F	\N	\N	2022-06-27	3	S
1325	Sara Pinto da Silveira	\N	187888	13	Incio da Cruz Quaresma da Silveira	Edna Maria da Trindade Pinto da Silveira	\N	4	7	7	2006	96	21	8	2020	1	2	\N	2006-07-07	F	\N	\N	2020-08-21	3	S
1366	Adenilza do Nascimento Sousa Bastos	\N	109224	13	Adelino Filipe de Sousa Bastos	Ivone do Nascimento Palhares	\N	4	3	6	1985	122	27	3	2020	1	2	\N	1985-06-03	F	\N	\N	2020-03-27	3	S
1367	Ronaldo Delfino e Costa	\N	186304	13	Lcio dos Ramos e Costa	Lary Raposo Delfino	\N	4	3	5	2004	278	4	8	2020	1	1	\N	2004-05-03	M	\N	\N	2020-08-04	3	S
1368	Aitejamer da Silva Jeronimo	\N	100681	13	Gaspar da Conceio Jeronimo	Ana Maria Silva	\N	4	15	2	1986	81	3	9	2020	1	1	\N	1986-02-15	M	\N	\N	2020-09-03	3	S
1369	Egnaldo do Nascimento Cravid	\N	197290	13	Egbenezer Lopes Menezes Cravid 	Adenilza do Nascimento Sousa Bastos	\N	4	10	9	2004	96	17	7	2021	1	1	\N	2004-09-10	M	\N	\N	2021-07-17	3	S
1370	Frede Sousa Pontes Marta	\N	182383	13	Vicente Diogo do Sacramento Marta	Wilsa Maria Silva de Sousa Pontes	\N	4	6	5	2003	96	13	3	2020	1	1	\N	2003-05-06	M	\N	\N	2020-03-13	3	S
1371	Anagilza Quaresma Ceita	\N	180391	13	Ernestino Soares D  Assuno Ceita	Antnia Jacinto Quaresma	\N	4	11	12	2004	96	26	6	2019	1	2	\N	2004-12-11	F	\N	\N	2019-06-26	3	S
1373	Leonardo Leite das Neves	\N	179622	13	Humberto dos Ramos das Neves	Nelzilanda do Nascimento Leite	\N	4	31	1	2003	169	30	7	2019	1	1	\N	2003-01-31	M	\N	\N	2019-07-30	3	S
1374	Maria Tome da Cruz Lopes Marques	\N	57668	13	Antnio do Santos Marques	Maria Francisca da Cruz Marques	\N	4	21	4	1966	96	28	12	2017	1	2	\N	1966-04-21	F	\N	\N	2017-12-28	3	S
1375	Leopoldino  Fernandes dos Santos Lima 	\N	26660	13	Nascimento Pereira dos Santos Lima 	Liliosa Antnia Fernandes Neto	\N	4	20	9	1960	96	14	10	2019	1	1	\N	1960-09-20	M	\N	\N	2019-10-14	3	S
1376	Maura Amaro Viegas Martinho	\N	165108	13	Antnio Joaquim Martinho	Ivelise Marisa Leal Viegas	\N	4	15	1	2003	96	18	7	2022	1	2	\N	2003-01-15	F	\N	\N	2022-07-18	3	S
1377	Vania Graa de Apresentao	\N	117907	13	Antnio Oliveira de Apresentao	Natlia Bengala da Graa	\N	4	18	5	1988	141	7	7	2020	1	2	\N	1988-05-18	F	\N	\N	2020-07-07	3	S
1378	Laurinda do Rosrio Judas 	\N	61306	13	Eduardo Judas 	Maria do Rosrio Monteiro	\N	4	30	1	1960	163	21	3	2011	1	2	\N	1960-01-30	F	\N	\N	2011-03-21	3	S
1379	Walton Joy Boa Morte Fernandes 	\N	159385	13	Gaspar Fernandes Gomes 	Natlia da Trindade Boa Morte	\N	4	18	4	2002	96	8	7	2022	1	1	\N	2002-04-18	M	\N	\N	2022-07-08	3	S
1381	Danylse Xavier de Almeida 	\N	183080	13	Fernando Afonso de Almeida	Firmina Quaresma Xavier	\N	4	22	3	2004	96	21	2	2020	1	2	\N	2004-03-22	F	\N	\N	2020-02-21	3	S
1382	Maura Gonalves Brando de Oliveira	\N	187553	13	Antnio Brando de Oliveira	Cesaltina Gonalves Felix	\N	4	30	5	2004	96	11	8	2020	1	2	\N	2004-05-30	F	\N	\N	2020-08-11	3	S
1383	Elde Monteiro dos Santos Oliveira	\N	85179	13	Horcio dos Santos Oliveira	Dionilda Monteiro de Carvalho	\N	4	25	5	1981	122	16	8	2022	1	1	\N	1981-05-25	M	\N	\N	2022-08-16	3	S
1384	Elsylzia Quaresma Cabral	\N	161856	13	Valdemiro Cabral Vaz da Conceio	Anastacia Quaresma  Soares 	\N	4	20	11	1999	96	14	10	2021	1	2	\N	1999-11-20	F	\N	\N	2021-10-14	3	S
1385	Edson Pires Bexigas Neto	\N	174449	13	Edgar Bexigas Neto	Victria Pires Fernandes Quaresma	\N	4	17	1	2004	96	12	6	2019	1	1	\N	2004-01-17	M	\N	\N	2019-06-12	3	S
1386	Nailza do Nascimento Vila Nova 	\N	179169	13	Olivio Neves da Graa Vila Nova 	Ana Maria do Espirito Santo Nascimento	\N	4	30	1	2005	180	15	7	2019	1	2	\N	2005-01-30	F	\N	\N	2019-07-15	3	S
1387	Jociley Ferreira da Cruz	\N	112782	13	Joo Augusto da Cruz	Maria do Carmo Ferreira Morais	\N	4	18	4	1991	81	26	10	2021	1	1	\N	1991-04-18	M	\N	\N	2021-10-26	3	S
1389	Gilza Silva de Almeida 	\N	210399	13	Esidrio Neto de Almeida	Eva Lima da Silva D Almeida	\N	4	15	5	2004	96	5	1	2023	1	2	\N	2004-05-15	F	\N	\N	2023-01-05	3	S
1390	Ednisia de Sousa Pereira Neto	\N	174328	13	Nelson da Conceio Pereira Neto	Mariza Menezes de Sousa	\N	4	5	5	2001	96	23	11	2018	1	2	\N	2001-05-05	F	\N	\N	2018-11-23	3	S
1393	Carlos Quaresma Paixo	\N	61342	13	Antonio Quaresma Paixo	Maria Quaresma Canume	\N	4	3	7	1972	96	4	12	2017	2	1	\N	1972-07-03	M	\N	\N	2017-12-04	3	M
1394	Abid Basilio Santana	\N	197106	13	Felisberto Andrade Santana	Lany- Lim da Conceio Basilio	\N	4	6	8	2005	96	6	5	2022	1	1	\N	2005-08-06	M	\N	\N	2022-05-06	3	S
1395	Sofia Seabra de Brito	\N	187258	13	Pedro Bonifcio de Brito	Ludmila do Cu Seabra	\N	4	2	7	2005	96	5	1	2021	1	2	\N	2005-07-02	F	\N	\N	2021-01-05	3	S
1396	Jucelso Cravid Andrade 	\N	180737	13	Georgino Mendes Andrade	Valdirene Cravid das Neves Tiny	\N	4	20	11	2004	96	25	6	2019	1	1	\N	2004-11-20	M	\N	\N	2019-06-25	3	S
1398	Felicia dos Santos Vaz Taraveira 	\N	49033	13	Manuel de Guadalupe Ernesto Vaz Taraveira	Silvalina Luiza dos Santos Varela 	\N	4	1	1	1967	96	22	2	2016	1	2	\N	1967-01-01	F	\N	\N	2016-02-22	3	S
1399	Ariel dos Santos de Assuno Costa	\N	179327	13	Jos de Assuno Costa	Felicia dos Santos Vaz Taraveira	\N	4	15	2	2005	85	8	8	2022	1	1	\N	2005-02-15	M	\N	\N	2022-08-08	3	S
913	Antnio Manuel Quaresma da Cruz dos Ramos	\N	34773	13	Agostinho Exaltao da Cruz Ramos	Inocncia Quaresma dos Ramos	\N	4	8	9	1963	131	9	1	2019	1	1	\N	1963-09-08	M	\N	\N	2019-01-09	3	S
1364	Gamaliela Chumbo Vaz	\N	179661	13	Xavier Lima Quaresma Vaz	Chumbo Rachael Mumene Quaresma Vaz	\N	4	22	11	2004	96	12	6	2019	1	2	\N	2004-11-22	F	\N	\N	2019-06-12	3	S
1363	Julio Ramos de Apresentao	\N	79628	13	Jorge Assuno d Apresentao	Maria dos Ramos  Pensava  d Assuno 	\N	4	29	7	1980	128	17	12	2020	1	1	\N	1980-07-29	M	\N	\N	2020-12-17	3	S
1365	Daniel Pereira Batista de Sousa	\N	183620	13	Adelino Lima Batista de Sousa	Dionisia Lima Pereira Batista de Sousa	\N	4	16	4	2004	228	11	6	2020	1	1	\N	2004-04-16	M	\N	\N	2020-06-11	3	S
1406	Valdemar Gonalves de Bom Jesus	\N	79105	13	Pedro Afonso Vaz de Bom Jesus	Antnia Gonalves	\N	4	16	10	1980	138	8	11	2019	1	1	\N	1980-10-16	M	\N	\N	2019-11-08	3	S
1407	Eliane Samy Gomes de Guadalupe	\N	180741	13	Alexandre da Conceio de Gaudalupe	Tanya Gomes Dias da Fonseca	\N	4	11	1	2003	96	19	7	2019	1	2	\N	2003-01-11	F	\N	\N	2019-07-19	3	S
1408	Anita Gama Ferreira 	\N	204765	13	Rodrigo Ferreira Jnior	Ana Maria Sacramento Gama	\N	4	5	5	2004	81	30	5	2022	1	2	\N	2004-05-05	F	\N	\N	2022-05-30	3	S
1409	Curcina Guimares Andreza	\N	187814	13	Vicente Andreza Jejimi	Deolinda Amrica Guimares	\N	4	21	7	1987	117	31	7	2020	1	2	\N	1987-07-21	F	\N	\N	2020-07-31	3	S
1410	Danilson Quaresma	\N	199445	13	\N	Lucrcia Quaresma Rocha	\N	4	20	9	2001	96	10	8	2022	1	1	\N	2001-09-20	M	\N	\N	2022-08-10	3	S
1412	Flvio Pires dos Santos 	\N	180121	13	\N	Ernestina dos Ramos Pires dos Santos	\N	4	13	10	2002	96	8	7	2019	1	1	\N	2002-10-13	M	\N	\N	2019-07-08	3	S
1413	Raquel Monteiro Henriques	\N	196768	13	Isildo Enriques 	Arlinda Monteiro Silva Henriques	\N	4	2	5	2006	81	16	7	2021	1	2	\N	2006-05-02	F	\N	\N	2021-07-16	3	S
1414	Nelma Antnio de Ceita	\N	187861	13	Nelson Sequeira de Ceita	Snia do Espirito da Graa Antnio	\N	4	21	4	2003	96	8	2	2021	1	2	\N	2003-04-21	F	\N	\N	2021-02-08	3	S
1415	Ema Corts Marques 	\N	199031	13	Clementino Marques 	Maria da Conceio Corts	\N	4	21	12	2006	169	27	7	2021	1	2	\N	2006-12-21	F	\N	\N	2021-07-27	3	S
1416	Maria da Conceio Corts Correia	\N	83165	13	\N	Ema Teixeira Corts	\N	4	11	8	1972	96	3	4	2020	2	2	\N	1972-08-11	F	\N	\N	2020-04-03	3	M
1417	Kleive Fonseca da Trindade	\N	203884	13	Leonel Marques Cruz da Trindade	Eulina Fonseca do Espirito Santo	\N	4	2	9	2004	118	24	6	2022	1	1	\N	2004-09-02	M	\N	\N	2022-06-24	3	S
1418	Diasalde Seabra Varela	\N	189161	13	Emdio Tavares Varela	Jucelina do Cu Seabra	\N	4	21	8	2004	96	21	8	2020	1	1	\N	2004-08-21	M	\N	\N	2020-08-21	3	S
1420	Marcos do Nascimento do Espirito Santo	\N	106149	13	Marcos do Espirito Santo 	Cosma da Cruz do Nascimento	\N	4	9	5	1987	163	13	9	2017	1	1	\N	1987-05-09	M	\N	\N	2017-09-13	3	S
1421	Elso dos Santos Pereira	\N	172450	13	Antnio Carlos Alberto de Sousa Pereira 	Edna Fortes dos Santos	\N	4	1	5	2003	96	23	7	2018	1	1	\N	2003-05-01	M	\N	\N	2018-07-23	3	S
1422	Adygilson da Cunha Moreno	\N	171399	13	Adilson Moreno Bundo	Madlaine Maria da Cunha	\N	4	16	11	2003	96	25	4	2019	1	1	\N	2003-11-16	M	\N	\N	2019-04-25	3	S
1423	Abdulay de Barros Sacramento	\N	187539	13	Eleutrio Ceita do Sacramento	Jorgina Soares de Barros Antnio	\N	4	16	4	2004	96	6	8	2020	1	1	\N	2004-04-16	M	\N	\N	2020-08-06	3	S
1424	Domingos Man Semedo	\N	183964	13	Jos Semedo Ebo	Domingas Canheba Man	\N	4	6	7	1994	81	19	6	2021	1	1	\N	1994-07-06	M	\N	\N	2021-06-19	3	S
1425	Daltze Domingos Malanza	\N	163529	13	Carlos Malanza Santiago 	Sebastiana Domingos de Boa Morte	\N	4	4	2	2001	96	28	12	2017	1	1	\N	2001-02-04	M	\N	\N	2017-12-28	3	S
1426	Maria Fernanda Freire Chantre	\N	72291	13	Alberto Maria Chantre	Amlia Freire de Barros	\N	4	20	3	1975	91	30	11	2020	1	2	\N	1975-03-20	F	\N	\N	2020-11-30	3	S
1428	Carla Chantre Nobre dos Ramos 	\N	180871	13	Florentino Fernandes dos Ramos 	Josefa Freire de Barros Chantre	\N	4	23	10	2003	96	5	8	2020	1	2	\N	2003-10-23	F	\N	\N	2020-08-05	3	S
1429	Meyme Gomes Sousa Pontes	\N	181437	13	Manuel de Assuno de Sousa Pontes	Idalina Gomes Vaz Pereira  de Sousa Pontes	\N	4	28	6	2004	117	19	7	2019	1	2	\N	2004-06-28	F	\N	\N	2019-07-19	3	S
1430	Area Pires da Conceio Miguel	\N	173236	13	Jos Antonio Miguel	Ricardina Guilherme Pires Faleiro	\N	4	13	5	2003	96	10	8	2018	1	2	\N	2003-05-13	F	\N	\N	2018-08-10	3	S
1431	Eulnia da Mata Brito	\N	146051	13	Francisco de Almeida Brito	Virgnia de Assuno da Mata	\N	4	19	9	1999	81	4	9	2019	1	2	\N	1999-09-19	F	\N	\N	2019-09-04	3	S
1432	Awold George Luiz Georgina	\N	116273	13	Carlos Vaz Georgina	Eugenia Neves do Nascimento Luiz Georgina	\N	4	13	3	1994	81	31	10	2018	1	1	\N	1994-03-13	M	\N	\N	2018-10-31	3	S
1433	Inerilson Carvalho dos Ramos	\N	173246	13	Inercio Vilhete dos Ramos	Maria Joana Carvalho dos Ramos	\N	4	9	10	2002	96	9	8	2018	1	1	\N	2002-10-09	M	\N	\N	2018-08-09	3	S
1434	Ceclio Gonalves Mendes	\N	125309	13	Camilo Sanches  Mendes	Arminda Gonalves Morreira	\N	4	29	8	1995	96	29	10	2021	1	1	\N	1995-08-29	M	\N	\N	2021-10-29	3	S
1436	Leticia Pinto Afonso Guadalupe Fernandes	\N	179762	13	Vicente Guadalupe Fernandes 	Adelaide Pinto Afonso Fernandes	\N	4	18	10	2004	96	24	7	2019	1	2	\N	2004-10-18	F	\N	\N	2019-07-24	3	S
955	Manuel D  Assuno Fernandes Pereira da Mata	\N	27088	13	Jeronimo Pereira da Mata	Nascimenta Fernandes Espirito Santo	\N	4	25	9	1956	81	29	2	2016	2	1	\N	1956-09-25	M	\N	\N	2016-02-29	3	M
1404	Marcileiny da Graa de Bom Jesus	\N	190432	13	Valdemar Gonalves de Bom Jesus	Anerita da Graa Jordo dos Santos 	\N	4	26	9	2004	80	22	7	2021	1	2	\N	2004-09-26	F	\N	\N	2021-07-22	3	S
1402	Dimas da Silva Camuenha	\N	108744	13	Ral Camuenha Nana	Maria Antnia da Silva Lima	\N	4	28	12	1990	81	6	5	2022	1	1	\N	1990-12-28	M	\N	\N	2022-05-06	3	S
1405	Leopoldina Pereira Varela 	\N	65149	13	Fortuso Tavares Varela	Amlia Pereira Semedo	\N	4	7	2	1973	198	10	1	2022	1	2	\N	1973-02-07	F	\N	\N	2022-01-10	3	S
1448	Aiquel Frederico Estevo	\N	168850	13	Jlio Gomes Estevo	Ilisia Amlia Frederico	\N	4	28	4	1998	96	16	7	2020	1	1	\N	1998-04-28	M	\N	\N	2020-07-16	3	S
1449	Eizeter da Cruz Neto dos Santos	\N	79069	13	Cristino Neto dos Santos	Agostinha da Cruz dos Santos Marques	\N	4	3	4	1978	96	16	9	2020	1	1	\N	1978-04-03	M	\N	\N	2020-09-16	3	S
1450	Amrico Sacramento Monteverde dos Santo	\N	68786	13	Isac Will Santos 	Apolonia Assuno Monteverde	\N	4	12	10	1973	107	30	10	2016	1	1	\N	1973-10-12	M	\N	\N	2016-10-30	3	S
1452	Ayriza Martins Monte Verde dos Santos 	\N	183046	13	Amrico Sacramento Monte Verde dos Santo	Elisa Maria Martins do Rosrio dos Santos	\N	4	20	1	2005	96	1	7	2020	1	2	\N	2005-01-20	F	\N	\N	2020-07-01	3	S
1453	Nelzira de Ceita Dias Lima	\N	176372	13	Nelido Dias Lima	Belzica Josefa de Ceita Taty	\N	4	22	11	2003	96	9	7	2020	1	2	\N	2003-11-22	F	\N	\N	2020-07-09	3	S
1454	Celine Incia Afonso das Neves	\N	179286	13	Aladino Afonso das Neves	Snia Incia Quaresma	\N	4	3	3	2005	118	5	10	2021	1	2	\N	2005-03-03	F	\N	\N	2021-10-05	3	S
1455	Snia Incia Quaresma	\N	75485	13	Ciriaco Lima Quaresma	Cristina Incia	\N	4	11	2	1979	83	15	7	2022	1	2	\N	1979-02-11	F	\N	\N	2022-07-15	3	S
1456	Cristina de Sousa Pontes do Nascimento	\N	69196	13	Albertino Rodrigues do Nascimento	Alcidia Rodrigues de Sousa Pontes do Nascimento	\N	4	27	12	1975	96	25	7	2022	1	2	\N	1975-12-27	F	\N	\N	2022-07-25	3	S
1457	Deonilde da Fonseca Lima Jos Narciso	\N	116630	13	Manuel da Graa Jos Narciso	Maria Deonilde Lima Jos Narciso	\N	4	30	10	1988	209	22	8	2019	1	2	\N	1988-10-30	F	\N	\N	2019-08-22	3	S
1458	Vicente Pinheiro Nobre de Carvalho	\N	19634	13	Joo Batista Nobre de Carvalho	Antnia Pinheiro Loureno	\N	4	18	4	1958	96	28	2	2014	1	1	\N	1958-04-18	M	\N	\N	2014-02-28	3	S
1459	Anibal de Castro de Oliveira Viegas	\N	33732	13	Joo de Oliveira Viegas	Eugnia de Melo Pereira de Castro	\N	4	13	9	1962	81	26	1	2013	1	1	\N	1962-09-13	M	\N	\N	2013-01-26	3	S
1460	Neyd Saldanha do Nascimento	\N	175051	13	Antnio da Glria do Nascimento	Ana Saldanha Lomb	\N	4	8	1	2003	81	2	8	2018	1	2	\N	2003-01-08	F	\N	\N	2018-08-02	3	S
1462	Serineusa da Trindade Boa Morte	\N	198823	13	Anastcio dos Ramos Boa Morte	Luzinayde da Trindade Neto	\N	4	13	2	2005	96	29	7	2021	1	2	\N	2005-02-13	F	\N	\N	2021-07-29	3	S
1463	Giezimar Zuza Vasconcelos	\N	185484	13	Geraldo Will Vasconcelos	Mariza dos Anjos Zuza	\N	4	23	5	2003	117	20	8	2020	1	1	\N	2003-05-23	M	\N	\N	2020-08-20	3	S
1464	Milena Mendes da Silveira Danqu	\N	187773	13	Adriano da Silveira Danqu	Anatlia Virginia Mendes do Esprito Santo	\N	4	22	7	2004	96	17	5	2022	1	2	\N	2004-07-22	F	\N	\N	2022-05-17	3	S
1465	Esmael Gaspar	\N	173898	13	\N	Ciclai Mailane Afonso Gaspar	\N	4	12	11	2002	96	9	7	2019	1	1	\N	2002-11-12	M	\N	\N	2019-07-09	3	S
1466	Maria da Gloria Souza Neto D Almeida	\N	26851	13	Joo Ferreira Neto	Maria da Gloria Souza Pontes	\N	4	25	5	1950	81	21	1	2021	2	2	\N	1950-05-25	F	\N	\N	2021-01-21	3	M
1467	Tiago Pereira Neto de Almeida	\N	208376	13	Guslvio Neto de Almeida	Nilva Barros Pereira Neto de Almeida	\N	4	27	4	2005	96	5	9	2022	1	1	\N	2005-04-27	M	\N	\N	2022-09-05	3	S
1468	Helder Cravid Afonso Lima 	\N	76554	13	Serdio Afonso Lima	Joana da Graa Alves Cravid	\N	4	14	8	1978	131	5	1	2022	5	1	\N	1978-08-14	M	\N	\N	2022-01-05	3	D
1469	Paulo Jorge dos Ramos Monteiro	\N	146746 	13	Albertino de Nascimento Monteiro	Guilhermina do Rosrio dos Ramos	\N	4	14	8	1996	256	23	3	2021	1	1	\N	1996-08-14	M	\N	\N	2021-03-23	3	S
1470	Vnia Gomes Gonalves	\N	118040	13	Carlos Gonalves	Jenoveva Borges Gomes	\N	4	15	9	1990	81	9	2	2021	1	2	\N	1990-09-15	F	\N	\N	2021-02-09	3	S
1472	Joel Sousa Pontes Nicolau	\N	200769	13	Abner D Abreu Nicolau	Edemica Sousa Pontes de Assuno Nicolau	\N	4	28	9	2004	209	8	7	2022	1	1	\N	2004-09-28	M	\N	\N	2022-07-08	3	S
1473	Hortncia Lomb da Graa Pereira	\N	153157	13	Hortncio Pereira	Desidria Lima da Trindade Lomb da Graa	\N	4	15	11	1992	96	20	9	2021	1	2	\N	1992-11-15	F	\N	\N	2021-09-20	3	S
1474	Wanilde Neves dos Santos	\N	224273	13	Vacto Csar Elias dos Santos	Neide Alva das Neves	\N	4	1	4	2004	118	11	9	2019	1	1	\N	2004-04-01	M	\N	\N	2019-09-11	3	S
1475	Azuleidy Pinto de Boa Esperana	\N	185173	13	Ayuciker Pires de Boa Esperana	Delzy Pinto da Conceio	\N	4	19	12	2004	96	29	7	2019	1	2	\N	2004-12-19	F	\N	\N	2019-07-29	3	S
1476	Ayciker Pires de Boa Esperana	\N	106764	13	Antnio Francisco de Boa Esperana	Maria do Carmo Pires Afonso	\N	4	27	7	1982	209	2	12	2020	1	1	\N	1982-07-27	M	\N	\N	2020-12-02	3	S
1477	Edna Maria de Assuno Noronha	\N	81544	13	Sidnio Noronha 	Gabriela Bonfim de Assuno	\N	4	3	3	1981	79	23	12	2017	1	2	\N	1981-03-03	F	\N	\N	2017-12-23	3	S
1479	Soraia Sofia Quintas Cardoso	\N	214852	13	Alberto da Conceio Nascimento Cardoso	Sela Ftima Quintas	\N	4	10	2	2005	96	7	7	2022	1	2	\N	2005-02-10	F	\N	\N	2022-07-07	3	S
1480	Sela Fatima Quintas 	\N	93614	13	Jorge Soares Afonso Quintas	Maria de Fatima	\N	4	13	10	1984	107	13	1	2018	1	2	\N	1984-10-13	F	\N	\N	2018-01-13	3	S
1446	Elizabete de Barros Cardoso	\N	190525	13	Francisco Ferreira Cardoso	Constncia Silveira de Barros	\N	4	4	8	1992	96	1	9	2020	1	2	\N	1992-08-04	F	\N	\N	2020-09-01	3	S
1447	Jucelina da Graa do Espirito Santo	\N	161350	13	Adelino da Costa do Espirito Santo	Sinderela Coutins da Graa do Rosrio	\N	4	10	1	2001	96	23	8	2022	1	2	\N	2001-01-10	F	\N	\N	2022-08-23	3	S
1019	Adriano Boa Morte do Nascimento Luis	\N	195149	13	Adalberto Ferreira do Nascimento Lus	Jacinta Boa Morte Pinto Tiol Nascimento Lus	\N	4	18	4	2006	96	30	7	2021	1	1	\N	2006-04-18	M	\N	\N	2021-07-30	3	S
1488	Dawilson Fernandes do Nascimento Pimentel	\N	195125	13	Nuno Vander Viana do Nascimento Pimentel	Alda da Graa Fernandes	\N	4	14	8	2004	96	28	7	2021	1	1	\N	2004-08-14	M	\N	\N	2021-07-28	3	S
1489	Mailu das Neves Dias da Silva	\N	179126	13	Luiz Vicente Dias da Silva	Maida Suasy Fernandes das Neves	\N	4	22	4	2005	96	16	7	2019	1	2	\N	2005-04-22	F	\N	\N	2019-07-16	3	S
1490	Maida Suazy Fernandes das Neves	\N	80811	13	Manuel da Trindade Agostinho da Neves	Dulce Fernandes dos Santos das Neves	\N	4	16	6	1980	128	8	11	2018	1	2	\N	1980-06-16	F	\N	\N	2018-11-08	3	S
1491	Helder do Rosrio Fernandes	\N	33670	13	Vicente de Guadalupe Fernandes	Carminda Ana Francisca do Rosrio Antnio  	\N	4	9	3	1963	81	19	7	2017	1	1	\N	1963-03-09	M	\N	\N	2017-07-19	3	S
1492	Taniai Fonseca Pires dos Santos	\N	184927	13	Alberto Pires dos Santos	Maria Emaculada Coelho da Fonseca	\N	4	18	3	2003	118	5	3	2020	1	1	\N	2003-03-18	M	\N	\N	2020-03-05	3	S
1493	Jos dos Santos Oquiongo	\N	73557	13	Duarte Oquiongo	Domingas dos Santos	\N	4	24	7	1978	96	8	7	2021	1	1	\N	1978-07-24	M	\N	\N	2021-07-08	3	S
1494	Albanilza de Carvalho Afonso Fernandes	\N	181115	13	Albano Pinto Afonso Fernandes 	Aginalda Amadeu de Carvalho	\N	4	20	12	2004	96	12	3	2020	1	2	\N	2004-12-20	F	\N	\N	2020-03-12	3	S
1495	Joo Monteiro Bexigas	\N	146053	13	Joo Bexigas Xavier do Sacramento	Hirondina Monteiro Silva	\N	4	27	7	1994	96	5	7	2018	2	1	\N	1994-07-27	M	\N	\N	2018-07-05	3	M
1497	Nelson Augusto Tt	\N	30258503 6ZX5	10	Amncio Soares Tt	Virginia Augusta	\N	6	30	6	1991	193	9	9	2022	1	1	\N	1991-06-30	M	\N	\N	2022-09-09	\N	S
1498	Danilo da Graa Moreira 	\N	162041	13	Fortunato Varela Moreira	Idalina Amlia Dias da Graa	\N	4	11	9	1997	81	4	10	2018	1	1	\N	1997-09-11	M	\N	\N	2018-10-04	3	S
1499	Rominilza Conceio Baia Gu	\N	174341	13	Jesus da Mata Baia Gu	Ermelinda da Graa Conceio	\N	4	20	4	2000	96	12	9	2018	1	2	\N	2000-04-20	F	\N	\N	2018-09-12	3	S
1500	Rodolfo da Costa Monteiro	\N	158878	13	Nelson Pereira Monteiro 	Marisa Marquinhas da Conceio Paquete da Costa	\N	4	18	1	2002	109	18	6	2018	1	1	\N	2002-01-18	M	\N	\N	2018-06-18	3	S
1501	Jackson Francisco de S Leito	\N	160089	13	Manuel do Espirito de S Leito	Janet Francisca Monteiro	\N	4	13	10	1999	96	11	8	2022	1	1	\N	1999-10-13	M	\N	\N	2022-08-11	3	S
1502	Alquria Afonso de Assuno 	\N	181948	13	Alcino de Ceita de Assuno	Adelaide Maria do Rosrio Afonso	\N	4	18	2	2001	96	16	6	2020	1	2	\N	2001-02-18	F	\N	\N	2020-06-16	3	S
1503	Nilo Nascimento Neto	\N	175368	13	Joaquim da Fonseca Neto	Maria Antnia dos Santos	\N	4	13	4	2000	96	7	8	2019	1	1	\N	2000-04-13	M	\N	\N	2019-08-07	3	S
1505	Jerson Vunge de Sousa Bandeira	\N	122376	13	Orlando de Sousa Bandeira	Firmina Vunge	\N	4	5	12	1987	253	12	8	2022	2	1	\N	1987-12-05	M	\N	\N	2022-08-12	3	M
1506	Rafael Quaresma Va-Geng	\N	180225	13	Yoland Edmar Quaresma D Almeida Va-Geng	\N	\N	4	7	2	2004	96	7	8	2019	1	1	\N	2004-02-07	M	\N	\N	2019-08-07	3	S
1507	Nelson da Cruz Martins	\N	192778	13	Manuel Leston Martins 	Maria de Ftima da Cruz	\N	4	26	9	1983	81	15	3	2019	1	1	\N	1983-09-26	M	\N	\N	2019-03-15	3	S
1508	Mila Nucha do Sacramento dos Santos Simio	\N	179174	13	Carlos Alberto dos Santos Simio	Liudmila Lima do Sacramento	\N	4	14	2	2005	96	16	1	2023	1	2	\N	2005-02-14	F	\N	\N	2023-01-16	3	S
1509	Leonardo Martins Leito	\N	160411	13	Francisco Afonso Leito	Elsa Maria da Cruz Martins	\N	4	23	1	1999	81	12	8	2022	1	1	\N	1999-01-23	M	\N	\N	2022-08-12	3	S
1510	Liudmila Lima do Sacramento	\N	91274	13	Octvio Pires do Sacramento	Maria Esperana Lima	\N	4	26	7	1979	96	10	10	2019	1	2	\N	1979-07-26	F	\N	\N	2019-10-10	3	S
1511	Ronaldo Mendes Fernandes de Barros	\N	198424	13	Ilidio Fernandes de Barros	Alexandra Mendes Pereira	\N	4	20	7	2002	96	16	8	2022	1	1	\N	2002-07-20	M	\N	\N	2022-08-16	3	S
1512	Iazalde Fernando do Cu	\N	133024	13	Fernando 	Domingas	\N	4	5	1	1977	96	27	11	2017	1	1	\N	1977-01-05	M	\N	\N	2017-11-27	3	S
1514	Marcia Cardoso Patrcio	\N	179832	13	Arlindo Trindade Antnio Patricio	Alina Cardoso Fernandes Moreira	\N	4	7	11	2003	96	26	4	2022	1	2	\N	2003-11-07	F	\N	\N	2022-04-26	3	S
1515	Ericlarson da Cruz dos Ramos das Neves	\N	159915	13	Leonildo Ramos das Neves 	Hirondina da Cruz	\N	4	19	9	2021	96	11	2	2022	1	1	\N	2021-09-19	M	\N	\N	2022-02-11	3	S
1516	Amilton Viana Dias da Costa Tebs	\N	128926	13	Jaime Dias da Costa Tebs	Claudia Maria Viana da Costa Neto	\N	4	17	5	1996	81	22	8	2022	1	1	\N	1996-05-17	M	\N	\N	2022-08-22	3	S
1517	Marino Afonso da Trindade Lucas	\N	63993	13	Justino da Trindade Lucas	Constancia Nazar Afonso da Trindade Lucas	\N	4	25	12	1970	81	19	11	2013	1	1	\N	1970-12-25	M	\N	\N	2013-11-19	3	S
1518	Celmira Oliveira Lima	\N	156949	13	Agostinho Francisco Lima	Domingas Fonseca D Oliveira	\N	4	18	1	1993	96	15	7	2022	1	1	\N	1993-01-18	M	\N	\N	2022-07-15	3	S
1519	Emilse do Nascimento Lima	\N	113019	13	Luiz Manuel Will de Deus Lima	Leonor Rodrigues do Nascimento	\N	4	9	1	1993	96	7	10	2020	1	2	\N	1993-01-09	F	\N	\N	2020-10-07	3	S
1520	Almeida Fernandes dos Ramos Miguel	\N	86161	13	Honorato Dias dos Ramos Miguel 	Procpia Moreira Fernandes 	\N	4	7	9	1974	120	9	11	2018	2	1	\N	1974-09-07	M	\N	\N	2018-11-09	3	M
1036	Wilson Quaresma	\N	177866	13	\N	Lucrcia Quaresma Rocha	\N	4	6	5	1998	96	5	12	2019	1	1	\N	1998-05-06	M	\N	\N	2019-12-05	3	S
1078	Nerylton Cabral Managem	\N	102939	13	Joo Albertino da Conceio Managem	Alexandra Cabral Mendes	\N	4	14	1	1989	159	11	11	2020	1	1	\N	1989-01-14	M	\N	\N	2020-11-11	3	S
1487	Jos Semedo do Nascimento	\N	104141	13	Pedro Manuel Nascimento	Maria de Lurdes Semedo	\N	4	2	5	1959	96	31	7	2021	2	1	\N	1959-05-02	M	\N	\N	2021-07-31	3	M
1485	Jos Maria Mendes Pereira	\N	144157	13	Jacinto Mendes Pereira	Etelvina Silva Ferreira	\N	4	5	6	1970	141	25	8	2016	1	1	\N	1970-06-05	M	\N	\N	2016-08-25	3	S
1527	Virginia Neto Pires dos Santos Andrade 	\N	62619	13	Bartolomeu Pires dos Santos Andrades	Beatriz Pereira Neto	\N	4	24	6	1972	96	23	8	2016	1	2	\N	1972-06-24	F	\N	\N	2016-08-23	3	S
1528	Nunes Alberto Tavares 	\N	126016	13	Joo Freire Tavares	ngela Alberto	\N	4	12	3	1983	132	3	3	2020	2	1	\N	1983-03-12	M	\N	\N	2020-03-03	3	M
1530	Azidrio Soares Eusbio	\N	113955	13	Afonso dos Reis Eusbio	Paula Signo Soares	\N	4	21	9	1991	157	16	10	2017	2	1	\N	1991-09-21	M	\N	\N	2017-10-16	3	M
1531	Antnia do Esprito Santo Dias	\N	198666	13	Antnio Dias	Rosaria do Espirito Santo Domingos	\N	4	13	6	2005	132	8	7	2021	1	2	\N	2005-06-13	F	\N	\N	2021-07-08	3	S
1532	Adnilson Viegas	\N	200128	13	\N	Ondina da Trindade Viegas	\N	4	19	6	2005	81	31	8	2022	1	1	\N	2005-06-19	M	\N	\N	2022-08-31	3	S
1533	Lizete Maria Aguiar Fernandes Benguela	\N	27093	13	Lazaro de Lima Fernandes Benguela	Marcolina Alsaciana da Costa Aguiar	\N	4	12	12	1962	81	29	9	2013	1	2	\N	1962-12-12	F	\N	\N	2013-09-29	3	S
1534	Maria Jos Will Vasconcelos	\N	63012	13	Tom Vicente Vasconcelos	Madalena Marques Will	\N	4	1	7	1973	117	30	11	2015	1	2	\N	1973-07-01	F	\N	\N	2015-11-30	3	S
1536	Leia Santos de Melo	\N	178603	13	Carlos Moreira de Melo	Maria Madre de Deus do Espirito Santo de Melo	\N	4	8	5	2001	96	16	7	2019	1	2	\N	2001-05-08	F	\N	\N	2019-07-16	3	S
1537	Jackson Cravid da Mota Almeida	\N	124890	13	Laurentino da Mota Cruz D Almeida	Elsa Maria Sousa Cravid da Costa	\N	4	24	4	1994	209	28	9	2020	1	1	\N	1994-04-24	M	\N	\N	2020-09-28	3	S
1538	Letiviana Afonso D Almeida Loureno	\N	164934	13	Accio D Almeida Loureno	Adasilza Afonso Carvalho da Apresentao	\N	4	17	5	2002	96	6	7	2022	1	2	\N	2002-05-17	F	\N	\N	2022-07-06	3	S
1539	Sara Gracinda Paulo	\N	N 2454986	11	Paulo Jos	Gracinda Vundi	\N	5	1	12	1982	289	31	10	2018	1	2	\N	1982-12-01	F	\N	\N	2018-10-31	\N	S
1540	Wilma da Trindade Costa	\N	174433	13	Octvio da Encarnao da Costa	Incia Faustina da Trindade Costa	\N	4	25	1	2003	96	4	8	2018	1	2	\N	2003-01-25	F	\N	\N	2018-08-04	3	S
1541	Eniclia Assuno Cambl	\N	162131	13	Atansio Nazar Cambl	Alice de Ceita Assuno Cambl	\N	4	4	7	1996	96	4	11	2019	1	2	\N	1996-07-04	F	\N	\N	2019-11-04	3	S
1543	Anatalia Nascimento das Neves Cravid	\N	81020	13	Manuel das Neves Cravid	Maria do Nascimento Ftima de Sousa	\N	4	25	12	1974	96	18	6	2018	1	2	\N	1974-12-25	F	\N	\N	2018-06-18	3	S
1544	Ariosto Vasconcelos Lima	\N	55610	13	Antnio Vicente Lima	Ana da Glria de Vasconcelos	\N	4	30	4	1970	131	23	6	2013	1	1	\N	1970-04-30	M	\N	\N	2013-06-23	3	S
1546	Aidymila da Cruz de Sousa	\N	88874	13	Plcido Soares de Sousa	Luzia Soares da Cruz	\N	4	2	7	1983	79	6	8	2019	1	2	\N	1983-07-02	F	\N	\N	2019-08-06	3	S
1547	Osvaldo da Graa Dias White	\N	123345	13	Jos Manuel de Jesus Dias White	Natercia Vaz da Graa	\N	4	26	10	1987	88	16	6	2021	1	1	\N	1987-10-26	M	\N	\N	2021-06-16	3	S
1548	Maria Madalena Fernandes da Fonseca	\N	146729	13	Domingos dos Ramos da Fonseca	Ftima Fernandes Watela	\N	4	23	5	1995	290	29	9	2020	1	2	\N	1995-05-23	F	\N	\N	2020-09-29	3	S
1549	Isabel Mayza Jesus da Graa Domingos	\N	80565	13	Manuel de Esperana da Graa 	Olga Bom Jesus	\N	4	17	12	1982	209	19	8	2023	2	2	\N	1982-12-17	F	\N	\N	2023-08-19	3	M
1550	Julia da Cruz Tavares	\N	83113	13	Gregorio Nunes Tavares	Antnia Luiza da Cruz	\N	4	2	10	1970	117	4	10	2013	1	2	\N	1970-10-02	F	\N	\N	2013-10-04	3	S
1551	Edson Fernandes Ramos	\N	139669	13	Arlindo da Glria Ramos 	Laurinda Fernandes da Cruz Borja	\N	4	6	8	1995	96	12	9	2018	1	1	\N	1995-08-06	M	\N	\N	2018-09-12	3	S
1552	Leonel Lima Rodrigues	\N	C 851080	6	Fernando Rodrigues 	Maria Helena Lima 	\N	5	30	8	1955	193	4	4	2018	1	1	\N	1955-08-30	M	\N	\N	2018-04-04	\N	S
1554	Edvania da Cruz Viegas 	\N	195363	13	Avelino Jlio Viegas	Olga Nazar da Cruz	\N	4	29	12	2006	96	3	8	2021	1	2	\N	2006-12-29	F	\N	\N	2021-08-03	3	S
1555	Daimira da Cunha Chantre	\N	169900	13	Manuel Antnio Gomes Chantre	Andreza Nazar da Cunha	\N	4	16	12	1998	81	30	7	2018	1	2	\N	1998-12-16	F	\N	\N	2018-07-30	3	S
1556	Edgelson Soares Jos da Costa	\N	208012	13	Adriano Judite Jos da Costa	Maria do Cu de Deus Sousa Soares	\N	4	16	9	2005	81	11	8	2022	1	1	\N	2005-09-16	M	\N	\N	2022-08-11	3	S
1557	Adriano Judite Jos da Costa	\N	51110	13	Gilbertino Jos da Costa	Maria Judite	\N	4	17	1	1965	81	29	8	2022	1	1	\N	1965-01-17	M	\N	\N	2022-08-29	3	S
1558	Constancio Antnio de Assuno Rosrio	\N	60574	13	Salvador Antnio	Beatriz Manuel de Assuno	\N	4	18	3	1967	203	22	10	2019	1	1	\N	1967-03-18	M	\N	\N	2019-10-22	3	S
1559	Ouriza Varela da Cruz Tavares	\N	114187	13	Cidio Jos da Cruz Domingos	Dulce Varela Cabral	\N	4	9	3	1988	91	3	3	2020	2	2	\N	1988-03-09	F	\N	\N	2020-03-03	3	M
1560	Esmeralda Bundo	\N	209484	13	\N	Marlene Afonso Bundo	\N	4	10	2	2003	88	1	10	2022	1	2	\N	2003-02-10	F	\N	\N	2022-10-01	3	S
1561	Elizngela Ceita Borges	\N	156236	13	Mario Pinto Borges	Tereza Viegas de Ceita da Cruz Agostinho	\N	4	2	5	1998	96	10	9	2022	1	2	\N	1998-05-02	F	\N	\N	2022-09-10	3	S
1121	Aldinha Gonalves Vaz do Rosrio	\N	12837	13	Agostnho Novais Vaz do Rosrio	Maurita Andre Antnio Gonalves	\N	4	21	12	1981	135	7	11	2013	1	2	\N	1981-12-21	F	\N	\N	2013-11-07	3	S
1524	Albertino Afonso Tom das Neves	\N	30411385 9 ZX7	10	Victoriano Tom das Neves 	Catarina Afonso Damio	\N	6	17	2	1967	193	2	8	2020	1	1	\N	1967-02-17	M	\N	\N	2020-08-02	\N	S
1525	Fernanda da Trindade Tom das Neves	\N	183552	13	Inacio Santana Tom das Neves	Ondina da Trindade Viegas	\N	4	19	10	2002	96	30	7	2020	1	2	\N	2002-10-19	F	\N	\N	2020-07-30	3	S
1526	Engrcio Santana Mendes	\N	71095	13	Francisco Mendes Santana	Maria Santana Morena	\N	4	23	6	1977	163	7	11	2018	1	1	\N	1977-06-23	M	\N	\N	2018-11-07	3	S
1569	Lcia dos Reis das Dores	\N	108462	13	Teofilo Maria das Dores 	Armanda Jlia das Dores	\N	4	29	9	1989	79	6	5	2021	1	2	\N	1989-09-29	F	\N	\N	2021-05-06	3	S
1570	Gssica Monteiro do Espirito Santo	\N	179475	13	Nelson Fernandes do Esprito Santo	Antnia Santana Monteiro	\N	4	27	8	2004	96	11	7	2019	1	2	\N	2004-08-27	F	\N	\N	2019-07-11	3	S
1571	Belcinia Monteiro do Espirito Santo	\N	205102	13	Nelson Fernandes do Espirito Santo	Antnia Santana Monteiro	\N	4	29	3	2007	96	24	6	2022	1	2	\N	2007-03-29	F	\N	\N	2022-06-24	3	S
1572	Antnia Santana Monteiro	\N	192364	13	Ananias Gomes Monteiro	Maria de Ftima Santana	\N	4	10	8	1980	81	4	2	2021	1	2	\N	1980-08-10	F	\N	\N	2021-02-04	3	S
1573	Edjamilson do Sacramento Afonso	\N	145248	13	Etelvino Rosa Afonso 	Alibervizia de Almeida do Sacramento	\N	4	18	11	1999	96	28	2	2020	1	1	\N	1999-11-18	M	\N	\N	2020-02-28	3	S
1575	Adelino Cruz Jos da Costa	\N	94471	13	Adelino Leite da Costa	Margarida Francisca da Cruz	\N	4	15	7	1985	83	22	1	2021	1	1	\N	1985-07-15	M	\N	\N	2021-01-22	3	S
1576	Edmilson de Pina Fernandes	\N	175174	13	Eldeson do Espirito Santo Fernandes	Helena Izabel de Pina	\N	4	4	3	1997	96	13	3	2019	1	1	\N	1997-03-04	M	\N	\N	2019-03-13	3	S
1577	Nalda de Pina da Trindade Bonfim	\N	174950	13	Leonardo da Trindade Bonfim	Manuela de Pina Cabral Fernandes	\N	4	4	12	2003	81	25	6	2019	1	2	\N	2003-12-04	F	\N	\N	2019-06-25	3	S
1578	Joy das Neves Seabra	\N	C C 356967	6	Carlos Alberto da Trindade Seabra	Graciete das Neves de Bom Despacho	\N	5	31	1	1989	193	2	3	2022	1	1	\N	1989-01-31	M	\N	\N	2022-03-02	\N	S
1579	Romucleiny dos Anjos das Neves	\N	136634	13	Cndido Martins das Neves	Lucila Maria dos Anjos	\N	4	26	12	1985	114	24	2	2020	1	2	\N	1985-12-26	F	\N	\N	2020-02-24	3	S
1580	Danilsa de Sousa do Espirito Santo	\N	167788	13	Dadiociler da Silva do Espirito Santo	Cesaltina Costa de Sousa	\N	4	15	2	2003	96	11	2	2021	1	2	\N	2003-02-15	F	\N	\N	2021-02-11	3	S
1581	Mirian de Carvalho Garcia Correia	\N	169437	13	Adrito Garcia Correia 	Mariza do Rosrio de Carvalho	\N	4	3	7	2002	96	18	6	2018	1	2	\N	2002-07-03	F	\N	\N	2018-06-18	3	S
1583	Danilson Ramos Tavares	\N	96434	13	Manuel Francisco Tavares	Paulina Soledade Ramos	\N	4	12	6	1987	141	31	1	2019	1	1	\N	1987-06-12	M	\N	\N	2019-01-31	3	S
1584	Gromelndia da Conceio Viegas	\N	84994	13	Leonardo Quaresma D Oliveira Viegas	Helena da Conceio	\N	4	31	10	1979	138	16	7	2018	1	2	\N	1979-10-31	F	\N	\N	2018-07-16	3	S
1585	Mrio do Carmo Tavares	\N	79488	13	Gregrio Nunes Tavares	Antnia Luiza do Carmo	\N	4	24	3	1978	81	15	7	2022	2	1	\N	1978-03-24	M	\N	\N	2022-07-15	3	M
1586	Ditson Pires de Almeida Arago	\N	81639	13	Armindo Soares D Almeida Arago	Maria Helena Alva Pires Arago	\N	4	12	9	1980	138	5	12	2019	1	1	\N	1980-09-12	M	\N	\N	2019-12-05	3	S
1587	Neid Lima de Nazar	\N	132798	13	Eurico Loureno de Nazar	Teodora da Trindade Arajo Lima	\N	4	2	3	1987	79	9	9	2022	1	2	\N	1987-03-02	F	\N	\N	2022-09-09	3	S
1588	Joaquim do Rosario Vaz D Almeida	\N	26055	13	\N	Maria do Rosario da Trindade	\N	4	22	12	1951	128	28	6	2010	2	1	\N	1951-12-22	M	\N	\N	2010-06-28	3	M
1589	Siclaire Sanches Muhongo	\N	95029	13	Alberto Jos Muhongo	Lourena Sanches Gomes	\N	4	13	7	1984	88	29	9	2022	1	1	\N	1984-07-13	M	\N	\N	2022-09-29	3	S
1591	Ramiro Duarte Fernandes	\N	76659	13	Domingos Fernandes	Maria Candida Duarte 	\N	4	26	4	1977	91	28	10	2020	1	1	\N	1977-04-26	M	\N	\N	2020-10-28	3	S
1592	Odete Lima da Silveira	\N	59000	13	Francisco Vaz Incio da Silveira	Bernardina Leite Lima	\N	4	20	9	1964	131	5	7	2018	1	2	\N	1964-09-20	F	\N	\N	2018-07-05	3	S
1593	Jecilina Paixo de Almeida	\N	133603	13	Anastcio Viana Dias de Almeida	Leofalda Paixo Cravid	\N	4	7	10	1997	96	26	9	2022	1	2	\N	1997-10-07	F	\N	\N	2022-09-26	3	S
1594	Marcenia Leal Monte Verde	\N	160358	13	Alvaro dos Santos Monte Verde	Domingas da Mota Lus Leal	\N	4	12	3	2000	171	31	8	2022	1	2	\N	2000-03-12	F	\N	\N	2022-08-31	3	S
1595	Nelma Magalhes da Silva	\N	160535	13	Duarte da Silva	Josefa Apolnio Magalhes	\N	4	6	9	1996	81	26	11	2021	1	2	\N	1996-09-06	F	\N	\N	2021-11-26	3	S
1596	Osmar Castro da Mata	\N	185421	13	Adrito do Espirito Santo da Mata	Eunice Catarina de Castro	\N	4	28	10	2005	96	30	7	2020	1	1	\N	2005-10-28	M	\N	\N	2020-07-30	3	S
1597	Adrito do Espirito da Mata	\N	56910	13	Julio da Trindade da Mata	Maria do Espirito 	\N	4	3	8	1966	117	4	9	2017	1	1	\N	1966-08-03	M	\N	\N	2017-09-04	3	S
1598	Edjailson das Neves Valente Pires	\N	168062	13	Alberto Catarino Pires	Maria Cristina Afonso das Neves	\N	4	23	3	1997	169	11	8	2021	2	1	\N	1997-03-23	M	\N	\N	2021-08-11	3	M
1600	Silverio Carvalho  Cambundo	\N	78418	13	Jacinto Cambundo	Francisca Antnia Alves Carvalho	\N	4	9	2	1980	122	22	8	2019	1	1	\N	1980-02-09	M	\N	\N	2019-08-22	3	S
1601	Suzana da Cruz Costa Mendes	\N	24187	13	Pascoal Jos da Costa	Suzana da Cruz Jacinta	\N	4	3	3	1959	81	11	2	2013	2	2	\N	1959-03-03	F	\N	\N	2013-02-11	3	M
1602	Antnia D Almeida Leal	\N	66973	13	Manuel de Bom Jesus Luiz Leal	Joana Quaresma dos Ramos Vaz de Almeida	\N	4	28	6	1974	141	20	9	2014	1	2	\N	1974-06-28	F	\N	\N	2014-09-20	3	S
1603	Armindo Ferreira Fonseca	\N	57646	13	Antnio Andr Fonseca	Maria Ferreira da Veiga Fonseca	\N	4	10	1	1967	96	20	7	2022	2	1	\N	1967-01-10	M	\N	\N	2022-07-20	3	M
1159	 Alvaro de Ceita Varela	\N	04674	13	Gabriel de Ceita Varela	Violanda Sousa Tebs	\N	4	15	2	1927	81	21	6	1986	1	1	\N	1927-02-15	M	\N	\N	1986-06-21	3	S
1566	Katia Viegas Nazar	\N	84036	13	Zacarias Nazar Vaz Andreza	Semoa de Sousa Pontes Viegas	\N	4	10	8	1981	96	13	8	2015	1	2	\N	1981-08-10	F	\N	\N	2015-08-13	3	S
1568	Veny Barreto de Ceita	\N	162022	13	Hnorio D Assuno Gonalves de Ceita	Ivete Barreto Pires Marques	\N	4	7	3	2000	81	2	7	2021	1	2	\N	2000-03-07	F	\N	\N	2021-07-02	3	S
1567	Wilson Quaresma Fernandes 	\N	175109	13	Vicente do Espirito Santo Fernandes	Nilza dos Anjos Quaresma	\N	4	15	9	1997	131	18	6	2018	1	1	\N	1997-09-15	M	\N	\N	2018-06-18	3	S
1608	Cleidmilson da Veiga Cachanga	\N	144890	13	Joaquim Cachanga Dunby	Maria Madalena da Veiga	\N	4	16	9	1998	81	5	8	2019	1	1	\N	1998-09-16	M	\N	\N	2019-08-05	3	S
1609	Leticia Mendes Vaz	\N	194493	13	Tom Vaz	Isabel Mendes	\N	4	22	5	1982	122	13	4	2022	1	2	\N	1982-05-22	F	\N	\N	2022-04-13	3	S
1610	Ayres da Trindade Sousa Pontes	\N	64490	13	Manuel Domingos de Sousa Pontes	Juliana Quaresma da Trindade	\N	4	26	11	1974	117	13	4	2022	1	1	\N	1974-11-26	M	\N	\N	2022-04-13	3	S
1611	Lcia Raposo e Costa	\N	163818	13	Lcio dos Ramos e Costa	Lary Raposo Delfino	\N	4	19	2	2001	169	28	6	2019	1	2	\N	2001-02-19	F	\N	\N	2019-06-28	3	S
1613	Teodora Soares Lima de Sousa	\N	64839	13	Adolfo Luis  de Sousa 	Paula de Sousa Soares Lima de Sousa 	\N	4	16	6	1974	96	3	3	2015	1	2	\N	1974-06-16	F	\N	\N	2015-03-03	3	S
1615	Izaura Antnia Duarte dos Santos	\N	91979	13	Guilherme Antnio Neto dos Santos	Joana da Graa Duarte	\N	4	21	10	1982	163	7	1	2019	1	2	\N	1982-10-21	F	\N	\N	2019-01-07	3	S
1616	Cremilda Lima da Graa Ferreira	\N	136821	13	Mateus Fernandes da Graa Ferreira	Isabel Maria Lima 	\N	4	12	12	1982	132	16	7	2020	1	1	\N	1982-12-12	M	\N	\N	2020-07-16	3	S
1617	Izanilde Fernandes da Cruz Santos	\N	126905	13	Joo da Cruz Santos	Maria Odete Fernandes Mascarenhas	\N	4	21	9	1987	293	19	4	2022	1	2	\N	1987-09-21	F	\N	\N	2022-04-19	3	S
1618	Maria Fatima da Cruz 	\N	193019	13	Pedro da Costa Brito	Antonia Luiza da Cruz	\N	4	24	9	1958	81	23	11	2015	1	2	\N	1958-09-24	F	\N	\N	2015-11-23	3	S
1619	Iliazy de Carvalho Albergaria	\N	143715	13	Jos Gomes Albergaria	Ilhcia Vaz de Carvalho	\N	4	28	1	1997	96	13	1	2020	1	2	\N	1997-01-28	F	\N	\N	2020-01-13	3	S
1621	Ledylson da Piedade Fernandes Andreza	\N	172600	13	Celestino Fernandes Andreza	Benvinda da Piedade Lima	\N	4	30	1	2004	102	25	6	2018	1	1	\N	2004-01-30	M	\N	\N	2018-06-25	3	S
1622	Benvinda da Piedade Lima	\N	106347	13	Marcelino Antnio Lima	Ana Maria da Piedade	\N	4	19	12	1971	163	1	12	2021	1	2	\N	1971-12-19	F	\N	\N	2021-12-01	3	S
1623	Ledimil da Piedade Fernandes Andreza 	\N	217019	13	Celestino Fernandes Andreza 	Benvinda da Piedade Lima	\N	4	11	2	2010	102	28	9	2018	1	1	\N	2010-02-11	M	\N	\N	2018-09-28	3	S
1624	Regina da Piedade Fernandes Andreza	\N	145190	13	Celestino Fernandes Andreza	Benvinda da Piedade Lima	\N	4	15	11	1998	96	18	8	2020	1	2	\N	1998-11-15	F	\N	\N	2020-08-18	3	S
1626	Vanercia Pereira Boa Esperana	\N	169098	13	Florentino Mata Boa Esperana	Deolinda D Alva Pereira	\N	4	20	9	1999	96	13	10	2022	1	2	\N	1999-09-20	F	\N	\N	2022-10-13	3	S
1628	Gsica Bragana Pinto	\N	113332	13	Albino Pinto dos Santos	Lucrecia da Cruz Neto Bragana 	\N	4	7	5	1992	81	31	10	2022	1	2	\N	1992-05-07	F	\N	\N	2022-10-31	3	S
1629	Engidiel de Carvalho dos Santos	\N	146988	13	Marcos dos Ramos dos Santos	Josefina Afonso de Carvalho	\N	4	27	1	1993	163	10	9	2019	1	1	\N	1993-01-27	M	\N	\N	2019-09-10	3	S
1630	Leny Afonso Fernandes Natal	\N	205508	13	Jos Eduardo Fernandes Natal	Conceio Afonso	\N	4	23	1	2006	96	16	8	2022	1	2	\N	2006-01-23	F	\N	\N	2022-08-16	3	S
1631	Dudene Mendes Costa	\N	183472	13	Abel Bastos Costa 	Benilda Cabol Mendes	\N	4	19	12	2004	96	30	7	2020	1	2	\N	2004-12-19	F	\N	\N	2020-07-30	3	S
1632	Natlio Sanches dos Ramos	\N	126546	13	Orlando Evaristo Ramos	Maria Tereza Carvalho Sanches	\N	4	25	12	1982	81	3	11	2021	2	1	\N	1982-12-25	M	\N	\N	2021-11-03	3	M
1633	Edgel do Nascimento Capela	\N	134591	13	Jos Nazar da Costa Capela	Incia da Glria do Nascimento	\N	4	4	10	1996	81	4	2	2022	1	1	\N	1996-10-04	M	\N	\N	2022-02-04	3	S
1634	Daniela da Graa Leite da Costa	\N	171765	13	Anilson Fernandes de Sousa Leite da Costa 	Adsilaide da Graa do Rosrio	\N	4	17	1	2001	96	23	6	2018	1	2	\N	2001-01-17	F	\N	\N	2018-06-23	3	S
1635	Hilaria Cravid Sousa Soares	\N	98872	13	Artur da Cruz Sousa  	Maria Esculastica da Costa Cravid	\N	4	9	2	1970	131	18	11	2014	1	2	\N	1970-02-09	F	\N	\N	2014-11-18	3	S
1637	Danilza Afonso Sousa Assuno	\N	186558	13	Guilherme Sousa Assuno	Glria Soares Afonso	\N	4	13	4	2006	96	28	7	2020	1	2	\N	2006-04-13	F	\N	\N	2020-07-28	3	S
1638	Glria Soares Afonso	\N	131559	13	Chussulo da Glria Afonso	Ana Tereza Borja da Costa Soares 	\N	4	20	9	1978	146	4	3	2021	1	2	\N	1978-09-20	F	\N	\N	2021-03-04	3	S
1639	Ray D Apresentao Cosme 	\N	200290	13	Adrito D Assuno Cosme	Dionilda Lzaro D Apresentao	\N	4	21	5	2004	81	22	9	2022	1	1	\N	2004-05-21	M	\N	\N	2022-09-22	3	S
1640	Vanderley de Encarnao Pinto	\N	182638	13	Fernando Ferreira de Carvalho Pinto	Macdnald Maria Encarnao de Sousa Pontes 	\N	4	10	9	2004	96	11	8	2020	1	1	\N	2004-09-10	M	\N	\N	2020-08-11	3	S
1641	Esmara Diogo D Apresentao 	\N	195991	13	Paixo Lzaro D Apresentao	Esmeralda Jos de Carvalho Diogo	\N	4	12	10	2004	96	10	8	2021	1	2	\N	2004-10-12	F	\N	\N	2021-08-10	3	S
1642	Euclides Manuel da Graa do Rosrio	\N	134608	13	Manuel Luis da Trindade do Rosrio	Antnia da Graa	\N	4	22	4	1996	96	8	1	2018	1	1	\N	1996-04-22	M	\N	\N	2018-01-08	3	S
1643	Tnia Suzete Cabangala Carvalho	\N	169819	13	Marcos Nascimento de Carvalho	Mariana Cabamgala	\N	4	2	4	1989	96	13	10	2021	1	2	\N	1989-04-02	F	\N	\N	2021-10-13	3	S
22	Alexandrina Maria Afonso Lima	\N	183569	5	Alfredo Afonso	Noemia Vicente Carlos Lima	\N	4	26	4	1970	118	22	9	2014	1	2	\N	1970-04-26	F	\N	\N	2014-09-22	\N	S
114	Bruno da Costa de Jesus Bonfim	\N	164212	13	Valdemar Mrio de Jesus Bonfim 	Lucrecia da Costa Ferreira de Oliveira Castro	\N	4	5	1	1999	96	12	8	2022	1	1	\N	1999-01-05	M	\N	\N	2022-08-12	3	S
1607	Dulcidio Ceita da Graa Viegas	\N	71276	13	Anselmo Santana da Graa Viegas	Maria Joo Batista de Ceita	\N	4	12	1	1978	96	10	12	2021	1	1	\N	1978-01-12	M	\N	\N	2021-12-10	3	S
1605	Anilza Catarina Guilherme 	\N	166263	13	Anibal Celeste de Carvalho Guilherme 	Adjina de Sousa Catarina 	\N	4	20	1	2002	96	21	7	2022	1	2	\N	2002-01-20	F	\N	\N	2022-07-21	3	S
1649	Alda do Espirito Santo Menezes	\N	86338	13	\N	Ortncia do Espirito Santo Menezes	\N	4	1	12	1964	81	31	3	2016	1	2	\N	1964-12-01	F	\N	\N	2016-03-31	3	S
1650	Ronilton Varela da Costa Neto	\N	153123	13	Balduino Viana da Costa Neto 	Odete Varela	\N	4	8	3	1999	96	5	8	2021	1	1	\N	1999-03-08	M	\N	\N	2021-08-05	3	S
1652	Abid Penhor Afonso da Graa	\N	155411	13	Arlindo Afonso da Graa	Clementina Penhor das Neves Neto	\N	4	19	5	1990	96	10	6	2021	1	1	\N	1990-05-19	M	\N	\N	2021-06-10	3	S
1653	Higor Tiny da Graa Costa	\N	110096	13	Virgilio D Apresentao da Costa 	Damiana do Espirito Santo das Neves	\N	4	5	3	1992	96	28	7	2021	1	1	\N	1992-03-05	M	\N	\N	2021-07-28	3	S
1654	Elisangela Helena Pereira Lopes	\N	109123	13	Silvino Pereira Lopes	Alda Helena	\N	4	13	3	1991	81	7	8	2019	1	2	\N	1991-03-13	F	\N	\N	2019-08-07	3	S
1655	Fidaa I. Y. Qanona	\N	4378899	26	Ibrahim Qanona	Itaf	\N	5	15	5	1987	296	15	2	2018	1	2	\N	1987-05-15	F	\N	\N	2018-02-15	\N	S
1656	Emanuel vora	\N	242376	13	\N	Luisa vora	\N	4	3	10	2004	96	27	4	2022	1	1	\N	2004-10-03	M	\N	\N	2022-04-27	3	S
1657	Haylton Mendes de Sousa	\N	146102	13	Carlos Amado de Sousa Pontes	Anastcia Monteiro Mendes Duarte	\N	4	11	10	1999	96	2	10	2021	1	1	\N	1999-10-11	M	\N	\N	2021-10-02	3	S
1658	Wanderley Lopes Lima Pereira	\N	114274	13	Diamantino Lima Pereira	Maria de Lurdes Borges Lopes Fidalgo	\N	4	30	5	1988	122	1	8	2022	1	1	\N	1988-05-30	M	\N	\N	2022-08-01	3	S
1659	Sandra Tavares Silva	\N	106357	13	Domingos Vaz Silva	Maria da Veiga Tavares	\N	4	25	5	1988	81	4	11	2021	1	2	\N	1988-05-25	F	\N	\N	2021-11-04	3	S
1661	Hinabel Mendes Sousa	\N	120086	13	Carlos Amado de Sousa Pontes	Anastcia Monteiro Mendes Duarte	\N	4	5	7	1984	88	27	9	2021	1	2	\N	1984-07-05	F	\N	\N	2021-09-27	3	S
1662	Aldina Lucrecia Silva dos Santos Neto	\N	111727	13	Antnio Silva	Argentina Lucrcia	\N	4	25	10	1978	96	11	10	2019	2	2	\N	1978-10-25	F	\N	\N	2019-10-11	3	M
1663	Adjaciley Silva dos Santos Neto	\N	197005	13	Lucilio Loureno dos Santos Neto	Aldina Lucrcia Silva	\N	4	26	10	2006	96	23	8	2021	1	1	\N	2006-10-26	M	\N	\N	2021-08-23	3	S
1664	Maria da Luz Domingas Gomes	\N	79599	13	Alcio Sacramento Gomes	Aurlia Pequena Domingas	\N	4	21	4	1979	159	6	2	2020	1	2	\N	1979-04-21	F	\N	\N	2020-02-06	3	S
1665	Jamila Quaresma dos Santos Nazar Pires	\N	84226	13	Cristiano Pires dos Santos	Agostinha Quaresma Pires	\N	4	17	10	1980	128	10	4	2020	1	2	\N	1980-10-17	F	\N	\N	2020-04-10	3	S
1667	Arlinda Sima dos Santos do Espirito Santo	\N	30979	13	Arlindo Alves dos Santos	Marcolina Sima dos Ramos	\N	4	25	2	1948	81	26	8	2013	2	2	\N	1948-02-25	F	\N	\N	2013-08-26	3	M
1668	Ivan Brando Ferreira 	\N	247619	13	Mateus Andrade da Graa Ferreira	Luzia Fernandes Brando	\N	4	22	4	1999	118	13	10	2022	1	1	\N	1999-04-22	M	\N	\N	2022-10-13	3	S
1669	Eanes do Rosario Afonso	\N	118286	13	Francisco Antonio Luis Afonso 	Ricardina Cosma do Rosario	\N	4	31	3	1994	297	9	4	2018	1	1	\N	1994-03-31	M	\N	\N	2018-04-09	3	S
1670	Remy Lima Azevedo Lopes Gomes	\N	95788	13	Domingos Lopes Gomes	Paulina Assuno Ferreira Azevedo	\N	4	20	10	1984	120	9	5	2022	1	1	\N	1984-10-20	M	\N	\N	2022-05-09	3	S
1671	Nailza da Mata Rodrigues	\N	152367	13	Norberto Jos Quaresma Rodrigues	Isabel Luiz Pedroso da Mata	\N	4	29	8	1999	96	21	7	2021	1	2	\N	1999-08-29	F	\N	\N	2021-07-21	3	S
1672	Ernesto Nazar de Novais	\N	48635	13	Gregorio Furtado de Novais	Maria Correia Nazar	\N	4	13	2	1966	81	22	2	2017	1	1	\N	1966-02-13	M	\N	\N	2017-02-22	3	S
1673	Juary Cardoso Monges Almeida	\N	109228	13	Pedro Monges Almeida	Leopoldina Soares Ramos Cardoso	\N	4	13	11	1991	96	26	7	2021	2	1	\N	1991-11-13	M	\N	\N	2021-07-26	3	M
1675	Josemila Fernandes Alves de Melo	\N	129384	13	Jos Martinho Alves de Melo	Camila Fernande	\N	4	25	3	1995	96	21	8	2018	1	2	\N	1995-03-25	F	\N	\N	2018-08-21	3	S
1676	Maria Isilda da Conceia Gomes	\N	84679	13	Augusto Ramos Gmes 	Maria Inez da Conceio Neto	\N	4	19	1	1982	157	23	7	2021	1	2	\N	1982-01-19	F	\N	\N	2021-07-23	3	S
1677	Rosaine Afonso Vaz Paiva	\N	186917	13	Eduardo Cristino Paiva	Sela Martins Afonso Vaz	\N	4	4	12	2004	96	4	8	2020	1	2	\N	2004-12-04	F	\N	\N	2020-08-04	3	S
1678	Edmilson Cabral da Mata	\N	160702	13	Teofilo da Cruz Pedroso da Mata	Dulce Varela Cabral	\N	4	30	9	1996	96	23	10	2017	1	1	\N	1996-09-30	M	\N	\N	2017-10-23	3	S
1679	Leonarda Flix da Mota	\N	 133145	13	Leonel Ferreira Nunes da Mota	Idalcia Borgia do Sacramento Flix	\N	4	4	3	1997	96	18	8	2022	1	2	\N	1997-03-04	F	\N	\N	2022-08-18	3	S
1680	Wediziney dos Ramos Barromeu da Trindade	\N	99104	13	Estevo Barromeu Coelho da Trindade	Leonor dos Ramos do Sacramento penhor da Trindade	\N	4	19	4	1987	298	14	1	2020	2	1	\N	1987-04-19	M	\N	\N	2020-01-14	3	M
1681	Ernezinalda Martins Mascarenhas	\N	121878	13	Arnaldo de Mascarenhas	Manuela Martins Manuapaia	\N	4	2	10	1992	96	17	1	2020	1	2	\N	1992-10-02	F	\N	\N	2020-01-17	3	S
1682	Manuela Martins Manuapaia	\N	41266	13	Antnio Manuapaia 	Martina Rodrigues Martins	\N	4	14	3	1964	117	7	11	2019	1	2	\N	1964-03-14	F	\N	\N	2019-11-07	3	S
1684	Ugochukwu Paulson Okoli	\N	A 09624024	28	Linus Okoli	Eucharia Okoli	\N	5	19	1	1984	300	6	8	2018	1	1	\N	1984-01-19	M	\N	\N	2018-08-06	\N	S
1200	Yara da Cruz Marques Vaz do Rosrio	\N	214743	13	Abegager da Trindade Vaz do Rosrio 	Ana de Castro da Cruz Marques	\N	4	8	5	2008	96	14	8	2018	1	2	\N	2008-05-08	F	\N	\N	2018-08-14	3	S
1646	Aprigio Tom do Sacramento Lima Afonso	\N	33989	13	Emiliano Edgar de Lima Afonso 	Maria Pedro do Sacramento	\N	4	7	7	1962	172	13	1	2014	1	1	\N	1962-07-07	M	\N	\N	2014-01-13	3	S
1648	Andre de Nascimento Lopes de Almeida	\N	69670	13	Albano Lopes de Almeida	Maria Tom Vaz do Nascimento	\N	4	3	9	1975	163	19	10	2018	1	1	\N	1975-09-03	M	\N	\N	2018-10-19	3	S
1647	Maria da Luz Monteiro Rocha	\N	56918	13	Anastcio Rocha	Vitalina Lopes Monteiro	\N	4	29	9	1967	128	21	11	2018	1	2	\N	1967-09-29	F	\N	\N	2018-11-21	3	S
1690	Ermilinda Afonso Correia	\N	177899	13	Francisco Rodrigues Correia	Maria Luisa Lomb Afonso	\N	4	2	7	2002	81	20	6	2019	1	2	\N	2002-07-02	F	\N	\N	2019-06-20	3	S
1691	Adinilsa Correia Landim Rita Monteiro Barreto	\N	100803	13	Antnio Rita Cassua	Albertina Correia Landim	\N	4	24	12	1985	81	13	4	2021	2	2	\N	1985-12-24	F	\N	\N	2021-04-13	3	M
1693	Adalziza Sany Antunes Duarte	\N	105734	13	Jos Ramos Curto Duarte	Edite Anastcia Antunes	\N	4	1	10	1988	96	4	6	2020	1	2	\N	1988-10-01	F	\N	\N	2020-06-04	3	S
1694	Diklay de Alva da Cruz Teixeira 	\N	110094	13	Carlos Teixeira 	Salustina D Alva da Cruz	\N	4	28	10	1985	81	9	9	2018	1	1	\N	1985-10-28	M	\N	\N	2018-09-09	3	S
1695	Edmir Brando Costa Alegre	\N	83812	13	Gervsio de Sousa Pontes Costa Alegre	Maria Hirondina Brando Costa Alegre 	\N	4	20	9	1980	79	5	10	2021	2	1	\N	1980-09-20	M	\N	\N	2021-10-05	3	M
1696	Idiazisis Kelve Loureno D Alva Teixeira	\N	100927	13	Antero D Alva	Rosa Filipe Loureno	\N	4	31	1	1988	131	22	11	2022	1	1	\N	1988-01-31	M	\N	\N	2022-11-22	3	S
1697	Jamila Teixeira Luiz Bonfim	\N	100795	13	Filipe Sebastio Luiz Bonfim	Luiza de Cristo Soares Teixeira	\N	4	28	4	1988	128	29	6	2022	1	2	\N	1988-04-28	F	\N	\N	2022-06-29	3	S
1698	Fernanda Pinto Pires Fernandes	\N	80682	13	Pedro Pires Fernandes	Maira de Lurdes da Trindade Pinto	\N	4	21	11	1980	122	6	10	2022	1	2	\N	1980-11-21	F	\N	\N	2022-10-06	3	S
1699	Edmilson Bonifcio da Trindade	\N	125301	13	Amrico Fernandes Mateus da Trindade	Firmina Bonifcio Brito	\N	4	12	8	1995	96	20	5	2021	1	1	\N	1995-08-12	M	\N	\N	2021-05-20	3	S
1700	Jos Lopes Batista	\N	191174	13	Joo Batista 	Maria de Ftima Lopes	\N	4	26	2	1968	198	26	10	2015	1	1	\N	1968-02-26	M	\N	\N	2015-10-26	3	S
1702	Adselcica Quaresma da Costa dos Ramos	\N	160341	13	Jos da Costa Dos Ramos 	Elisa Quaresma Neto	\N	4	6	12	2001	81	23	7	2022	1	2	\N	2001-12-06	F	\N	\N	2022-07-23	3	S
1703	Edmilson D Apresentao Boa Morte	\N	145193	13	Guilherme Andrade Boa Morte	Luciana Carvalho D Apresentao	\N	4	5	8	1997	96	23	6	2020	1	1	\N	1997-08-05	M	\N	\N	2020-06-23	3	S
1704	Mauro Gonalves de Sousa	\N	188536	13	Vicente Gomes de Sousa	Hirondina Bontempo Gonalves	\N	4	22	12	2002	96	11	8	2020	1	1	\N	2002-12-22	M	\N	\N	2020-08-11	3	S
1705	Admilson Martins Costa	\N	173396	13	Pedro Miguel Veiga Costa 	Fernanda Margarida Martins	\N	4	2	4	1998	81	22	11	2018	1	1	\N	1998-04-02	M	\N	\N	2018-11-22	3	S
1706	Edilson Pires de Sousa	\N	178655	13	Igualdino Tom Pereira de Sousa	Ana Maria Fernandes Pires de Sousa	\N	4	16	10	2002	96	18	9	2019	1	1	\N	2002-10-16	M	\N	\N	2019-09-18	3	S
1707	Nanilda Tomaz Soares da Cruz	\N	139623	13	Filipe Soares da Cruz	Ivete  Tomaz Silva	\N	4	2	1	1999	96	11	6	2019	1	2	\N	1999-01-02	F	\N	\N	2019-06-11	3	S
1708	Maria  Tomaz Silva	\N	95845	13	Antnio Joo Silva	Maria Carlota Tomaz	\N	4	23	8	1971	117	4	4	2022	1	2	\N	1971-08-23	F	\N	\N	2022-04-04	3	S
1709	Associao das Testenhumas de Jeov	\N	228024716	29	\N	\N	\N	10	1	1	2022	295	1	1	2022	1	1	\N	2022-01-01	M	\N	\N	2022-01-01	\N	S
1711	Jlio Armando Vaz Lima da Silva	\N	30324	13	Jlio Armando Lima da Silva	Mablia Vaz	\N	4	27	10	1963	96	3	3	2021	1	1	\N	1963-10-27	M	\N	\N	2021-03-03	3	S
1712	Maday Coelho Lima	\N	91343	13	Leandro Gasto de Arajo Lima	Olivia Coelho	\N	4	20	6	1985	81	29	12	2020	1	1	\N	1985-06-20	M	\N	\N	2020-12-29	3	S
1713	Cremilde da Conceio Bastos	\N	99682	13	Jos Guitola Bastos 	Guilhermina da Conceio Graa	\N	4	5	11	1987	88	25	5	2023	1	2	\N	1987-11-05	F	\N	\N	2023-05-25	3	S
1714	Sedrik Lopes Dias	\N	168170	13	Manuel do Nascimento Francisco Dias	Maria Jos de Sousa Lopes	\N	4	16	5	1999	96	17	10	2022	1	1	\N	1999-05-16	M	\N	\N	2022-10-17	3	S
1715	Cesaltina do Espirito Fernandes	\N	140262	13	Cndido Vicente Vaz Fernandes 	Anabela do Espirito	\N	4	20	6	1996	96	22	8	2019	1	2	\N	1996-06-20	F	\N	\N	2019-08-22	3	S
1717	Nicolay Seabra de Brito	\N	167342	13	Pedro Bonifcio de Brito	Ludmila do Cu Seabra	\N	4	25	5	2002	96	17	11	2022	1	1	\N	2002-05-25	M	\N	\N	2022-11-17	3	S
1718	Gabriel dos Santos Oqueiongo	\N	97767	13	Duarte Oqueiongo	Domingas dos Santos	\N	4	16	2	1981	128	14	9	2021	1	1	\N	1981-02-16	M	\N	\N	2021-09-14	3	S
1719	Pedro Bonifacio de Brito	\N	79509	13	Quintino de Brito 	Sofia Bonifacio	\N	4	24	4	1977	81	14	5	2018	1	1	\N	1977-04-24	M	\N	\N	2018-05-14	3	S
1720	Ednilza Rosria dos Ramos Jesus Pires	\N	117409	13	Eldade Waite Jeronimo de Jesus Pires	Arlinda dos Ramos da Costa	\N	4	25	8	2002	169	18	11	2021	1	2	\N	2002-08-25	F	\N	\N	2021-11-18	3	S
1721	Dinazarda da Trindade Pinto da Costa Ramos	\N	135881	13	Horacio da Costa dos Ramos	Aurelia da Trindade Pinto	\N	4	29	6	1997	101	6	8	2018	1	2	\N	1997-06-29	F	\N	\N	2018-08-06	3	S
1722	Jey Quaresma Dias Soares	\N	208514	13	Jacinto Dias Soares Sebastio	Sebastiana da Trindade Quaresma	\N	4	12	4	1996	107	3	11	2022	1	1	\N	1996-04-12	M	\N	\N	2022-11-03	3	S
1723	Maura Sofia Vaz Costa Alegre	\N	140293	13	Fernando de Sousa Pontes Costa Alegre	Domingas Vaz de Sousa	\N	4	17	2	1996	96	25	7	2019	1	2	\N	1996-02-17	F	\N	\N	2019-07-25	3	S
1725	Kingslay D Alva Almeida	\N	90993	13	Ablio da Costa Almeida	Clementina D Alva da Graa do Esprito Santo	\N	4	26	11	1983	81	14	1	2019	1	1	\N	1983-11-26	M	\N	\N	2019-01-14	3	S
1241	Domiger do Nascimento Espirito Santo Neto 	\N	131012	13	Gervasio Seabra do Rosrio Neto 	Domingas do Nascimento do Espirito Santo	\N	4	16	6	1987	122	7	4	2021	1	1	\N	1987-06-16	M	\N	\N	2021-04-07	3	S
1687	Hortncio Bengala Pires da Graa	\N	48843	13	Jernimo Pires da Graa	Maria Quaresma Dias Bengala	\N	4	20	4	1968	141	18	1	2021	2	1	\N	1968-04-20	M	\N	\N	2021-01-18	3	M
1689	Hikler Rodrigues de Pina	\N	145255	13	Ilidio de Pina Moreira	Alcinda da Graa Rodrigues	\N	4	3	12	1995	80	8	11	2021	1	1	\N	1995-12-03	M	\N	\N	2021-11-08	3	S
1688	Ruth de Brito de Almeida	\N	165526	13	Nelson de Pina Moreira de Almeida	Laurinda de Brito Horta	\N	4	2	11	2002	96	9	9	2022	1	2	\N	2002-11-02	F	\N	\N	2022-09-09	3	S
1731	Olivio Neves da Graa Vila Nova	\N	44058	13	\N	Maria das Neves da Graa Vila Nova	\N	4	5	6	1961	132	22	6	2015	1	1	\N	1961-06-05	M	\N	\N	2015-06-22	3	S
1732	Dedier Monteiro Bexigas 	\N	106066	13	Joo Bexigas Xavier do Sacramento	Hirondina Monteiro da Silva	\N	4	14	6	1989	81	10	6	2021	2	1	\N	1989-06-14	M	\N	\N	2021-06-10	3	M
1733	Gerziquia da Trindade Tavares 	\N	140977	13	Jos Eduardo Mendes Tavares 	Alda da Trindade Guadalupe	\N	4	6	5	1990	209	22	11	2018	1	2	\N	1990-05-06	F	\N	\N	2018-11-22	3	S
1735	Manuel Pereira	\N	192410	13	Francisco Ferreira	Ins Pereira	\N	4	27	1	1971	163	30	11	2015	1	1	\N	1971-01-27	M	\N	\N	2015-11-30	3	S
1736	Irene Quereno Pires 	\N	46884	13	Avelino dos Santos Pires	Quereno Tonga	\N	4	4	1	1952	81	17	4	2019	1	2	\N	1952-01-04	F	\N	\N	2019-04-17	3	S
1737	Adilcio Jordo da Costa	\N	162465	13	Adriano Judite Jose da Costa	Horcia Jordo Furtuna	\N	4	29	12	1997	96	19	3	2020	1	1	\N	1997-12-29	M	\N	\N	2020-03-19	3	S
1738	Joana Tereza Varela	\N	132335	13	Leonel Soares Varela	Adelaide	\N	4	10	7	1973	96	18	2	2022	1	2	\N	1973-07-10	F	\N	\N	2022-02-18	3	S
1739	Mrio das Neves de Boa Esperana	\N	71092	13	Manuel dos Ramos Boa Vida de Boa Esperana	Maria Milagre das Neves	\N	4	28	6	1976	163	22	4	2020	1	1	\N	1976-06-28	M	\N	\N	2020-04-22	3	S
1741	Neusa dos Reis Andrade	\N	193248	13	Antnio Monteiro Andrade	Anita dos Reis	\N	4	4	3	1985	130	1	4	2021	1	2	\N	1985-03-04	F	\N	\N	2021-04-01	3	S
1742	Lcio Vicente da Costa do Espirito Santo	\N	88138	13	Hilrio da Costa do Espirito Santo	Feliciana Sacramento Vicente	\N	4	12	7	1978	209	3	4	2019	2	1	\N	1978-07-12	M	\N	\N	2019-04-03	3	M
1743	Clia Sacramento Costa	\N	183960	13	Manuel Cabinda Costa	Adelina Rosa Sacramento	\N	4	17	12	1987	303	12	12	2022	1	2	\N	1987-12-17	F	\N	\N	2022-12-12	3	S
1744	Maura Cabangala  de Ceita Soares 	\N	199470	13	Manuel  Nascimento Ceita Soares	Felismina Clementina Cabangala	\N	4	28	5	2004	96	9	9	2022	1	2	\N	2004-05-28	F	\N	\N	2022-09-09	3	S
1745	Abel dos Santos Lima do Rosrio	\N	134244	13	Bartolomeu Lima do Rosrio	Isilda dos Santos Bizarro Fernandes	\N	4	13	11	1993	96	11	8	2020	1	1	\N	1993-11-13	M	\N	\N	2020-08-11	3	S
1746	Jos Manuel do Sacramento Barros da Cruz	\N	63158	13	Atansio de Arajo Quaresma da Cruz	Maria do Sacramento Coelho de Barros	\N	4	5	10	1973	81	4	9	2019	2	1	\N	1973-10-05	M	\N	\N	2019-09-04	3	M
1747	Adir Cardoso de Castro	\N	146697	13	Francisco Andrade Fernandes de Castro	Fernanda Arajo Cardoso	\N	4	4	1	1997	96	15	1	2020	1	1	\N	1997-01-04	M	\N	\N	2020-01-15	3	S
1748	Liana Santiago	\N	186983	13	\N	Ana Maria Santiago de Carvalho	\N	4	27	3	2002	96	29	7	2020	1	2	\N	2002-03-27	F	\N	\N	2020-07-29	3	S
1749	Ely Dias da Glria Soares	\N	140041	13	Juvencio Baia Soares	Ilda Dias Mendes da Glria Soares	\N	4	2	12	1998	209	5	8	2020	1	1	\N	1998-12-02	M	\N	\N	2020-08-05	3	S
1750	Nelson Sol Nana	\N	100875	13	Arnaldo Nana Tavares	Rosa Sol	\N	4	21	8	1986	81	21	1	2019	2	1	\N	1986-08-21	M	\N	\N	2019-01-21	3	M
1752	Faty do Nascimento Costa	\N	106931	13	Teodorico Queiroz da Silva Costa	Hilria Tom Rodrigues do Nascimento	\N	4	15	3	1983	128	8	9	2022	1	2	\N	1983-03-15	F	\N	\N	2022-09-08	3	S
1753	Filipe dos Santos Rodrigues	\N	35631	13	Felix Paixo Rodrigues 	Tereza dos Santos Lomb	\N	4	18	8	1948	107	23	3	2012	1	1	\N	1948-08-18	M	\N	\N	2012-03-23	3	S
1754	Justina de Pina dos Santos	\N	164573	13	Justino Joo dos Santos	Clotilde Incio de Pina	\N	4	21	8	1966	163	20	12	2022	1	2	\N	1966-08-21	F	\N	\N	2022-12-20	3	S
1755	Adelino Quaresma Varela	\N	72515	13	Manuel da Graa Santiago Varela	Maria da Graa Quaresma	\N	4	30	10	1959	163	19	7	2012	1	1	\N	1959-10-30	M	\N	\N	2012-07-19	3	S
1756	Maria Teresa dos Santos D Alva Noronha	\N	143857	13	Marcelino da Costa D Alva Noronha	Maria de Nazar dos Santos Quaresma	\N	4	27	7	1966	96	17	10	2022	1	2	\N	1966-07-27	F	\N	\N	2022-10-17	3	S
1757	Pascoal Pereira	\N	201897	13	\N	Angela da Cruz Pereira	\N	4	29	3	1997	81	5	12	2022	1	1	\N	1997-03-29	M	\N	\N	2022-12-05	3	S
1759	Carmen Penhor	\N	62447	13	*	Catarina do Sacramento Penhor	\N	4	14	9	1946	81	14	11	2011	1	2	\N	1946-09-14	F	\N	\N	2011-11-14	3	S
1760	Henrits do Espirito Santo Manuel	\N	119725	13	Antnio Manuel	Maria Tom do Espirito Santo Pacunha 	\N	4	15	10	1983	122	1	4	2021	1	1	\N	1983-10-15	M	\N	\N	2021-04-01	3	S
1761	Cerny Sousa Pontes Lima 	\N	112378	13	Domingos do Nascimento Pereira Lima 	Filipa Beatriz Sousa Pontes da Silva 	\N	4	2	4	1991	113	5	6	2018	1	2	\N	1991-04-02	F	\N	\N	2018-06-05	3	S
1762	Hilria Martins Quaresma	\N	158183	13	Hilrio Quaresma Correia	Julieta Ana Martins Menezes	\N	4	21	3	2000	126	30	10	2021	1	2	\N	2000-03-21	F	\N	\N	2021-10-30	3	S
1763	Glionalda Bandeira Vaz Campos	\N	81086	13	Serafim Antnio Vaz Campos	Antnia Diogo Bandeira 	\N	4	10	4	1981	122	2	9	2019	1	2	\N	1981-04-10	F	\N	\N	2019-09-02	3	S
1764	Leonilde Batista Nogueira	\N	32802958 0 ZY 9	10	Muricio dos Ramos Nogueira	Holandina Batista Antnio	\N	6	25	3	1989	304	3	8	2021	2	1	\N	1989-03-25	M	\N	\N	2021-08-03	\N	M
1765	Lucas Lima de Sousa Pontes	\N	126575	13	Joo Afonso de Sousa Pontes	Germina da Luz Lima	\N	4	9	8	1987	85	12	12	2022	1	1	\N	1987-08-09	M	\N	\N	2022-12-12	3	S
1766	Domingas de Sousa Carvalho	\N	113690	13	Victor Monteiro de Carvalho 	Hermengarda Maria de Sousa	\N	4	31	7	1986	122	10	11	2020	1	2	\N	1986-07-31	F	\N	\N	2020-11-10	3	S
179	Agnaldo Jos Afonso	\N	55608	5	\N	Teodsia Jos Afonso	\N	4	19	6	1971	96	11	3	2013	1	1	\N	1971-06-19	M	\N	\N	2013-03-11	\N	S
178	Edneter Tenry Lima da Cunha	\N	118770	5	Eliseu da Conceio Cunha	Virginia Viegas de Lima	\N	4	19	10	1981	81	25	6	2019	1	1	\N	1981-10-19	M	\N	\N	2019-06-25	\N	S
1730	Manuel Nazareth Lima Antnio	\N	71770	13	Simo Joo Antnio	Adelia Lima	\N	4	30	8	1975	91	14	1	2019	2	1	\N	1975-08-30	M	\N	\N	2019-01-14	3	M
1728	Giraldina Rompo da Cruz Catarina	\N	109125	13	Higino do Sacramento Catarina	Idalina da Cruz Soares	\N	4	10	2	1992	159	22	1	2020	1	2	\N	1992-02-10	F	\N	\N	2020-01-22	3	S
1773	Hermary D Abreu de Ceita Soares	\N	112947	13	Mauricio de Ceita Soares 	Herminia D Abreu Sousa de Ceita Soares	\N	4	14	4	1993	209	4	9	2018	1	2	\N	1993-04-14	F	\N	\N	2018-09-04	3	S
1774	Antnia da Conceio Neto Clcl	\N	146003	13	Antnio Jorge Clcl	Jeorgina dos Santos da Conceio Neto	\N	4	30	7	1996	117	10	9	2020	1	2	\N	1996-07-30	F	\N	\N	2020-09-10	3	S
1775	Brikton Bastos Jordo Dias	\N	117983	13	Manuel das Neves Jordo Dias	Ana Maria Afonso Bastos	\N	4	21	11	1991	81	9	3	2021	2	1	\N	1991-11-21	M	\N	\N	2021-03-09	3	M
1776	Raul Lima de Assuno	\N	138454	13	Eugenio Moreno de Assuno	Maria Pascoal Lima	\N	4	17	8	1998	96	10	8	2018	1	1	\N	1998-08-17	M	\N	\N	2018-08-10	3	S
1777	Alberto da Conceio Fernandes	\N	16041	13	Manuel do Sacramento Vicente Fernandes	Victoria da Conceio Rompo	\N	4	17	3	1956	87	28	9	2021	2	1	\N	1956-03-17	M	\N	\N	2021-09-28	3	M
1779	Judice do Sacramento de Ceita	\N	65618	13	Manuel Guadalupe Francisco de Ceita	Tereza Santana do Sacramento	\N	4	3	1	1974	81	2	3	2014	1	1	\N	1974-01-03	M	\N	\N	2014-03-02	3	S
1780	Kwame Vieira Fernandes 	\N	146706	13	Lazaro da Conceio Afonso Fernandes	Juvina Moreira Vieira	\N	4	30	5	1996	209	13	11	2020	1	1	\N	1996-05-30	M	\N	\N	2020-11-13	3	S
1781	Fatimata Sacramento	\N	181126	13	\N	Arlete Sacramento Loureno	\N	4	9	11	2002	124	31	7	2019	1	2	\N	2002-11-09	F	\N	\N	2019-07-31	3	S
1782	Isaias Anes Pereira Tavares	\N	153454	13	Jos Luis Ferreira Tavares	Atanazia Miranda Anes 	\N	4	4	6	1996	96	23	12	2022	2	1	\N	1996-06-04	M	\N	\N	2022-12-23	3	M
1783	Eunice Tiol Ambrosio	\N	169565	13	Leonel Vaz Ambrosio	Diotilia Antnia Tiol Ambrosio 	\N	4	15	5	2003	96	9	11	2022	1	2	\N	2003-05-15	F	\N	\N	2022-11-09	3	S
1784	Mariela da Trindade Neto	\N	166272	13	\N	Maria Jos da Trindade Neto	\N	4	24	2	1998	96	13	1	2023	1	2	\N	1998-02-24	F	\N	\N	2023-01-13	3	S
1785	Inalda Batista da Cruz Mendes	\N	174476	13	Juvenal Mendes	Helena Maria Batista da Cruz  	\N	4	14	2	1999	81	2	1	2019	1	2	\N	1999-02-14	F	\N	\N	2019-01-02	3	S
1786	Aleixo Neto do Espirito Santo	\N	49117	13	Manuel do Espirito Santo	Damiana da Mata Neto	\N	4	22	1	1968	295	15	6	2012	2	1	\N	1968-01-22	M	\N	\N	2012-06-15	3	M
1788	Antnio de Bom Jesus de Almeida	\N	49375	13	Manuel da Graa do Espirito Santo D Almeida	Maria Encarnao de Bom Jesus	\N	4	15	10	1964	81	11	8	2020	2	1	\N	1964-10-15	M	\N	\N	2020-08-11	3	M
1789	Aires dos Ramos dos Santos Lima	\N	50173	13	Manuel dos Santos Lima	Amrica Filipa dos Ramos	\N	4	28	9	1964	131	20	1	2014	1	1	\N	1964-09-28	M	\N	\N	2014-01-20	3	S
1790	Edneyva Lopes Almeida	\N	120147	13	Manuel Dias de Sousa Almeida 	Zulmira Francisca Lopes	\N	4	31	12	1983	79	22	6	2021	1	2	\N	1983-12-31	F	\N	\N	2021-06-22	3	S
1791	Rinalda Semedo de Ceita	\N	214270	13	Manuel D Apresentao Ferreira de Ceita	Paula Maria Semedo	\N	4	2	4	1985	183	4	8	2018	1	2	\N	1985-04-02	F	\N	\N	2018-08-04	3	S
1792	Paula Cristina Lima Magalhes	\N	55819	13	Romeu Magalhes	Lcia Afonso Lima	\N	4	3	3	1970	96	11	6	2018	1	2	\N	1970-03-03	F	\N	\N	2018-06-11	3	S
1793	Edite Solange da Encarnao de Sousa Pontes	\N	103390	13	Manuel da Trindade Pires de Sousa Pontes	Maria Luisa da Encarnao	\N	4	26	11	1986	135	31	3	2020	5	2	\N	1986-11-26	F	\N	\N	2020-03-31	3	D
1794	Cristino da Costa Lima	\N	60344	13	Vicente Fernandes Lima	Beatriz Miguel da Costa	\N	4	9	1	1970	81	9	3	2015	1	1	\N	1970-01-09	M	\N	\N	2015-03-09	3	S
1796	Alexandrina da Cruz Mendes Ramos	\N	129356	13	Jos Pedro Mendes	Suzana da Cruz Costa	\N	4	5	11	1996	96	4	11	2019	2	2	\N	1996-11-05	F	\N	\N	2019-11-04	3	M
1797	Rosinha Vaz Cabral	\N	140258	13	Jos Manuel Semedo Cabral	Cesaltina Furtado Vaz	\N	4	26	5	1993	96	20	1	2020	1	2	\N	1993-05-26	F	\N	\N	2020-01-20	3	S
1798	Genilson da Graa Quaresma	\N	81837	13	Martinho Quaresma	Maria Domingas Apresentao da Graa	\N	4	27	1	1981	79	20	7	2022	1	1	\N	1981-01-27	M	\N	\N	2022-07-20	3	S
1799	Laliza Carvalho Boa Esperana	\N	101401	13	Francisco de Lima Boa Esperana	Sibila Santana Fernandes Alves Carvalho	\N	4	26	8	1985	79	9	1	2023	1	2	\N	1985-08-26	F	\N	\N	2023-01-09	3	S
1800	Aderito Luis dos Anjos	\N	78962	13	Joo Lus	Joana Batista Mercdes dos Anjos	\N	4	22	7	1976	96	31	8	2022	1	1	\N	1976-07-22	M	\N	\N	2022-08-31	3	S
1801	Elsabete do Rosrio Batista de Sousa 	\N	97918	13	Pedro Freitas do Sacramento batista de Sousa	Maria Ivete Martins do Rosrio	\N	4	26	4	1987	107	5	5	2021	1	2	\N	1987-04-26	F	\N	\N	2021-05-05	3	S
1802	Aldijorcy Bonfim de Ceita 	\N	172660	13	Jorge Boa Morte de Ceita 	Aldiga Gonalves Luiz Bonfim	\N	4	30	4	2003	307	16	4	2019	1	1	\N	2003-04-30	M	\N	\N	2019-04-16	3	S
1804	Irene Neto Barros	\N	107804	13	Inocncio Vicente Barros	Juventina Sebastio da Graa Neto	\N	4	30	6	1986	311	9	4	2019	1	2	\N	1986-06-30	F	\N	\N	2019-04-09	3	S
1805	Idasilda Cardoso da Cruz 	\N	97544	13	Sebastio Juliano da Cruz 	Paulina Cardoso do Espirito Santo	\N	4	8	3	1987	79	27	12	2022	1	2	\N	1987-03-08	F	\N	\N	2022-12-27	3	S
1806	Osvaldo Sacramento Jordo	\N	73731	13	Feliciano Viegas Jordo	Clementina Borja do Sacramento Rompo	\N	4	10	3	1978	95	31	10	2019	1	1	\N	1978-03-10	M	\N	\N	2019-10-31	3	S
1807	Wackson Vaz Lima Lzaro	\N	115791	13	Francisco Lzaro Jnior	Maria Do Ano Andreza Vaz Lima	\N	4	21	3	1984	122	17	7	2020	1	1	\N	1984-03-21	M	\N	\N	2020-07-17	3	S
1282	Ilzia dos Santos Correia dos Ramos	\N	177232	13	Necas Lissandro das Neves dos Ramos 	Dorca Nascimento dos Santos Correia	\N	4	12	9	2002	96	24	5	2019	1	2	\N	2002-09-12	F	\N	\N	2019-05-24	3	S
1769	Odair David Aguiar 	\N	147249	13	Firmino de Sousa Aguiar	Esperana Adelia David	\N	4	14	7	1994	96	1	10	2020	2	1	\N	1994-07-14	M	\N	\N	2020-10-01	3	M
1772	Wandila Noronha Dias dos Santos	\N	131435	13	Justino Pereira D Arajo Dias dos Santos	Hirondina Madre Deus Noronha	\N	4	28	4	1995	96	30	12	2022	1	2	\N	1995-04-28	F	\N	\N	2022-12-30	3	S
1771	Daniel Bandeira de Ceita Nazar	\N	184153	13	Accio Fonseca de Ceita Nazar	Glionalda Bandeira Vaz Campos	\N	4	1	4	2007	96	21	7	2020	1	1	\N	2007-04-01	M	\N	\N	2020-07-21	3	S
1816	Altimir de Carvalho Silva	\N	87699	13	Leopoldino Silva	Mimosa de Carvalho	\N	4	20	2	1981	122	8	6	2022	1	1	\N	1981-02-20	M	\N	\N	2022-06-08	3	S
1817	Lecticia Diogo Boy e Cunha	\N	158887	13	David da Silva Boy e Cunha 	Visela da Cruz Carvalho Diogo	\N	4	14	6	2001	96	16	8	2022	1	2	\N	2001-06-14	F	\N	\N	2022-08-16	3	S
1818	Jos da Costa Batista de Sousa	\N	C 863693	6	Simo Jos Batista de Sousa 	Izalda Costa de Madre de Deus	\N	5	24	8	1993	81	13	4	2018	1	1	\N	1993-08-24	M	\N	\N	2018-04-13	\N	S
1819	Ceciliano de Sousa Jesus Bonfim	\N	19153	13	Manuel Santana Jesus Bonfim	Clara de Sousa Praia	\N	4	6	10	1953	107	23	2	2011	1	1	\N	1953-10-06	M	\N	\N	2011-02-23	3	S
1820	Vauquiria de Sousa Pires 	\N	206432	13	Arnaldo Santana Pires	Maria do Cu Sousa Piloto	\N	4	14	7	1991	96	23	11	2022	1	2	\N	1991-07-14	F	\N	\N	2022-11-23	3	S
1821	Celmira Soares Da Costa Neto	\N	146246	13	Faustino De Ceita Da Costa Neto	Maria Sebastiana Soares	\N	4	12	9	1996	147	2	7	2019	1	2	\N	1996-09-12	F	\N	\N	2019-07-02	3	S
1822	Akinaide Gomes Pires dos Santos 	\N	149529	13	Mauricio Quaresma Pires dos Santos	Maria do Carmo Espirito Santo	\N	4	10	6	1985	102	18	7	2022	1	2	\N	1985-06-10	F	\N	\N	2022-07-18	3	S
1824	Euridice Lima Viegas do Espirito Santo Graa	\N	150204	13	Danilo do Espirito Santo Graa 	Narcisa Limas das Neves	\N	4	29	4	1997	209	2	7	2020	1	2	\N	1997-04-29	F	\N	\N	2020-07-02	3	S
1825	Idalino da Cruz Andreza	\N	43799	13	Cristiano Almeida Andreza	Adelina da Cruz Andrade	\N	4	12	12	1964	132	10	2	2021	1	1	\N	1964-12-12	M	\N	\N	2021-02-10	3	S
1826	Jocel Dos Santos D Alva	\N	158495	13	Alcino Soares D Alva	Carla Dos Santos Cuna	\N	4	26	6	2001	96	25	8	2022	1	1	\N	2001-06-26	M	\N	\N	2022-08-25	3	S
1827	Felisberto Jordo Vaz Pereira	\N	34764	13	Domingos Vaz Pereira Jnior 	Anastacia  Jordo	\N	4	19	10	1950	81	8	8	2019	2	1	\N	1950-10-19	M	\N	\N	2019-08-08	3	M
1828	Eurico do Nascimento Silva Costa	\N	65624	13	Teodorico Queirz da Silva Costa	Hilria Tom Rodrigues do Sacramento	\N	4	24	6	1972	96	28	9	2021	1	1	\N	1972-06-24	M	\N	\N	2021-09-28	3	S
1829	Nelson do Nascimento da Silva Costa	\N	69707	13	Teodorico Queiroz da Silva Costa	Hilaria Tome Rodrigues do Nascimento	\N	4	7	4	1974	96	7	7	2016	1	1	\N	1974-04-07	M	\N	\N	2016-07-07	3	S
1830	Adelina do Espirito Santo Soares	\N	69714	13	Diogo Luis	Pscoa do Espirito Santo	\N	4	29	7	1974	81	24	3	2017	1	2	\N	1974-07-29	F	\N	\N	2017-03-24	3	S
1831	Sidneia Soares da Cunha	\N	205442	13	Sidnio Soares da Cunha	Adelina do Espirito Santo Soares	\N	4	25	9	2006	96	28	7	2022	1	2	\N	2006-09-25	F	\N	\N	2022-07-28	3	S
1832	Yanike Coelho da Graa	\N	134337	13	Marcelino Martinho da Graa	Antonieta do Rosario Coelho	\N	4	12	10	1994	96	10	8	2018	1	1	\N	1994-10-12	M	\N	\N	2018-08-10	3	S
1834	Gilson de Alva Afonso Fernandes	\N	120801	13	Bartolomeu dos Santos Afonso Fernandes 	Amarilia de Alva do Espirito Santo	\N	4	17	7	1994	209	22	8	2019	1	1	\N	1994-07-17	M	\N	\N	2019-08-22	3	S
1835	Rosineida do Sacramento Ceita dos Ramos 	\N	109379	13	Feliciano de Ceita dos Ramos 	Idalina Isabel do Sacramento 	\N	4	1	12	1990	138	16	7	2019	1	2	\N	1990-12-01	F	\N	\N	2019-07-16	3	S
1836	Florizinha Carmona Chantre	\N	108721	13	Jos de Brito Chantre	Victria Simba Carmona	\N	4	3	3	1989	96	2	12	2022	1	2	\N	1989-03-03	F	\N	\N	2022-12-02	3	S
1837	Manuel Da Cruz Cosme 	\N	34571	13	Cosme Manuel 	Maria Da Cruz	\N	4	20	5	1953	128	3	5	2006	1	1	\N	1953-05-20	M	\N	\N	2006-05-03	3	S
1838	Elaisy  Simba de Apresentao Dias	\N	179039	13	Anastacio Lima de Apresentao Dias	Albertina Simba Carmona	\N	4	21	10	2001	256	16	7	2019	1	2	\N	2001-10-21	F	\N	\N	2019-07-16	3	S
1839	Eduardo Lima Da Silva	\N	131927	13	Hilrio Isabel Da Silva	Laurinda Da Conceio Lima Da Silva 	\N	4	9	1	1982	147	14	1	2019	1	1	\N	1982-01-09	M	\N	\N	2019-01-14	3	S
1840	Lucilia Trindade Rompo	\N	140209	13	Luis dos Anjos Rompo	Lucilia Manuela Trindade	\N	4	25	3	1994	163	1	2	2021	1	2	\N	1994-03-25	F	\N	\N	2021-02-01	3	S
1841	Filomena Loureno Neto	\N	75086	13	\N	Maria Loureno Neto	\N	4	25	2	1959	163	18	8	2022	1	2	\N	1959-02-25	F	\N	\N	2022-08-18	3	S
220	Jos Manuel dos Ramos	\N	132922	5	Jos Penda Francisco	Cristina da Seledade Ramos	\N	4	22	2	1976	90	6	8	2020	1	1	\N	1976-02-22	M	\N	\N	2020-08-06	\N	S
1811	Marilene Soares de Oliveira Tt Raposo	\N	108419	13	Amncio Soares Tt	Maria de Ftima Rocha de Oliveira	\N	4	27	2	1989	169	17	12	2019	1	2	\N	1989-02-27	F	\N	\N	2019-12-17	3	S
1812	Marizalda Santana Da Graa	\N	194335	13	Tom Quaresma Da Graa	Maria Manuela Batista Santana  	\N	4	23	12	1985	170	19	10	2021	1	2	\N	1985-12-23	F	\N	\N	2021-10-19	3	S
1813	Neginey Luisa Dos Santos Dos Anjos	\N	200958	13	Egidio Luis Mercedes Dos Anjos	Nery Monteverde Dos Santos	\N	4	20	3	2003	209	23	1	2023	1	2	\N	2003-03-20	F	\N	\N	2023-01-23	3	S
1814	Mil Afonso Gaspar	\N	114241	13	Manuel Gaspar	Esmeralda Afonso Neto	\N	4	6	8	1991	96	8	2	2022	1	2	\N	1991-08-06	F	\N	\N	2022-02-08	3	S
1852	Albino Nascimento da Costa	\N	131111	13	Remualdo Vaz da Costa 	Lourena Nascimento da Glria	\N	4	10	10	1992	169	7	1	2022	2	1	\N	1992-10-10	M	\N	\N	2022-01-07	3	M
1904	Snia Guadalupe	\N	134039	13	\N	Serdia do Espirito Santo Guadalupe	\N	4	11	1	1987	79	21	9	2022	1	2	\N	1987-01-11	F	\N	\N	2022-09-21	3	S
1906	Dominike Eusbio da Cunha	\N	179379	13	Honorato Neto da Cunha	Maria de Ftima Eusbio	\N	4	6	12	2004	96	16	7	2019	1	2	\N	2004-12-06	F	\N	\N	2019-07-16	3	S
1913	Fernanda Trindade dos Anjos Rompo Rodrigues	\N	138766	13	Luis dos Anjos Rompo 	Lucilia Manuela Trindade	\N	4	28	3	1988	163	28	1	2020	2	2	\N	1988-03-28	F	\N	\N	2020-01-28	3	M
1914	Antnio Carlos Afonso dos Santos	\N	57472	13	Cristiano Pereira Afonso dos Santos	Severina Carlos dos Santos	\N	4	2	6	1965	96	27	6	2019	2	1	\N	1965-06-02	M	\N	\N	2019-06-27	3	M
1915	Nossilndio Quaresma Jos	\N	201332	13	Dionisio Salvador Jos	Felismina da Fonseca Quaresma	\N	4	3	2	2004	96	17	6	2022	1	1	\N	2004-02-03	M	\N	\N	2022-06-17	3	S
1916	Amrico Fernandes Mateus da Trindade	\N	39062	13	Raul Viegas da Trindade	Maria da Madre Deus Mateus Tiol	\N	4	26	2	1957	81	13	5	2013	1	1	\N	1957-02-26	M	\N	\N	2013-05-13	3	S
1917	Anelsia Pereira dos Santos 	\N	146636	13	Amrico Martins Ferreira dos Santos	Hilria Pereira Dias da Trindade	\N	4	14	3	1997	96	21	7	2020	1	2	\N	1997-03-14	F	\N	\N	2020-07-21	3	S
1918	Nilza Georgina  de Ceita Ferreira	\N	74188	13	Elvino Agostinho Fernandes	Angelina Neto de Ceita	\N	4	22	10	1977	96	31	5	2021	1	2	\N	1977-10-22	F	\N	\N	2021-05-31	3	S
1920	Maria de Jesus Machado de Assuno	\N	103120	13	Manuel Assuno Jnior	Maria de Jesus Machado	\N	4	29	11	1985	96	8	6	2020	1	2	\N	1985-11-29	F	\N	\N	2020-06-08	3	S
1921	Ernestina das Neves Aguiar	\N	45058	13	Manuel Jos	Maria das Neves	\N	4	3	3	1968	96	18	8	2020	1	2	\N	1968-03-03	F	\N	\N	2020-08-18	3	S
1922	Jercilei Will da Costa	\N	180905	13	Arnaldo Neto da Costa	Celcia Will Ramos dos Santos	\N	4	4	6	2003	96	23	7	2019	1	1	\N	2003-06-04	M	\N	\N	2019-07-23	3	S
1923	Edgar da Graa Gregorio de Carvalho	\N	77618	13	Salamo Aires Quaresma Gregorio de Carvalho	Maria Antnia Ramos da Graa Gregorio de Carvalho	\N	4	28	4	1973	198	2	3	2015	1	1	\N	1973-04-28	M	\N	\N	2015-03-02	3	S
1924	Vanecia Martins de Carvalho	\N	186570	13	Edgar da Graa Gregorio de Carvalho	Jamila de Arago Martins	\N	4	11	8	2005	96	30	7	2020	1	2	\N	2005-08-11	F	\N	\N	2020-07-30	3	S
1925	Heldbety Vilhete Tavares Guadalupe	\N	194995	13	Helder Batista Tavares Guadalupe	Maria Elizabeth dos Ramos Vilhete Tavares Guadalupe	\N	4	21	12	2006	96	17	7	2021	1	2	\N	2006-12-21	F	\N	\N	2021-07-17	3	S
1926	Maria Elizabeth Ramos Vilhete 	\N	72957	13	Carlos Pedroso dos Ramos Vilhete 	Maria Helena Vilhete 	\N	4	31	7	1977	96	12	6	2019	6	2	\N	1977-07-31	F	\N	\N	2019-06-12	3	D
1927	Waliklria Jnior da Mata	\N	100483	13	Martinho da Mata 	Alda Soares Jnior 	\N	4	30	1	1986	128	20	3	2023	1	2	\N	1986-01-30	F	\N	\N	2023-03-20	3	S
1361	Tnia Fernandes Pinto	\N	181884	13	Diogo Jos Pinto	Ivone Maria Fernandes do Espirito Santo	\N	4	15	1	2004	96	8	4	2020	1	2	\N	2004-01-15	F	\N	\N	2020-04-08	3	S
1891	Pscoa Gorrett dos Ramos Monteverde	\N	88417	13	Domingos Luis D  Assuno Monteverde	Suzana Francisca dos Ramos 	\N	4	13	9	1985	163	26	9	2019	1	2	\N	1985-09-13	F	\N	\N	2019-09-26	3	S
1892	Jenk Quaresma Veloso	\N	100229	13	Ricardo de Bom Jesus Veloso 	Maria Quaresma Batista	\N	4	27	8	1987	122	20	3	2019	1	1	\N	1987-08-27	M	\N	\N	2019-03-20	3	S
1902	Ismael Semedo Tavares 	\N	P A 280252	33	Mario Mendes Tavares 	Arlinda Monteiro Semedo	\N	5	29	3	1990	198	20	8	2022	1	1	\N	1990-03-29	M	\N	\N	2022-08-20	\N	S
1903	Nelson Rosa Afonso	\N	129189	13	Jeronimo Isabel Afonso 	Lourdes Luis Rosa	\N	4	22	5	1992	209	3	10	2018	1	1	\N	1992-05-22	M	\N	\N	2018-10-03	3	S
1907	Orlando D Oliveira Sacramento Gomes	\N	187304	13	Orlando Do Sacramento Gomes	Nilza Maria Lima de Oliveira Viegas	\N	4	29	10	2004	209	11	8	2020	1	1	\N	2004-10-29	M	\N	\N	2020-08-11	3	S
1908	Agismaela Barros da Graa	\N	194704	13	Esmael Tete da Graa	Angelina Sousa Barros	\N	4	9	2	2005	96	4	8	2018	1	2	\N	2005-02-09	F	\N	\N	2018-08-04	3	S
1909	Adelaide Afonso da Graa Vaz Pereira	\N	210441	13	Eurico Jordo Vaz Pereira	Maria de Lurdes Afonso da Graa	\N	4	21	12	1981	98	13	2	2023	1	2	\N	1981-12-21	F	\N	\N	2023-02-13	3	S
1910	Firmino Santo Amado Gonalves	\N	67740	13	Andr Gonalves 	Marta Santo Amado	\N	4	6	6	1970	131	22	12	2017	1	1	\N	1970-06-06	M	\N	\N	2017-12-22	3	S
1912	Alex Soares de Brito	\N	176031	13	Francisco Borges de Brito	Maria Francisca	\N	4	28	5	2001	96	30	8	2019	1	1	\N	2001-05-28	M	\N	\N	2019-08-30	3	S
1935	Marcia Lopes Antnio da Gloria	\N	215054	13	Dionsio Fernandes Antnio da Glria	Edna Lopes de Sousa Pires	\N	4	14	9	2004	96	13	8	2018	1	2	\N	2004-09-14	F	\N	\N	2018-08-13	3	S
1936	Paulo Jorge Santiago Boa Esperana 	\N	175304	13	Florentino Mata Boa Esperana 	Iolanda Cuba Santiago	\N	4	16	5	2000	96	7	11	2018	1	1	\N	2000-05-16	M	\N	\N	2018-11-07	3	S
1937	Ldisnia do Rosrio Fernandes Amaro Luis	\N	120304	13	Humberto Ferreira Amaro	Elsa Maria do Rosrio Fernandes	\N	4	28	11	1990	81	6	7	2018	2	2	\N	1990-11-28	F	\N	\N	2018-07-06	3	M
1938	Asmim da Trindade Amaro	\N	124625	13	Humberto Ferreira Amaro	Dulce do Nacimento da Trindade	\N	4	14	11	1988	209	5	3	2021	1	2	\N	1988-11-14	F	\N	\N	2021-03-05	3	S
1940	Marlene Gomes Dias 	\N	97094	13	Manuel Afonso Dias	Alice dos Ramos Dias	\N	4	27	4	1987	209	7	5	2019	1	2	\N	1987-04-27	F	\N	\N	2019-05-07	3	S
1941	Vania Espirito Santo de Sousa Mota	\N	181883	13	Juvenal Managem de Sousa Mota	Sali Sacramento do Espirito Santo	\N	4	3	5	2002	96	30	7	2020	1	2	\N	2002-05-03	F	\N	\N	2020-07-30	3	S
1942	Alice Tarraveira do Espirito Santo	\N	174481	13	Adrito de Barros Espirito Santo	Manuela da Graa Vaz Tarraveira	\N	4	8	9	2004	96	20	8	2018	1	2	\N	2004-09-08	F	\N	\N	2018-08-20	3	S
1944	Elizabeth Vaz da Trindade Nazar da Fonseca	\N	120004	13	Eleutrio Bragana Nazar da Fonseca	Gabriela da Trindade Vaz	\N	4	21	6	1990	96	24	6	2022	1	2	\N	1990-06-21	F	\N	\N	2022-06-24	3	S
1945	Nicolina da Conceio Santa Rosa	\N	46902	13	Lcio dos Reis Santa	Margarida Basto Vaz da Conceio	\N	4	6	12	1962	96	26	9	2017	1	2	\N	1962-12-06	F	\N	\N	2017-09-26	3	S
1946	Leocdia Caetano Loureno dos Reis	\N	129136	13	Emidio Loureno dos Reis	Maria Amalia Caetano	\N	4	31	10	1996	126	5	8	2019	1	2	\N	1996-10-31	F	\N	\N	2019-08-05	3	S
1948	Ruben Miller Pereira de Sousa Pontes	\N	189479	13	Stoy Miller Vaz de Sousa Pontes	Swazinei Pereira Costantino	\N	4	12	8	2004	96	6	8	2020	1	1	\N	2004-08-12	M	\N	\N	2020-08-06	3	S
1949	Gegimma Arminda Lima Pereira Jos	\N	139076	13	Pascoal Jos	Manuela Lima Pereira	\N	4	25	4	1998	96	1	8	2018	1	1	\N	1998-04-25	M	\N	\N	2018-08-01	3	S
1950	Laurentina D Apresentao Vaz	\N	43406	13	Domingos Gaspar Vaz 	Antnia D Apresentao	\N	4	25	9	1956	81	14	9	2018	1	2	\N	1956-09-25	F	\N	\N	2018-09-14	3	S
1951	Atanazildo Borja do Espirito Santo	\N	130280	13	Silvestre Constantino do Espirito Santo	Pascoela de Barros Borja da Cruz	\N	4	7	1	1994	191	11	1	2023	1	1	\N	1994-01-07	M	\N	\N	2023-01-11	3	S
1952	Juleika Martins de Sousa Soares	\N	175254	13	Orlando da Cruz de Sousa Soares	Inacia Martins Andreza	\N	4	26	3	2002	191	5	8	2019	1	2	\N	2002-03-26	F	\N	\N	2019-08-05	3	S
1954	Agostinha Santana Cabral	\N	139649	13	Bejamim Ramos Cabral	Maria de Lurdes Piedade Santana	\N	4	23	8	1996	81	13	8	2019	1	2	\N	1996-08-23	F	\N	\N	2019-08-13	3	S
1955	Kingsun Manuel da Trindade	\N	107100	13	Custdio Nazar da Trindade	Justina Manuel	\N	4	12	8	1981	132	16	7	2020	1	1	\N	1981-08-12	M	\N	\N	2020-07-16	3	S
1956	Ligia da Trindade de Carvalho	\N	103010	13	Octvio de Carvalho Rompo	Victoria dos Santos da Trindade	\N	4	5	10	1987	81	8	9	2020	1	2	\N	1987-10-05	F	\N	\N	2020-09-08	3	S
1957	Amilcar Moreno Santana	\N	69401	13	Francisco Mendes Santana	Maria Santana Moreno	\N	4	29	3	1975	163	22	2	2016	1	1	\N	1975-03-29	M	\N	\N	2016-02-22	3	S
1958	Carla de Castro Santana	\N	204386	13	Amlcar Moreno Santana	Sandra Mariza Aguiar de Castro	\N	4	30	10	2006	96	8	8	2022	1	2	\N	2006-10-30	F	\N	\N	2022-08-08	3	S
1959	Ayra Viegas Major	\N	144292	13	Ayres Antnio Major	Elizabete do Nascimento Viegas da Vera Cruz Major	\N	4	30	6	1999	96	25	8	2022	1	2	\N	1999-06-30	F	\N	\N	2022-08-25	3	S
1960	Ambrzio dos Santos Monteiro	\N	P A 337409	33	Armelindo Mendes Monteiro	Odete dos Santos Monteiro	\N	5	3	11	1983	193	14	3	2023	1	1	\N	1983-11-03	M	\N	\N	2023-03-14	\N	S
1961	Ednilton do Sacramento Fernandes	\N	110551	13	Manuel dos Ramos de Jesus Fernandes	Joana do Sacramento Manuel	\N	4	21	6	1988	131	20	2	2023	1	1	\N	1988-06-21	M	\N	\N	2023-02-20	3	S
1962	Gersimila Tavares de Almeida	\N	204676	13	Joo Batista Monteiro Almeida	Joana Martins Tavares	\N	4	17	7	1998	96	31	10	2022	1	1	\N	1998-07-17	M	\N	\N	2022-10-31	3	S
1964	Marlene Quaresma Martins Pereira	\N	162096	13	Antnio Martins Pereira	Adelaide Quaresma DAlmeida	\N	4	17	6	1996	148	24	4	2023	1	2	\N	1996-06-17	F	\N	\N	2023-04-24	3	S
1965	Ilcio Costa Vilela	\N	134390	13	Ilidio de Ceita Vilela	Alice Costa DAssuno	\N	4	20	6	1995	209	12	4	2021	1	1	\N	1995-06-20	M	\N	\N	2021-04-12	3	S
1966	Adnelson Ambrsio da Graa Quintas	\N	112609	13	Paulino Vaz da Graa Quintas	Lourena Vasconcelos Ambrsio	\N	4	18	6	1990	81	11	9	2018	1	1	\N	1990-06-18	M	\N	\N	2018-09-11	3	S
1967	Paloma Monteiro D Apresentao	\N	163005   	13	Amrico Monteiro D Apresentao	Alda Monteiro Quinta da Graa DApresentao	\N	4	12	10	1999	96	21	9	2022	1	2	\N	1999-10-12	F	\N	\N	2022-09-21	3	S
1968	Lcia Amoo Nana	\N	165133	13	Agostinho Nana Dua	Amlia Rocha Amoo	\N	4	19	5	1997	96	6	7	2020	1	2	\N	1997-05-19	F	\N	\N	2020-07-06	3	S
1401	Leticia de Barros de Brito	\N	179937	13	Helder Semedo Brito	Albertina Barbosa de Barros	\N	4	14	3	2004	96	18	7	2019	1	2	\N	2004-03-14	F	\N	\N	2019-07-18	3	S
1932	Reginaldo Cambl Loureno Pires dos Santos 	\N	187648	13	Vander Loureno Pires dos Santos	Felizarda Cambl do Espirito Santo	\N	4	13	2	2005	96	15	7	2019	1	1	\N	2005-02-13	M	\N	\N	2019-07-15	3	S
1934	Estalita Viana Costa	\N	123740	13	Joaquim Queirs da Silva Costa	Odete Joana Batista Viana	\N	4	8	8	1979	319	30	7	2020	1	2	\N	1979-08-08	F	\N	\N	2020-07-30	3	S
1933	Carmen do Espirito santo Guadalupe Afonso Pires	\N	17793	13	Julio Pires Guadalupe	Catarina Dias do Espirito Santo	\N	4	31	5	1949	81	10	3	2020	4	2	\N	1949-05-31	F	\N	\N	2020-03-10	3	V
1975	ludomilo Rebelo Almeida	\N	167683	13	Arlindo Filipe da Costa Almeida	Clementina dos Ramos Viana Rebelo Almeida	\N	4	2	2	1996	81	5	8	2021	2	1	\N	1996-02-02	M	\N	\N	2021-08-05	3	M
1976	Dalila Solange Luis dos Santos	\N	92280	13	Celestino Alves dos Santos 	Antnia Luiz	\N	4	6	5	1983	128	6	6	2019	6	2	\N	1983-05-06	F	\N	\N	2019-06-06	3	D
1977	Arosylan de Ceita Sousa Pontes	\N	87842	13	Fernando do Rosrio de Sousa Pontes	Gilvilina Ferreira de Ceita	\N	4	7	4	1983	79	7	4	2023	1	2	\N	1983-04-07	F	\N	\N	2023-04-07	3	S
1978	Robson Carlos Gomes da Silva	\N	184361	13	Antnio Carlos da Silva	Risolete de Ftima Gomes da Silva	\N	4	31	3	1978	321	9	3	2020	1	1	\N	1978-03-31	M	\N	\N	2020-03-09	3	S
1979	Hailton dos Santos Penhor	\N	161244	13	Atade da Conceio Penhor	Ermelita Nascimento dos Santos	\N	4	4	5	1997	102	25	11	2021	1	1	\N	1997-05-04	M	\N	\N	2021-11-25	3	S
1980	Jussidneyde Fernandes Alam	\N	113699	13	Francisco da Graa Alam	Lcia Fernandes Veludo	\N	4	26	9	1991	81	14	10	2021	1	2	\N	1991-09-26	F	\N	\N	2021-10-14	3	S
1982	Jakilson Soares Neto 	\N	155590	13	Antnio Jordo do Sacramento Neto	Rosalina dos Santos Soares Neto	\N	4	4	3	1993	117	12	10	2021	1	1	\N	1993-03-04	M	\N	\N	2021-10-12	3	S
1983	Jerry Micayl Lopes Varela 	\N	109947	13	Firmino Mendes Varela 	Maria do Socorro Lopes Silva	\N	4	11	8	1987	122	8	10	2019	1	1	\N	1987-08-11	M	\N	\N	2019-10-08	3	S
1984	Octavio de Carvalho Rompo	\N	28599	13	Joo do Sacramento Rompo	Maria do Rosario Nobre de Carvalho	\N	4	1	3	1956	81	28	7	2011	1	1	\N	1956-03-01	M	\N	\N	2011-07-28	3	S
1985	Victoria Pinto Bonfim	\N	39763	13	Joo Luis Bonfim 	Maria dos Ramos	\N	4	6	3	1960	81	19	4	2012	1	2	\N	1960-03-06	F	\N	\N	2012-04-19	3	S
1986	Jos Lus Andrade Albuquerque	\N	PC011305	9	Carlos Alberto Ferreira de Albuquerque 	Irondina Nascimento Andrade	\N	5	30	4	1990	193	2	11	2018	1	1	\N	1990-04-30	M	\N	\N	2018-11-02	\N	S
1987	Jos Lus Andrade Albuquerque	\N	PC 011305	9	Carlos Alberto Ferreira  de Albuquerque  	Irondina Nascimento Andrade	\N	5	30	4	1990	193	2	11	2018	1	1	\N	1990-04-30	M	\N	\N	2018-11-02	\N	S
1988	Izelcino Nascimento	\N	158366	13	\N	Lourena Nascimento da Glria	\N	4	1	9	1999	96	14	12	2021	1	1	\N	1999-09-01	M	\N	\N	2021-12-14	3	S
1989	Diana Tavares da Costa	\N	155102	13	Dani Borges da Costa	Ercilina Tavares Gonalves	\N	4	27	10	1997	96	18	1	2019	1	2	\N	1997-10-27	F	\N	\N	2019-01-18	3	S
1991	Silvano Ingls Xavier Neto	\N	168481	13	Engrcio Lucas Xavier Neto	Sinocia Neto Judice Ingls 	\N	4	5	12	1998	96	24	9	2021	1	2	\N	1998-12-05	F	\N	\N	2021-09-24	3	S
1992	Sema da Trindade Quaresma	\N	62416	13	Claudio Quaresma 	Damiana da Trindade	\N	4	8	10	1970	81	28	2	2017	1	2	\N	1970-10-08	F	\N	\N	2017-02-28	3	S
1993	Micaela da Costa Viegas	\N	122028	13	Mateus da Cruz de Oliveira Viegas	Celeste da Costa Coelho	\N	4	5	7	1992	81	11	9	2021	1	2	\N	1992-07-05	F	\N	\N	2021-09-11	3	S
1994	Nayma da Costa de Carvalho 	\N	140528	13	Valter de Sousa de Carvalho	Milena do Nascimento da Costa Neto	\N	4	28	8	1997	85	10	5	2019	1	2	\N	1997-08-28	F	\N	\N	2019-05-10	3	S
1995	Alex Espirito Santana de Melo	\N	172442	13	Hideberto do Rosrio Santana de Melo	DJanira Espirito Do 	\N	4	5	6	2002	95	9	7	2018	1	1	\N	2002-06-05	M	\N	\N	2018-07-09	3	S
1996	Edcleide Afonso Vaz do Rosrio	\N	170828	13	Nicolau Andrade Vaz do Rosrio	Mirita Lucinda Afonso	\N	4	13	10	2001	209	18	8	2020	1	2	\N	2001-10-13	F	\N	\N	2020-08-18	3	S
1997	Adalziza da Silva DAssuno da Costa	\N	136012	13	Osvaldo Jlio DAssuno  Costa	Eugnia Castro da Silva	\N	4	27	8	1996	96	11	7	2018	1	2	\N	1996-08-27	F	\N	\N	2018-07-11	3	S
1998	Abenildo Sousa Ferreira	\N	122106	13	Ernestino Augusto Ferreira 	Judite Sousa Almeida Jos da Costa	\N	4	16	3	1992	96	19	5	2021	1	1	\N	1992-03-16	M	\N	\N	2021-05-19	3	S
2000	Idanilza Edna Paquete de Figueiredo	\N	73526	13	Antnio Lima de Figueiredo	Lina Barros Paquete de Figueiredo	\N	4	30	11	1977	96	27	9	2021	6	2	\N	1977-11-30	F	\N	\N	2021-09-27	3	D
2001	Alexandre Vasconcelos dos Anjos Sequeira	\N	63343	13	Agapito dos Anjos Parazo 	Maria Quaresma Vasconcelos	\N	4	3	10	1972	96	2	12	2019	2	1	\N	1972-10-03	M	\N	\N	2019-12-02	3	M
2002	Walter dos Santos Augusto	\N	125814	13	Antnio Augusto	Germana Cosma dos Santos	\N	4	31	1	1987	81	30	3	2022	1	1	\N	1987-01-31	M	\N	\N	2022-03-30	3	S
2003	Fernanda da Graa do Rosrio	\N	118039	13	Manuel do Rosrio Batista	Fernanda da Graa Domingos Tron	\N	4	28	7	1991	81	16	5	2023	1	2	\N	1991-07-28	F	\N	\N	2023-05-16	3	S
2004	Maria Jos Barreto da Conceio	\N	77691	13	Jos Joaquim da Conceio Curcino Dias	Catarina Franca Jos Barreto	\N	4	19	4	1978	210	7	4	2021	1	2	\N	1978-04-19	F	\N	\N	2021-04-07	3	S
2005	Ednel Sousa Pontes Nicolau	\N	175918	13	Abner D Abreu Nicolau	Edemica Sousa Pontes de Assuno Nicolau	\N	4	9	4	2000	256	6	7	2022	1	1	\N	2000-04-09	M	\N	\N	2022-07-06	3	S
2006	Jursias Nazir Cravid	\N	150928	13	Jos Vaz Cravid	Izilda Ana Nazir	\N	4	4	2	1998	209	21	9	2020	1	1	\N	1998-02-04	M	\N	\N	2020-09-21	3	S
2008	jezquel Teixeira Lima	\N	J 522526	35	Victor Manuel Teixeira Lima	Marileidy do Espirito Teixeira Lima	\N	5	4	2	2018	255	12	4	2018	1	1	\N	2018-02-04	M	\N	\N	2018-04-12	\N	S
1443	Euridce das Neves Borges	\N	146795	13	Antnio dos Reis Borges	America das Neves Vaz Campos	\N	4	4	8	1995	81	13	5	2022	1	2	\N	1995-08-04	F	\N	\N	2022-05-13	3	S
1971	Jorciley Pereira da Cruz	\N	113697	13	Damio Ferreira da Cruz	Lcia Alves Pereira da Maia	\N	4	4	4	1992	81	12	10	2022	1	1	\N	1992-04-04	M	\N	\N	2022-10-12	3	S
1974	Edeltina Neves Quaresma Costa	\N	93904	13	Antnio Quaresma da Silva Costa	Fernanda Maria Neves	\N	4	30	12	1985	118	21	12	2020	6	2	\N	1985-12-30	F	\N	\N	2020-12-21	3	D
1972	Matilde Lima Afonso	\N	113055	13	Dionisio Amaral Afonso	Hirondina Afonso da Cruz Lima	\N	4	3	5	1992	96	18	9	2018	1	2	\N	1992-05-03	F	\N	\N	2018-09-18	3	S
2015	Priscila Diogo da Silva	\N	109915	13	Estevo da Silva	Maria Lourena Diogo Mendes	\N	4	24	7	1991	209	23	5	2023	2	2	\N	1991-07-24	F	\N	\N	2023-05-23	3	M
2016	Elisa Soares da Silva Lopes	\N	209461	13	Fernando da silva Lopes	Elizete Soares Fernandes	\N	4	11	5	2005	96	19	10	2022	1	2	\N	2005-05-11	F	\N	\N	2022-10-19	3	S
2017	Alexandra Pereira Varela	\N	33915	13	Alvaro Furtado Varela	Gregoria Pereira	\N	4	28	11	1963	96	13	3	2017	1	2	\N	1963-11-28	F	\N	\N	2017-03-13	3	S
2018	Edmilson Roque Nascimento	\N	141403	13	Eugnio Bizarro Nascimento	Maria Madalena Roque	\N	4	4	9	1994	198	13	9	2021	1	1	\N	1994-09-04	M	\N	\N	2021-09-13	3	S
2019	Aewon Chumbo Vaz	\N	157893	13	Xavier Lima Quaresma Vaz	Chumbo Rachel Mumene	\N	4	23	8	2001	96	15	7	2021	1	1	\N	2001-08-23	M	\N	\N	2021-07-15	3	S
2021	Suliza Viegas de Apresentao Nobre	\N	131133	13	Elias Barbosa de Apresentao Nobre	Cesaltina de Alva Viegas Nobre	\N	4	1	9	1995	120	13	2	2023	1	2	\N	1995-09-01	F	\N	\N	2023-02-13	3	S
2022	Licinio Ribeiro dos Santos	\N	43627	13	Icognito	Maria da Conceio Ribeiro	\N	4	10	11	1970	131	11	9	2017	1	1	\N	1970-11-10	M	\N	\N	2017-09-11	3	S
2023	Amncio Bartolomeu Vila Nova	\N	19395	13	Simo Pedro Vila Nova 	Sena Manuel	\N	4	7	7	1953	96	21	1	2005	1	1	\N	1953-07-07	M	\N	\N	2005-01-21	3	S
2024	Edneide Correia Amadeu	\N	146373	13	Corinto dos Ramos Amadeu 	Leonor Maria da Conceio Correia	\N	4	26	3	2000	157	25	11	2020	1	2	\N	2000-03-26	F	\N	\N	2020-11-25	3	S
2025	Eriksson Veiga da Graa	\N	128683	13	Manuel Domingos da Graa	Incia Tavares da Veiga	\N	4	29	10	1996	96	6	4	2022	1	1	\N	1996-10-29	M	\N	\N	2022-04-06	3	S
2026	Afonso Domingos Mola	\N	008394361 LA 047	5	Kiangani Salomo Vunge Mola	Joana das Merces Lelo Domingos	\N	4	19	4	2002	295	12	3	2020	1	1	\N	2002-04-19	M	\N	\N	2020-03-12	\N	S
2027	Homer Santana Diogo	\N	117994	13	Lzaro Silvestre Lima Diogo	Izabel da Cruz Santana	\N	4	10	12	1991	81	25	8	2020	1	1	\N	1991-12-10	M	\N	\N	2020-08-25	3	S
2029	Angela Batista Neto Torres	\N	162099	13	Juvenal Vicente da Trindade Torres	Anlia  Maria Batista Neto	\N	4	3	3	2000	81	12	12	2022	1	2	\N	2000-03-03	F	\N	\N	2022-12-12	3	S
2030	Maria Miguel Sousa Barreto	\N	22309	13	Manuel Francisco Barreto 	Claudina Fernandes Sousa	\N	4	27	5	1958	172	21	5	2016	1	2	\N	1958-05-27	F	\N	\N	2016-05-21	3	S
2031	Alexandrino de Ceita Xavier Neto	\N	28618	13	Pantalho Xavier Neto 	Luzia de Ceita  Varela	\N	4	15	3	1955	81	25	5	2015	1	1	\N	1955-03-15	M	\N	\N	2015-05-25	3	S
2032	Daniel de Oliveira da Trindade Costa	\N	118439	13	Damio da Trindade da Mata Costa	Laurinda de Oliveira de Boa Morte	\N	4	4	5	1990	96	22	10	2021	1	1	\N	1990-05-04	M	\N	\N	2021-10-22	3	S
2033	Adenalde Quaresma Eurico	\N	92377	13	Eurico	Madalena da Cruz Alexandre Quaresma	\N	4	25	3	1985	79	17	5	2023	1	1	\N	1985-03-25	M	\N	\N	2023-05-17	3	S
2034	Pedro Sequeira de Carvalho	\N	91578	13	Pedro Noronha de Carvalho	Leonor da Trindade Sequeira da Mata	\N	4	28	2	1985	122	27	8	2021	1	1	\N	1985-02-28	M	\N	\N	2021-08-27	3	S
2035	Jady da Fonseca de Sousa	\N	104254	13	Accio Dias de Sousa	Arlete Coelho da Fonseca	\N	4	31	1	1988	124	15	10	2021	1	2	\N	1988-01-31	F	\N	\N	2021-10-15	3	S
2037	Edna da Trindade Fernandes	\N	165297	13	Mariano Cosme Fernandes	Antnia da Trindade Lima	\N	4	13	3	1999	109	22	7	2022	1	2	\N	1999-03-13	F	\N	\N	2022-07-22	3	S
2038	Fausto Soares Afonso	\N	95636	13	Cristino Afonso	Maria de Guadalupe Franca Soares	\N	4	6	6	1979	81	16	2	2022	1	1	\N	1979-06-06	M	\N	\N	2022-02-16	3	S
2039	Odete de Carvalho Rompo	\N	16441	13	Joo do Sacramento Rompo	Maria do Rosrio Nobre de Carvalho	\N	4	6	11	1949	81	31	10	2008	1	2	\N	1949-11-06	F	\N	\N	2008-10-31	3	S
2040	Pulqueria das Neves Cunha	\N	30824	13	Armando Jos da Cunha	Feliciana Vaz das Neves	\N	4	23	6	1961	96	7	1	2014	1	2	\N	1961-06-23	F	\N	\N	2014-01-07	3	S
2041	Egor Djouzi Muhougo da Trindade Gomes	\N	234154	13	Joo da Trindade Gomes 	Juliana Muhougo	\N	4	12	3	1985	88	26	4	2021	1	1	\N	1985-03-12	M	\N	\N	2021-04-26	3	S
2042	Adjamila Dias Carvalho	\N	111564	13	Carlos Carvalho dos Santos	Ivete do Espirito Santo Dias	\N	4	26	4	1985	81	29	9	2022	1	2	\N	1985-04-26	F	\N	\N	2022-09-29	3	S
2043	Adilsa Ferreira Nunes Dias	\N	129008	13	Manuel D Apresentao Dias	Maria dos Ramos Santos Ferreira Nunes	\N	4	7	8	1996	169	13	9	2021	1	2	\N	1996-08-07	F	\N	\N	2021-09-13	3	S
2045	Tiago Capitango Ferreira	\N	186316	13	Anibal Carvalho Ferreira	Aralcia Domingas Capitango	\N	4	1	2	2005	96	5	8	2020	1	1	\N	2005-02-01	M	\N	\N	2020-08-05	3	S
2046	Elisa Nazar Jesus	\N	182674	13	Quiter dos Ramos Jesus	Terlatina Nazar da Silva	\N	4	25	4	2005	96	4	8	2020	1	2	\N	2005-04-25	F	\N	\N	2020-08-04	3	S
2047	Ermelindo Gomes	\N	192822	13	Profirio Gomes	Perptua Lopes da Veiga	\N	4	1	1	1939	196	30	11	2015	1	1	\N	1939-01-01	M	\N	\N	2015-11-30	3	S
2048	Wynder Gaspar Soares	\N	167322	13	Pedro Dias Soares	Virginia Gaspar do Sacramento Sebastio	\N	4	19	7	2000	83	25	8	2022	1	1	\N	2000-07-19	M	\N	\N	2022-08-25	3	S
2049	Laelson da Silva da Costa dos Ramos	\N	159376	13	Honrio de Monte Cristo da Costa Ramos	Aldina Lucrcia da Silva	\N	4	12	2	2000	96	27	2	2023	1	1	\N	2000-02-12	M	\N	\N	2023-02-27	3	S
2050	Kledair Gonalves Carregado	\N	112624	13	Fernando Duarte Carregado	Bernardina Santana Gonalves	\N	4	28	1	1992	186	10	5	2019	2	1	\N	1992-01-28	M	\N	\N	2019-05-10	3	M
1483	Antnio Reis Norberto	\N	61037	13	Macatacane Manjate Norberto	Firmina Maria dos Reis	\N	4	26	3	1968	117	30	10	2021	1	1	\N	1968-03-26	M	\N	\N	2021-10-30	3	S
2012	Kely Fernandes Gaspar	\N	152502	13	Delfim da Graa Gaspar	Marlene Jesuina Trindade Fernandes	\N	4	21	9	2000	96	21	8	2021	1	2	\N	2000-09-21	F	\N	\N	2021-08-21	3	S
2014	Jessica Sousa Soares	\N	183085	13	\N	Izabel de Sousa Soares Quaresma	\N	4	6	7	2002	96	18	2	2022	1	2	\N	2002-07-06	F	\N	\N	2022-02-18	3	S
2013	Ailton de Bom Jesus	\N	185192	13	\N	Maria Miguel de Bom Jesus	\N	4	11	4	1994	85	24	6	2020	1	1	\N	1994-04-11	M	\N	\N	2020-06-24	3	S
2056	Mirian Delfino do Rosrio Noronha	\N	165779	13	Accio do Rosrio Noronha	Juliana Brito Porto Delfino	\N	4	13	4	1994	135	29	10	2019	1	2	\N	1994-04-13	F	\N	\N	2019-10-29	3	S
2057	Constncio de Ceita Nazar	\N	56425	13	Jse Nazareth	Maria Guadalupe de Ceita	\N	4	17	2	1971	81	13	12	2018	1	1	\N	1971-02-17	M	\N	\N	2018-12-13	3	S
2059	Paulina Lulembe	\N	N 2552923	36	Gabriel Alves	Kuavua Adelina	\N	5	13	10	1991	324	15	8	2019	1	2	\N	1991-10-13	F	\N	\N	2019-08-15	\N	S
2060	Juliano Pedro Pires dos Santo	\N	21986	13	Jorge Pires dos Santos	Helena Pedro Pires	\N	4	22	4	1951	107	1	8	2016	6	1	\N	1951-04-22	M	\N	\N	2016-08-01	3	D
2061	Eustcio Rompo Lagos de Diogo	\N	137337	13	Eusbio Martins Lagos de Diogo	Anastcia dos Ramos Rompo	\N	4	7	11	1996	124	27	1	2023	1	1	\N	1996-11-07	M	\N	\N	2023-01-27	3	S
2062	Jos de Sousa Quebra Carvalho	\N	191865	13	Antnio Soares Carvalho	Joana Sousa Quebra	\N	4	2	9	1967	198	9	11	2015	1	1	\N	1967-09-02	M	\N	\N	2015-11-09	3	S
2063	Renato dos Reis Santiago da Costa	\N	84976	13	Armnio dos Ramos Santiago da Costa	Jacinta Afonso dos Reis	\N	4	25	10	1982	209	16	12	2021	2	1	\N	1982-10-25	M	\N	\N	2021-12-16	3	M
2064	Jamilson do Espirito Santo Quaresma	\N	108475	13	Olivio Quaresma 	Beatriz Carvalho Oliveira do Esprito Santo	\N	4	31	7	1991	209	23	5	2023	1	1	\N	1991-07-31	M	\N	\N	2023-05-23	3	S
2065	Anastcia Dias Mateus	\N	64339	13	Manuel Tavares Mateus	Alexandrina D Apresentao Dias	\N	4	17	10	1968	81	15	2	2022	1	2	\N	1968-10-17	F	\N	\N	2022-02-15	3	S
2066	Justina Maria Sachela	\N	008662031 HO 047	5	Inocncio Sachela	Maria Benvinda	\N	4	5	10	1996	325	15	2	2023	1	2	\N	1996-10-05	F	\N	\N	2023-02-15	\N	S
2068	Joo Lopes Gomes 	\N	133569	13	Teodoro Francisco Gomes	Maria da Cruz Lopes	\N	4	2	10	1973	117	5	3	2019	1	1	\N	1973-10-02	M	\N	\N	2019-03-05	3	S
2069	Area de Assuno Rodrigues	\N	172981	13	Alves da Trindade Rodrigues	Adeostimilzia da Mata de Assuno	\N	4	18	11	2003	96	21	9	2022	1	2	\N	2003-11-18	F	\N	\N	2022-09-21	3	S
2070	Celines Teixeira D Assuno	\N	152993	13	Nerito do Espirito Santo D Assuno	Sandra Xavier dos Santos	\N	4	1	1	2000	96	14	9	2021	1	2	\N	2000-01-01	F	\N	\N	2021-09-14	3	S
2071	Edynilson Boa Morte Dias	\N	143238	13	Armando do Espirito Santo Dias	Edelvina Luis Boa Morte	\N	4	2	1	1999	96	22	3	2022	1	1	\N	1999-01-02	M	\N	\N	2022-03-22	3	S
2072	Yary Quaresma Dias	\N	88930	13	Manuel da Trindade Guadalupe Dias	Isabel Duarte Quaresma 	\N	4	11	3	1984	316	18	2	2021	1	2	\N	1984-03-11	F	\N	\N	2021-02-18	3	S
2073	Isabel Duarte Quaresma 	\N	47651	13	Diogo Duarte	Maria Quaresma	\N	4	14	4	1956	117	9	6	2009	1	2	\N	1956-04-14	F	\N	\N	2009-06-09	3	S
2074	Adelina Pereira Lazaro da Conceio Martins	\N	44477	13	Gabriel Lima Lazaro	Beatriz Pereira	\N	4	3	7	1966	96	13	6	2016	2	2	\N	1966-07-03	F	\N	\N	2016-06-13	3	M
2076	Vander Garcia 	\N	177679	13	\N	Maria do Cu Mendes Garcia	\N	4	26	4	1983	130	13	4	2023	1	1	\N	1983-04-26	M	\N	\N	2023-04-13	3	S
2077	Augusta Piedade Pedroso Luiz	\N	115274	28	Elvino dos Ramos Pedroso Luiz	Rosa Piedade Domingos	\N	4	10	1	1980	128	12	4	2022	1	2	\N	1980-01-10	F	\N	\N	2022-04-12	\N	S
2078	Delfim do Ano Jesus Bonfim	\N	168846	13	Vasco Miguel Viegas do Espirito Jesus Bonfim	Maria Manuela do Ano	\N	4	23	7	1999	96	5	2	2019	1	1	\N	1999-07-23	M	\N	\N	2019-02-05	3	S
2079	Manuel Ivone Soares Bonfim	\N	75025	13	Manuel Soares Bonfim	Joana Ivone	\N	4	29	7	1977	96	9	2	2021	2	1	\N	1977-07-29	M	\N	\N	2021-02-09	3	M
2080	Adjamila Moreira Adelino	\N	147574	13	Filipe Adelino	Mariana Moreira	\N	4	31	12	1994	243	11	12	1994	1	2	\N	1994-12-31	F	\N	\N	1994-12-11	3	S
2081	Alberto Manuel da Conceio	\N	4780	13	\N	Maria da Conceio	\N	4	11	3	1936	107	6	1	1988	1	1	\N	1936-03-11	M	\N	\N	1988-01-06	3	S
2082	Valter Vaz Xavier Neto	\N	96193	13	Lzaro xavier Batista Neto	Filipa Nazar Vaz Campos	\N	4	30	10	1982	113	2	6	2023	6	1	\N	1982-10-30	M	\N	\N	2023-06-02	3	D
2083	Faustino Lima Pereira	\N	37192	13	Jose Luis Pereira 	Diamantina Armando Lima	\N	4	16	11	1957	131	17	7	2008	1	1	\N	1957-11-16	M	\N	\N	2008-07-17	3	S
2085	Dailton Piedade dos Santos	\N	196856	13	Ernesto de Carvalho dos Santos 	Aziminela Piedade dos Ramos Luiz Pedroso	\N	4	18	5	2005	80	17	8	2021	1	1	\N	2005-05-18	M	\N	\N	2021-08-17	3	S
2086	Dulce Varela de Castro Diogo	\N	165638	13	Flavio Tom Gonalves de Castro Diogo	Maria da Luz Varela Mendes Monteiro	\N	4	26	8	2002	96	15	9	2022	1	2	\N	2002-08-26	F	\N	\N	2022-09-15	3	S
2087	Juceley da Silveira Gomes	\N	147269	13	Aprigio do Espirito Santo Gomes	Paulina do Nascimento Quaresma da Silveira	\N	4	27	11	1995	81	13	12	2019	1	1	\N	1995-11-27	M	\N	\N	2019-12-13	3	S
2088	Maria Tom do Espirito Santo Fortes	\N	104379	13	Antnio da Cruz Fortes	Maria Madalena Tati do Esprito Santo	\N	4	21	12	1987	96	3	3	2021	1	2	\N	1987-12-21	F	\N	\N	2021-03-03	3	S
2089	Adriana Fortes dos Santos Barros	\N	196580	13	Adriano Pires dos Santos Barros	Maria Tom do Espirito Santo Fortes	\N	4	26	10	2006	96	1	9	2021	1	2	\N	2006-10-26	F	\N	\N	2021-09-01	3	S
2090	Marta do Espirito Santo Fortes	\N	108966	13	Antnio da Cruz Fortes 	Maria Madalena Tati do Esprito Santo	\N	4	21	9	1989	117	11	8	2022	1	2	\N	1989-09-21	F	\N	\N	2022-08-11	3	S
2091	Leonaldo Moreno Batista de Sousa	\N	158216	13	Carlos Bento Batista de Sousa	Antnia Fernandes Moreno 	\N	4	15	8	1998	96	11	12	2019	1	1	\N	1998-08-15	M	\N	\N	2019-12-11	3	S
2052	Fernanda Patricia da Paz Silva	\N	A10000971	9	\N	\N	\N	9	25	10	1978	317	18	5	2023	1	2	\N	1978-10-25	F	\N	\N	2023-05-18	\N	S
2055	Geyson Nerry Cruz da Costa	\N	84479	13	Adelino Leite da Costa	Margarida Francisca da Cruz	\N	4	6	3	1983	122	13	4	2023	1	1	\N	1983-03-06	M	\N	\N	2023-04-13	3	S
2054	Zenaida Neves Lopes do Espirito Santo	\N	147813	13	Eusbio Lopes do Espirito Santo	Cesaltina Quaresma das Neves	\N	4	30	9	1998	96	22	6	2020	1	2	\N	1998-09-30	F	\N	\N	2020-06-22	3	S
2098	Edson do Rosrio Costa	\N	103310	13	Graciano do Espirito Costa	Maria do Espirito Santo do Rosrio	\N	4	13	6	1989	209	5	10	2018	1	1	\N	1989-06-13	M	\N	\N	2018-10-05	3	S
2099	Diolanda Vicente Barros	\N	151720	13	Leonel do Espirito Santo Barros	Ana da Conceio Vicente	\N	4	14	6	1992	96	23	9	2021	1	2	\N	1992-06-14	F	\N	\N	2021-09-23	3	S
2101	Anilson dos Ramos Fernandes Afonso	\N	179187	13	Adilson Dial da Conceio Afonso	Nelzina dos Ramos Tom	\N	4	1	9	2004	96	15	7	2019	1	1	\N	2004-09-01	M	\N	\N	2019-07-15	3	S
2102	Mohamad Elkhatib	\N	184493	13	Abed Mohamad Elkhatib 	Hanife Rachid Zahara	\N	4	10	3	1966	328	5	1	2015	5	1	\N	1966-03-10	M	\N	\N	2015-01-05	3	D
2103	Anicionaide Boa Morte D Almeida Brito	\N	151636	13	Horcio D Almeida Brito	Anisalda Maria Loureno Boa Morte	\N	4	12	10	2000	81	22	7	2020	1	2	\N	2000-10-12	F	\N	\N	2020-07-22	3	S
2104	Carla Damio da Encarnao Afonso	\N	181931	13	Carlos da Encarnao Afonso	Aguida dos Santos Damio	\N	4	29	10	2004	96	22	7	2019	1	2	\N	2004-10-29	F	\N	\N	2019-07-22	3	S
2105	Vicente da Costa Boa Morte	\N	17742	13	Manuel da Boa Morte 	Leocdia Jos da Costa Boa Morte 	\N	4	7	1	1958	172	12	8	2017	1	1	\N	1958-01-07	M	\N	\N	2017-08-12	3	S
2106	Noelkid Figueiredo Martins	\N	89061	13	Gustavo dos Ramos Martins	Guilhermina Maria Figueiredo	\N	4	28	3	1982	96	9	6	2021	1	1	\N	1982-03-28	M	\N	\N	2021-06-09	3	S
2107	Argentina Maria dos Santos Jnior 	\N	210986	13	Manuel Assuno Jnior	Elsa Maria dos Santos Madeira	\N	4	14	8	1990	96	19	7	2023	1	2	\N	1990-08-14	F	\N	\N	2023-07-19	3	S
2108	Osvaldo Alves de Ceita Varela	\N	85025	13	Ral de Ceita Varela	Elvira Antnio das Neves Alves	\N	4	31	1	1981	122	23	6	2020	1	1	\N	1981-01-31	M	\N	\N	2020-06-23	3	S
2110	Inocencio Vicente Barros	\N	34395	13	Adelino Furtado de Barros 	Maria da Graa Luis Vicente	\N	4	14	7	1961	96	6	6	2016	1	1	\N	1961-07-14	M	\N	\N	2016-06-06	3	S
2111	Juventina Sebastio da Graa Neto	\N	49779	13	Tome Pedroso Signo da Graa Neto	Maria do Espirito Santo Sacramento Sebastio	\N	4	22	7	1967	141	9	9	2017	1	2	\N	1967-07-22	F	\N	\N	2017-09-09	3	S
2112	Virginia Furtado Gomes	\N	39340	13	Alfredo Jos Gomes	Maria Furtado	\N	4	3	9	1961	81	27	12	2014	1	2	\N	1961-09-03	F	\N	\N	2014-12-27	3	S
2113	Sualzillene Penhor de Sousa Pontes	\N	84689	13	Martinho de Ceita de Sousa Pontes	Ana Joaquina Penhor	\N	4	11	10	1981	135	11	8	2020	1	2	\N	1981-10-11	F	\N	\N	2020-08-11	3	S
2114	Abimael de Apresentao D Assuno Castro	\N	189467	13	Anselmo da Glria D Assuno Castro	Eleutria Fernandes D Apresentao	\N	4	12	10	2005	96	4	8	2021	1	1	\N	2005-10-12	M	\N	\N	2021-08-04	3	S
2115	Anselmo da Glria D Assuno Castro	\N	80887	13	Manuel D Assuno Castro	Juliaana Guadalupe Antnia da Glria	\N	4	5	7	1979	128	17	4	2016	1	1	\N	1979-07-05	M	\N	\N	2016-04-17	3	S
2116	Eleuteria Fernandes D Apresentao	\N	110564	13	Luciano Cosme D Apresentao	Deolinda Madria Fernandes 	\N	4	19	6	1982	96	19	7	2022	1	2	\N	1982-06-19	F	\N	\N	2022-07-19	3	S
2118	Ijailson Bragana dos Santos Dias	\N	198422	13	Ernestino dos Santos Dias	Alda Policarpo Bragana do Rosario	\N	4	3	2	2004	163	8	8	2022	1	1	\N	2004-02-03	M	\N	\N	2022-08-08	3	S
2119	Cidilha Madre Deus Nascimento	\N	161156	13	Horcio Gomes do Nascimento	Diolinda de Assuno Madre de Deus	\N	4	10	9	1994	96	17	7	2019	1	2	\N	1994-09-10	F	\N	\N	2019-07-17	3	S
2120	Guimares do Nascimento Mota 	\N	85545	13	Diamantino da Costa Mota 	Maria Dias Afonso do Nascimento	\N	4	20	7	1982	135	18	9	2020	1	1	\N	1982-07-20	M	\N	\N	2020-09-18	3	S
2121	Cremilde Viegas Pires Fernandes 	\N	99628	13	Manuel Tavares Pires Fernandes	Maria de Guadalupe Viegas Afonso	\N	4	29	1	1987	79	3	1	2023	5	2	\N	1987-01-29	F	\N	\N	2023-01-03	3	D
2122	Salder Augusto Dias	\N	171331	13	Wilder da Mota Viegas Dias	Elsa Maria Augusto	\N	4	25	8	2003	96	19	8	2022	1	1	\N	2003-08-25	M	\N	\N	2022-08-19	3	S
2123	Joo Paulo da Silveira dos Santos Cuna	\N	67340	13	Antnio dos Santos Cuna	Fausta da Silveira Cambl	\N	4	5	5	1973	96	5	10	2015	1	1	\N	1973-05-05	M	\N	\N	2015-10-05	3	S
2124	Edgemila Soares Afonso	\N	129418	13	Juvenal Martinho Neto Afonso	Agnalda Quaresma Soares	\N	4	17	6	1992	96	4	6	2018	1	2	\N	1992-06-17	F	\N	\N	2018-06-04	3	S
2126	Adolfo da Trindade Santos Cruz	\N	122150	13	Eusbio de Barros Santos da Cruz	Teodosa da Trindade Santana	\N	4	4	10	1994	96	16	9	2020	1	1	\N	1994-10-04	M	\N	\N	2020-09-16	3	S
2127	Naita da Trindade	\N	207009	13	\N	Alexandra da Trindade	\N	4	28	6	2005	96	16	1	2023	1	2	\N	2005-06-28	F	\N	\N	2023-01-16	3	S
2128	Ana Bela Tavares Fernandes Gomes	\N	129886	13	Pedro Bento Fernandes Gomes	Paula Tavares de Boa Esperana	\N	4	8	6	1993	88	30	12	2022	1	2	\N	1993-06-08	F	\N	\N	2022-12-30	3	S
2129	Cristina Fernandes Tebs	\N	162360	13	\N	Arnalda da Mota Fernandes	\N	4	15	12	1997	96	21	11	2018	2	2	\N	1997-12-15	F	\N	\N	2018-11-21	3	M
2130	Taiza da Costa do Espirito Santo	\N	158690	13	Loureno Quaresma do Espirito Santo	Anabela da Costa Pinheiro	\N	4	15	10	1998	96	27	10	2021	1	2	\N	1998-10-15	F	\N	\N	2021-10-27	3	S
2131	Ilda Antonia dos Ramos	\N	72301	13	Vasco Antonio 	Maria Tome dos Ramos	\N	4	12	1	1956	107	7	3	2012	1	2	\N	1956-01-12	F	\N	\N	2012-03-07	3	S
1523	Edrikson Monteiro de Oliveira	\N	129060	13	Carlos Andrade Bouas de Oliveira	Cesaltina Mendes Monteiro	\N	4	8	2	1993	81	5	8	2022	1	1	\N	1993-02-08	M	\N	\N	2022-08-05	3	S
2095	Belmiro de Ceita Quaresma	\N	49239	13	Canuto dos Santos Quaresma	Ester Fernandes de Ceita	\N	4	13	5	1968	96	20	3	2023	5	1	\N	1968-05-13	M	\N	\N	2023-03-20	3	D
2097	Fbio Pires Fernandes Cot	\N	202412	13	Guilherme de Almeida Fernandes Cot	Lisete de Deus Pires Francisco	\N	4	14	2	2003	96	12	8	2020	1	1	\N	2003-02-14	M	\N	\N	2020-08-12	3	S
2096	Adj da Fonseca 	\N	166901	13	\N	Arminda Paula da Fonseca 	\N	4	28	6	1989	132	8	6	2022	1	1	\N	1989-06-28	M	\N	\N	2022-06-08	3	S
2137	Mario da Costa	\N	38552	13	Joo Pires dos Santos	Maria da Glria Quaresma	\N	4	23	6	1963	172	12	3	2017	1	1	\N	1963-06-23	M	\N	\N	2017-03-12	3	S
2139	Elcy Cunha Lisboa Boa Morte	\N	188937	13	Jeremias DAlmeida Boa Morte	Maria da Conceio Sacramento Cunha Lisboa	\N	4	10	7	2005	102	6	8	2020	1	2	\N	2005-07-10	F	\N	\N	2020-08-06	3	S
2140	Silvio dos Santos da Trindade Almeida 	\N	196903	13	Milton da Trindade Almeida 	Ginizelza Soares dos Santos Carvalho	\N	4	21	11	2005	96	15	7	2021	1	1	\N	2005-11-21	M	\N	\N	2021-07-15	3	S
2141	Gueldy Jordo Loureiro	\N	96811	13	Braulio Jos de Guadalupe Loureiro	Emlia da Graa Jordo	\N	4	8	11	1985	117	14	12	2020	1	2	\N	1985-11-08	F	\N	\N	2020-12-14	3	S
2142	Milton da Trindade Almeida	\N	112630	13	Celestino Spirito Sousa de Almeida	Francisca Nascimento da Trindade	\N	4	2	7	1987	135	22	9	2022	1	1	\N	1987-07-02	M	\N	\N	2022-09-22	3	S
2143	Sara Boa Morte Benguela	\N	189478	13	Nelson Soares Fernandes Benguela	Adalzira Boa Morte Moreira	\N	4	30	9	2004	96	18	8	2020	1	2	\N	2004-09-30	F	\N	\N	2020-08-18	3	S
2144	Jakcilei Rita dos Santos Fernandes	\N	171180	13	Henriques dos Santos Afonso Fernandes	Maria Antnia da Mata Rita	\N	4	28	8	1994	96	5	3	2020	1	1	\N	1994-08-28	M	\N	\N	2020-03-05	3	S
2145	Edson Sanches Varela	\N	187131	13	Adilson da Gloria Varela	Ulisses Sanches Borges	\N	4	7	8	2005	96	29	7	2020	1	2	\N	2005-08-07	F	\N	\N	2020-07-29	3	S
2147	Joseana da Moura Ferreira	\N	P A 159183	37	Jos Jorge Ferreira Gilmete	Cndida da Moura Mendes	\N	5	24	6	1999	196	10	3	2020	1	2	\N	1999-06-24	F	\N	\N	2020-03-10	\N	S
2148	Emanuel Quitumba	\N	N 2817908	36	Conceio Quitumba	Maria da Conceio	\N	5	2	10	1988	118	16	9	2022	1	1	\N	1988-10-02	M	\N	\N	2022-09-16	\N	S
2149	Admilza Dias do Espirito Santo	\N	133930	13	Avelino de Guadalupe do Espirito Santo	Hirondina Dias do Espirito Santo	\N	4	17	9	1994	117	22	5	2023	1	2	\N	1994-09-17	F	\N	\N	2023-05-22	3	S
2150	Nlia Santiago Eusbio	\N	186987	13	Afonso dos Reis Eusbio	Adelaide Espirito Santiago Afonso	\N	4	11	5	2005	96	13	8	2020	1	2	\N	2005-05-11	F	\N	\N	2020-08-13	3	S
2151	Antnia Francisca Boa Morte	\N	41164	13	Bartolomeu do Nascimento Boa Morte	Laurinda Francisca	\N	4	1	10	1965	96	27	1	2018	1	2	\N	1965-10-01	F	\N	\N	2018-01-27	3	S
2152	Valdemar Santiago Fernandes	\N	187255	13	Alvaro de Sousa Fernandes	Idalecia Santiago Cismeiro	\N	4	13	9	2005	96	8	8	2020	1	1	\N	2005-09-13	M	\N	\N	2020-08-08	3	S
2153	Celma Bandeira Costa de Deus Lima 	\N	187132	13	Osvaldo Antnio Costa de Deus Lima	Celmira Maria de Pina Bandeira de Deus Lima	\N	4	31	3	2006	96	11	8	2020	1	2	\N	2006-03-31	F	\N	\N	2020-08-11	3	S
2155	Cleusa Borges Viegas da Conceio	\N	193505	13	Hilrio Soares Veigas da Conceio	Knia Lopes Borges	\N	4	14	6	2005	169	26	1	2021	1	2	\N	2005-06-14	F	\N	\N	2021-01-26	3	S
2156	Angela Antnia Gonalves Gnero Guedes Machado	\N	52126	13	Antnio Ferreira Gnero	Etelvina Maria Gonalves	\N	4	11	5	1968	89	24	5	2023	2	2	\N	1968-05-11	F	\N	\N	2023-05-24	3	M
2157	Genicio Pereira Martins	\N	107336	13	Diogo de Deus Martins	Januria Pereira Luiz Leal	\N	4	23	12	1981	96	16	3	2023	2	1	\N	1981-12-23	M	\N	\N	2023-03-16	3	M
2158	Dalton Fernandes	\N	140112	13	\N	Maria Alice Pita de Apresentao Fernandes	\N	4	5	9	1998	96	2	2	2022	1	1	\N	1998-09-05	M	\N	\N	2022-02-02	3	S
2159	Constncio Da Trindade Santiago Afonso 	\N	56130	13	Antnio Da Graa Santiago Afonso	Agueda Da Trindade Mandinga	\N	4	25	2	1970	117	7	4	2021	1	1	\N	1970-02-25	M	\N	\N	2021-04-07	3	S
2160	Joel Nobre Santiago Afonso	\N	198532	13	Constncio da Trindade Santiago Afonso	Maria Jos Nobre Jos Vaz	\N	4	10	9	2005	96	10	8	2021	1	1	\N	2005-09-10	M	\N	\N	2021-08-10	3	S
2161	Adjailza Silva da Glria Neto	\N	187941	13	Amrico da Glria Afonso Neto	Dulcineia Mari da Silva	\N	4	15	4	2005	96	31	7	2021	1	2	\N	2005-04-15	F	\N	\N	2021-07-31	3	S
2162	Tiago Gonalves Tavares	\N	197815	13	Apio dos Santos Tavares 	Victria Andr Gonalves D Apresentao Will	\N	4	15	3	2005	96	10	8	2021	1	1	\N	2005-03-15	M	\N	\N	2021-08-10	3	S
2164	Bernardino dos Ramos D Arajo Lima	\N	169742	13	Bernardino Diogo Arajo Lima	Leontin Andrade dos Ramos	\N	4	5	2	1990	102	16	8	2018	1	1	\N	1990-02-05	M	\N	\N	2018-08-16	3	S
2165	Btiner Fernandes dos Ramos D Arajo Lima	\N	239993	13	Bernardino dos Ramos D Arajo Lima	Milaica Maria da Trindade Fernandes	\N	4	5	6	2016	135	19	10	2021	1	1	\N	2016-06-05	M	\N	\N	2021-10-19	3	S
2166	Daniel de Carvalho Loureno Pires dos Santos	\N	129050	13	Daniel Loureno Pires dos Santos	Sandra Maria de Carvalho Pires dos Santos 	\N	4	1	10	1996	169	6	8	2022	1	1	\N	1996-10-01	M	\N	\N	2022-08-06	3	S
2167	Emeracienne Lopes Salvador Gonalves Rolim	\N	210202	13	Domitilio Carvalho Ramos Gonalves Rolim	Ivone Sousa Lopes Salvador Gonalves Rolim	\N	4	10	11	1992	124	19	8	2023	1	2	\N	1992-11-10	F	\N	\N	2023-08-19	3	S
2168	Adgey Soares Rocha	\N	115198	13	Luiz D Assuno Rocha	Dedaldina Neto Soares Moreira	\N	4	3	8	1984	157	9	10	2018	1	1	\N	1984-08-03	M	\N	\N	2018-10-09	3	S
2169	Jocelene Fernandes Boa Morte	\N	165416	13	Lzaro do Espirito Santos de  Boa Morte	Feliciana Fernandes D Apresentao	\N	4	29	4	2003	250	17	8	2022	1	2	\N	2003-04-29	F	\N	\N	2022-08-17	3	S
2170	Arnalda Inde Lopes Correia	\N	189898	13	Fernando do Rosrio Lopes Correia	Anastcia D Assuno Inde	\N	4	26	6	2005	169	16	4	2021	1	2	\N	2005-06-26	F	\N	\N	2021-04-16	3	S
1565	Joyce Ferreira	\N	168156	13	*	Alzira Barros Vaz Ferreira	\N	4	23	4	1998	107	20	1	2020	1	1	\N	1998-04-23	M	\N	\N	2020-01-20	3	S
2134	Yara dos Ramos de Ceita	\N	167755	13	Aureliano Pires de Ceita	Francisca Vicente dos Ramos	\N	4	22	3	2001	96	6	4	2023	1	2	\N	2001-03-22	F	\N	\N	2023-04-06	3	S
2136	Isilda Cambl Lima Viegas	\N	58608	13	Francisco Nazar Lima Viegas	Alcinda dos Ramos Fernandes Cambl	\N	4	3	1	1972	81	4	10	2015	1	2	\N	1972-01-03	F	\N	\N	2015-10-04	3	S
2135	Adozindo Viegas De Assuno 	\N	130769	13	Andrade Fernandes de Assuno 	Bebiana Afonso de Oliveira Viegas	\N	4	3	8	1995	96	7	10	2022	1	1	\N	1995-08-03	M	\N	\N	2022-10-07	3	S
2177	Aristteles Varela Brando	\N	189466	13	Afonso Fernandes Brando	Custdia Varela da Trindade Filipe	\N	4	1	9	2005	96	18	8	2021	1	1	\N	2005-09-01	M	\N	\N	2021-08-18	3	S
2178	Marlen Rossana de Grante Barreto	\N	78352	13	Delcio Barreto	Josefa D Assuno da Trindade Grante	\N	4	23	12	1981	96	14	5	2019	1	2	\N	1981-12-23	F	\N	\N	2019-05-14	3	S
2179	Nivaldo Grante D Assuno Costa	\N	187067	13	Paulino Miguel D Assuno Costa	Marleu Rossana de Grante Barreto 	\N	4	23	12	2005	96	24	8	2021	1	1	\N	2005-12-23	M	\N	\N	2021-08-24	3	S
2180	Armnio dos Santos Lima 	\N	182290 	13	Herminio dos Ramos Lima 	Olivia Albino dos Santos Jesus	\N	4	1	9	2004	96	17	6	2022	1	1	\N	2004-09-01	M	\N	\N	2022-06-17	3	S
2182	Liry Martins Amor Divino	\N	181062	13	Bento da Silva Amor Divino	Florncia da Cruz Martins	\N	4	24	8	2001	131	29	7	2019	1	2	\N	2001-08-24	F	\N	\N	2019-07-29	3	S
2183	Amilson da Silva Domingos das Neves	\N	188261	13	Francisco Domingos das Neves	Maria Rosa Fernandes da Silva	\N	4	9	9	2004	96	22	6	2022	1	1	\N	2004-09-09	M	\N	\N	2022-06-22	3	S
2184	Jlcina Sacramento Quaresma Neto	\N	187321	13	Jelson Myller da Trindade Quaresma Neto	Alcina Sacramento Pinto Recate	\N	4	7	4	2004	96	13	8	2020	1	1	\N	2004-04-07	M	\N	\N	2020-08-13	3	S
2185	Margarida Maria da Conceio Alves de Ceita	\N	83581	13	\N	Maria da Conceio Victoria Alves de Ceita	\N	4	24	7	1966	96	9	4	2019	1	2	\N	1966-07-24	F	\N	\N	2019-04-09	3	S
2186	Engrcio Manuel Nazar Boa Morte	\N	112218	13	Manuel	Adelaide Nazar da Silva	\N	4	8	2	1973	96	3	5	2023	1	1	\N	1973-02-08	M	\N	\N	2023-05-03	3	S
2187	Atinizia Quaresma	\N	100074	13	\N	Filomena Quaresma Manuel	\N	4	19	4	1986	122	7	3	2019	1	2	\N	1986-04-19	F	\N	\N	2019-03-07	3	S
2188	Heroina Apolinaria Gula	\N	10908	13	\N	Apolinaria Gula	\N	4	5	11	1948	81	5	8	2013	1	2	\N	1948-11-05	F	\N	\N	2013-08-05	3	S
2190	Luisa dos Santos Fernandes	\N	220235	13	Ramiro Duarte Fernandes 	Edna dos Santos Monteiro	\N	4	1	1	2006	96	24	6	2019	1	2	\N	2006-01-01	F	\N	\N	2019-06-24	3	S
2191	Julimira Xavier da Silva	\N	189079	13	Casimiro Dias do Rosrio da Silva	Juliana Xavier	\N	4	13	9	2005	96	17	8	2021	1	2	\N	2005-09-13	F	\N	\N	2021-08-17	3	S
2192	Daniela Nair Jesus Amaral Afonso Pereira	\N	187520	13	Laureano do Nascimento Afonso Pereira	Dircelena Jesus Amaral	\N	4	4	3	2005	96	1	8	2020	1	2	\N	2005-03-04	F	\N	\N	2020-08-01	3	S
2193	Larissa Major de Ceita Viegas	\N	185519	13	Dulcidio Ceita da Graa Veigas	Adalcinia Bernarda Ferreira Major 	\N	4	20	1	2006	96	8	7	2020	1	2	\N	2006-01-20	F	\N	\N	2020-07-08	3	S
2194	Elandro Costa de Ceita Viegas	\N	185518	13	Dulcidio Ceita da Graa Veigas	Irigalete dos Ramos Costa 	\N	4	7	7	2005	96	8	7	2020	1	1	\N	2005-07-07	M	\N	\N	2020-07-08	3	S
2195	Adid dos Anjos do Esprito Santo	\N	79345	13	Bengala do Nascimento do Esprito Santo	Virginia dos Anjos Antnio da Glria	\N	4	23	6	1980	138	16	12	2021	1	2	\N	1980-06-23	F	\N	\N	2021-12-16	3	S
2196	Aleksandra do Espirito Santo D Abreu Guadalupe	\N	89115	13	Eurico da Glria Viegas D Abreu	Jacinta Pascoela do Espirito Santo	\N	4	15	11	1983	198	10	5	2023	2	2	\N	1983-11-15	F	\N	\N	2023-05-10	3	M
2198	Joana Sanches Monteiro	\N	192819	13	Baltazar Sanches Ramos 	Feliciana Monteiro Tavares	\N	4	1	5	1946	329	30	11	2015	1	2	\N	1946-05-01	F	\N	\N	2015-11-30	3	S
2199	Flvia Catarina 	\N	123819	13	\N	Paulina Catarina	\N	4	18	4	1992	169	17	1	2022	1	2	\N	1992-04-18	F	\N	\N	2022-01-17	3	S
2200	Michel Joyce Vaz D Ameida	\N	174438	13	Domingos Manuel do Sacramento Vaz D Almeida	Cheroysy Joyce	\N	4	15	2	2003	81	21	7	2023	1	1	\N	2003-02-15	M	\N	\N	2023-07-21	3	S
2201	Ema Soares de Ceita Jos Fernandes 	\N	168335	13	Gregrio de Ceita Jos Fernandes	Germina Soares Pereira	\N	4	1	7	2000	96	18	10	2022	1	2	\N	2000-07-01	F	\N	\N	2022-10-18	3	S
2202	Elizangela Soares Dias Fernandes	\N	136706	13	Romeu Sebastio Fernandes	Manilza Soares Dias Saco	\N	4	23	8	1996	96	6	4	2023	1	2	\N	1996-08-23	F	\N	\N	2023-04-06	3	S
2203	Admilton Lzaro de Carvalho	\N	113068	13	\N	Fernanda Lzaro de Carvalho	\N	4	10	2	1992	105	17	5	2023	1	1	\N	1992-02-10	M	\N	\N	2023-05-17	3	S
2204	Mirdlay Santiago Fernandes Lima 	\N	182551	13	Adilson da Silva Fernandes Lima 	Edmilaide Canume Almeida Santiago	\N	4	5	9	2004	96	5	8	2019	1	2	\N	2004-09-05	F	\N	\N	2019-08-05	3	S
2205	Wilton Leite Batista de Sousa	\N	181505	13	Eustaquio da Glria Batista de Sousa	Glercinda de Ceita Soares Leite Batista de Sousa	\N	4	5	11	2003	96	1	7	2019	1	1	\N	2003-11-05	M	\N	\N	2019-07-01	3	S
2206	Wesileu do Nascimento de Almeida Barros	\N	198919	13	Dionisio Dias de Almeida Barros	Georgina da Graa do Nascimento	\N	4	20	5	2004	169	13	9	2021	1	1	\N	2004-05-20	M	\N	\N	2021-09-13	3	S
2207	Cristiana da Trindade Dias	\N	200461	13	\N	Nlia da Trindade Dias	\N	4	12	6	2005	96	17	7	2023	1	2	\N	2005-06-12	F	\N	\N	2023-07-17	3	S
2209	Danilson dos Santos da Trindade Neto 	\N	81889	13	Delcio da Graa da Trindade Neto	Maria Lima Cupertino dos Santos	\N	4	18	8	1981	96	24	4	2023	1	1	\N	1981-08-18	M	\N	\N	2023-04-24	3	S
2210	Edna Beatriz da Silva Pires Neto	\N	108679	13	Octvio do Rosario Pires Neto	Filipa Beatriz Sousa Pontes da Silva 	\N	4	12	3	1989	169	18	11	2020	1	2	\N	1989-03-12	F	\N	\N	2020-11-18	3	S
1614	Alexandre Manuel Soares de Barros	\N	49880	13	Alexandre Soares de Barros	Maria do Espirito Santo Soares de Barros	\N	4	9	12	1967	292	6	2	2019	1	1	\N	1967-12-09	M	\N	\N	2019-02-06	3	S
2174	Aguinela Monteiro do Espirito Santo	\N	187197	13	Bernardino Nelson do Espirito Santo	Ins Monteiro	\N	4	3	11	2005	96	12	8	2020	1	2	\N	2005-11-03	F	\N	\N	2020-08-12	3	S
2176	Aleksander Princesa Neto Bragana	\N	190011	13	Manuel da Cruz Neto Bragana	Amisaltina Pepe Princesa	\N	4	9	4	2004	96	26	8	2021	1	1	\N	2004-04-09	M	\N	\N	2021-08-26	3	S
2175	Patrcia da Trindade Moreira	\N	187257	13	Carlos Alberto Lopes Gonalves Moreira	Izaura Bonifcio da Trindade	\N	4	11	1	2005	81	15	7	2020	1	2	\N	2005-01-11	F	\N	\N	2020-07-15	3	S
2217	Orlando Bandeira Jorge	\N	19267	13	Manuel Jorge	Maria D Alva Tiolo Bandeira	\N	4	15	9	1950	81	8	2	2001	1	1	\N	1950-09-15	M	\N	\N	2001-02-08	3	S
2218	Luizildo do Rosrio Gomes Sousa Pontes	\N	145559	13	Jos Luiz da Graa de Sousa Pontes	Diamantina Matias do Rosrio	\N	4	21	9	1995	96	8	6	2021	2	1	\N	1995-09-21	M	\N	\N	2021-06-08	3	M
2219	Maura Martins Vaz	\N	204231	13	Nelson Dias Vaz	Dignalda Martins da Cruz	\N	4	19	2	2005	96	13	7	2022	1	2	\N	2005-02-19	F	\N	\N	2022-07-13	3	S
2220	Suzana da Mata Pereira de Castro	\N	196763	13	Amilcar Garcs Pereira de Castro	Beatriz Pereira da Mata	\N	4	23	6	2003	80	9	3	2021	1	2	\N	2003-06-23	F	\N	\N	2021-03-09	3	S
2221	Fernando Francisco de Oliveira	\N	45814	13	Francisco	Alice de Oliveira	\N	4	28	6	1958	83	5	7	2019	1	1	\N	1958-06-28	M	\N	\N	2019-07-05	3	S
2222	Lucinda de Pina Gonalves	\N	193213	13	Lucas Gonalves 	Liticia de Pina	\N	4	2	5	1962	332	24	11	2015	1	2	\N	1962-05-02	F	\N	\N	2015-11-24	3	S
2223	Julieta Elisa das Dores da Costa Trulha Muhongo	\N	98981	13	Elisio da Costa Trulha 	Maria das Dores	\N	4	23	3	1971	120	31	8	2015	2	2	\N	1971-03-23	F	\N	\N	2015-08-31	3	M
2224	Clara da Costa Muhongo	\N	205439	13	Joo Manuel Muhongo da Trindade	Julieta Elisa das Dores da Costa Trulha Muhongo	\N	4	27	5	2007	96	7	12	2022	1	2	\N	2007-05-27	F	\N	\N	2022-12-07	3	S
2226	Mirtes Sousa Trindade Rodrigues do Nascimento 	\N	185837	13	Gustavo da Silva Cruz Rodrigues do Nascimento	Leonor Maria Viegas de Sousa Trindade	\N	4	9	8	2005	96	4	8	2020	1	2	\N	2005-08-09	F	\N	\N	2020-08-04	3	S
2227	Arnildo Keita Carneiro Marques de Alva	\N	32991192 9 ZZ 5	10	Roderico Marques de Alva	Dalila	\N	6	11	4	1977	96	3	8	2021	1	1	\N	1977-04-11	M	\N	\N	2021-08-03	\N	S
2228	Ster Janeth Ribeiro Sanzuela 	\N	256445	13	Antnio Sanzuela	Virginia dos Santos Ribeiro	\N	4	11	12	2002	333	21	8	2023	1	2	\N	2002-12-11	F	\N	\N	2023-08-21	3	S
2229	Wilson Quaresma da Costa	\N	185137	13	Jos do Espirito Santo Costa	Florentina Quaresma do Sacramento	\N	4	5	3	1989	131	10	5	2022	1	1	\N	1989-03-05	M	\N	\N	2022-05-10	3	S
2230	Disney Manuel Afonso da Trindade	\N	116549	13	Custdio Nazar da Trindade	Justina Manuel	\N	4	2	4	1989	96	27	1	2023	1	1	\N	1989-04-02	M	\N	\N	2023-01-27	3	S
2231	Ctia do Carmo S Rodrigues	\N	C B 041834	6	Mrio Alves Rodrigues 	Rosa da Conceio Rodrigues de S	\N	5	4	10	1989	334	19	8	2019	6	2	\N	1989-10-04	F	\N	\N	2019-08-19	\N	D
2232	Adnilza da Veiga Silva Rocha 	\N	195041	13	Adilson da Silva Rocha	Elizia do Nascimento da Veiga	\N	4	18	4	2002	96	18	1	2022	1	2	\N	2002-04-18	F	\N	\N	2022-01-18	3	S
2233	Aleina Neto Sousa	\N	179426	13	\N	Edvilma Neto Sousa	\N	4	7	6	2004	96	20	9	2023	1	2	\N	2004-06-07	F	\N	\N	2023-09-20	3	S
2235	Rossiner Ferreira Nunes Novais	\N	116751	13	Ernesto Nazar de Novais	Rosa Maria Ferreira Nunes	\N	4	20	12	1992	172	11	9	2021	1	1	\N	1992-12-20	M	\N	\N	2021-09-11	3	S
2236	Angela da Mata Ferreira de Castro	\N	162081	13	Amilcar Garcs Pereira de Castro	Beatriz Pereira da Mata	\N	4	22	11	1995	81	6	8	2018	1	2	\N	1995-11-22	F	\N	\N	2018-08-06	3	S
2237	Norberto Noronha dos Santos Loureno	\N	146538	13	Herdio Quaresma dos Santos Loureno	Valentina do Nascimento Noronha	\N	4	28	10	1997	96	6	7	2020	1	1	\N	1997-10-28	M	\N	\N	2020-07-06	3	S
2238	Adilza Vila Nova da Silva	\N	197581	13	Adelino Isabel Mota da Silva	Luiza Bom Jesus Vila Nova	\N	4	24	6	2003	99	20	9	2021	1	2	\N	2003-06-24	F	\N	\N	2021-09-20	3	S
2239	Jorziley Nascimento Correia	\N	188227	13	Dodamim Semedo Correia 	Albertina Semedo do Nascimento	\N	4	2	5	2005	96	24	7	2020	1	1	\N	2005-05-02	M	\N	\N	2020-07-24	3	S
2240	Argimiro do Espirito Santo Martins	\N	79473	13	Bonifcio Afonso Martins 	Beatriz Rodrigues do Espirito Santo	\N	4	24	8	1980	79	24	3	2023	1	1	\N	1980-08-24	M	\N	\N	2023-03-24	3	S
2241	Deriney Cravid Pereira	\N	110079	13	Antnio Martins Pereira	Maria Escolstica da Costa Cravid	\N	4	10	12	1990	107	26	4	2023	2	1	\N	1990-12-10	M	\N	\N	2023-04-26	3	M
2242	Railsa Loureno 	\N	258543	13	\N	Idelcimam dos Ramos Loureno	\N	4	7	12	2005	214	18	9	2023	1	2	\N	2005-12-07	F	\N	\N	2023-09-18	3	S
2244	Dioliver D Assuno Piedade Viana	\N	162447	13	Maxiniano Cuna Piedade Viana	Francisca Trindade Lima D Assuno	\N	4	8	4	1997	96	23	4	2022	1	1	\N	1997-04-08	M	\N	\N	2022-04-23	3	S
2245	Cristina  Dias dos Ramos	\N	146745	13	Manuel Francisco Dos Ramos dos Santos	Apolonia Soares Dias da Trindade	\N	4	6	9	1997	163	23	10	2019	1	1	\N	1997-09-06	M	\N	\N	2019-10-23	3	S
2246	Daniela Fernandes de Sousa	\N	178313	13	\N	Otilia Cosma Fernandes de Sousa	\N	4	1	4	2001	81	11	7	2019	1	2	\N	2001-04-01	F	\N	\N	2019-07-11	3	S
2247	Wilma de Carvalho Sousa Pontes 	\N	130549	13	Anastcio Lima de Sousa Pontes	Tereza Diniz da Mata de Carvalho	\N	4	3	2	1994	96	15	8	2022	1	2	\N	1994-02-03	F	\N	\N	2022-08-15	3	S
2248	Anita Patricio Matias 	\N	113327	13	Eugnio D Apresentao Matias	Isilda Pereira da Mata Patrcio	\N	4	15	8	1992	81	20	8	2019	1	2	\N	1992-08-15	F	\N	\N	2019-08-20	3	S
2249	Nisley Lucas Fernandes D Jamboni	\N	122906	13	Eduardo Manuel Fernandes D Jamboni	Candida da Trindade Lucas	\N	4	21	7	1984	81	7	11	2018	1	1	\N	1984-07-21	M	\N	\N	2018-11-07	3	S
2250	Maurizette Frota dos Santos Vera Cruz	\N	126792	13	Helder da Trindade Dos Santos	Fernanda dos Ramos Frota	\N	4	7	5	1987	79	8	12	2021	2	2	\N	1987-05-07	F	\N	\N	2021-12-08	3	M
2213	Jelson Fonseca da Trindade	\N	251824	13	Leonel Marques da Trindade	Eulina Fonseca do Espirito Santo	\N	4	16	9	1997	331	16	5	2023	1	1	\N	1997-09-16	M	\N	\N	2023-05-16	3	S
2215	Edmilson Pires Nascimento	\N	198580	13	Wilson de Ancarnao Nascimento	Sumeila Guadalupe dos Ramos Pires	\N	4	25	5	2003	131	4	8	2021	1	1	\N	2003-05-25	M	\N	\N	2021-08-04	3	S
2214	Mery Martins de Almeida	\N	174919	13	Felisberto de Almeida Batista Neto	Maria Inocencia Martins Montinho	\N	4	1	5	2003	96	16	4	2019	1	2	\N	2003-05-01	F	\N	\N	2019-04-16	3	S
2257	Edmilson Fernandes da Graa Tron	\N	103211	13	Lucas da Graa Tron	Aurora Fernandes Cupretino Varela	\N	4	30	3	1989	135	15	6	2020	2	1	\N	1989-03-30	M	\N	\N	2020-06-15	3	M
2258	Josu Tron de Oliveira Viegas	\N	257369	13	Francisco da Conceio de Oliveira Viegas	Albertina da Graa Tron	\N	4	10	3	1993	165	23	8	2023	1	1	\N	1993-03-10	M	\N	\N	2023-08-23	3	S
2259	Onacler da Conceio Dias Catarina	\N	128720	13	Tom Dias Catarina	Maria da Conceio Ferreira dos Reis	\N	4	22	3	1994	81	4	6	2018	1	1	\N	1994-03-22	M	\N	\N	2018-06-04	3	S
2260	rica da Veiga Gomes	\N	202350	13	Dionisio das Neves Gomes	Hermenigilda Veiga da Quaresma	\N	4	23	2	2006	81	9	11	2021	1	2	\N	2006-02-23	F	\N	\N	2021-11-09	3	S
2261	Dionisio das Neves Gomes	\N	51513	13	Vasco Catarina Gomes	Adelaide da Graa Tom das Neves	\N	4	9	10	1971	96	29	9	2022	2	1	\N	1971-10-09	M	\N	\N	2022-09-29	3	M
2262	Adleica dos Santos Pedroso 	\N	164827	13	Elvino dos Ramos Luiz Pedroso 	Maria Alice dos Santos	\N	4	3	2	1998	96	2	10	2023	1	2	\N	1998-02-03	F	\N	\N	2023-10-02	3	S
2263	Carlina Sofia da Cruz Pereira	\N	206401	13	Carlos de Almeida Fernandes Pereira	Mercelina Fonseca da Cruz	\N	4	6	11	2006	191	7	7	2023	1	1	\N	2006-11-06	M	\N	\N	2023-07-07	3	S
2264	Azileica Joana Pereira 	\N	158253	13	Aleixo dos Ramos Pereira	Joana Antnia	\N	4	21	3	1999	96	12	9	2023	1	2	\N	1999-03-21	F	\N	\N	2023-09-12	3	S
2266	Valdeley de Barros Rompo	\N	169623	13	Antnio Rompo da Piedade Viana 	Filipa Luisa de Barros Gaspar	\N	4	23	9	1993	96	31	7	2019	1	2	\N	1993-09-23	F	\N	\N	2019-07-31	3	S
2267	Frederico Camilo Massamba	\N	B10000388	9	Massamba Diambu Tuku	Teresa Paula	\N	9	22	5	1986	336	29	10	2021	1	1	\N	1986-05-22	M	\N	\N	2021-10-29	\N	S
2268	Celestina da Cruz Soares	\N	42272	13	Manuel Fernandes Soares	Maria da Cruz	\N	4	12	3	1959	172	17	3	2014	1	2	\N	1959-03-12	F	\N	\N	2014-03-17	3	S
2269	Isaia Cristino da Graa de Sousa 	\N	159312	13	Ilidio Ramos da Costa de Sousa	Narciza Cristina da Graa	\N	4	3	10	1999	256	26	9	2022	1	1	\N	1999-10-03	M	\N	\N	2022-09-26	3	S
2270	Hortncia Fernandes do Sacramento de Sousa Tte	\N	94288	13	Manuel do Sacramento Lima de Sousa	Eugnia Afonso Guey Fernandes	\N	4	10	10	1985	122	16	8	2023	4	2	\N	1985-10-10	F	\N	\N	2023-08-16	3	V
2271	Iolando Fernandes Pedroso Lima 	\N	129896	13	Jos Luis Pedroso Lima	Pascoa Maria Fernandes do Nascimento	\N	4	26	7	1995	96	2	8	2023	1	1	\N	1995-07-26	M	\N	\N	2023-08-02	3	S
2272	Loid Santos de Melo	\N	168780	13	Carlos Moreira de Melo	Maria Madre Deus do Espirito Santo Melo	\N	4	26	12	1998	96	30	6	2021	1	2	\N	1998-12-26	F	\N	\N	2021-06-30	3	S
2274	Mariano Afonso Neto	\N	53388	13	Adalpino Dias Afonso Neto	Maria Celeste	\N	4	15	1	1970	81	22	6	2022	1	1	\N	1970-01-15	M	\N	\N	2022-06-22	3	S
2275	Nilkia Coelho da Graa Boa Morte	\N	130778	13	Marcelino Martinho da Graa	Antonieta do Rosrio Coelho	\N	4	11	1	1997	96	24	8	2020	2	2	\N	1997-01-11	F	\N	\N	2020-08-24	3	M
2276	Yara Sofia Fernandes Quaresma dos Santos	\N	176843	13	Julio Vicente Quaresma dos Santos	Balbina Antnia Fernandes Pereira	\N	4	7	9	2001	82	7	10	2020	1	2	\N	2001-09-07	F	\N	\N	2020-10-07	3	S
2277	Eliseu Sousa Pontes D Assuno	\N	146937	13	Manuel Afonso de Assuno	Alzira Henriques Sousa Pontes D Assuno	\N	4	8	12	1997	96	2	10	2020	1	1	\N	1997-12-08	M	\N	\N	2020-10-02	3	S
2278	Ancileide Batista Nazar Rompo	\N	145582	13	Abenilde Afonso Nazar	Cremilde Maria Batista Vaz do Rosrio	\N	4	28	8	1999	96	25	7	2019	2	2	\N	1999-08-28	F	\N	\N	2019-07-25	3	M
2279	Margarida Semedo Fernandes	\N	47229	13	Joo Tavares Fernandes	Ftima Semedo	\N	4	12	3	1963	117	8	9	2014	1	2	\N	1963-03-12	F	\N	\N	2014-09-08	3	S
2281	Kedma Rompo Jordo  Dias Jesus	\N	114929	13	Baltazar Jordo Fernandes Dias	Octvia da Graa Rompao Dias	\N	4	5	6	1992	135	31	12	2019	2	2	\N	1992-06-05	F	\N	\N	2019-12-31	3	M
2282	Atanaisa Catarina da Glria	\N	144887	13	Antnio Sebastaio da Silva da Glria	Cesaltina Afonso de Sousa Catarina	\N	4	12	12	1998	96	4	2	2020	1	2	\N	1998-12-12	F	\N	\N	2020-02-04	3	S
2283	Ktia Patricia Alves Nobre Carvalho	\N	116686	13	Carlos Alberto Esteves Nobre de Carvalho	Domingas Josefina Alves	\N	4	17	4	1993	88	22	4	2019	1	2	\N	1993-04-17	F	\N	\N	2019-04-22	3	S
231	Samira Lima da Cruz	\N	144595	5	Gilberto Nazar da Cruz	Julia da Conceio Lima	\N	4	10	10	1999	81	4	4	2019	1	2	\N	1999-10-10	F	\N	\N	2019-04-04	\N	S
2284	Y Altimisia Guimares Fernandes 	\N	124835	13	Alberto D Assuno Fernandes 	Deolinda Amrica Guimares 	\N	4	1	4	1992	135	4	10	2023	1	2	\N	1992-04-01	F	\N	\N	2023-10-04	3	S
2285	Osmar da Conceio Afonso	\N	169330	13	Rubem Aguiar Afonso 	Fernanda da Conceio Andreza	\N	4	31	7	1992	126	24	11	2022	1	1	\N	1992-07-31	M	\N	\N	2022-11-24	3	S
2286	Sila Cardoso Pires Dias	\N	167178	13	Manuel Pires Dias	Olinda Cardoso Rodrigues	\N	4	18	6	1996	88	17	6	2022	1	2	\N	1996-06-18	F	\N	\N	2022-06-17	3	S
2287	Nialsinho Viegas D Arajo Leite	\N	124603	13	Aristides D Araujo Leite	Bebiana Antnia Viegas	\N	4	21	12	1991	157	18	1	2021	1	1	\N	1991-12-21	M	\N	\N	2021-01-18	3	S
2344	Leonalda Lima Soares Bonfim 	\N	212040	13	Berlindo DAraujo Soares Bonfim 	Belita Varela dos Santos Lima	\N	4	19	11	2005	198	15	6	2023	1	2	\N	2005-11-19	F	\N	\N	2023-06-15	3	S
2343	Dulcinia Ceita Major de Ceita Veigas	\N	172344	13	Dulcidio Ceita da Graa Veigas	Adalcinia Bernarda Ferreira Major 	\N	4	2	2	2004	96	15	8	2023	1	2	\N	2004-02-02	F	\N	\N	2023-08-15	3	S
1645	Kadmiela dos Ramos Rodrigues Boa Morte 	\N	113889	13	Hirondino de Assuno Rodrigues	Isidora Amadeu dos Ramos	\N	4	14	1	1992	81	14	6	2019	2	2	\N	1992-01-14	F	\N	\N	2019-06-14	3	M
2253	Willian Rodrigues de Carvalho Rompo	\N	128345	13	Martinho Nobre de Carvalho Rompo	Antnia Rodrigues da Cunha Pires	\N	4	20	5	1996	96	29	11	2022	1	1	\N	1996-05-20	M	\N	\N	2022-11-29	3	S
2256	Jussara Patricia Correia Fernandes	\N	P A 272162	38	Joo Varela Fernandes 	Susana Barbosa Correia	\N	5	17	7	2002	196	4	7	2022	1	2	\N	2002-07-17	F	\N	\N	2022-07-04	\N	S
2254	Heldney de Almeida Trindade	\N	162048	13	Francisco do Sacramento da Trindade	Catarina Fernandes Vaz de Almeida	\N	4	29	12	1996	81	17	7	2023	1	1	\N	1996-12-29	M	\N	\N	2023-07-17	3	S
2335	Helder Afonso Pires dos Santos	\N	82335	13	Amilcar Pires dos Santos	Fernanda Jordo Afonso	\N	4	17	3	1981	128	26	7	2018	1	1	\N	1981-03-17	M	\N	\N	2018-07-26	3	S
2334	Elzira Bandeira DAbreu	\N	103916	13	Jos Catarina Almeida Viegas DAbreu	Paula dos Santos Bandeira	\N	4	1	9	1988	87	17	5	2021	1	2	\N	1988-09-01	F	\N	\N	2021-05-17	3	S
2333	Leonaldo de Sousa Pontes do Sacramento	\N	174941	13	Antnio Almeida do Sacramento	Maria Paula Dias de Sousa Pontes	\N	4	9	3	2001	169	11	12	2020	1	1	\N	2001-03-09	M	\N	\N	2020-12-11	3	S
2332	Jorsy da Graa 	\N	92118	13	\N	Armanda Silvestre da Graa	\N	4	17	3	1982	96	8	7	2020	1	2	\N	1982-03-17	F	\N	\N	2020-07-08	3	S
2330	Catarina Amlia Bino Maria 	\N	78322	13	Joo Maria 	Maria Amlia Bino	\N	4	2	4	1980	187	10	2	2023	1	2	\N	1980-04-02	F	\N	\N	2023-02-10	3	S
2329	Alex Batista Faleiro	\N	94699	13	Alberto Faleiro	Maria Francisca das Neves Batista	\N	4	7	5	1986	276	3	5	2022	1	1	\N	1986-05-07	M	\N	\N	2022-05-03	3	S
2328	Juvenal Monteiro da Cruz	\N	73886	13	Celestino Jos da Cruz	Maria do Rosrio Monteiro	\N	4	23	12	1977	298	27	9	2022	2	1	\N	1977-12-23	M	\N	\N	2022-09-27	3	M
2327	Tarsis Judite do Espirito Santo	\N	140039	13	Mario Soares do Espirito Santo	Francisca Judite dos Santos	\N	4	4	11	1997	186	12	2	2019	1	1	\N	1997-11-04	M	\N	\N	2019-02-12	3	S
2326	Raia Loureno Viegas de Abreu	\N	212901	13	Sabino Lus Viegas de Abreu	Cicilia Mand Loureno	\N	4	12	8	2006	96	16	8	2023	1	2	\N	2006-08-12	F	\N	\N	2023-08-16	3	S
2325	Ceclia Mandu Lourena	\N	66173	13	Cosme Joo Loureno	Maria da Cruz Antnia Mand	\N	4	22	9	1973	81	11	9	2023	1	2	\N	1973-09-22	F	\N	\N	2023-09-11	3	S
2324	Cesaltina de Andrade	\N	00033	13	\N	Maria de Andrade	\N	4	27	11	1958	236	9	1	2004	1	2	\N	1958-11-27	F	\N	\N	2004-01-09	3	S
2322	Paulino dos Santos Fortes	\N	106806	13	Afonso Cipriano Fortes	Teodora dos Santos	\N	4	18	10	1977	163	6	8	2021	1	1	\N	1977-10-18	M	\N	\N	2021-08-06	3	S
2321	Jos Menezes de Pinho Vaz	\N	197168	13	Andr do Espirito Santo Vaz	Maria Jos dos Ramos Menezes de Pinho	\N	4	9	7	2005	96	12	8	2022	1	1	\N	2005-07-09	M	\N	\N	2022-08-12	3	S
2320	Cleyton Gonalves Pereira	\N	190046	13	Manuel Pereira	Adelaide Gonalves do Espirito Santo	\N	4	27	8	2003	96	19	8	2021	1	1	\N	2003-08-27	M	\N	\N	2021-08-19	3	S
2319	Osvaldo Cravid da Silva	\N	202409	13	Edemundo Nazar da Silva	Adilza Cravid da Graa	\N	4	12	9	2008	96	2	8	2023	1	1	\N	2008-09-12	M	\N	\N	2023-08-02	3	S
2318	Edemundo Nazar da Silva	\N	110090	13	Herminio da Silva	Adelina Nazar	\N	4	15	3	1979	81	14	12	2021	1	1	\N	1979-03-15	M	\N	\N	2021-12-14	3	S
2317	Adneiza Figueiredo de Sousa Pontes	\N	204364	13	Anastcio Lima de Sousa Pontes	Ermelinda Maria da Graa Figueiredo	\N	4	19	7	2001	81	26	7	2023	1	2	\N	2001-07-19	F	\N	\N	2023-07-26	3	S
2315	Maria de Ftima Gomes Moreira	\N	58073	13	Izidoro Moreira	Antnia Gomes	\N	4	26	4	1970	132	31	5	2021	1	2	\N	1970-04-26	F	\N	\N	2021-05-31	3	S
2314	Helder da Glria Pinto	\N	30633	13	Egidio Pinto	Maria Jorge Antnio da Glria	\N	4	9	5	1962	81	28	10	2020	1	1	\N	1962-05-09	M	\N	\N	2020-10-28	3	S
2313	Jaimito Vicente Carvalho	\N	151232	13	Jaime Carvalho Afonso	Ana da Conceio Vicente	\N	4	28	10	2000	96	9	9	2020	1	1	\N	2000-10-28	M	\N	\N	2020-09-09	3	S
2312	Incio de Ceita Afonso Neto	\N	90317	13	Agostinho de Sousa Afonso Neto	Maria Constancia Tom de Ceita	\N	4	23	8	1973	96	13	12	2019	2	1	\N	1973-08-23	M	\N	\N	2019-12-13	3	M
2311	Catarina Neto Barroso	\N	210373	13	Nelson Soares Rocha Barroso 	Viemilda Quaresma Neto	\N	4	24	5	2002	96	9	2	2023	1	2	\N	2002-05-24	F	\N	\N	2023-02-09	3	S
2310	Kelvio Vaz da Glria 	\N	146361	13	Clementino de Barros da Glria	Dialina Martins Vaz DAlmeida	\N	4	25	3	1997	96	15	9	2021	1	1	\N	1997-03-25	M	\N	\N	2021-09-15	3	S
2309	Idite Esteves de Sousa Pontes	\N	56081	13	Damio Vilhete de Sousa Pontes	Irene Maria Alves Esteves 	\N	4	21	2	1970	131	22	12	2020	1	2	\N	1970-02-21	F	\N	\N	2020-12-22	3	S
2307	Dalton Neto da Costa	\N	134964	13	Jaime Monteiro da Costa	Idalina Fernandes do Sacramento Neto da Costa	\N	4	1	6	1997	96	3	4	2023	2	1	\N	1997-06-01	M	\N	\N	2023-04-03	3	M
2306	Tatiana Quaresma dos Ramos	\N	186533	13	Zeferino de Cristo dos Ramos	Maria da Conceio Quaresma das Neves Carvalho	\N	4	22	8	2003	96	2	7	2020	1	2	\N	2003-08-22	F	\N	\N	2020-07-02	3	S
2305	Luis Costantino	\N	42086	13	Constantino	Maria Leocadia	\N	4	15	7	1959	81	21	1	2013	1	1	\N	1959-07-15	M	\N	\N	2013-01-21	3	S
2304	Elizete DAlva Viegas 	\N	194586	13	Adarlim do Sacramento Viegas	Maria Quaresma Xavier Francisco DAlva	\N	4	13	4	1974	96	31	5	2023	1	2	\N	1974-04-13	F	\N	\N	2023-05-31	3	S
2303	Alcino da Silva Almeida	\N	167384	13	Octavio dos Santos de Almeida	Arlinda Correia Ganete da Silva	\N	4	31	8	1996	117	24	3	2023	1	1	\N	1996-08-31	M	\N	\N	2023-03-24	3	S
2302	Gercileyde Vaz da Conceio Paquete Amaro	\N	129907	13	Georgino de Jesus Paquete	Elisia Coelho Vaz da Conceio	\N	4	15	6	1994	96	20	12	2022	2	2	\N	1994-06-15	F	\N	\N	2022-12-20	3	M
2301	Gualter Varela Furtado	\N	89160	13	Carlos Alberto Mendes Furtado	Maria Margarida Evora Varela	\N	4	5	7	1981	79	17	11	2021	1	1	\N	1981-07-05	M	\N	\N	2021-11-17	3	S
1686	Erasmo Barros Costa Nascimento	\N	98001	13	Eugnio Bizarro Nascimento 	Alcina Conceio de Barros Costa	\N	4	31	8	1985	194	18	10	2021	1	1	\N	1985-08-31	M	\N	\N	2021-10-18	3	S
2339	Ig Quaresma Leite 	\N	137963	13	Augusto Pinto  Leite 	Lidia das Neves Quaresma	\N	4	29	12	1997	96	23	10	2023	1	1	\N	1997-12-29	M	\N	\N	2023-10-23	3	S
2337	Suary Mendes da Costa 	\N	172593	13	Mariano Neto da Costa 	Cecilia da Conceio Mendes	\N	4	4	5	2002	96	18	8	2022	1	2	\N	2002-05-04	F	\N	\N	2022-08-18	3	S
2338	Jos de Jesus Quaresma	\N	67579	13	Nicolau Paixo Quaresma	Helena de Jesus Bonfim	\N	4	24	4	1963	81	25	3	2022	1	1	\N	1963-04-24	M	\N	\N	2022-03-25	3	S
50	Aldimira Almeida da Graa Jos Narciso	\N	37892	5	Manuel da Graa Jos Narciso	Alice da Trindade Neto Jos Cruz D Almeida	\N	4	14	12	1966	128	7	12	2018	1	2	\N	1966-12-14	F	\N	\N	2018-12-07	\N	S
56	Waiziley Quaresma Lima	\N	154273	5	Manuel Afonso dos Barros Lima	Maria Esperana de Almeida Quaresma	\N	4	10	12	1991	131	12	5	2021	1	1	\N	1991-12-10	M	\N	\N	2021-05-12	\N	S
58	Claudino do Nascimento Major	\N	65753	5	Cosme Pereira Ferreira Major	Diolinda Ana do Nascimento	\N	4	5	4	1971	81	27	4	2015	1	1	\N	1971-04-05	M	\N	\N	2015-04-27	\N	S
68	Erikson Pires dos Santos Cravid	\N	96968	5	Deogenes Nascimento Jesus Cravid	Lizete Pires dos Santos de Carvalho	\N	4	22	5	1985	110	24	10	2017	1	1	\N	1985-05-22	M	\N	\N	2017-10-24	\N	S
80	Sydney da Costa  Fernandes Afonso	\N	97259	5	Andre Fernandes Afonso	Aida Bonfim da Costa	\N	4	27	11	1985	122	26	5	2019	1	1	\N	1985-11-27	M	\N	\N	2019-05-26	\N	S
89	Tnia Dias Rodrigues 	\N	185024	5	Manuel Tavares Fernandes Rodrigues	Maria de Jesus Rompo	\N	4	17	8	1994	146	18	5	2021	1	2	\N	1994-08-17	F	\N	\N	2021-05-18	\N	S
97	Kleyd Tavares de Apresentao Afonso	\N	92251	5	Albino Afonso Vaz D Almeida	Rosa Tavares de Apresentao	\N	4	30	4	1983	103	29	12	2020	2	1	\N	1983-04-30	M	\N	\N	2020-12-29	\N	M
106	Aurea  da Glria Afonso	\N	144888	5	Antnio dos Santos Afonso Jnior 	Clementina Carvalho da Glria	\N	4	28	2	1997	81	16	6	2020	1	2	\N	1997-02-28	F	\N	\N	2020-06-16	\N	S
117	Tome Alberto da Trindade	\N	73945	5	Manuel Tome da Trindade	Maria Alberto	\N	4	4	2	1974	96	10	3	2014	1	1	\N	1974-02-04	M	\N	\N	2014-03-10	\N	S
125	Naudia da Graa do Espirito Santo	\N	165816	5	Francisco Pires do Espirito Santo	Celisa da Graa Leopoldino	\N	4	8	4	2002	150	14	8	2017	1	2	\N	2002-04-08	F	\N	\N	2017-08-14	\N	S
135	Neide Ramos de Oliveira Viegas	\N	181375	5	Leopoldo da Cruz de Oliveira Viegas	Arcngela Vasconcelos Ramos 	\N	4	30	12	1999	81	2	2	2021	1	2	\N	1999-12-30	F	\N	\N	2021-02-02	\N	S
137	Feliciano Gonalves Bonfim	\N	170218	5	\N	Maria de Ftima Gonalves Bonfim	\N	4	21	10	1998	114	6	1	2018	1	1	\N	1998-10-21	M	\N	\N	2018-01-06	\N	S
138	Lucila do Espirito Santo da Fonseca dos Ramos	\N	12051	5	Francisco Antnio da Fonseca 	Ricardina do  Espirito Santo	\N	4	26	4	1948	96	29	10	2018	4	2	\N	1948-04-26	F	\N	\N	2018-10-29	\N	V
149	Feliciana Loureno Quaresma de Sousa Pontes	\N	28063	5	Manuel Solter da Encarnao Sousa Pontes 	Joana Quaresma Catarina	\N	4	8	1	1954	117	6	6	2011	1	2	\N	1954-01-08	F	\N	\N	2011-06-06	\N	S
162	Jedymilson dos Ramos Diogo	\N	165477	5	Bernardete dos Ramos Diogo	\N	\N	4	23	9	2002	96	27	6	2017	1	1	\N	2002-09-23	M	\N	\N	2017-06-27	\N	S
171	Ester Tavares Monte Verde	\N	136298	5	Agostinho Manuel Monte Verde	Maria dos Reis Juliana Tavares	\N	4	7	2	1997	83	8	2	2019	1	2	\N	1997-02-07	F	\N	\N	2019-02-08	\N	S
177	Gertrudes do Espirito da Veiga	\N	115622	5	Joo Lopes da Veiga	Dorminda do Espirito	\N	4	30	10	1974	81	13	3	2019	1	2	\N	1974-10-30	F	\N	\N	2019-03-13	\N	S
180	Roberto Lucas Gaspar 	\N	53670	13	Manuel Gaspar 	Tereza da Trindade Lucas	\N	4	26	10	1967	81	2	9	2017	1	1	\N	1967-10-26	M	\N	\N	2017-09-02	3	S
187	Wadilcineia da Conceio Gomes	\N	145094	5	Tom das Neves Gomes	Maria do Cu da Conceio Neto	\N	4	28	1	1999	117	16	7	2020	1	2	\N	1999-01-28	F	\N	\N	2020-07-16	\N	S
198	Eguiner Pinto Ceita Marques	\N	140917	5	Tom Ceita Marques	Agnela Pinto do Sacramento Ceita Marques	\N	4	6	4	1998	81	26	11	2018	1	1	\N	1998-04-06	M	\N	\N	2018-11-26	\N	S
207	Arlete de Encarnao Sacramento da Trindade	\N	174901	5	Agildo Sacramento da Trindade	Pscoa da Conceio de Encarnao	\N	4	3	9	2003	117	6	2	2019	1	2	\N	2003-09-03	F	\N	\N	2019-02-06	\N	S
2299	Edjana Bengala Dias Viegas Soares	\N	97497	13	Caetano de Assuno Dias Viegas 	Deolinda Fernandes Dias Bengala	\N	4	30	5	1985	81	29	9	2020	2	2	\N	1985-05-30	F	\N	\N	2020-09-29	3	M
2298	Aniquilza Mendes da Rocha	\N	129211	13	Pedro Ferreira da Rocha	Alcinda da Conceio Mendes	\N	4	20	1	1997	96	16	8	2022	1	2	\N	1997-01-20	F	\N	\N	2022-08-16	3	S
2297	Miker Cabinda Pinheiro	\N	152321	13	Guilhermino Fernandes Pinheiro 	Maria Isabel Cabinda Costa	\N	4	9	1	1993	96	29	9	2020	1	1	\N	1993-01-09	M	\N	\N	2020-09-29	3	S
2295	Jossciana de Apresentao Afonso	\N	117864	13	Jos da Conceio Afonso	Luciana Carvalho DApresentao	\N	4	21	2	1992	131	13	8	2019	1	2	\N	1992-02-21	F	\N	\N	2019-08-13	3	S
2294	Jutercia de Assuno Clotilde Almeida de Abreu da Costa Vaz	\N	108606	13	Jos Pimenta Patrcio de Abreu	Eleutria Almeida da Glria	\N	4	15	1	1992	81	6	6	2022	2	2	\N	1992-01-15	F	\N	\N	2022-06-06	3	M
2293	Mauro do Espirito Santo Antnio 	\N	174900	13	Jos Antnio	Odete Martins do Esprito Santo	\N	4	12	4	1998	81	4	9	2023	1	1	\N	1998-04-12	M	\N	\N	2023-09-04	3	S
2292	Mario Menezes de Macedo	\N	17840	13	Teofilo Braga de Macedo	Maria Nazare Ermindo	\N	4	4	3	1957	96	11	1	2016	1	1	\N	1957-03-04	M	\N	\N	2016-01-11	3	S
2291	Elisandra Alves de Carvalho Agostinho	\N	160114	13	Salgueiro de Carvalho Agostinho	Ftima Alves de Sousa Lopes	\N	4	30	12	2001	250	18	8	2021	1	2	\N	2001-12-30	F	\N	\N	2021-08-18	3	S
2290	Jessica Penhor Cravid Seco	\N	132842	13	Hermenegildo Cravid Seco	Snia Marisa Penhor Ferreira Gonalves	\N	4	1	5	1996	96	26	4	2022	1	2	\N	1996-05-01	F	\N	\N	2022-04-26	3	S
2289	Luciana Cardoso das Neves Afonso	\N	128554	13	Teotnio das Neves Afonso de Sousa	Fernanda Elisa Cardoso	\N	4	10	1	1995	191	5	8	2021	1	2	\N	1995-01-10	F	\N	\N	2021-08-05	3	S
2288	Belmiro Dumby	\N	56142	13	\N	Lcia Dumby	\N	4	23	1	1968	81	18	9	2023	1	1	\N	1968-01-23	M	\N	\N	2023-09-18	3	S
17	Marinela Mateus Ferreira Eusebio	\N	97679	5	Incio Antnio da Conceio Ferreira 	Ftima da Graa Mateus	\N	4	4	6	1987	79	16	10	2017	2	2	\N	1987-06-04	F	\N	\N	2017-10-16	\N	M
39	Adosindo Marcos Ceita Barbeiro	\N	134450	5	Celestino Neto Pereira Barbeiro	Adelina Ceita do Esprito Santo Marcos	\N	4	26	10	1994	121	29	8	2016	1	1	\N	1994-10-26	M	\N	\N	2016-08-29	\N	S
27	Ana Margarida da Conceio Paquete	\N	166076	5	Aurelio Soares Guadalupe Paquete	Adelina da Conceio dos Santos Paquete	\N	4	14	12	2002	96	7	8	2017	1	2	\N	2002-12-14	F	\N	\N	2017-08-07	\N	S
257	Albertina Vaz D Almeida Loureno	\N	140083	5	Herculano de Sousa Pontes Loureno	Rita dos Santos Vaz D Almeida	\N	4	6	1	1996	117	8	12	2020	1	2	\N	1996-01-06	F	\N	\N	2020-12-08	\N	S
268	Alesandra Ceita Pereira	\N	159296	5	Edson de Carvalho Pereira	Jacinta do Nascimento Ceita Soares	\N	4	20	11	2001	148	10	7	2017	1	2	\N	2001-11-20	F	\N	\N	2017-07-10	\N	S
277	Adelino dos Santos D Almeida	\N	61943	5	Manuel Nazare Tom D Almeida	Clementina Maria das Neves Pires dos Santos	\N	4	24	12	1973	96	19	2	2019	2	1	\N	1973-12-24	M	\N	\N	2019-02-19	\N	M
289	Carla do Espirito Santo Gomes	\N	167373	13	Carlos do Sacramento Gomes 	Adalzira Maria do Espirito Santo DAssuno	\N	4	10	3	2000	90	9	8	2017	1	2	\N	2000-03-10	F	\N	\N	2017-08-09	3	S
297	Cupertino Martins do Rosrio	\N	34343	5	Manuel do Rosrio Bonifcio	Catarina Luisa Martins	\N	4	10	9	1963	163	8	7	2019	2	1	\N	1963-09-10	M	\N	\N	2019-07-08	\N	M
298	Katiana Ramos de Ceita	\N	159203	5	Paulo Lus Mota D Assuno de Ceita	Maria Domingas Ceita Ramos	\N	4	4	2	2000	169	2	8	2016	1	2	\N	2000-02-04	F	\N	\N	2016-08-02	\N	S
309	Belcina Quaresma dos Santos	\N	139011	5	Antnio Neves dos Santos	Elisia do Espirito Santo Quaresma	\N	4	7	1	1998	96	24	7	2018	1	2	\N	1998-01-07	F	\N	\N	2018-07-24	\N	S
321	Renilda do Rosrio Chantre	\N	172925	13	Dani Pires Chantre	Maria do Rosrio Sequeira Jacob	\N	4	24	10	2003	96	17	7	2018	1	2	\N	2003-10-24	F	\N	\N	2018-07-17	3	S
331	Fernanda Antnia dos Santos	\N	176173	5	Domingos Tavares dos Sacramentos	Maria da Conceio Antnia	\N	4	29	11	1958	163	21	10	2013	1	2	\N	1958-11-29	F	\N	\N	2013-10-21	\N	S
338	Nelson Celestino Andrade	\N	S 135464	5	Clementino de Barros Andrade 	Dionizia Celestino  	\N	5	5	6	1978	96	1	7	2015	1	1	\N	1978-06-05	M	\N	\N	2015-07-01	\N	S
339	Dunga da Trindade Ramos Soares	\N	165933	13	Luis dos Ramos Soares 	Faustina da Trindade Aguiar	\N	4	23	3	2002	96	3	8	2017	1	1	\N	2002-03-23	M	\N	\N	2017-08-03	3	S
348	Abdulay Tiol do Espirito Santo	\N	180152	5	Felix Romano Espirito Santo	Leonilda Afonso Pinto Tiol	\N	4	21	10	2002	96	15	7	2019	1	1	\N	2002-10-21	M	\N	\N	2019-07-15	\N	S
359	Adilson Carvalho da Fonseca Cravid	\N	97065	13	Joaquim da Fonseca Cravid	Ana de Carvalho	\N	4	19	5	1985	122	26	11	2018	1	1	\N	1985-05-19	M	\N	\N	2018-11-26	3	S
378	Adilson Dias Correia Freire	\N	13962498 8	10	Fernando Correia Marques Freire	Ivone Judite Dias	\N	6	1	9	1976	117	30	1	2021	1	1	\N	1976-09-01	M	\N	\N	2021-01-30	\N	S
384	Patrik Tavares de Carvalho	\N	183275	5	Jos de Sousa Quebra de Carvalho	Domingas Tavares Rodrigues	\N	4	16	2	2001	96	18	9	2020	1	1	\N	2001-02-16	M	\N	\N	2020-09-18	\N	S
394	Jakiline Pinto Tiny das Neves	\N	171725	5	Nelson da Graa Tiny das Neves	Anita da Graa Vaz Pinto das Neves	\N	4	30	12	2001	96	16	7	2018	1	2	\N	2001-12-30	F	\N	\N	2018-07-16	\N	S
405	Abdulay Fernandes Monte Negro	\N	160489	5	Ezequiel do Rosrio Monte Negro	Maria de Deus Fernandes Pedroso	\N	4	19	2	2001	96	12	8	2021	1	1	\N	2001-02-19	M	\N	\N	2021-08-12	\N	S
416	Alda de Assuno Vaz do Rosrio	\N	174951	5	Domingos Costa Vaz do Rosrio 	Armilizete Trindade Catarina de Assuno	\N	4	26	2	2003	96	4	7	2019	1	2	\N	2003-02-26	F	\N	\N	2019-07-04	\N	S
418	Kelton da Graa	\N	158105	5	\N	Aldimira Almeida da Graa Jos Narciso	\N	4	17	6	2001	96	26	6	2020	1	1	\N	2001-06-17	M	\N	\N	2020-06-26	\N	S
428	Marcia do Rosrio Brito Semedo	\N	146924	13	Gonalo Amarante Varela Semedo	Lucinda do Rosrio Brito	\N	4	2	11	1998	91	21	7	2020	1	2	\N	1998-11-02	F	\N	\N	2020-07-21	3	S
436	Tiago dos Santos da Cunha Ramos de Sousa	\N	206557	5	Inacio da Cunha Ramos de Sousa 	Graciett Cupertina dos Santos	\N	4	24	8	2006	96	24	7	2017	1	1	\N	2006-08-24	M	\N	\N	2017-07-24	\N	S
447	Eliane do Espirito Santo Ferreira	\N	173433	5	Orlando Horta Borges Ferreira	Luth Roberto do Espirito Santo	\N	4	13	6	2003	96	21	7	2020	1	2	\N	2003-06-13	F	\N	\N	2020-07-21	\N	S
459	Paulo Jorge Afonso dos Santos	\N	171891	5	Mercio Jos dos Santos	Diolinda Afonso Coelho	\N	4	3	8	2002	96	29	8	2019	1	1	\N	2002-08-03	M	\N	\N	2019-08-29	\N	S
460	Pascoal Ferreira Afonso de Barros	\N	59195	5	Pascoal Luis Leal Afonso de Barros	Izabel Aguiar Ferreira Eusbio	\N	4	20	1	1968	96	11	11	2016	1	1	\N	1968-01-20	M	\N	\N	2016-11-11	\N	S
470	Abel Boa Morte do Nascimento Lus	\N	175278	5	Adalberto Ferreira do Nascimento Lus 	Jacinta da Boa Morte Pinto Tiol do Nascimento Lus 	\N	4	15	6	2003	96	14	7	2020	1	1	\N	2003-06-15	M	\N	\N	2020-07-14	\N	S
485	Micaela Julio da Costa	\N	110611	5	Eusbio Manuel Jos da Costa	Margarida de Guadalupe Julio	\N	4	4	1	1986	88	17	6	2021	1	2	\N	1986-01-04	F	\N	\N	2021-06-17	\N	S
494	Jocastra Fonseca de Sousa Pontes Almeida	\N	155652	5	Jos Ricardo Sousa Pontes Almeida	Sebastiana Fonseca de Ceita Nazar	\N	4	17	6	1998	109	8	1	2021	1	2	\N	1998-06-17	F	\N	\N	2021-01-08	\N	S
500	Dangyo Leito do Espirito Santo	\N	32167299 2	5	Bonifcio Madre Deus do Espirito Santo	Anglica Leito	\N	6	13	5	1990	193	10	4	2018	1	1	\N	1990-05-13	M	\N	\N	2018-04-10	\N	S
509	Leonel Pontes Neto Vaz D Almeida	\N	65554	5	Manuel da Conceio Vaz D Almeida	Maria de Guadalupe Pontes Neto	\N	4	15	1	1975	117	11	6	2018	1	1	\N	1975-01-15	M	\N	\N	2018-06-11	\N	S
517	Jos Francisco Ramos do Nascimento Borges	\N	65915	5	Francisco do Nascimento Borges	Hirondina Teodosia Ramos Dias D Apresentao	\N	4	1	4	1970	131	11	12	2015	1	1	\N	1970-04-01	M	\N	\N	2015-12-11	\N	S
532	Elsa Maria dos Santos Pereira Neto	\N	95829	5	Manuel dos Ramos Pereira Neto	Maria dos Santos	\N	4	12	4	1972	131	4	7	2016	1	2	\N	1972-04-12	F	\N	\N	2016-07-04	\N	S
227	Edma Vilma Afonso da Fonseca	\N	85331	13	Manuel Rita da Fonseca	Feliciana Afonso do Espirito Santo	\N	4	31	12	1981	96	23	6	2022	1	2	\N	1981-12-31	F	\N	\N	2022-06-23	3	S
250	Lucimere de Almeida da Mata	\N	164860	5	Germias da Mata de Assuno	Ermiliana de Almeida Goy	\N	4	2	4	2002	96	12	6	2017	1	2	\N	2002-04-02	F	\N	\N	2017-06-12	\N	S
236	Engrcia Filipe do Espirito Santo Honrio Viegas	\N	94792	5	Manuel Conceio do Espirito Santo	Anastcia Filipe da Fonseca	\N	4	28	7	1986	79	20	7	2016	2	2	\N	1986-07-28	F	\N	\N	2016-07-20	\N	M
572	Arizinaidy Andrade Pires dos Santos	\N	100737	13	Sebastio Afonso Pires dos Santos	Maria Olga Andrade dos Ramos	\N	4	10	9	1987	79	5	12	2016	1	2	\N	1987-09-10	F	\N	\N	2016-12-05	3	S
580	Francisco das Neves de Encarnao	\N	43470	13	Francisco de Encarnao	Maria das Neves	\N	4	13	7	1959	81	14	7	2014	1	1	\N	1959-07-13	M	\N	\N	2014-07-14	3	S
582	Rogrio Tiol Vaz da Graa 	\N	36665	13	Marcos Vaz da Graa do Espirito Santo	Maria do Rosrio Tiol	\N	4	12	3	1945	81	7	5	2008	1	1	\N	1945-03-12	M	\N	\N	2008-05-07	3	S
586	Carlos Alberto de Carvalho Sousa Pontes	\N	56843	13	Justiniano do Rosrio Vilhete de Sousa	Domingas Dias de Sousa Carvalho Sousa Pontes	\N	4	10	12	1970	96	3	8	2013	1	1	\N	1970-12-10	M	\N	\N	2013-08-03	3	S
597	Humbelina Luz dos Santos	\N	76658	13	Celestino Alves dos Santos	Antnia Luz	\N	4	15	4	1979	169	16	7	2020	1	1	\N	1979-04-15	M	\N	\N	2020-07-16	3	S
603	Janett  Angela do Espirito  Santo  Monteiro da Graa 	\N	166890	13	Arnaldo Monteiro da Graa 	Wilsa Loureno do Espirito Santo	\N	4	11	6	2002	96	10	7	2017	1	2	\N	2002-06-11	F	\N	\N	2017-07-10	3	S
614	Marcia Lany Diogo Antunes Duarte 	\N	188539	13	Fernando Antunes Duarte	Nilza Maria Diogo Cambl	\N	4	1	12	2002	96	14	8	2020	1	2	\N	2002-12-01	F	\N	\N	2020-08-14	3	S
622	Nilza dos Ramos Bandeira Clcl	\N	67039	13	Eduardo Bandeira Clcl	Laurinda Apolnia Nazar dos Ramos	\N	4	30	12	1974	96	12	6	2017	1	2	\N	1974-12-30	F	\N	\N	2017-06-12	3	S
624	Marluce Frota Prazeres Lima	\N	140582	13	Onofre da Silva Prazeres	Ana Maria Frota Almeida	\N	4	21	9	1996	96	5	9	2019	1	2	\N	1996-09-21	F	\N	\N	2019-09-05	3	S
631	Loureno Tavares Fonseca	\N	58355	13	Graciliano Afonso Trovoada da Cruz Fonseca	Maria Quaresma Tavares	\N	4	22	1	1972	96	18	9	2019	1	1	\N	1972-01-22	M	\N	\N	2019-09-18	3	S
639	Clia Andreia Lopes da Vera Cruz	\N	182687	13	Antnio Catarino Vera Cruz 	Maria de Ftima da Cruz Lopes Vera Cruz	\N	4	6	5	2002	216	26	5	2019	1	2	\N	2002-05-06	F	\N	\N	2019-05-26	3	S
650	Neide Vany Sacramento de Sousa Pontes	\N	152379	13	Manuel Cosme de Sousa Pontes	Maria Sacramento	\N	4	6	1	1996	165	8	9	2021	1	2	\N	1996-01-06	F	\N	\N	2021-09-08	3	S
656	Jesuina Fernandes Brando Batista de Sousa 	\N	45700	13	Nicodeme do Rosrio da Costa Brando	Alda da Cruz Luiz Fernandes Brando	\N	4	5	9	1967	96	23	4	2020	2	2	\N	1967-09-05	F	\N	\N	2020-04-23	3	M
663	Fbio Sacramento Vaz Cabral	\N	168292	13	Arlindo Vaz Cabral	Ana das Neves do Sacramento	\N	4	18	7	2000	96	11	8	2018	1	1	\N	2000-07-18	M	\N	\N	2018-08-11	3	S
670	Mximo Carvalho Pires dos Santos 	\N	172345	13	Maximo Pires dos Santos	Ana Maria Carvalho dos Santos	\N	4	23	8	2003	107	13	7	2018	1	1	\N	2003-08-23	M	\N	\N	2018-07-13	3	S
678	Eliza do Nascimento Almeida Barros	\N	139431	13	Dionisio Dias de Almeida Barros	Georgina da Graa de Nascimento	\N	4	5	4	1997	96	27	6	2019	1	2	\N	1997-04-05	F	\N	\N	2019-06-27	3	S
687	Wagnel da Trindade do Nascimento Ferreira	\N	120706	13	Flaviano Alves do Nascimento Ferreira	Francisca da Trindade Saboia	\N	4	24	7	1992	81	16	9	2017	1	1	\N	1992-07-24	M	\N	\N	2017-09-16	3	S
697	Sandra Sofia Simo da Silva	\N	139272	13	Adilson Rosrio da Silva	Celma da Conceio Rita Simo da Silva	\N	4	11	7	1998	169	3	10	2018	1	2	\N	1998-07-11	F	\N	\N	2018-10-03	3	S
703	Sonia Cupertino Will da Fonseca e Silva 	\N	163533	13	Jos Santana da Fonseca e Silva	Josefa Cupertino Will	\N	4	5	4	2000	96	1	3	2017	1	2	\N	2000-04-05	F	\N	\N	2017-03-01	3	S
709	Eneias Rodrigues Loi Heng	\N	58581	13	Herculano das Neves Loi Heng	Alzira dos Santos Rodrigues Loi Heng	\N	4	17	2	1969	96	19	10	2021	1	1	\N	1969-02-17	M	\N	\N	2021-10-19	3	S
717	Laymene Nazar Afonso de Barros	\N	114159	13	Adalberto Manuel do Sacramento Afonso de Barros	Leandra Maria Nazar do Nascimento Novo 	\N	4	1	1	1992	81	15	12	2021	1	2	\N	1992-01-01	F	\N	\N	2021-12-15	3	S
725	Silvania Vaz das Neves Boa Morte 	\N	128379	13	Francisco das Neves da  Encarnao	Guilhermina Vaz Pereira da Mata	\N	4	11	4	1997	81	4	6	2022	2	2	\N	1997-04-11	F	\N	\N	2022-06-04	3	M
735	Nelson Boa Morte Gomes da Cunha	\N	89516	13	Jos Gomes da Cunha 	Angela da Costa Boa Morte Gomes da Cunha	\N	4	19	9	1974	96	18	1	2019	1	1	\N	1974-09-19	M	\N	\N	2019-01-18	3	S
743	Maria da Piedade Marques D Alva Castelo David	\N	09740	13	Joo Junqueiro D Alva	Vitaliana da  Cruz Afonso Marques	\N	4	23	2	1943	96	4	3	1996	4	2	\N	1943-02-23	F	\N	\N	1996-03-04	3	V
750	Orgando dos Santos Paquete	\N	111775	13	Manuel Sacramento Pires Paquete	Rosalina Semedo dos Santos	\N	4	15	7	1985	120	29	4	2019	1	1	\N	1985-07-15	M	\N	\N	2019-04-29	3	S
758	Jucelina do Espirito Santo das Neves Assuno	\N	179666	13	Inocncio Sebastio das Neves Assuno	Joana Martins do Espirito Santo	\N	4	24	8	2003	194	1	8	2019	1	2	\N	2003-08-24	F	\N	\N	2019-08-01	3	S
768	Watson Conceio D Apresentao Correia	\N	86455	13	Miguel da Silveira D Apresentao Correia	Catarina da Conceio Mendes	\N	4	29	6	1983	96	25	9	2019	1	1	\N	1983-06-29	M	\N	\N	2019-09-25	3	S
778	Delmira Mrio Almeida	\N	55169	13	Chicomela Bembela Mrio 	Faustina Rosa Almeida	\N	4	26	4	1969	96	10	12	2013	1	2	\N	1969-04-26	F	\N	\N	2013-12-10	3	S
784	Paula Sebastio da Costa	\N	19968	13	Virglio Rodrigues da Costa	Cosma Trindade Sebastio	\N	4	17	1	1956	117	27	7	2015	1	2	\N	1956-01-17	F	\N	\N	2015-07-27	3	S
786	Wildney Amado Pires dos Santos	\N	122081	13	Bento da Trindade Pires dos Santos	Cesaltina Maria Pires Amado	\N	4	24	5	1991	96	7	8	2017	1	1	\N	1991-05-24	M	\N	\N	2017-08-07	3	S
547	Maria Madalena Mariano	\N	127536	13	Mariano Pereira da Mata 	Maria Madalena Antnio Pedro	\N	4	6	2	1952	96	15	5	2006	1	2	\N	1952-02-06	F	\N	\N	2006-05-15	3	S
562	Kelv s da Encarnao Viegas D Abreu	\N	139248	13	Antnio Jos Nascimento D Abreu	Irene Encarnao da Trindade	\N	4	25	12	1996	81	19	8	2020	1	1	\N	1996-12-25	M	\N	\N	2020-08-19	3	S
555	Heigmircilei da Conceio Afonso Quaresma 	\N	156561	13	Miguel Afonso Quaresma 	Ftima Andreza da Conceio	\N	4	5	2	1988	131	11	11	2016	1	1	\N	1988-02-05	M	\N	\N	2016-11-11	3	S
826	Fernando Rodrigues de Carvalho	\N	22950	13	Jos Narciso de Carvalho	Maria Luiza Rodrigues	\N	4	21	8	1952	81	19	9	2016	2	1	\N	1952-08-21	M	\N	\N	2016-09-19	3	M
828	Isaura Vieira da Graa Furtado	\N	54421	13	Camilo da Graa Furtado	Deolinda Alves Vieira	\N	4	26	4	1967	132	26	11	2020	1	2	\N	1967-04-26	F	\N	\N	2020-11-26	3	S
835	Fernanda Maria Fortes vora	\N	57096	13	Joo Batista vora da Graa	Maria Joana Fortes	\N	4	30	11	1966	81	18	3	2017	1	2	\N	1966-11-30	F	\N	\N	2017-03-18	3	S
843	Abdulay Tavares da Graa	\N	114188	13	Jos Samba da Graa	Jlia da Cruz Tavares 	\N	4	29	3	1992	81	15	10	2020	1	1	\N	1992-03-29	M	\N	\N	2020-10-15	3	S
851	Dilter Sousa de Oliveira	\N	95743	13	Eleutrio  Ceita de Oliveira 	Francisca  da Conceio de Sousa	\N	4	31	1	1980	79	5	5	2021	1	1	\N	1980-01-31	M	\N	\N	2021-05-05	3	S
859	Vania Afonso Veneza	\N	133002	13	Marcos de Bom Jesus Veneza 	Berlinda Neto das Neves Afonso	\N	4	27	3	1995	209	20	11	2019	1	2	\N	1995-03-27	F	\N	\N	2019-11-20	3	S
867	Salvador Incio da Silveira Fernandes	\N	62340	13	Aristides Lus Fernandes 	Maria de Cristo Inacio da Silvaira	\N	4	11	7	1969	81	17	11	2021	1	1	\N	1969-07-11	M	\N	\N	2021-11-17	3	S
868	Valdimir de Assuno Noronha	\N	99715	13	Sidonio Noronha	Gabriela Bonfim de Assuno	\N	4	6	5	1987	122	15	11	2018	1	1	\N	1987-05-06	M	\N	\N	2018-11-15	3	S
875	Alexander Rodrigues de Pina	\N	145242	13	Ilidio de Pina Moreira	Alcinda da Graa Rodrigues	\N	4	6	5	1994	88	6	7	2021	1	1	\N	1994-05-06	M	\N	\N	2021-07-06	3	S
882	Adelina Cravid Sebastio 	\N	106088	13	Manuel Sebastio Mendes 	Maria Santana Almeida Cravid	\N	4	23	6	1980	138	17	7	2017	5	2	\N	1980-06-23	F	\N	\N	2017-07-17	3	D
891	Emeri Leal Quaresma Gomes da Fonseca	\N	105538	13	Antnio Gomes da Fonseca	Maria Jos Leal Quaresma	\N	4	7	6	1989	96	4	2	2020	1	1	\N	1989-06-07	M	\N	\N	2020-02-04	3	S
899	Elaine dos Ramos Dias Afonso Nunes	\N	173920	13	Manuel Afonso Nunes 	Manuela Tiol dos Ramos Dias Viegas	\N	4	27	2	2003	92	5	7	2018	1	2	\N	2003-02-27	F	\N	\N	2018-07-05	3	S
907	Patrcia Fernandes da Glria Ferreira	\N	146299	13	Danilson da Glria Ferreira	Arlete do Espirito Santo Fernandes	\N	4	18	7	1997	151	19	8	2020	1	2	\N	1997-07-18	F	\N	\N	2020-08-19	3	S
908	Ilisia do Nascimento da Veiga	\N	120481	13	Joo Lopes da Veiga	Everte Ferreira do Nascimento	\N	4	14	4	1982	96	4	3	2022	1	2	\N	1982-04-14	F	\N	\N	2022-03-04	3	S
911	Armindo da Costa Tavares	\N	116280	13	Rosendo Tavares	Saturnina Pires da Costa	\N	4	17	5	1977	81	7	10	2021	2	1	\N	1977-05-17	M	\N	\N	2021-10-07	3	M
917	Manuel do Espirito Viegas Batista de Sousa	\N	06304	13	Andr Batista de Sousa 	Maria Simo Viegas D Almeida	\N	4	27	12	1942	96	19	1	1994	5	1	\N	1942-12-27	M	\N	\N	1994-01-19	3	D
926	Wander Guadalupe Bonfim	\N	115687	13	Adelino Costa da Graa Bonfim 	Felizarda de Mendona Guadalupe	\N	4	27	5	1991	169	10	8	2021	1	1	\N	1991-05-27	M	\N	\N	2021-08-10	3	S
935	Maria Soares de Bom Jesus	\N	75084	13	Manuel de Bom Jesus	Salustiana de Sousa Soares	\N	4	17	10	1955	96	11	7	2011	1	2	\N	1955-10-17	F	\N	\N	2011-07-11	3	S
950	Simplicio dos Santos da Trindade	\N	107380	13	Manuel do Sacramento Martins de Sousa 	Maria Amelia	\N	4	9	3	1967	81	15	8	2016	1	1	\N	1967-03-09	M	\N	\N	2016-08-15	3	S
959	Gelson Martinho Alves	\N	124743	13	Manuel de Jesus Fortes Alves	Alina Martinho	\N	4	3	3	1988	135	5	11	2020	1	1	\N	1988-03-03	M	\N	\N	2020-11-05	3	S
965	Adozinda Santiago Lima	\N	64994	13	Manuel de Arajo Lima 	Faustina Fernandes dos Santos Santiago	\N	4	16	8	1974	81	18	12	2017	1	2	\N	1974-08-16	F	\N	\N	2017-12-18	3	S
973	Ceula Marina da Conceio da Cruz Fonseca	\N	124055	13	Lucio de Sousa da Cruz Fonseca	Cezaltina Antnia	\N	4	26	2	1995	96	16	8	2021	1	2	\N	1995-02-26	F	\N	\N	2021-08-16	3	S
981	Alberto do Espirito Santo de Arajo Lima	\N	123834	13	Joo da Silva Cruz	Izabel do Espirito Santo de Arajo Lima	\N	4	13	11	1942	81	13	6	2005	1	1	\N	1942-11-13	M	\N	\N	2005-06-13	3	S
991	Fernanda Patrcia da Paz Silva 	\N	FP 098695	23	Fernando Antnio Gonalves da Silva	Ccera da Paz Gonalves	\N	5	25	10	1978	262	19	1	2016	1	2	\N	1978-10-25	F	\N	\N	2016-01-19	\N	S
995	Eduardo Ferreira de Ceita Carvalho	\N	70025	13	Manuel do Sacramento Ceita 	Eugnia Ferreira de Ceita	\N	4	18	7	1974	96	18	9	2018	1	1	\N	1974-07-18	M	\N	\N	2018-09-18	3	S
1004	Guilherme D Apresentao Trindade	\N	CC 489397	6	Geraldo Jos da Trindade	Maria D Assuno Castro	\N	5	27	9	1969	193	20	4	2022	5	1	\N	1969-09-27	M	\N	\N	2022-04-20	\N	D
1014	Duarte Oqueiongo	\N	68318	13	Manuel Oqueiongo 	Daura Ded	\N	4	29	9	1932	81	24	6	1987	1	1	\N	1932-09-29	M	\N	\N	1987-06-24	3	S
1018	Dailta da Luz Viegas de Abreu	\N	134794	13	Manuel Bernardo Viegas de Abreu	Maria das Dores Santos da Luz	\N	4	3	4	1997	125	28	8	2018	1	2	\N	1997-04-03	F	\N	\N	2018-08-28	3	S
1027	Lanine Anders D Arajo Mendes dos Santos	\N	80618	13	Ricardo Martins do Rosrio Mendes	Maria Afonso de Arajo Trindade	\N	4	9	10	1978	96	16	12	2021	2	2	\N	1978-10-09	F	\N	\N	2021-12-16	3	M
1035	Jacinta Boa Morte Pinto Tiol do Nascimento Luiz	\N	65854	13	Manuel Rita Pinto Tiol	Maria das Neves da Boa Morte Borja	\N	4	1	3	1974	96	26	4	2016	2	2	\N	1974-03-01	F	\N	\N	2016-04-26	3	M
803	Amarilio Amadeu Loureno Vaz D Almeida	\N	146558	13	Amarilio Ferreira Vaz D Almeida	Fernanda Lourena de Barros	\N	4	24	7	1998	81	26	8	2019	1	1	\N	1998-07-24	M	\N	\N	2019-08-26	3	S
818	Vandeley Cambl Pires dos Santos	\N	118499	13	Felisberto dos Ramos Pires dos Santos	Ivone Cravid Fernandes Cambl	\N	4	8	12	1991	163	7	9	2021	1	1	\N	1991-12-08	M	\N	\N	2021-09-07	3	S
811	Suzete Cosme da Vera Cruz	\N	159546	13	Estelito Vaz da Vera Cruz	Diolete Cosme de Bom Jesus	\N	4	3	5	2001	96	18	6	2018	1	2	\N	2001-05-03	F	\N	\N	2018-06-18	3	S
1075	Melicia Lima Bonfim	\N	161716	13	Florentino do Nascimento Bonfim	Anstacia Lima Dias da Costa	\N	4	11	7	1998	85	28	4	2022	1	2	\N	1998-07-11	F	\N	\N	2022-04-28	3	S
1077	Aizinoide Dias da Cunha de Sousa Gabriel	\N	79432	13	Teotnio Ferreira da Cunha	Deolinda Dias de Guadalupe 	\N	4	2	1	1981	128	17	9	2019	2	2	\N	1981-01-02	F	\N	\N	2019-09-17	3	M
1082	Joel Gomes Ceita Varela	\N	128344	13	Manuel Jesus de Ceita Varela	Arlinda das Neves de Sousa Gomes	\N	4	11	4	1996	96	3	10	2017	1	1	\N	1996-04-11	M	\N	\N	2017-10-03	3	S
1091	Genilze Cunha Semedo	\N	182544	13	Wilson Semedo	Genilta Cunha da Costa Vaz	\N	4	30	3	2004	96	1	8	2020	1	2	\N	2004-03-30	F	\N	\N	2020-08-01	3	S
1097	Esmael Mateus do Sacramento	\N	181972	13	Idalcio da Cruz dos Anjos Sacramento	Domingas Sebastio Mateus	\N	4	5	5	2002	81	4	8	2020	1	1	\N	2002-05-05	M	\N	\N	2020-08-04	3	S
1105	Odete Aguiar da Trindade dos Santos Madeira	\N	102400	13	Amrico Pereira dos Santos Madeira	Faustina Aguiar da Trindade Jordo	\N	4	25	10	1985	96	14	9	2021	1	2	\N	1985-10-25	F	\N	\N	2021-09-14	3	S
1115	Maria Nascimento Soares dos Santos	\N	45164	13	Antnio dos Santos	Francisca Soares	\N	4	21	7	1940	81	26	3	2010	1	2	\N	1940-07-21	F	\N	\N	2010-03-26	3	S
1117	Jeldik do Espirito Agostinho	\N	168706	13	\N	Gabriela do Espirito Agostinho	\N	4	22	11	1998	81	5	11	2020	1	1	\N	1998-11-22	M	\N	\N	2020-11-05	3	S
1123	Gessy Quaresma Pereira Neto 	\N	197609	13	Odilio dos Santos Pereira Neto	Adilza Pereira Santana Quaresma	\N	4	2	1	2004	96	27	7	2021	1	2	\N	2004-01-02	F	\N	\N	2021-07-27	3	S
1132	Jeremias Vando Teixeira Borges de Lima	\N	106342	13	Frederico Manuel Borges de Lima 	Maria dos Reis Teixeira	\N	4	6	9	1988	130	17	6	2019	1	1	\N	1988-09-06	M	\N	\N	2019-06-17	3	S
1140	Joana Batista Andrade Fernandes 	\N	65042	13	Manuel dos Reis da Graa Andrade 	Helena Mendes Batista	\N	4	18	9	1974	163	15	6	2015	2	2	\N	1974-09-18	F	\N	\N	2015-06-15	3	M
1158	Cosma Domingas da Trindade Almeida	\N	86208	13	Cosme da Trindade	Catarina Domingas	\N	4	1	8	1941	107	17	12	1993	2	2	\N	1941-08-01	F	\N	\N	1993-12-17	3	M
1162	Alexandre da Conceio Guadalupe	\N	37809	13	Manuel Filipe de Guadalupe	Isabel Cristina da Conceio Jos da Silva	\N	4	10	9	1963	96	14	9	2015	2	1	\N	1963-09-10	M	\N	\N	2015-09-14	3	M
1172	Madval de Alva das Neves	\N	75580	13	Antnio de Deus das Neves	Ilda Fernandes de Alva	\N	4	10	10	1979	98	22	3	2019	1	1	\N	1979-10-10	M	\N	\N	2019-03-22	3	S
1180	Alekssamil Mendes de Sousa	\N	99707	13	Carlos Amado de Sousa Pontes	Anastcia Monteiro Mendes Duarte	\N	4	5	4	1986	81	9	9	2018	1	1	\N	1986-04-05	M	\N	\N	2018-09-09	3	S
1189	Wilma da Cruz Jesus	\N	144892	13	Quiter dos Ramos Jesus	Sirya Afonso da Cruz Jnior	\N	4	31	8	1997	95	18	5	2021	1	2	\N	1997-08-31	F	\N	\N	2021-05-18	3	S
1196	Ivonaldo Braga das Neves Bernardo	\N	157954	13	Osvaldo das Neves Bernardo	Gilberta Miolanda Braga	\N	4	16	5	2001	96	19	8	2021	1	1	\N	2001-05-16	M	\N	\N	2021-08-19	3	S
1199	Ana de Castro da Cruz Marques Pires dos Santos	\N	113490	13	Ernestino da Cruz Marques	Antnia de Castro	\N	4	18	5	1991	96	26	6	2019	2	2	\N	1991-05-18	F	\N	\N	2019-06-26	3	M
1204	Dagmar Vaz dos Santos Lima	\N	124898	13	Licinio  Neto dos Santos Lima	Celcia Josefa Vaz dos Santos	\N	4	14	12	1991	169	24	11	2020	1	1	\N	1991-12-14	M	\N	\N	2020-11-24	3	S
1212	Fenicio  Mendes de Pina Almeida Aguiar	\N	37214	13	Miguel Patiel dos Ramos Aguiar	Bonita das Neves	\N	4	3	6	1964	131	20	2	2019	2	1	\N	1964-06-03	M	\N	\N	2019-02-20	3	M
1219	Lesiney Tati de Carvalho	\N	156811	13	Ernestino de Carvalho Afonso	Marisa Nogueira Tati de Matos	\N	4	23	12	1995	131	24	5	2021	1	1	\N	1995-12-23	M	\N	\N	2021-05-24	3	S
1228	Esterline Gonalves Genero	\N	80897	13	Antnio Ferreira Genero	Etelvina Maria Gonalves 	\N	4	29	4	1981	81	6	10	2021	1	1	\N	1981-04-29	M	\N	\N	2021-10-06	3	S
1235	Maria Sacramento Bengala de Assuno	\N	87121	13	Jeronimo Viana de Assuno 	Protasia Madre de Deus	\N	4	17	7	1975	81	21	7	2017	1	2	\N	1975-07-17	F	\N	\N	2017-07-21	3	S
1240	Mariza Teixeira Santiago Afonso	\N	123133	13	Manuel Salvador Santiago Afonso	Ernestina Teixeira Barbosa Ferreira	\N	4	29	4	1983	122	4	7	2022	1	2	\N	1983-04-29	F	\N	\N	2022-07-04	3	S
1244	Warceleyde Cardoso Lopes	\N	129733	13	Manuel Lucrecio Lopes	Paulina Cardoso do Espirito Santo	\N	4	7	2	1994	96	2	8	2019	1	1	\N	1994-02-07	M	\N	\N	2019-08-02	3	S
1252	Arlcio da Silva da Trindade 	\N	187938	13	Idalcio do Sacramento da Trindade	Idalecia de Silva Saldanha	\N	4	24	6	2005	96	31	7	2021	1	1	\N	2005-06-24	M	\N	\N	2021-07-31	3	S
1259	Ariel Santana de Assuno 	\N	179659	13	Adalberto Fernandes Vaz D Assuno	Efignia Baia Santana	\N	4	27	3	2002	96	31	7	2019	1	1	\N	2002-03-27	M	\N	\N	2019-07-31	3	S
1268	Neide Solange Pereira Pinhel	\N	192848	13	Antnio Correia Pinhel	Maria Celina Tavares Pereira	\N	4	5	10	1984	122	9	3	2020	1	2	\N	1984-10-05	F	\N	\N	2020-03-09	3	S
1275	Guiomar da Mata Managem	\N	124673	13	Jlio Cristino da Encarnao Managem	Constncia Pereira da Mata	\N	4	17	11	1991	96	12	5	2022	1	2	\N	1991-11-17	F	\N	\N	2022-05-12	3	S
1280	Ligia Emery Gamisse Gaspar	\N	181916	13	Roberto Lucas Gaspar	Erlita Gamisse da Trindade	\N	4	3	2	2005	96	15	8	2020	1	2	\N	2005-02-03	F	\N	\N	2020-08-15	3	S
1281	Honesto Lima Carvalho Baguide	\N	72234	13	Honesto Carvalho Baguide	Mariete D Assuno Sousa Lima	\N	4	9	5	1977	96	1	7	2022	2	1	\N	1977-05-09	M	\N	\N	2022-07-01	3	M
1051	Emirian Lima Vaz dos Anjos	\N	196942	13	Fernando Filipe dos Anjos	Arlete Quaresma Lima Vaz	\N	4	12	5	2006	96	28	7	2021	1	2	\N	2006-05-12	F	\N	\N	2021-07-28	3	S
1069	Mayker da Graa Soares 	\N	182651	13	Estevo Soares	Avelina da Graa	\N	4	12	9	2001	81	25	8	2020	1	1	\N	2001-09-12	M	\N	\N	2020-08-25	3	S
1060	Luciana Jorge do Espirito Santo Leite	\N	50051	13	Isidoro do Espirito Santo Leite 	Maria Germana da Trindade Jorge	\N	4	8	5	1950	81	9	11	2009	1	2	\N	1950-05-08	F	\N	\N	2009-11-09	3	S
1320	Vanecia dos Ramos Campos	\N	151412	13	Vicente dos Santos Quaresma Campos	Adezinda Neto Dias dos Ramos	\N	4	4	6	1999	96	28	7	2020	1	2	\N	1999-06-04	F	\N	\N	2020-07-28	3	S
1322	Wanderlei Michel Bonfim Viana da Assuno	\N	81007	13	Jernimo Viana de Assuno	Maria Pedro dos Ramos de Jesus Bonfim D Assuno	\N	4	17	10	1980	122	16	3	2022	1	1	\N	1980-10-17	M	\N	\N	2022-03-16	3	S
1333	Nezilay Garrido Martins	\N	109437	13	Manuel da Conceio Martins	Fernanda Lima Garrido	\N	4	30	3	1987	88	9	7	2022	1	2	\N	1987-03-30	F	\N	\N	2022-07-09	3	S
1340	Otaldina Rodrigues Soares de Barros	\N	181748	13	Osvaldo Soares de Barros 	Maria Odete Monteiro Rodrigues	\N	4	13	11	2003	81	13	2	2020	1	2	\N	2003-11-13	F	\N	\N	2020-02-13	3	S
1348	Luizinilza Lopes da Vera Cruz	\N	201112	13	Antnio Catarino Vera Cruz	Maria de Ftima da Cruz Lopes Vera Cruz	\N	4	17	10	2004	96	7	7	2022	1	2	\N	2004-10-17	F	\N	\N	2022-07-07	3	S
1357	Wilma da Costa Neto Pires Guin	\N	187892	13	Wilson Ferreira Pires Guin	Adilva dos Ramos da Costa Neto	\N	4	15	4	2004	96	11	8	2020	1	2	\N	2004-04-15	F	\N	\N	2020-08-11	3	S
288	Iara Vaz Alcantara	\N	165479	5	\N	Ileticia Loureno Vaz Alcantara	\N	4	24	5	2002	92	14	8	2018	1	2	\N	2002-05-24	F	\N	\N	2018-08-14	\N	S
1360	Ivanilson do Nascimento da Costa	\N	198552	13	Ivaldino Jacinto da Costa	Silvania do Nascimento Afonso Neto	\N	4	19	6	2005	96	2	8	2018	1	1	\N	2005-06-19	M	\N	\N	2018-08-02	3	S
1362	Edmilson do Espirito Santo Catarino	\N	179938	13	Helder Rompo do Nascimento Catarino	Ilzibisange Vicente do Espirito Santo Catarino	\N	4	4	4	2004	96	23	7	2019	1	1	\N	2004-04-04	M	\N	\N	2019-07-23	3	S
1372	Ernestino Soares D  Assuno Ceita	\N	83241	13	Ernesto da Silva Assuno Ceita	Anastcia Soares Vaz	\N	4	29	5	1980	194	18	12	2019	1	1	\N	1980-05-29	M	\N	\N	2019-12-18	3	S
1380	Euridilson de Sousa Pontes Rodrigues	\N	167362	13	Nautilio Andreza Rodrigues	Eufrsia Maria de Ceita de Sousa Pontes	\N	4	4	12	2002	96	11	8	2022	1	1	\N	2002-12-04	M	\N	\N	2022-08-11	3	S
1388	Vanessa Valentina da Glria Amorim	\N	200052	13	Juvencio Antnio da Glria Amorim	Arminda Valentina Fernandes de Sousa	\N	4	27	11	2002	81	17	2	2022	1	2	\N	2002-11-27	F	\N	\N	2022-02-17	3	S
1397	Rackel de Boa Esperana Pereira de Amorim	\N	172611	13	Oscar da Costa Pereira de Amorim	Andreza Catambe de Boa Esperana	\N	4	27	6	2003	124	19	7	2018	1	2	\N	2003-06-27	F	\N	\N	2018-07-19	3	S
1400	Isaura Maria Sacramento de Nazar	\N	177207	13	Francisco Lima de Nazar	Arcangela Duarte do Sacramento	\N	4	28	10	2004	96	30	5	2019	1	2	\N	2004-10-28	F	\N	\N	2019-05-30	3	S
1403	Elisa da Conceio Major	\N	65763	13	Eugnio Vaz Ferreira Major	Maria da Conceio	\N	4	26	12	1973	81	9	1	2017	1	2	\N	1973-12-26	F	\N	\N	2017-01-09	3	S
1411	Maria Livramento Almeida Gomes 	\N	77143	13	Manuel Rosa Gomes	Maria Rosalina Almeida	\N	4	31	3	1978	132	31	1	2019	1	2	\N	1978-03-31	F	\N	\N	2019-01-31	3	S
1419	Teotonio da Graa Maria Jos	\N	70530	13	Marino Jesus Maria Jos	Maria da Graa	\N	4	5	3	1970	96	19	5	2015	1	1	\N	1970-03-05	M	\N	\N	2015-05-19	3	S
1427	Andreia Freire do Espirito Santo 	\N	198718	13	Eugnio Pereira do Esprito Santo	Maria Fernanda Freire Chantre	\N	4	24	4	2006	96	19	8	2021	1	2	\N	2006-04-24	F	\N	\N	2021-08-19	3	S
1435	Feliciano de Sousa Pontes Espirito Santo Bragana	\N	190541	13	Rolando do Espirito Santo Bragana 	Luzia de Sousa Pontes do Espirito Santo	\N	4	19	5	2004	169	12	2	2021	1	1	\N	2004-05-19	M	\N	\N	2021-02-12	3	S
1442	Alex Loureno Viegas D Abreu	\N	172983	13	Sabino Lus Viegas D Abreu	Cecilia Mand Loureno	\N	4	19	2	2003	81	22	3	2022	1	1	\N	2003-02-19	M	\N	\N	2022-03-22	3	S
1445	Erdilei das Neves Borges	\N	168119	13	Antnio dos Reis Borges	Amrica das Neves Vaz Campos	\N	4	18	12	1999	81	30	8	2022	1	1	\N	1999-12-18	M	\N	\N	2022-08-30	3	S
1451	Diana Sofia Viana de Oliveira Rita	\N	196298	13	Osvaldo Francisco de Oliveira Rita	Alzira Viana da Costa Neto de Oliveira Rita	\N	4	21	7	2004	96	1	7	2022	1	2	\N	2004-07-21	F	\N	\N	2022-07-01	3	S
1461	Miques Joo do Nascimento de Jesus Bonfim	\N	94292	13	Joo de Jesus Bonfim	Micaela Joana do Nascimento Carlos	\N	4	19	4	1985	122	25	3	2021	1	1	\N	1985-04-19	M	\N	\N	2021-03-25	3	S
1471	Ediovaldo  Cabral	\N	32505739 7zz7	10	\N	Eufrsia Maria Vaz do Rosrio Cabral	\N	6	27	3	1991	287	12	12	2019	1	1	\N	1991-03-27	M	\N	\N	2019-12-12	\N	S
1478	Adelson Domingos Barros Nobre de Carvalho	\N	88532	13	Jos Sequeira Nobre de Cavalho 	Feliciana Domingas de Barros Jordo	\N	4	15	8	1982	96	11	2	2021	1	1	\N	1982-08-15	M	\N	\N	2021-02-11	3	S
1482	Frede Soares Cabangala Victor 	\N	201550	13	Joaquim Cabangala Victor 	Enera Soares Vasconcelos Ingls	\N	4	2	10	2006	209	25	8	2022	1	1	\N	2006-10-02	M	\N	\N	2022-08-25	3	S
1486	Jennilay Laicy Pires dos Santos D Arajo Lima	\N	178032	13	Parson Sousa D Arajo Lima	Jouselda Boa Morte Pires dos Santos Lima	\N	4	1	10	2004	96	15	5	2019	1	2	\N	2004-10-01	F	\N	\N	2019-05-15	3	S
1496	Victor Manuel Tavares Lima	\N	60799	13	Olavo Manuel Lima	Maria Natlia Gomes Tavares Lima	\N	4	26	12	1969	163	26	1	2022	2	1	\N	1969-12-26	M	\N	\N	2022-01-26	3	M
1504	Kder Cassandra do Espirito Santo	\N	129484	13	Luiz do Espirito Santo	Maria do Rosrio Sinato Cassandra  Soares Lopes Do	\N	4	21	11	1993	96	4	2	2022	2	1	\N	1993-11-21	M	\N	\N	2022-02-04	3	M
1513	Jandira Lus dos Santos Neto	\N	157504	13	Walter dos Santos Cunha	Idalina Lus Afonso Pernambuco	\N	4	17	6	2002	120	9	8	2022	1	2	\N	2002-06-17	F	\N	\N	2022-08-09	3	S
1521	Silsa do Nascimento Franca e Almelida da Graa	\N	108965	13	Juliano Lima da Franca e Almeida	Madalena do Espirito Santo do Nascimento Almeida	\N	4	26	1	1990	96	14	2	2020	2	2	\N	1990-01-26	F	\N	\N	2020-02-14	3	M
1298	Maria de Ftima Vaz Rodrigues	\N	192773	13	Manuel Isabel Rodrigues	Agostinha Lopes Vaz	\N	4	22	11	1966	163	30	11	2015	1	2	\N	1966-11-22	F	\N	\N	2015-11-30	3	S
1313	Vanessa Ferreira da Silva Varela 	\N	186596	13	Adilson Mendes da Silva Varela	Marizete Ferreira de Ceita	\N	4	13	11	2005	96	27	7	2020	1	2	\N	2005-11-13	F	\N	\N	2020-07-27	3	S
1304	Acleide Nazar Albergaria Mendes 	\N	79033	13	Manuel Antnio Albergaria Nazar Mendes 	Maria Nazar Antnio	\N	4	29	8	1980	122	8	7	2019	2	1	\N	1980-08-29	M	\N	\N	2019-07-08	3	M
1562	Helga Sofia de Ceita Borges	\N	114189	13	Mrio Pinto Borges 	Tereza Viegas de Ceita da Cruz Agostinho	\N	4	17	9	1990	96	17	2	2020	1	2	\N	1990-09-17	F	\N	\N	2020-02-17	3	S
1563	Abro Correia Andreza	\N	115122	13	Manuel Nascimento Andreza	Maria Quaresma Lopes Correia	\N	4	20	9	1983	131	17	10	2019	1	1	\N	1983-09-20	M	\N	\N	2019-10-17	3	S
1564	Eufrzio Vicente Fernandes Afonso de Sousa	\N	62145	13	Manuel da Glria Afonso de Sousa	Eufrzia Afonso Vicente Fernandes	\N	4	2	7	1973	96	19	1	2021	5	1	\N	1973-07-02	M	\N	\N	2021-01-19	3	D
1574	Isaac Fernandes da Graa	\N	180306	13	Deolindo da Graa Rodrigues 	Lenina Fernandes de Carvalho	\N	4	10	7	2003	169	10	9	2019	1	1	\N	2003-07-10	M	\N	\N	2019-09-10	3	S
1582	Hegor Monte Verde de Oliveira 	\N	83982	13	Antero Mateus de Oliveira	Filipa Antnia D Assuno Monte Verde de Oliveira	\N	4	24	12	1981	256	14	1	2022	1	1	\N	1981-12-24	M	\N	\N	2022-01-14	3	S
1590	Crismane dos Ramos de Deus Lopes Neto	\N	136166	13	Crisstomo de Deus Lopes	Conceio Maria dos Ramos de Deus Lopes	\N	4	3	12	1997	96	29	1	2018	2	2	\N	1997-12-03	F	\N	\N	2018-01-29	3	M
1599	Idalcia Soares da Conceio	\N	79818	13	Manuel Afonso da Conceio	Maria Faustina Soares de Sousa Fernandes	\N	4	14	12	1978	96	1	10	2022	1	2	\N	1978-12-14	F	\N	\N	2022-10-01	3	S
1604	Izilda da Rocha Lopes Vaz Pinto	\N	112061	13	Belarmino Sebastio Lopes 	Ermelinda Paula da Rocha	\N	4	30	1	1986	169	9	7	2020	2	2	\N	1986-01-30	F	\N	\N	2020-07-09	3	M
1612	Suzete do Nascimento Ferreira Bandeira	\N	70774	13	Atansio Bandeira	Olga do Nascimento Ferreira	\N	4	8	4	1977	96	6	8	2022	1	2	\N	1977-04-08	F	\N	\N	2022-08-06	3	S
1620	Neuryts da Piedade Fernandes Andreza Viana 	\N	134750	13	Celestino Fernandes Andreza	Benvinda da Piedade Lima	\N	4	1	12	1996	135	22	10	2020	2	2	\N	1996-12-01	F	\N	\N	2020-10-22	3	M
1627	Ayton Sacramento de Matos	\N	139733	13	Carlos Alberto Pereira de Matos	Maria do Cu do Sacramento Mendes Ramos	\N	4	19	1	1998	163	9	8	2021	1	1	\N	1998-01-19	M	\N	\N	2021-08-09	3	S
1636	Juscilino Liginho Tem  Jua da Cruz	\N	172459	13	Alberto Ricardo da Cruz	Ligia dos Ramos da Costa Ten Jua	\N	4	13	7	2003	96	27	7	2018	1	1	\N	2003-07-13	M	\N	\N	2018-07-27	3	S
1644	Hegel Engels Muhongo da Trindade Gomes	\N	85246	13	Joo da Trindade Gomes 	Juliana Muhongo	\N	4	17	8	1981	96	31	10	2022	1	1	\N	1981-08-17	M	\N	\N	2022-10-31	3	S
1651	Nelson Cravid do Sacramento	\N	69906	13	Abilio do Sacramento	Maria Tom da Glria Cravid	\N	4	6	2	1976	96	21	7	2021	1	1	\N	1976-02-06	M	\N	\N	2021-07-21	3	S
1660	Emlia Samuel Chipata	\N	002481052 LA 034	5	Jos Chipata	Maria Amlia	\N	4	1	8	1985	295	12	6	2018	2	2	\N	1985-08-01	F	\N	\N	2018-06-12	\N	M
1666	Lucio Antnio Viegas	\N	165732	13	Lucilio Ferreira Viegas	Alcinda Cardoso da Graa Antnio	\N	4	22	2	2000	96	30	5	2022	1	1	\N	2000-02-22	M	\N	\N	2022-05-30	3	S
1674	Edmilza da Costa Batista de Sousa Almeida	\N	116745	13	Eduardo dos Passos Batista de Sousa	Domingas Abreu de Sousa Pontes da Costa	\N	4	27	1	1994	147	2	8	2021	2	2	\N	1994-01-27	F	\N	\N	2021-08-02	3	M
1683	Rita Quaresma da Boa Morte Francisco	\N	79541	13	Reno Francisco	Filomena do Sacramento Timtio Ba Morte Reno	\N	4	10	4	1981	117	4	4	2022	1	2	\N	1981-04-10	F	\N	\N	2022-04-04	3	S
1685	Celecilaide  Paquete de Sousa  Pontes do Espirito	\N	103327	13	Emidio de Sousa Pontes do Espirito	Josefa Soares Paquete	\N	4	25	12	1987	157	23	9	2022	1	2	\N	1987-12-25	F	\N	\N	2022-09-23	3	S
1692	Regiv Bonifcio da Trindade	\N	106060	13	Amrico Fernandes Mateus da Trindade	Firmina Bonifcio de Brito	\N	4	29	9	1990	81	16	9	2022	1	1	\N	1990-09-29	M	\N	\N	2022-09-16	3	S
1701	Rafael Martins Vaz da Conceio	\N	73852	13	Liberato Vaz da Conceio	Adelaide Catarina Martins	\N	4	21	4	1977	96	13	11	2020	1	1	\N	1977-04-21	M	\N	\N	2020-11-13	3	S
1710	Osita Peter Obi	\N	099	9	George Obinyelibe	Rose Obinyelibe	\N	9	4	2	1970	301	21	9	2020	2	1	\N	1970-02-04	M	\N	\N	2020-09-21	\N	M
1716	Wasileya da Trindade Cristo Teixeira	\N	157629	13	Jos de Cristo Soares Teixeira	Jorgina da Trindade Jacinto	\N	4	9	9	1998	81	16	7	2021	1	2	\N	1998-09-09	F	\N	\N	2021-07-16	3	S
1724	Jaime da Silva Cruz Amoo	\N	187919	13	Joo Alvaro Amoo	Zenaida dos Ramos da Silva Cruz	\N	4	4	9	2001	96	16	7	2020	1	1	\N	2001-09-04	M	\N	\N	2020-07-16	3	S
1726	Incia da Cruz do Espirito Santo	\N	176610	13	Lzaro Miguel Campos do Espirito Santo	Idalcia Santos  da Cruz	\N	4	15	2	2001	250	12	6	2019	1	2	\N	2001-02-15	F	\N	\N	2019-06-12	3	S
1734	Domingos Smedo de Sousa	\N	69789	13	Gualdino de Sousa	Maria Victria Semdo	\N	4	29	7	1975	138	15	6	2020	1	1	\N	1975-07-29	M	\N	\N	2020-06-15	3	S
1740	Rhonilza da Costa Machado Boa Morte 	\N	115810	13	Romualdo Calenda da Costa Machado	Maria de Lourdes Veiga da Costa 	\N	4	28	12	1989	91	28	4	2021	2	2	\N	1989-12-28	F	\N	\N	2021-04-28	3	M
1751	Edilton da Costa Viegas Dias	\N	68508	13	Loureno Viegas Dias 	Alexandrina de Guadalupe Rodrigues Costa	\N	4	30	4	1976	96	5	7	2017	1	1	\N	1976-04-30	M	\N	\N	2017-07-05	3	S
1758	Maria da Piedade Marques D Alva Castelo David	\N	9740	13	Joo Junqueiro D Alva	Vitalina da Cruz Afonso Marques 	\N	4	23	2	1943	96	4	3	1996	4	2	\N	1943-02-23	F	\N	\N	1996-03-04	3	V
1767	Anailze Pereira da Mota	\N	212763	13	Domingos Leal do Nascimento Mota	Domingas Pereira do Nascimento	\N	4	16	11	2006	96	13	7	2018	1	2	\N	2006-11-16	F	\N	\N	2018-07-13	3	S
1529	Vanise Gonalves de Almeida	\N	180994	13	\N	Preciosa Gonalves D Almeida	\N	4	23	7	2004	96	1	8	2019	1	2	\N	2004-07-23	F	\N	\N	2019-08-01	3	S
1545	Niess Kodaque Mota de Almeida	\N	79426	13	Humberto Carlos Henriques de Almeida	Laura da Graa Mota	\N	4	6	11	1980	79	27	5	2019	1	1	\N	1980-11-06	M	\N	\N	2019-05-27	3	S
1535	Matilde da Conceio Carvalho Tagus 	\N	168315	13	Aquilino de Carvalho Tagus	Lucilia Soares da Conceio	\N	4	10	7	2000	125	11	6	2018	1	2	\N	2000-07-10	F	\N	\N	2018-06-11	3	S
1803	Tnia Regina de Campos Ribeiro	\N	F X 469432	30	Edvaldo Ribeiro	Raimunda de Campos Ribeiro	\N	5	20	4	1973	309	19	11	2018	1	2	\N	1973-04-20	F	\N	\N	2018-11-19	\N	S
1808	Euritys Willer Lima Afonso	\N	109230	13	Dionisio Amaral Afonso	Hirondina Afonso da Cruz Lima	\N	4	10	8	1989	96	10	5	2019	1	1	\N	1989-08-10	M	\N	\N	2019-05-10	3	S
1823	Abeleica Afonso Soares da Trindade Jos Pinto	\N	163765	13	Augusto Soares da Trindade	Ana Afonso da Conceio do Espirito Santo	\N	4	25	10	1995	96	15	3	2022	2	2	\N	1995-10-25	F	\N	\N	2022-03-15	3	M
1833	Leticia Quaresma da Fonseca	\N	207788	13	Abel da Fonseca	Genoveva Quaresma dos Santos Freitas	\N	4	11	5	2002	96	31	1	2023	1	2	\N	2002-05-11	F	\N	\N	2023-01-31	3	S
1842	Alydiany dos Anjos Paixo Pereira	\N	179718	13	Alcistenes da Mata Paixo Pereira	Belardina Trindade dos Anjos	\N	4	22	11	2004	96	21	7	2020	1	2	\N	2004-11-22	F	\N	\N	2020-07-21	3	S
1848	Nivaldo de Castro Cravid	\N	97149	13	Flvio Nascimento Cravid	Maria do Rosrio Lopes de Castro	\N	4	29	6	1986	122	20	10	2022	1	1	\N	1986-06-29	M	\N	\N	2022-10-20	3	S
1850	Engracio do Sacramento Soares da Graa	\N	56437	13	Eduardo Soares da Graa	Maria da Boa Morte Sacramento	\N	4	16	4	1971	131	21	9	2013	2	1	\N	1971-04-16	M	\N	\N	2013-09-21	3	M
1857	Arnilizete Trindade Catarina de Assuno	\N	89874	13	Amncio Afonso Catarina de Assuno	Julieta Afonso da Trindade	\N	4	14	6	1977	96	28	12	2016	1	2	\N	1977-06-14	F	\N	\N	2016-12-28	3	S
1867	Carlos Manuel Boa Morte Assuno	\N	107895	13	Abel Catarina Assuno	Antnia Do Rosrio De Boa Morte 	\N	4	18	8	1971	96	17	1	2023	1	1	\N	1971-08-18	M	\N	\N	2023-01-17	3	S
1877	Alyzssica Semedo de Jesus Lima	\N	181413	13	Alipio de Jesus Godinho Lima	Andra Cristina Fortes Semedo	\N	4	2	1	2005	96	3	8	2020	1	2	\N	2005-01-02	F	\N	\N	2020-08-03	3	S
1884	Claudia Furtado Monte Negro	\N	197459	13	Alexandre Tavares Monte Negro	Francisca Furtado Massona 	\N	4	21	5	2004	169	6	8	2021	1	2	\N	2004-05-21	F	\N	\N	2021-08-06	3	S
1889	Marileidy do Espirito Teixeira Lima	\N	148313	13	Horcio Teixeira	Hirondina do Espirito Patricio	\N	4	11	7	1983	122	5	8	2022	2	2	\N	1983-07-11	F	\N	\N	2022-08-05	3	M
1895	Layzy Fonseca de Sousa Almeida	\N	125036	13	Jos Ricardo Sousa Pontes Almeida	Sebastiana Fonseca de Ceita Nazar	\N	4	13	7	1993	96	10	6	2021	1	2	\N	1993-07-13	F	\N	\N	2021-06-10	3	S
1905	Lamy Lima Cardoso	\N	144626	13	Casimiro do Sacramento Cardoso	Adelaide Nazar Quaresma Lima	\N	4	24	12	1999	256	19	8	2019	1	2	\N	1999-12-24	F	\N	\N	2019-08-19	3	S
1911	Amicio Pina de Castro	\N	101229	13	Francisco Andrade Fernandes de Castro	Maria Monteiro Pina Borges	\N	4	29	11	1987	169	6	2	2020	1	1	\N	1987-11-29	M	\N	\N	2020-02-06	3	S
1919	Dailton de Sousa Pontes Managem	\N	75553	13	Felicio Alvarenga Leal Managem	Celestina de Sousa Pontes da Trindade	\N	4	2	9	1979	128	8	3	2018	2	1	\N	1979-09-02	M	\N	\N	2018-03-08	3	M
1928	Indira Neto Barroso	\N	190479	13	Nelson Soares Rocha Barroso 	Viemilda Quaresma Neto	\N	4	4	8	2004	118	22	7	2021	1	2	\N	2004-08-04	F	\N	\N	2021-07-22	3	S
1929	Maria Tom Jesus Lima 	\N	 14717968 8 Z Y 	10	Lzaro Tom Jesus Lima	Maria Providencia Jesus Pinto	\N	6	27	5	1956	96	27	5	2020	1	2	\N	1956-05-27	F	\N	\N	2020-05-27	\N	S
1930	Edzayel Rompo dos Ramos Mesquita	\N	99811	13	Augusto dos Ramos Mesquita	Julieta dos Ramos Rompo	\N	4	3	2	1988	81	16	3	2023	1	1	\N	1988-02-03	M	\N	\N	2023-03-16	3	S
1939	Tiodora Cravid da Costa 	\N	105979	13	Apolinrio Nazar da Costa 	Ricardina Escolastica Cravid da Costa	\N	4	13	11	1987	81	4	10	2018	1	2	\N	1987-11-13	F	\N	\N	2018-10-04	3	S
1947	Dinalsy Varela Cuthbert 	\N	106090	13	Hermitrio Afonso Cuthbert	Alzira Neto Varela	\N	4	12	4	1989	209	4	3	2019	1	2	\N	1989-04-12	F	\N	\N	2019-03-04	3	S
1953	Elyana Fernandes da Trindade 	\N	134629	13	Alexandrino Ferreira Alves da Trindade	Cosmilde Fernandes Pereira de Lima	\N	4	11	7	1997	178	1	6	2021	1	2	\N	1997-07-11	F	\N	\N	2021-06-01	3	S
1963	Adjoel Tiolo do Espirito Santo	\N	170178	13	Felix Romano do Espirito Santo	Leonilda Afonso Tiolo	\N	4	5	7	1998	96	18	6	2018	1	1	\N	1998-07-05	M	\N	\N	2018-06-18	3	S
1969	Josu Giraculo  dos Santos Lima	\N	171663	13	Jos Antnio dos Santos 	Fernanda Isabel do Ce Giraculo	\N	4	16	8	1998	124	28	5	2018	1	1	\N	1998-08-16	M	\N	\N	2018-05-28	3	S
1973	Esmaela do Espirito Trovoada	\N	147399	13	Lindomar Trovoada de Assuno Castro	Luiza do Esprito Patricio	\N	4	27	9	1998	96	29	4	2019	1	2	\N	1998-09-27	F	\N	\N	2019-04-29	3	S
1981	Virgilia Leite Vaz Campos	\N	140252	13	Virgilio Francisco Vaz Campos	Maria Teresa Leite do Nascimento	\N	4	23	10	1993	107	9	9	2022	1	2	\N	1993-10-23	F	\N	\N	2022-09-09	3	S
1990	Andr Adjorinto Carvalho Batista de Sousa	\N	CC 529559	6	Simo Jos Batista de Sousa 	Isabel Pires dos Santos Carvalho	\N	5	5	6	1990	193	5	5	2022	1	1	\N	1990-06-05	M	\N	\N	2022-05-05	\N	S
1999	Camila Conceio Andrade Vaz Martins	\N	131413	13	Carlos Manuel Vaz Martins	Maria de Lurdes de Conceio Andrade	\N	4	4	11	1994	96	8	8	2022	1	2	\N	1994-11-04	F	\N	\N	2022-08-08	3	S
2007	Mirian Vicente Jordo	\N	173649	13	Gilmar Nascimento da Fonseca Jordo	Ermicilda Santana D Apresentao Vicente	\N	4	12	12	2001	175	14	8	2018	1	2	\N	2001-12-12	F	\N	\N	2018-08-14	3	S
2009	Elcilaine dos Santos Morais	\N	197545	13	Artezio Hilrio Morais	Idalcia do Sacramento dos Santos	\N	4	15	7	2006	96	20	8	2021	1	2	\N	2006-07-15	F	\N	\N	2021-08-20	3	S
1778	Paulino Rodrigues Vera Cruz	\N	169144	13	Paulo Conceio da Vera Cruz	Lcia Maria da Veiga Rodrigues	\N	4	23	8	1996	96	5	7	2021	1	1	\N	1996-08-23	M	\N	\N	2021-07-05	3	S
1795	Idolfinda Tom Xavier Quaresma	\N	72521	13	Grangeires da Fonseca Quaresma	Juliana do Espirito Santo Xavier	\N	4	21	12	1976	163	18	6	2020	1	2	\N	1976-12-21	F	\N	\N	2020-06-18	3	S
1787	Juciline da Fonseca Neto	\N	135880	13	Evaristo da Conceio Neto	Maria do Carmo da Fonseca das Neves Flix	\N	4	20	4	1996	96	7	5	2018	1	2	\N	1996-04-20	F	\N	\N	2018-05-07	3	S
2044	Edna Fernandes Jordo Manuel	\N	132554	13	Elias Santiago de Barros Jordo	Josefa Octvia Fernandes Lopes	\N	4	3	10	1995	83	8	5	2019	2	2	\N	1995-10-03	F	\N	\N	2019-05-08	3	M
2051	Katia da Trindade Eusbio dos Santos	\N	167808	13	Antnio Rodrigues dos Santos	Julieta Almeida da Trindade Eusbio	\N	4	12	5	1998	157	19	8	2017	1	2	\N	1998-05-12	F	\N	\N	2017-08-19	3	S
2058	Joo Bexigas Xavier do Sacramento	\N	21522	13	Estanislau Xavier do Sacramento	Maria Joo Viegas Bexigas	\N	4	10	10	1959	81	1	11	2011	1	1	\N	1959-10-10	M	\N	\N	2011-11-01	3	S
2067	Diedileley Dias D Assuno Costa	\N	207050	13	Flix D Assuno Costa	Anastcia Dias Mateus	\N	4	16	10	2006	81	8	6	2021	1	1	\N	2006-10-16	M	\N	\N	2021-06-08	3	S
2075	Isaltina Gomes D Almeida Sebastio	\N	104717	28	Anastcio Sebastio	Pascoa Aquina Gomes D Almeida	\N	4	3	8	1979	96	7	2	2023	1	2	\N	1979-08-03	F	\N	\N	2023-02-07	\N	S
2084	Vladmir Menezes do Espirito Santo	\N	116918	13	Semedo da Trindade  do Espirito Santo	Augusta dos Ramos Menezes	\N	4	3	9	1990	96	19	6	2020	1	1	\N	1990-09-03	M	\N	\N	2020-06-19	3	S
2092	Adzinaid da Veiga Soares Afonso	\N	168748	13	Antero Soares Afonso	Maria Fernanda da Veiga Sacramento Neto	\N	4	8	1	2000	81	21	11	2022	1	2	\N	2000-01-08	F	\N	\N	2022-11-21	3	S
2109	Daniela Quaresma de Jesus	\N	187650 	13	Paulo Afonso de Jesus 	Cesaltina Quaresma Martins 	\N	4	10	7	2005	96	5	5	2022	1	2	\N	2005-07-10	F	\N	\N	2022-05-05	3	S
2117	Accio do Rosrio Noronha	\N	56411	13	Manuel Pedro Noronha	Francisca do Rosrio	\N	4	20	11	1969	81	10	5	2023	1	1	\N	1969-11-20	M	\N	\N	2023-05-10	3	S
2125	Juelma de Ceita Quaresma do Sacramento	\N	202594	13	Felizberto Quaresma do Sacramento	Joelda de Ceita Boa Esperana	\N	4	4	7	2005	102	28	7	2022	1	2	\N	2005-07-04	F	\N	\N	2022-07-28	3	S
2132	Wilziney da Franca Sousa Pontes	\N	121231	13	Damio de Carvalho de Sousa Pontes	Francisca Maria da Franca e Lagos Garcia	\N	4	23	3	1986	81	2	5	2023	5	1	\N	1986-03-23	M	\N	\N	2023-05-02	3	D
2138	Nilda Batista Nazar	\N	186390	13	Abenilde Afonso Nazar	Cremilde Maria Batista Vaz do Rosario Nazar	\N	4	27	7	2003	96	7	7	2022	1	2	\N	2003-07-27	F	\N	\N	2022-07-07	3	S
2146	Kelly Patrcia Monteiro Oliveira	\N	P A 226635	37	Adilson Gonalves Oliveira 	Hirondina Cabral Monteiro	\N	5	24	10	2003	196	6	1	2022	1	2	\N	2003-10-24	F	\N	\N	2022-01-06	\N	S
2154	Celmira Maria de Pina Bandeira  de Deus Lima	\N	68916	13	Ral Savaterra Bandeira	Maria de Ftima Lopes Martins de Pina Bandeira	\N	4	20	12	1976	96	3	11	2020	2	2	\N	1976-12-20	F	\N	\N	2020-11-03	3	M
2163	Ailton Junior da da Trindade Vaz Pereira	\N	202875	13	Ailto Dilson de Alcantara Pereira	Crenilde de Ceita da Trindade	\N	4	16	11	2005	96	15	7	2022	1	1	\N	2005-11-16	M	\N	\N	2022-07-15	3	S
2171	Mussuline da Conceio Deus Alfredo	\N	73778	13	Andre Batista de Deus Alfredo	Maria Jacinta da Conceio do Espirito Santo	\N	4	18	6	1978	96	9	11	2018	2	1	\N	1978-06-18	M	\N	\N	2018-11-09	3	M
2173	Bernardino Nelson do Espirito Santo	\N	59317	13	Bernardino 	Antnia dos Anjos do Espirito Santo	\N	4	15	1	1972	81	6	9	2013	1	1	\N	1972-01-15	M	\N	\N	2013-09-06	3	S
2181	Silay de Assuno Neto	\N	185920	13	Anslio Pedro da Trindade Neto	Laidy Elfa Vaz de Assuno Cunha	\N	4	7	1	2006	96	27	7	2020	1	2	\N	2006-01-07	F	\N	\N	2020-07-27	3	S
2189	Jessica Simo de Ceita Varela	\N	201438	13	Lucilio da Cruz de Ceita Varela	Ana Maria Simo de Sousa Plcido	\N	4	8	10	2002	96	25	11	2021	1	2	\N	2002-10-08	F	\N	\N	2021-11-25	3	S
2197	Ktia Cristina D Abreu Guadalupe	\N	187490	13	Adilson Cravid da Trindade Guadalupe	Aleksandra do Espirito Santo D Abreu Guadalupe	\N	4	18	3	2006	96	11	7	2019	1	2	\N	2006-03-18	F	\N	\N	2019-07-11	3	S
2208	Idalina Joysy Vaz de Almeida 	\N	188080	13	Domingos Manuel do Sacramento Vaz D Almeida	Cheroysy Joysy	\N	4	24	4	2005	96	23	7	2020	1	2	\N	2005-04-24	F	\N	\N	2020-07-23	3	S
2211	Suazilaide Mota da Fonseca Correia da Costa 	\N	181382	13	Aduzindo Fonseca Correia da Costa	Anachickans Mota da Fonseca Dias	\N	4	6	3	2003	96	21	8	2019	1	2	\N	2003-03-06	F	\N	\N	2019-08-21	3	S
2216	Maria dos Ramos Santos Ferreira Nunes	\N	37593	13	Manuel de Madre de Deus Ferreira Nunes 	Isabel Pires dos Santos	\N	4	25	12	1963	96	24	2	2018	1	2	\N	1963-12-25	F	\N	\N	2018-02-24	3	S
2225	Sthela Fonseca de Sousa Pontes Almeida	\N	144137	13	Jos Ricardo Sousa Pontes Almeida	Sebastiana Fonseca de Ceita Nazar	\N	4	25	2	1996	96	6	2	2023	1	2	\N	1996-02-25	F	\N	\N	2023-02-06	3	S
2234	Walton de Sousa da Conceio	\N	152971	13	Edelander Carvalho da Conceio	Edinilza da Costa de Sousa	\N	4	14	9	1999	96	7	6	2023	1	1	\N	1999-09-14	M	\N	\N	2023-06-07	3	S
2243	Marcelino da Lomba Veiga Nana	\N	P A 234267	38	Jos Maria Tavares da Veiga	Lidia Ribeiro da Lomba	\N	5	9	3	1997	335	11	11	2021	2	1	\N	1997-03-09	M	\N	\N	2021-11-11	\N	M
2251	Waltissizer de Boa Morte Rita	\N	108743	13	Osvaldo Francisco de Oliveira Rita	Sebastiana Domingos de Boa Morte	\N	4	25	6	1991	96	9	7	2020	1	1	\N	1991-06-25	M	\N	\N	2020-07-09	3	S
2255	Luiz Carlos Teixeira Barros de Carvalho Rompo	\N	133478	13	Luiz de Carvalho Rompo	Nazar Teixeira Barros da Silva Rompo 	\N	4	25	7	1997	96	21	2	2023	1	1	\N	1997-07-25	M	\N	\N	2023-02-21	3	S
2265	Marluce Rompo Dias Antnio	\N	179566	13	Francisco Dias Antonio	Naideny Rompo dos Santos Preto	\N	4	29	6	2001	163	24	7	2019	1	2	\N	2001-06-29	F	\N	\N	2019-07-24	3	S
2020	Eleuzindo Sebastio Lopes Rompo	\N	176460	13	Eleutrio de Abreu Rompo	Ana Lima Sebastio Lopes	\N	4	14	7	1993	81	20	11	2018	1	1	\N	1993-07-14	M	\N	\N	2018-11-20	3	S
2036	Adjaylson Lima Sacramento Fernandes	\N	128643	13	Damio do Sacramento Fernandes	Ana Maria Arajo Santos Lima	\N	4	18	3	1996	209	16	7	2021	1	1	\N	1996-03-18	M	\N	\N	2021-07-16	3	S
2028	Rosana de Barros da Trindade Cunha	\N	117669	13	Orcio da Trindade Cunha	Isabel Umbelina Afonso de Barros	\N	4	1	12	1989	96	23	5	2023	1	2	\N	1989-12-01	F	\N	\N	2023-05-23	3	S
2340	Ermelinda Maria da Graa Figueiredo	\N	34717	13	Joo Pereira de Figueiredo	Hirondina Dias da Graa	\N	4	21	2	1964	81	23	4	2018	1	2	\N	1964-02-21	F	\N	\N	2018-04-23	3	S
2331	Rosinaide Afonso do Sacramento de Ceita	\N	151244	13	Africano de Almeida do Sacramento	Zinaide Rosa Afonso	\N	4	18	11	2000	81	25	5	2023	2	2	\N	2000-11-18	F	\N	\N	2023-05-25	3	M
2323	Ins Gomes dos Santos Fortes	\N	200462	13	Paulino dos Santos Fortes	Edselda Gomes Neto	\N	4	4	1	2006	163	6	8	2022	1	2	\N	2006-01-04	F	\N	\N	2022-08-06	3	S
2316	Aguinaldo Neto Bastos Alfredo	\N	155956	13	Felisberto de Carvalho Bastos Alfredo	Nilza Maria de Carvalho Neto	\N	4	5	6	1999	96	2	9	2021	1	1	\N	1999-06-05	M	\N	\N	2021-09-02	3	S
2308	Elsio Quaresma da Trindade 	\N	175959	13	Elisio Alva Ferreira da Trindade 	Isabel Quaresma das Neves Carvalho	\N	4	17	11	2003	107	10	4	2019	1	1	\N	2003-11-17	M	\N	\N	2019-04-10	3	S
2300	Newbery Freitas do Esprito Santo	\N	88863	13	Isidro Costa da Graa do Esprito Santo	Ediberta Pires dos Santos Freitas	\N	4	24	9	1982	81	6	10	2022	1	1	\N	1982-09-24	M	\N	\N	2022-10-06	3	S
2296	Wagner do Rosrio Fernandes Amaro	\N	97686	13	Humberto Ferreira Amaro	Elsa Maria do Rosrio Fernandes	\N	4	8	5	1986	81	30	3	2023	2	1	\N	1986-05-08	M	\N	\N	2023-03-30	3	M
1727	Rafaiel de Castro Sousa Pontes	\N	172963	13	Ramos Agostinho de Sousa Pontes	Adelaide Catarina Pereira de Castro	\N	4	31	1	2003	96	6	8	2018	1	1	\N	2003-01-31	M	\N	\N	2018-08-06	3	S
1768	Domingas Pereira do Nascimento Mota	\N	127084	13	Margarido Esperana do Nascimento	Victria Maria Pereira	\N	4	25	5	1978	96	15	1	2020	2	2	\N	1978-05-25	F	\N	\N	2020-01-15	3	M
2342	Alcnio Cravid e Silva	\N	51989	13	Manuel dos Santo e Silva	Dentalina Francisca da Costa Cravid 	\N	4	28	5	1969	96	5	1	2022	2	1	\N	1969-05-28	M	\N	\N	2022-01-05	3	M
1849	Alzira de Assuno Augusto	\N	163586	13	Manuel Augusto	Margarida Afonso de Assuno	\N	4	8	2	1987	122	13	2	2023	1	2	\N	1987-02-08	F	\N	\N	2023-02-13	3	S
1890	Celia Sacramento dos Santos	\N	145265	13	Joo Luis Fernandes dos Santos	Maria Fernanda do Sacramento	\N	4	1	5	1990	81	4	12	2019	1	2	\N	1990-05-01	F	\N	\N	2019-12-04	3	S
1931	Ismael D Almeida Afonso Neto 	\N	13734	13	Manuel Tavares Afonso Neto	Maria da Conceio Pires Vaz D Almeida	\N	4	12	7	1953	96	7	12	2005	1	1	\N	1953-07-12	M	\N	\N	2005-12-07	3	S
1970	Maura do Nascimento Cupertino Varela	\N	112409	13	Alberto Fernandes Cupertino Varela	Dionisia do Nascimento da Cruz Domingos	\N	4	18	3	1991	209	16	8	2021	1	2	\N	1991-03-18	F	\N	\N	2021-08-16	3	S
2011	Bernilsa Lima Dias	\N	138277	13	Milton Quaresma Dias	Leopoldina Lima da Graa Fonseca Dias	\N	4	29	12	1998	96	20	7	2018	1	2	\N	1998-12-29	F	\N	\N	2018-07-20	3	S
2053	Ludmila Gomes Quaresma Neto	\N	175817	13	Jerson Myller da Trindade Quaresma Neto	Maria Livramento Gomes Pereira Gonalves	\N	4	20	1	2000	96	11	12	2020	1	2	\N	2000-01-20	F	\N	\N	2020-12-11	3	S
2093	Gilzia Pedroso Gomes	\N	198791	13	Joo Lopes Gomes	Augusta Piedade Pedroso Luis	\N	4	9	12	2006	96	7	9	2021	1	2	\N	2006-12-09	F	\N	\N	2021-09-07	3	S
2094	Maria Helena Vinhas Frade Neves	\N	C B 633795	6	Jacinto Antnio Frade Jnior	Maria Odete Vieira Vinhas Frade	\N	5	5	7	1956	326	17	11	2020	4	2	\N	1956-07-05	F	\N	\N	2020-11-17	\N	V
2133	Sany da Veiga Fernandes	\N	129312	13	Tom do Nascimento Fernandes	Hortencia Baessa da Veiga	\N	4	24	12	1994	191	5	12	2022	1	2	\N	1994-12-24	F	\N	\N	2022-12-05	3	S
2172	Liliane da Conceio de Ceita Xavier Neto	\N	185659	13	Alexandrino de Ceita Xavier Neto	Maria Eliza da Conceio	\N	4	6	12	2005	96	8	6	2020	1	2	\N	2005-12-06	F	\N	\N	2020-06-08	3	S
2212	Erica Cravid da Fonseca Narciso	\N	204263	13	Eneias Lima da Fonseca Narciso 	Rosa Maria Cravid da Trindade Guadalupe	\N	4	3	8	2005	96	9	7	2022	1	2	\N	2005-08-03	F	\N	\N	2022-07-09	3	S
2252	Amncio de Ceita Sousa	\N	52456	13	Alberto de Sousa 	Maria de Encarnao de Ceita	\N	4	20	7	1969	81	3	3	2017	2	1	\N	1969-07-20	M	\N	\N	2017-03-03	3	M
2341	Damio Ramos Antnio	\N	131717	13	Luciano Antnio	Francesa Andreza dos Ramos 	\N	4	10	6	1978	290	23	5	2023	1	1	\N	1978-06-10	M	\N	\N	2023-05-23	3	S
2336	Heldmira Lopes Pires dos Santos	\N	214665	13	Helder Afonso Pires dos Santos	Jurcilene do Esprito Lopes	\N	4	24	3	2008	96	13	8	2018	1	2	\N	2008-03-24	F	\N	\N	2018-08-13	3	S
217	Lusibetty Eusbio Espirito Santo Trigueiros	\N	32054693 4	5	Antnio Luis do Espirito Santo Trigueiros	Carolina Fernandes Viegas Eusbio do Espirito Santo Trigueiros	\N	6	28	9	1987	96	8	9	2017	1	2	\N	1987-09-28	F	\N	\N	2017-09-08	\N	S
369	Elezangela de Ceita Sousa Pontes	\N	179339	5	Guilhermino Lima de Sousa Pontes 	Elizabete do Sacramento de Ceita	\N	4	27	12	2003	96	16	7	2019	1	2	\N	2003-12-27	F	\N	\N	2019-07-16	\N	S
541	Virginio Conceio da Fonseca	\N	006819513 BE 041	5	Jos Pedro da Fonseca	Guitola Vaz da Conceio	\N	4	21	2	1975	204	16	7	2014	1	1	\N	1975-02-21	M	\N	\N	2014-07-16	\N	S
795	Augusto da Silva Costa Diogo	\N	218243	13	Augusto Ferreira Diogo	Virginia de Guadalupe da Silva Costa	\N	4	9	3	1994	169	21	1	2019	1	1	\N	1994-03-09	M	\N	\N	2019-01-21	3	S
942	Leonel Mario da Conceio Quaresma	\N	101871	13	Germino Quaresma	Maria da Conceio Martins das Neves	\N	4	9	5	1980	96	22	3	2022	1	1	\N	1980-05-09	M	\N	\N	2022-03-22	3	S
949	Cristina da Graa de Apresentao	\N	72029	13	Jorge Assuno de Apresentao	Ricardina da Cruz Graa	\N	4	18	12	1975	96	8	8	2016	1	2	\N	1975-12-18	F	\N	\N	2016-08-08	3	S
2280	Marlene Arminda Quaresma Jos	\N	100794	13	Pascoal Jos	Albertina Quaresma de Sousa Pires	\N	4	5	8	1988	79	21	1	2020	1	2	\N	1988-08-05	F	\N	\N	2020-01-21	3	S
2345	Temtio do Espirito Santo Melo	\N	215391	13	Carlos Moreira de Melo	Maria Madre de Deus de Espirito Santo de Melo	\N	4	29	1	2005	96	2	1	2019	1	1	\N	2005-01-29	M	\N	\N	2019-01-02	3	S
1043	Itanilsa Serdio das Neves Felix	\N	141984	13	Ricardino Manuel das Neves Felix 	Irene Madalena Serdio	\N	4	19	6	1987	163	20	3	2019	1	2	\N	1987-06-19	F	\N	\N	2019-03-20	3	S
1149	Octaviano Rodrigues Pires dos Santos Botelho	\N	71292	13	Filipe Decio Andrade Botelho	Dulce Joana Rodrigues Rocha Botelho	\N	4	9	10	1977	86	18	2	2016	1	1	\N	1977-10-09	M	\N	\N	2016-02-18	3	S
1288	Adilson de Arajo Lima Pires dos Santos	\N	169 422	13	Lus da Conceio Pires dos Santos	Arlinda dos Santos Jesus de Arajo Lima	\N	4	10	9	1998	209	14	12	2018	1	1	\N	1998-09-10	M	\N	\N	2018-12-14	3	S
1522	Esmael Vunge Rocha da Luz	\N	129055	13	Albertino Rocha da Luz	Firmina Vunge	\N	4	25	1	1993	81	6	6	2018	1	1	\N	1993-01-25	M	\N	\N	2018-06-06	3	S
1770	Arsilay Lopes Fernandes de Assuno	\N	89867	13	Lzaro Fernandes D Assuno	Helena Lopes Mand D Assuno	\N	4	25	7	1983	128	5	11	2020	1	2	\N	1983-07-25	F	\N	\N	2020-11-05	3	S
2010	Luisa Gorrett dos Ramos Monteverde	\N	123800	13	Domingos Luis DAssuno Monteverde	Suzana Francisca dos Ramos	\N	4	3	4	1995	157	7	8	2020	1	2	\N	1995-04-03	F	\N	\N	2020-08-07	3	S
2273	Ilisio Bom Jesus Julio	\N	153440	13	Antnio Julio	Tereza Lomb de Bom Jesus	\N	4	16	10	1996	81	11	6	2020	1	1	\N	1996-10-16	M	\N	\N	2020-06-11	3	S
1143	Marlene Carvalho Dias das Neves	\N	112391	13	Lcio do Nascimento Duarte Dias 	Quintina Jlia Alves de Carvalho	\N	4	4	7	1992	85	1	7	2019	2	2	\N	1992-07-04	F	\N	\N	2019-07-01	3	M
1481	Jorge Sousa Pontes Nicolau 	\N	174373	13	Abner D Abreu Nicolau	Edenica Sousa Pontes de Assuno Nicolau	\N	4	22	9	2003	96	11	8	2018	1	1	\N	2003-09-22	M	\N	\N	2018-08-11	3	S
1542	Alekssander de Oliveira Viegas da Silva	\N	113488	13	Jos Neves Martins da Silva	Fausta de Castro de Oliveira Viegas 	\N	4	2	1	1989	96	12	10	2021	1	1	\N	1989-01-02	M	\N	\N	2021-10-12	3	S
1553	Wazilay da Mata Vicente Fernandes Vaz do Rosrio	\N	112778	13	Joo Nascimento Patricio Vicente	Celestina Borja da Mata	\N	4	18	8	1993	81	15	5	2019	2	2	\N	1993-08-18	F	\N	\N	2019-05-15	3	M
1815	Helvio da Silva Simo	\N	P C 052264	9	Felisberto Costa dos Ramos Simo	Melisa Pinto da Silva dos Ramos Simo	\N	5	25	6	2004	81	29	6	2022	1	1	\N	2004-06-25	M	\N	\N	2022-06-29	\N	S
2100	Lusinasia Bom Jesus Apresentao da Graa	\N	135628	13	Atnasio Antnio D Apresentao da Graa	Maria de Lourdes de Bom Jesus	\N	4	19	3	1995	96	20	11	2020	1	2	\N	1995-03-19	F	\N	\N	2020-11-20	3	S
1943	Alexandra Cristina da Graa Will Pires dos santos Quaresma	\N	61720	13	Bebiano Ayres Pires dos Santos	Maria de Lourdes da Graa do Nascimento Will Pires dos Santos	\N	4	8	3	1974	315	20	7	2016	2	2	\N	1974-03-08	F	\N	\N	2016-07-20	3	M
223	Juciley da Glria do Esprito Santo	\N	145246	5	Engracio dos Ramos do Espirito Santo	Beatriz da Glria Carlos	\N	4	8	10	1996	167	7	7	2018	2	1	\N	1996-10-08	M	\N	\N	2018-07-07	\N	M
224	Ricardina Varela Moreira 	\N	193290	5	Domingos Moreira	Incia Furtado Varela	\N	4	3	7	1982	163	18	5	2021	1	2	\N	1982-07-03	F	\N	\N	2021-05-18	\N	S
225	Edileisa David de Sousa do Espirito Santo 	\N	138431	5	Ernesto da Graa Sousa 	Nilsa Maria David Arago	\N	4	12	7	1997	170	10	7	2018	2	2	\N	1997-07-12	F	\N	\N	2018-07-10	\N	M
226	Rogela Varela da Silva	\N	199482	5	Rossard da Silva Lopes 	Ricardina Varela Moreira	\N	4	24	8	2005	96	2	8	2016	1	2	\N	2005-08-24	F	\N	\N	2016-08-02	\N	S
228	Etiene Sousa Pontes Cunha Lisboa 	\N	169440	5	Herlander Daio da Cunha Lisboa	Ilidia Esteves Sousa Pontes	\N	4	13	4	2002	96	23	9	2017	1	2	\N	2002-04-13	F	\N	\N	2017-09-23	\N	S
229	Gimanilse Neto Ferreira Viegas 	\N	161209	13	Justino Ferreira Viegas 	Maria Filipa Neto Lzaro 	\N	4	20	12	2000	117	25	8	2021	1	2	\N	2000-12-20	F	\N	\N	2021-08-25	3	S
230	Adianilton Sousa Barreto	\N	168862	5	\N	Snia Maria Afonso Sousa Barreto	\N	4	23	8	2000	81	7	11	2018	1	1	\N	2000-08-23	M	\N	\N	2018-11-07	\N	S
232	Leopoldino Ramos de Oliveira Viegas	\N	181446	13	Leopoldino da Cruz de Oliveira Viegas	Arcngila Vasconcelos Ramos 	\N	4	25	5	2001	81	9	8	2019	1	1	\N	2001-05-25	M	\N	\N	2019-08-09	3	S
233	Ecio da Mata do Nascimento	\N	82758	5	Eduardo do Nascimento 	Damiana da Mata Neto	\N	4	1	2	1980	122	20	6	2016	1	1	\N	1980-02-01	M	\N	\N	2016-06-20	\N	S
234	Helder Vilar Vanduno do Nascimento	\N	174918	5	Ecio da Mata do Nascimento	Pascoa Pereira da Graa Trindade Vanduno	\N	4	29	11	2003	96	3	10	2018	1	1	\N	2003-11-29	M	\N	\N	2018-10-03	\N	S
235	Alissandra de Castro Santana	\N	165159	5	Amilcar Moreno Santana	Sandra Mariza Aguiar de Castro	\N	4	25	4	2002	96	6	8	2019	1	2	\N	2002-04-25	F	\N	\N	2019-08-06	\N	S
237	Dalton Bandeira Luis	\N	163606	5	Ramiro da Trindade Luis	Ingrid Maisa de Jesus Bandeira	\N	4	1	7	1997	96	1	1	2017	1	1	\N	1997-07-01	M	\N	\N	2017-01-01	\N	S
238	Rosimer Sousa Pontes Dias	\N	182562	5	Amandio Dias Iseferino	Cosma de Carvalho Sousa Pontes	\N	4	3	8	1999	90	16	7	2020	1	2	\N	1999-08-03	F	\N	\N	2020-07-16	\N	S
239	Nelito Ribeiro Costa Pereira	\N	180933	5	Nelito Costa Pereira	Eumar d Almeida Ribeiro	\N	4	26	10	2004	147	8	3	2021	1	1	\N	2004-10-26	M	\N	\N	2021-03-08	\N	S
240	Maria Antnia dos Santos Soares	\N	126811	5	Duarte Manuel Soares 	Maria Nascimento Soares dos Santos	\N	4	22	10	1960	172	13	3	2006	1	2	\N	1960-10-22	F	\N	\N	2006-03-13	\N	S
241	Helisana Mohamade Dias	\N	133089	5	\N	Albertina Maria Mohamade	\N	4	6	6	1995	96	1	7	2020	2	2	\N	1995-06-06	F	\N	\N	2020-07-01	\N	M
285	Elvino Sousa Almeida Neto	\N	15856890 7	10	Boa Ventura Xavier de Oliveira Neto 	Maria dos Santos Sousa Almeida	\N	6	7	8	1972	96	7	2	2019	1	1	\N	1972-08-07	M	\N	\N	2019-02-07	\N	S
286	Wuilson da Gloria Nascimento	\N	101894	5	Manuel Santana da Gloria Nascimento	Filomena Beatriz da Gloria	\N	4	15	9	1978	163	3	12	2019	1	1	\N	1978-09-15	M	\N	\N	2019-12-03	\N	S
258	Jerciley Taty de Sousa Pires	\N	166861	5	Guilherme Tiolo de Sousa Pires 	Suzana Taty de Matos	\N	4	17	9	1998	96	5	8	2017	1	1	\N	1998-09-17	M	\N	\N	2017-08-05	\N	S
301	Celmira Soares Madre de Deus Tete	\N	183210	5	Carlos Madre de Deus Tete	Jamila Soares Fernandes	\N	4	30	3	2004	96	19	6	2020	1	2	\N	2004-03-30	F	\N	\N	2020-06-19	\N	S
302	Ana Lucia dos Santos de Ceita	\N	182693	5	Abdul Katheo Novais de Ceita	Lucia Mendona dos Santos	\N	4	10	4	2004	96	13	7	2021	1	2	\N	2004-04-10	F	\N	\N	2021-07-13	\N	S
303	Dialzy Sanches Afonso	\N	178976	5	Inocncio do Sacramento Afonso 	Marisa Sanches Fonseca	\N	4	31	3	2002	96	11	7	2019	1	2	\N	2002-03-31	F	\N	\N	2019-07-11	\N	S
304	Carlos de Apresentao Soares de Mascarenhas	\N	129172	5	Carlos Soares Mascarenhas 	Maria de Apresentao Santos	\N	4	23	10	1996	169	22	8	2016	1	1	\N	1996-10-23	M	\N	\N	2016-08-22	\N	S
305	Jennyfer Pereira do Rosrio Diogo	\N	201552	5	Ismael do Rosrio Diogo	Wilma Pereira das Neves	\N	4	1	4	2005	96	29	6	2021	1	2	\N	2005-04-01	F	\N	\N	2021-06-29	\N	S
306	Leonaldo Clotilde Lopes dos Santos	\N	162082	5	Lucio Fernandes Santos	Maria Fernanda Clodilde Lopes 	\N	4	18	11	2001	124	4	8	2017	1	1	\N	2001-11-18	M	\N	\N	2017-08-04	\N	S
307	Mauria Soares da Trindade	\N	160399	5	Fernando Graa da Trindade	Celeste Maria dos Santos Soares	\N	4	20	8	2001	96	17	7	2017	1	2	\N	2001-08-20	F	\N	\N	2017-07-17	\N	S
308	Daelma Martins do Espirito Santo	\N	182874	5	Artur Pinto do Espirito Santo	Cilila Gonalves Martins 	\N	4	6	5	2002	96	22	5	2020	1	2	\N	2002-05-06	F	\N	\N	2020-05-22	\N	S
310	Wilsia Fonseca Sanches de Ceita	\N	177579	5	Judice do Sacramento de Ceita 	Remicia Fonseca Sanches	\N	4	8	9	2002	96	11	7	2019	1	2	\N	2002-09-08	F	\N	\N	2019-07-11	\N	S
311	Jos Lus Ferreira Tavares	\N	19696	5	Lazaro Tavares Diogo 	Maria Ferreira 	\N	4	10	4	1958	96	12	9	2011	1	1	\N	1958-04-10	M	\N	\N	2011-09-12	\N	S
313	Anisalda Maria Loureno Boa Morte	\N	79430	5	Adolfo de Carvalho Boa Morte	Maria Vaz Antnio Loureno	\N	4	21	5	1979	81	8	1	2018	1	2	\N	1979-05-21	F	\N	\N	2018-01-08	\N	S
314	Lukeyna Fernandes de Ceita Nazar	\N	159374	5	Lucrecio Diniz da Mata de Ceita Nazar	Byorgueth Lucas Fernandes D Jamboni	\N	4	10	8	2001	96	11	8	2016	1	2	\N	2001-08-10	F	\N	\N	2016-08-11	\N	S
315	Africano de Almeida do Sacramento	\N	101342	5	Antnio Machado do Sacramento	Graciana Santana de Almeida	\N	4	3	4	1977	81	25	6	2021	1	1	\N	1977-04-03	M	\N	\N	2021-06-25	\N	S
316	David Moreira Akindele	\N	176894	5	Akim Oladochou B. Akindele	Snia do Espirito Santo Moreira	\N	4	18	10	2000	124	8	8	2019	1	1	\N	2000-10-18	M	\N	\N	2019-08-08	\N	S
317	Sinaida Sousa Amado do Espirito Santo	\N	90533	5	Lus da Glria do Espirito Santo	Plcida Francisca de Sousa Amado	\N	4	4	6	1983	169	21	4	2021	1	2	\N	1983-06-04	F	\N	\N	2021-04-21	\N	S
319	Joi Martins de Carvalho	\N	179761	5	Octavio Quaresma de Carvalho	Lielita Martins Catarino	\N	4	18	2	2004	96	22	7	2019	1	1	\N	2004-02-18	M	\N	\N	2019-07-22	\N	S
320	Octavio Quaresma de Carvalho	\N	89636	5	Agostinho	Maria Quaresma de Carvalho	\N	4	2	2	1975	135	27	6	2019	2	1	\N	1975-02-02	M	\N	\N	2019-06-27	\N	M
322	Adrito Rubino Quaresma 	\N	33857	5	Cosme Soares Dende	Maria Loureno Quaresma	\N	4	28	1	1959	117	2	3	2009	1	1	\N	1959-01-28	M	\N	\N	2009-03-02	\N	S
323	Zinaide Rosa Afonso	\N	137226	5	Lucilo Quaresma Afonso	Domingas da Costa Cabea Rosa	\N	4	15	7	1983	81	25	6	2021	1	2	\N	1983-07-15	F	\N	\N	2021-06-25	\N	S
324	Tania da Graa Fernandes	\N	128933	5	Gustavo do Espirito Santo Fernandes	Adelina Fernandes da Graa	\N	4	28	12	1995	81	12	12	2016	1	2	\N	1995-12-28	F	\N	\N	2016-12-12	\N	S
325	Adailton Santana D Assuno	\N	129824	13	Adalberto Fernandes Vaz D Assuno	Efignia Baia Santana	\N	4	31	10	1996	96	8	8	2020	1	1	\N	1996-10-31	M	\N	\N	2020-08-08	3	S
326	Dila Pereira Martins 	\N	146702	5	Diogo de Deus Martins	Januria Pereira Luiz Leal	\N	4	26	9	1995	85	12	2	2020	1	2	\N	1995-09-26	F	\N	\N	2020-02-12	\N	S
327	Edmilton Leal Domingos	\N	121291	5	Antnio Domingos	Geralda Dias Leal	\N	4	9	6	1993	96	14	5	2021	1	1	\N	1993-06-09	M	\N	\N	2021-05-14	\N	S
328	Martina Rodrigues	\N	189622	5	Luis Rodrigues 	Ana Martins	\N	4	8	4	1930	179	28	9	2015	4	2	\N	1930-04-08	F	\N	\N	2015-09-28	\N	V
329	Sabino Cample da Costa	\N	21642	5	Graciano Jos da Costa	Maria Afonso Gonalves Cample	\N	4	31	10	1960	96	29	12	2014	1	1	\N	1960-10-31	M	\N	\N	2014-12-29	\N	S
330	Mauro Quaresma	\N	168440	5	\N	Nercila Quaresma Rosrio	\N	4	18	9	2001	180	11	7	2019	1	1	\N	2001-09-18	M	\N	\N	2019-07-11	\N	S
332	Myrian Veiga da Graa	\N	165312	5	Manuel Domingos da Graa	Incia Tavares da Veiga	\N	4	12	2	2003	125	15	7	2017	1	2	\N	2003-02-12	F	\N	\N	2017-07-15	\N	S
333	Edijailson Torres Carvalho	\N	170183	5	Jersey Soares de Barros Gonalves	Elsa de Oliveira Torres	\N	4	8	5	2003	96	4	5	2018	1	1	\N	2003-05-08	M	\N	\N	2018-05-04	\N	S
334	Ataide da Costa Dias	\N	113522	5	Joaquim Andreza Dias	Alice Duarte da Costa Barreto	\N	4	14	12	1989	169	4	11	2020	1	1	\N	1989-12-14	M	\N	\N	2020-11-04	\N	S
335	Katya Marisa da Silva Batista de Sousa	\N	78509	5	Pedro Leite Batista de Sousa	Antnia Lusa de Jesus da Silva Batista	\N	4	24	7	1981	122	5	3	2020	1	2	\N	1981-07-24	F	\N	\N	2020-03-05	\N	S
336	Ekcheila do Espirito Santo Cravid	\N	102555	5	Horcio Cravid	Quitria Sacramento do Espirito Santo	\N	4	1	4	1986	79	18	4	2019	1	2	\N	1986-04-01	F	\N	\N	2019-04-18	\N	S
337	Aleksandra do Espirito Santo de Carvalho	\N	176365	5	Sasson N Guesso Dias de Carvalho	Ekchella do Espirito Santo 	\N	4	23	7	2004	80	23	7	2019	1	2	\N	2004-07-23	F	\N	\N	2019-07-23	\N	S
299	Juquilton de Carvalho Varela dos Santos 	\N	154278	5	Quilton Varela dos Santos	Julimena Antnia Tom de Carvalho	\N	4	10	9	2001	85	19	8	2020	1	1	\N	2001-09-10	M	\N	\N	2020-08-19	\N	S
342	Aleksander Sequene	\N	235055	5	\N	Vitalina Sequene	\N	4	30	3	1986	80	25	6	2021	1	1	\N	1986-03-30	M	\N	\N	2021-06-25	\N	S
343	Marciana dos Santos Rita	\N	160854	5	Manuel Rita	Isilda Maria dos Santos	\N	4	2	11	1995	96	14	8	2016	1	2	\N	1995-11-02	F	\N	\N	2016-08-14	\N	S
344	Vasco da Graa Gomes 	\N	80416	5	Vasco Catarina Gomes	Adelaide da Graa Tom das Neves	\N	4	8	8	1973	96	3	10	2015	1	1	\N	1973-08-08	M	\N	\N	2015-10-03	\N	S
345	Daterlina de Encarnao Julio	\N	84962	5	Pascoal Lzaro Julio	Germina das Neves de Encarnao	\N	4	5	8	1981	122	3	10	2018	1	2	\N	1981-08-05	F	\N	\N	2018-10-03	\N	S
346	Gabriel Martins Varela	\N	100489	5	Manuel da Graa Santiago Varela 	Oliveira Martins da Graa	\N	4	8	3	1987	81	24	9	2019	1	1	\N	1987-03-08	M	\N	\N	2019-09-24	\N	S
347	Adilcina Almeida de Jesus Ba	\N	172435	5	Adilson de Jesus Ba	Alcina Francisca Amaro de Almeida	\N	4	9	4	2002	96	23	8	2018	1	2	\N	2002-04-09	F	\N	\N	2018-08-23	\N	S
349	Estela Lima do Espirito Santo	\N	164795	5	Nelson Joo Almeida do Espirito Santo	Victria Lima da Cruz Espirito Santo	\N	4	18	4	2002	96	26	6	2017	1	2	\N	2002-04-18	F	\N	\N	2017-06-26	\N	S
350	Dutymila da Conceio Batista de Sousa Ceita	\N	78584	5	Felisberto Lopes Batista de Sousa 	Maria da Graa Fernandes Vaz da Conceio	\N	4	25	12	1980	122	23	10	2017	2	2	\N	1980-12-25	F	\N	\N	2017-10-23	\N	M
351	Marlucy Diana Batista de Sousa Ceita	\N	176963	5	Lucio Xavier de Ceita	Dutymila da Conceio Batista de Sousa Ceita	\N	4	24	8	2004	96	8	2	2019	1	2	\N	2004-08-24	F	\N	\N	2019-02-08	\N	S
352	Alexa- Lee Pinto de Carvalho	\N	91523	5	Octvio de Carvalho Rompo 	Victria Pinto Bonfim	\N	4	9	9	1983	128	6	1	2020	1	2	\N	1983-09-09	F	\N	\N	2020-01-06	\N	S
353	Suzana Lima de Sousa Pontes	\N	176699	5	Roberto Garrido de Sousa Pontes	Ivete Lima de Sousa Pontes	\N	4	17	2	2002	81	15	7	2019	1	2	\N	2002-02-17	F	\N	\N	2019-07-15	\N	S
354	Willian Francesley do Esprito Santo Rita 	\N	172673	5	Francisco Incio da Silveira Rita	Isilda do Espirito Santo Quaresma	\N	4	7	3	2004	96	6	7	2018	1	1	\N	2004-03-07	M	\N	\N	2018-07-06	\N	S
355	Estela do Esprito Santo Vaz DAlmeida	\N	175855	5	Domitlio Vicente Vaz DAmeida	Wadna Ferreira do Esprito Santo	\N	4	14	7	2003	96	17	10	2018	1	2	\N	2003-07-14	F	\N	\N	2018-10-17	\N	S
372	Adelmo Sacramento Veiga da Graa	\N	160108	5	Antnio Veiga da Graa	Snia Maria do Sacramento Vaz do Rosrio	\N	4	16	9	2001	96	8	4	2021	1	1	\N	2001-09-16	M	\N	\N	2021-04-08	\N	S
382	Engracio da Conceio Pires do Santos	\N	106480	5	Engracio Ricardo Pires dos Santos	Placida Ceita da Conceio	\N	4	13	11	1990	135	4	9	2017	1	1	\N	1990-11-13	M	\N	\N	2017-09-04	\N	S
383	Gejimy Fernandes dos Ramos	\N	198790	5	Orlando da Trindade dos Ramos	Olcia Fernandes da Conceio	\N	4	1	5	2005	96	5	8	2021	1	1	\N	2005-05-01	M	\N	\N	2021-08-05	\N	S
388	Neyd Vanducha Quaresma Bandeira Lucas dos Santos	\N	73084	5	Amrico de Lima Lopes Bandeira	Fernanda Quaresma Afonso	\N	4	7	11	1977	96	30	1	2017	2	2	\N	1977-11-07	F	\N	\N	2017-01-30	\N	M
389	Ana Sofia Quaresma Lucas dos Santos	\N	179471	5	Domingos Lucas dos Santos	Neyd Vauducha Quaresma Bandeira	\N	4	22	3	2004	96	18	7	2019	1	2	\N	2004-03-22	F	\N	\N	2019-07-18	\N	S
484	Mikaildo dos Santos Afonso	\N	175296	5	Hermenegildo da Glria Afonso	Edite Maria dos Santos	\N	4	20	9	2003	96	24	5	2019	1	1	\N	2003-09-20	M	\N	\N	2019-05-24	\N	S
486	Lilian da Costa	\N	187075	5	\N	Micaela Julio da Costa 	\N	4	3	5	2004	96	4	8	2020	1	2	\N	2004-05-03	F	\N	\N	2020-08-04	\N	S
487	Ildio Rompo Cardoso	\N	66956	5	Victor Cardoso 	Iria da Conceio Rompo	\N	4	11	9	1967	96	15	2	2016	1	1	\N	1967-09-11	M	\N	\N	2016-02-15	\N	S
488	Ariel Cravid Rosa	\N	186018	5	Alberto dos Santos Rosa	Tomazia Cravid Batista	\N	4	31	7	2003	96	13	8	2020	1	1	\N	2003-07-31	M	\N	\N	2020-08-13	\N	S
489	Fbio Quaresma das Neves	\N	128217	5	Antnio de Sousa das Neves	Lavinia Quaresma da Costa	\N	4	7	9	1993	96	18	1	2019	1	1	\N	1993-09-07	M	\N	\N	2019-01-18	\N	S
490	Nelsa Maria Mendes de Brito	\N	79792	5	Armindo Rita de Brito	Domingas Mendes	\N	4	5	5	1979	96	27	2	2017	1	2	\N	1979-05-05	F	\N	\N	2017-02-27	\N	S
491	Osvaldo da Cruz Santana de Almeida	\N	30667553 6	10	Eduardo Jos Santana	Maria Eufrasia  da Cruz de Bom Jesus	\N	6	8	3	1974	96	16	8	2018	1	1	\N	1974-03-08	M	\N	\N	2018-08-16	\N	S
492	Cineide Coelho da Mata	\N	141998	5	Tefilo da Cruz Pedroso da Mata	Anete da Graa do dos Anjos Coelho 	\N	4	30	8	1983	79	3	12	2020	1	2	\N	1983-08-30	F	\N	\N	2020-12-03	\N	S
493	Rafaela da Mata	\N	182647	5	\N	Cineide Coelho da Mata	\N	4	28	5	2004	96	20	6	2019	1	2	\N	2004-05-28	F	\N	\N	2019-06-20	\N	S
1625	Vania Gomes de Sousa Pontes Gomes 	\N	140263	13	Manuel de Assuno de Sousa Pontes 	Idalina Gomes Vaz Pereira de Sousa Pontes	\N	4	26	6	1996	96	28	9	2020	2	2	\N	1996-06-26	F	\N	\N	2020-09-28	3	M
1729	Adnizia Joaquim Correia 	\N	117176	13	Joo Rodrigues Correia	Maria do Livramento Tavares Joaquim	\N	4	31	1	1992	81	21	11	2022	1	2	\N	1992-01-31	F	\N	\N	2022-11-21	3	S
1810	Kanete Samora Solipa Gil Martins de Sousa	\N	95722	13	Manuel do Sacramento Martins de Sousa	Maria de Jesus Rosrio Solipa Gil	\N	4	13	1	1985	122	28	1	2020	1	1	\N	1985-01-13	M	\N	\N	2020-01-28	3	S
1843	Joo Menezes Nazar da Trindade	\N	35809	13	Joo Pires da Trindade	Amlia Luza Nazar	\N	4	22	8	1952	96	19	6	2006	1	1	\N	1952-08-22	M	\N	\N	2006-06-19	3	S
1844	Nathaly Dos Reis Silv	\N	954358	13	Otomar Do Nascimento Silva 	Teresinha De Jesus Dos Reis Silva	\N	4	2	1	1993	297	1	1	2023	1	2	\N	1993-01-02	F	\N	\N	2023-01-01	3	S
1845	Nathaly Dos Reis Silva	\N	G E 954358	31	Otomar Do Nascimento Silva 	Teresinha De Jesus Dos Reis Silva	\N	5	2	1	1993	312	11	8	2022	1	2	\N	1993-01-02	F	\N	\N	2022-08-11	\N	S
1846	Adailson Lopes Fernandes D Assuno	\N	75767	13	Lzaro Fernandes D Assuno	Helena Lopes Mandu D Assuno	\N	4	20	4	1979	96	27	10	2022	5	1	\N	1979-04-20	M	\N	\N	2022-10-27	3	D
1847	Gregrio Carvalho Diogo	\N	20593	13	Lzaro Francisco Diogo	Etelvina Barbara Veloso de Carvalho	\N	4	27	3	1951	163	29	10	2018	2	1	\N	1951-03-27	M	\N	\N	2018-10-29	3	M
1809	Andreza Soares Batista de Sousa	\N	62245	13	Andr Batista de Sousa 	Cosma Soares Martins	\N	4	28	6	1973	141	17	11	2014	6	2	\N	1973-06-28	F	\N	\N	2014-11-17	3	D
1853	Emiltonila de Sousa Lima	\N	97693	13	Rodrigo do Sacramento Lima 	Cesaltina Lima de Sousa	\N	4	11	5	1984	81	2	1	2019	1	2	\N	1984-05-11	F	\N	\N	2019-01-02	3	S
1854	Daysy do Espirito Santo	\N	175434	13	\N	Veronica Sibilia do Espirito Santo	\N	4	8	10	1997	86	3	8	2022	1	2	\N	1997-10-08	F	\N	\N	2022-08-03	3	S
1855	Kedmilza Gomes Alves da Trindade 	\N	181063	13	Kenito Alves da Trindade	Wadizy Gomes dos Santos Neto	\N	4	16	1	2005	96	1	8	2019	1	2	\N	2005-01-16	F	\N	\N	2019-08-01	3	S
390	Sila Cristina Correia do Sacramento Neto Pires Neto	\N	72202	13	Gervsio Nazar de Guadalupe Sacramento Neto	Maria Armanda dos Santos Correia Leal	\N	4	18	7	1976	96	26	3	2019	2	2	\N	1976-07-18	F	\N	\N	2019-03-26	3	M
391	Tatiana Correia do Sacramento Pires Neto	\N	189348	5	Adelino Pires Neto	Sila Cristina Correia Sacramento Neto Pires Neto	\N	4	15	9	2006	185	13	4	2021	1	2	\N	2006-09-15	F	\N	\N	2021-04-13	\N	S
392	Jernias da Graa das Neves da Cruz	\N	166390	5	Damio Ferreira da Cruz	Anastacia do Esprito Santos das Neves	\N	4	27	1	2000	96	26	7	2017	1	2	\N	2000-01-27	F	\N	\N	2017-07-26	\N	S
393	Roberto Gil das Neves Pires dos Santos	\N	124651	5	Aroldo das Neves Pires dos Santos	Carmy dos Santos Gil Quaresma	\N	4	28	12	1995	96	14	8	2017	1	1	\N	1995-12-28	M	\N	\N	2017-08-14	\N	S
1063	Olavo dos Santos Vieira	\N	193471	13	\N	Eugnia dos Santos Vieira	\N	4	10	3	1950	269	8	12	2015	1	1	\N	1950-03-10	M	\N	\N	2015-12-08	3	S
1084	Valentina Lopes Moreno	\N	05902	13	Atanasio  Lopes Moreno	Incia Borges Furtado	\N	4	19	5	1952	271	27	1	2007	1	2	\N	1952-05-19	F	\N	\N	2007-01-27	3	S
1116	Gercimanei do Espirito Santo Antnio	\N	131746	13	Joo Antnio	Iolanda do Espirito Santo	\N	4	11	12	1984	88	20	5	2019	1	2	\N	1984-12-11	F	\N	\N	2019-05-20	3	S
744	Pedronio da Graa	\N	61219	13	\N	Maria da Graa do Esprito	\N	4	14	8	1944	81	26	1	2005	2	1	\N	1944-08-14	M	\N	\N	2005-01-26	3	M
1079	Fbio Sousa Espirito Santo	\N	176118	13	Flvio da Cruz Espirito Santo	Larese Silva de Sousa	\N	4	17	6	2001	96	9	8	2019	1	1	\N	2001-06-17	M	\N	\N	2019-08-09	3	S
1167	Paulo Roberto Amado dos Anjos	\N	187806	13	Carlos Alberto Carvalho dos Anjos	Domingas Tavares Lima Amado	\N	4	7	3	2006	276	17	9	2020	1	1	\N	2006-03-07	M	\N	\N	2020-09-17	3	S
1168	Kezman Cabral da Cruz Fonseca	\N	178584	13	Hilrio Paixo da Cruz Fonseca	Alexandrina Cabral Managem	\N	4	30	3	2004	96	15	7	2019	1	1	\N	2004-03-30	M	\N	\N	2019-07-15	3	S
1220	Selma Pequeno da Veiga Monteiro	\N	157149	13	Luis da Viega Monteiro	Maria Francisca Afonso Sacramento Pequeno	\N	4	28	7	1985	122	12	10	2020	1	2	\N	1985-07-28	F	\N	\N	2020-10-12	3	S
1221	Anizete Lopes Dias D Apresentao	\N	138909	13	Albino Dias D Apresentao	Agostinha Lopes	\N	4	13	3	1998	96	1	2	2019	1	2	\N	1998-03-13	F	\N	\N	2019-02-01	3	S
1222	Anilza da Cruz Soares	\N	124666	13	Manuel Francisco Luis Soares	Idalcia da Cruz Vaz Pereira	\N	4	13	4	1993	81	20	11	2017	1	2	\N	1993-04-13	F	\N	\N	2017-11-20	3	S
1223	Adjanila Fernandes Alves 	\N	165769	13	Celestiano dos Ramos Alves 	Odete Veiga Fernandes 	\N	4	24	4	2002	96	6	8	2019	1	2	\N	2002-04-24	F	\N	\N	2019-08-06	3	S
495	Tatiana do Sacramento da Mata	\N	174473	5	Amrico da Trindade da Mata	Adelita Almeida Ribeiro do Sacramento	\N	4	7	6	2000	96	2	8	2018	1	2	\N	2000-06-07	F	\N	\N	2018-08-02	\N	S
496	Ormy Jnior do Nascimento dos Anjos	\N	179289	5	Orlando da Conceio Sacramento dos Anjos	Maria Emilia dos Ramos Dias do Nascimento	\N	4	8	11	1999	124	24	8	2021	1	1	\N	1999-11-08	M	\N	\N	2021-08-24	\N	S
497	Souleymane Lima Mayel Diop	\N	139151	5	Amadou Mayel Diop	Manuela Lus Lima	\N	4	4	5	1997	96	16	4	2018	1	1	\N	1997-05-04	M	\N	\N	2018-04-16	\N	S
498	Micaela de Sousa Pontes Rodrigo	\N	85707	5	Fernando Rodrigo	Esmeralda Fernandes de Sousa Pontes	\N	4	28	10	1981	79	7	7	2020	1	2	\N	1981-10-28	F	\N	\N	2020-07-07	\N	S
499	Reginalda Borges da Veiga	\N	181892	5	Agostinho do Nascimento da Veiga	Waldmira Borges da Costa	\N	4	14	8	2002	96	22	7	2021	1	2	\N	2002-08-14	F	\N	\N	2021-07-22	\N	S
379	Maribel D Almeida Soares Diogo	\N	173192	5	Olivio Soares Diogo	Eleuteria da Trindade D Almeida	\N	4	9	4	2003	126	10	7	2018	1	2	\N	2003-04-09	F	\N	\N	2018-07-10	\N	S
463	Klve Nascimento Neto	\N	179393	5	Guillherme Gabriel da Conceio Neto	Keila do Nascimento Vaz	\N	4	28	1	2004	92	20	4	2020	1	1	\N	2004-01-28	M	\N	\N	2020-04-20	\N	S
462	Klve Nascimento Neto	\N	17933	5	Guillherme Gabriel da Conceio Neto	Keila do Nascimento Vaz	\N	4	28	1	2004	92	20	4	2020	1	1	\N	2004-01-28	M	\N	\N	2020-04-20	\N	S
506	Emidio do Nascimento Moreno	\N	106490	5	Antonio Ceita Moreno	Beatriz do Nascimento Pereira	\N	4	4	10	1989	132	9	4	2018	1	1	\N	1989-10-04	M	\N	\N	2018-04-09	\N	S
507	Judney Lima Loureno	\N	113895	5	Desidrio Sacramento Loureno	Anatlia do Sacramento Lima	\N	4	10	8	1989	81	20	8	2021	1	1	\N	1989-08-10	M	\N	\N	2021-08-20	\N	S
508	Mirian dos Ramos	\N	184394	5	\N	Euridice Leonor Pereira dos Ramos	\N	4	18	8	2000	81	15	8	2020	1	2	\N	2000-08-18	F	\N	\N	2020-08-15	\N	S
510	Genoveva Quaresma dos Santos Freitas	\N	81899	5	Gasto Pires dos Santos Freitas 	Joana Tavares Quaresma 	\N	4	4	2	1979	117	27	9	2016	1	2	\N	1979-02-04	F	\N	\N	2016-09-27	\N	S
511	Clcio Ramos Cardoso Francisco	\N	32459283 3	10	Antnio Maria Francisco	Maria da Trindade Almeida Ramos Cardoso	\N	6	15	12	1985	96	24	9	2019	1	1	\N	1985-12-15	M	\N	\N	2019-09-24	\N	S
512	Ernestino da Graa Pires 	\N	49234	5	Eurico Monteiro Pires 	Maria da Graa	\N	4	4	8	1965	96	26	8	2013	1	1	\N	1965-08-04	M	\N	\N	2013-08-26	\N	S
513	Lsaro Fernandes Sousa da Glria	\N	68999	13	Felisberto Antnio da Glria	Leonor Fernandes de Sousa	\N	4	25	1	1975	198	17	3	2022	1	1	\N	1975-01-25	M	\N	\N	2022-03-17	3	S
514	Ricardo Varela de Sousa	\N	197108	5	Lzaro Fernandes de Sousa da Glria	Zeferina Luiza da Glria	\N	4	24	9	2004	96	11	8	2021	1	1	\N	2004-09-24	M	\N	\N	2021-08-11	\N	S
515	Maria Mendes Moreira 	\N	192805	5	Manuel Mereira	Maria Mendes	\N	4	12	4	1938	196	30	11	2015	1	2	\N	1938-04-12	F	\N	\N	2015-11-30	\N	S
516	Serafina dos Ramos Amadeu	\N	59560	5	Fernando Quaresma Amadeu	Zeferina Quaresma dos Ramos	\N	4	25	9	1972	81	2	7	2017	1	2	\N	1972-09-25	F	\N	\N	2017-07-02	\N	S
518	Adkeyla Carvalho Fernandes	\N	178492	5	Leonel Tomaz Fernandes	Admilay da  Trindade Fernandes Carvalho	\N	4	26	2	2003	81	16	7	2019	1	2	\N	2003-02-26	F	\N	\N	2019-07-16	\N	S
519	Kenedy Lima Seabra	\N	128924	5	Leonel Abucajo Seabra	Ana Alice Lima Batista Novo	\N	4	13	9	1995	135	26	8	2021	1	1	\N	1995-09-13	M	\N	\N	2021-08-26	\N	S
520	Evanilza D Assuno dos Santos	\N	160832	5	Ilidio de Boa Morte dos Santos	Ana Moreno D Assuno	\N	4	14	4	2000	96	11	9	2021	1	2	\N	2000-04-14	F	\N	\N	2021-09-11	\N	S
521	Antnia Luisa do Carmo 	\N	07087	5	\N	Luiza Apolonia Maria	\N	4	31	6	1937	199	8	5	1987	1	2	\N	\N	F	\N	\N	\N	\N	S
522	Brunildo de Oliveira Guadalupe	\N	217629	5	Jesus de Ceita Guadalupe	Eulanil Marlen Pires de Oliveira	\N	4	26	12	2001	96	17	7	2020	1	1	\N	2001-12-26	M	\N	\N	2020-07-17	\N	S
523	Carolina Correia	\N	02307	5	Manuel Correia	Maria Landim	\N	4	10	7	1936	179	15	2	2010	1	2	\N	1936-07-10	F	\N	\N	2010-02-15	\N	S
524	Carolina Pires da Madre Deus	\N	129284	13	Pedro Santana da Madre Deus	Albertina Rodrigues Pires	\N	4	16	9	1996	132	18	7	2018	1	2	\N	1996-09-16	F	\N	\N	2018-07-18	3	S
525	Helder dos Santos e Silva Carvalho dos Anjos 	\N	114166	5	Samoel Carvalho dos Anjos	Flvia da Mota dos Santos e Silva	\N	4	28	2	1989	200	8	11	2018	1	1	\N	1989-02-28	M	\N	\N	2018-11-08	\N	S
526	Daisineide Soares Neto Ambrosio	\N	146516	5	Julio Neto Ambrosio 	Julieta Soares do Nascimento Torres	\N	4	16	10	1995	109	29	7	2021	1	2	\N	1995-10-16	F	\N	\N	2021-07-29	\N	S
527	Manuel Fernandes Neto da Costa e Sousa	\N	92588	13	Leonel Soares da Costa e Sousa	Francisca dos Santos da Cruz Neto	\N	4	20	4	1984	79	26	8	2021	1	1	\N	1984-04-20	M	\N	\N	2021-08-26	3	S
528	Alex Loureno Domingos das Neves	\N	181355	5	Francisco Domingos das Neves	Gisela Loureno	\N	4	8	5	2002	96	18	7	2020	1	1	\N	2002-05-08	M	\N	\N	2020-07-18	\N	S
529	Randhal Robilson Pereira de Carvalho	\N	109092	13	Iliotrio Patrcio Pires de Carvalho	Ana Maria Afonso Pereira	\N	4	27	10	1989	124	24	1	2020	1	1	\N	1989-10-27	M	\N	\N	2020-01-24	3	S
530	Rossilvia Dad da Silva Lopes	\N	182548	5	Rossard da Silva Lopes	Selvria Dad Jordo 	\N	4	26	4	2002	81	9	1	2020	1	2	\N	2002-04-26	F	\N	\N	2020-01-09	\N	S
531	Alcisio dos Ramos Soares	\N	78834	5	Ernesto Soares	Eustquia Nobre dos Ramos Soares	\N	4	18	4	1980	131	21	6	2021	2	1	\N	1980-04-18	M	\N	\N	2021-06-21	\N	M
533	Aderito Luis da Fonseca Pereira	\N	98620	5	Marciano Luis dos Ramos Pereira 	Hilaria da Fonseca Costa	\N	4	28	12	1976	101	26	3	2018	1	1	\N	1976-12-28	M	\N	\N	2018-03-26	\N	S
534	Arguinayzer de Guadalupe dos Ramos	\N	125435	5	Artur Jos da Costa dos Ramos	Africana da Trindade Guadalupe	\N	4	21	5	1995	96	11	9	2020	1	1	\N	1995-05-21	M	\N	\N	2020-09-11	\N	S
535	Eulalia da Glria Quaresma	\N	116430	5	Hilrio Ferreira Quaresma 	Ana Maria Costa da Glria	\N	4	25	5	1993	81	29	10	2018	1	2	\N	1993-05-25	F	\N	\N	2018-10-29	\N	S
536	Eunice Moreira Rompo 	\N	125431	5	Carlos de Assuno Rompo	Maria Moreira de Melo Rompo	\N	4	10	10	1994	96	16	7	2021	1	2	\N	1994-10-10	F	\N	\N	2021-07-16	\N	S
537	Josimar Rodolfo Garrido Lomb de Ceita	\N	180691	5	Joo Carlos Lomb Viegas de Ceita	Juliana Lima Garrido	\N	4	6	10	2003	96	13	8	2019	1	1	\N	2003-10-06	M	\N	\N	2019-08-13	\N	S
538	Alrio dos Ramos da Cunha	\N	69640	5	Ovidio Honorato da Cunha	Antnia Torres dos Ramos Dias	\N	4	30	3	1976	96	11	6	2020	1	1	\N	1976-03-30	M	\N	\N	2020-06-11	\N	S
1858	Domingos Costa Vaz do Rosrio	\N	44590	13	Francisco Vaz do Rosrio	Alda Viegas de Jesus Costa	\N	4	16	11	1967	81	7	11	2019	1	1	\N	1967-11-16	M	\N	\N	2019-11-07	3	S
1859	Alex da Silva D Andrade Catarina	\N	139738	13	Manuel D Andrade Catarina	Otilia Conceio da Silva	\N	4	18	8	1995	169	8	3	2023	1	1	\N	1995-08-18	M	\N	\N	2023-03-08	3	S
1860	Adgilson da Graa Jos da Costa	\N	179151	13	Anilson Fernandes de Sousa Leite da Costa 	Adsilaide da Graa do Rosrio	\N	4	6	11	2003	96	11	6	2022	1	1	\N	2003-11-06	M	\N	\N	2022-06-11	3	S
1861	Carlos Lamartiny Afonso Zacarias	\N	93448	13	Rogerio Zacarias	Carmecita da Gama Afonso Arago	\N	4	17	12	1983	81	13	5	2019	2	1	\N	1983-12-17	M	\N	\N	2019-05-13	3	M
1862	Lezilay de Sousa Vaz Hilrio	\N	26316	13	Jos Antnio	Incia do Espirito Santo Sousa Vaz	\N	4	8	1	1985	96	24	2	2022	2	2	\N	1985-01-08	F	\N	\N	2022-02-24	3	M
1863	Ivnio Antnio de Sousa Afonso	\N	106586	13	Pascoal  Antnio Luis Afonso	Severiana de Sousa Soares	\N	4	11	3	1989	157	15	8	2018	1	1	\N	1989-03-11	M	\N	\N	2018-08-15	3	S
1864	Okuenia Fernades Soares 	\N	168640	13	Ermiterio Soares Da Trindade	Ermelita Fernandes	\N	4	10	5	1996	96	8	1	2021	1	2	\N	1996-05-10	F	\N	\N	2021-01-08	3	S
1865	Elsa Maria da Costa Cle Cle	\N	52019	13	Antnio Jorge Cle Cle	Maria Madre de Deus Nazar	\N	4	7	8	1969	96	17	7	2017	1	2	\N	1969-08-07	F	\N	\N	2017-07-17	3	S
1866	Aguinaldo Costa da Mota Neto	\N	58528	13	Loureno Afonso da Mota Neto	Alda Viegas de Jesus Costa	\N	4	22	12	1972	96	8	8	2018	1	1	\N	1972-12-22	M	\N	\N	2018-08-08	3	S
1868	Antunes Sousa Pires da Graa	\N	124665	13	Manuel Guadalupe da Graa	Isabel do Espirito Santo de Sousa Pires	\N	4	15	11	1993	124	14	7	2021	1	1	\N	1993-11-15	M	\N	\N	2021-07-14	3	S
1869	Lassalete Jordo Pinto	\N	147659	13	Jos Bonfim Pinto	Faustina Aguiar da Trindade Jordo	\N	4	30	9	1993	86	7	10	2020	1	2	\N	1993-09-30	F	\N	\N	2020-10-07	3	S
1870	Geralda Mendes Gonalves	\N	05452	13	Lus Mendes 	Tereza Gonalves	\N	4	13	2	1941	96	5	11	2012	1	2	\N	1941-02-13	F	\N	\N	2012-11-05	3	S
1871	Jaymilson Cravid Pires Lagos Diogo	\N	153493	13	Jaime Pires Lagos Diogo	Tomazia Cravid Batista	\N	4	2	4	1998	96	30	10	2021	1	1	\N	1998-04-02	M	\N	\N	2021-10-30	3	S
1872	Beatriz de Brito Fortes	\N	182049	13	Francisco Cruz Fortes	Deolanda Varela Jesus Brito	\N	4	24	1	2004	117	15	7	2019	1	2	\N	2004-01-24	F	\N	\N	2019-07-15	3	S
1873	Laizy Varela De Sousa 	\N	208221	13	Lzaro Fernandes De Sousa Da  Glria	Zeferina Luiza  Varela	\N	4	3	8	2007	96	23	11	2022	1	2	\N	2007-08-03	F	\N	\N	2022-11-23	3	S
1874	Paulo Nascimento Dias do Sacramento	\N	39091	13	Tom Dias do Sacramento	Maria Segunda Nascimento dos Ramos	\N	4	26	1	1963	81	27	7	2020	1	1	\N	1963-01-26	M	\N	\N	2020-07-27	3	S
1875	 Beatrice, Francoise  Pichon p.Lecardeur	\N	22 AA 30087	32	Pichon Claude 	Petitjean Yvonne	\N	5	10	3	1971	313	6	1	2022	2	2	\N	1971-03-10	F	\N	\N	2022-01-06	\N	M
1876	Christophe Philippe Lecardeur	\N	22 A D 53323	32	Lecardeur Jean	Klein Micheline	\N	5	19	2	1968	314	28	1	2022	2	1	\N	1968-02-19	M	\N	\N	2022-01-28	\N	M
1878	Maria Antnia da Mata Rita	\N	64003	13	Justino do Sacramento Rita 	Madalena da Trindade da Mata 	\N	4	13	2	1972	81	17	8	2022	1	2	\N	1972-02-13	F	\N	\N	2022-08-17	3	S
1879	Eulanil Marlen Pires de Oliveira	\N	100169	13	Carlos Barros da Glria de Oliveira	Ins Pires dos Santos Sacramento	\N	4	25	9	1984	122	9	6	2020	1	2	\N	1984-09-25	F	\N	\N	2020-06-09	3	S
1880	Kilson Quaresma Leite Pereira	\N	74576	13	Augusto Leite Pereira	Adelaide Quaresma Augusto	\N	4	13	11	1979	128	24	5	2019	1	1	\N	1979-11-13	M	\N	\N	2019-05-24	3	S
1881	Fredy Gamisse Martins das Neves	\N	196583	13	Alberto Batista Martins das Neves	Alcinda Gamisse Coimbra	\N	4	11	8	2005	96	12	8	2021	1	1	\N	2005-08-11	M	\N	\N	2021-08-12	3	S
1882	Maria Afonso Ferreira Nunes	\N	112816	13	Manuel Damio Ferreira Nunes 	Helena Anastacia da Fonseca Afonso	\N	4	15	5	1973	122	7	7	2017	1	2	\N	1973-05-15	F	\N	\N	2017-07-07	3	S
1883	Adelson Espirito de Sousa Pontes	\N	109432	13	Raimundo Lima de Sousa Pontes	Jlia Ramos do Espirito Santo	\N	4	24	10	1990	81	4	10	2021	2	1	\N	1990-10-24	M	\N	\N	2021-10-04	3	M
1885	Andr Amado Dias do Espirito Santo	\N	183079	13	Andr Abilio Dias do Espirito Santo	Carla Maria da Glria Amado	\N	4	3	1	2004	96	10	8	2020	1	1	\N	2004-01-03	M	\N	\N	2020-08-10	3	S
1886	Adler Patricio Santiago	\N	187216	13	Adelino Francisco Santiago	Dinazalda Patrcio Feia	\N	4	20	6	2004	96	19	7	2022	1	1	\N	2004-06-20	M	\N	\N	2022-07-19	3	S
1887	Lisete Gomes D Apresentao 	\N	127718	13	Manuel D Apresentao  	Alice Jorge Gomes Domingos Tron	\N	4	12	9	1955	81	26	5	2006	1	2	\N	1955-09-12	F	\N	\N	2006-05-26	3	S
1888	Laudino Ilidio da Graa Tavares	\N	138210	13	Desidrio da Graa Tavares	Maria Ilidia	\N	4	10	7	1991	96	30	4	2019	2	1	\N	1991-07-10	M	\N	\N	2019-04-30	3	M
1321	Joy Salvador Viegas de Abreu	\N	32025537 9ZY 8	10	Aladino Simo Cordeiro Viegas de Abreu	Izilda Maria Salvador Jos	\N	6	5	9	1991	193	15	10	2020	1	1	\N	1991-09-05	M	\N	\N	2020-10-15	\N	S
1851	Lucilene Monteiro de Barros	\N	155392	13	Licinio Manuel Ramos de Barros	Ilisete Octvia Monteiro Lima	\N	4	29	5	1997	96	10	3	2020	1	2	\N	1997-05-29	F	\N	\N	2020-03-10	3	S
1894	Waksimilson Batista Tavares	\N	131190	13	Arlindo Tavares Quebra	Paulina Moreira Batista	\N	4	29	3	1988	316	24	3	2023	1	1	\N	1988-03-29	M	\N	\N	2023-03-24	3	S
1896	Jonas Carmona Lopes	\N	152595	13	Joo Lopes de Pina	Ana Maria Eo Carmona	\N	4	12	2	1999	81	25	5	2022	1	1	\N	1999-02-12	M	\N	\N	2022-05-25	3	S
1897	Simone Duarte Fernandes	\N	GA 341506	23	Guilherme de Barros Fernandes	 Francisca Franceli de Barros Duarte	\N	5	7	11	1986	317	11	9	2019	1	2	\N	1986-11-07	F	\N	\N	2019-09-11	\N	S
1898	Yudinira Pires dos Santos Vaz da Conceio	\N	146957	13	Guilhermino Barreiro Vaz da Conceio	Felicia DAssuno Pires dos Santos	\N	4	4	4	1996	131	21	7	2020	1	2	\N	1996-04-04	F	\N	\N	2020-07-21	3	S
1899	Abdeneydo da Conceio Soares	\N	173548	13	Roberto da Cruz Soares	Emilia Conceio Sousa Pontes	\N	4	1	9	2002	96	26	5	2022	1	1	\N	2002-09-01	M	\N	\N	2022-05-26	3	S
1900	Odete Maria da Glria Filipe	\N	48299	13	Manuel da Trindade Vicente Filipe	Micala do Sacramento Antnio da Glria	\N	4	17	6	1968	96	13	6	2017	1	2	\N	1968-06-17	F	\N	\N	2017-06-13	3	S
1901	Gasto Dias de Oliveira Viegas	\N	59610	13	Joo de Oliveira Viegas	Maria Madalena Sacramento Dias	\N	4	23	1	1967	96	11	9	2017	1	1	\N	1967-01-23	M	\N	\N	2017-09-11	3	S
539	Elton da Costa Bebeca	\N	183089	13	Jaime Jos Bebeca	Meriam da Costa Ferreira Bragana	\N	4	9	11	2002	96	8	8	2020	1	1	\N	2002-11-09	M	\N	\N	2020-08-08	3	S
1391	Gizela da Cruz Afonso	\N	179172	13	Agostinho Jos Lima Barbosa Afonso	Julieta da Cruz Trindade Afonso	\N	4	15	8	2004	96	1	8	2019	1	2	\N	2004-08-15	F	\N	\N	2019-08-01	3	S
1392	Augusto da Cruz Afonso 	\N	141347	13	Agostinho Jos Lima Barbosa Afonso	Julieta da Cruz Trindade Afonso	\N	4	24	7	1998	96	8	5	2019	1	1	\N	1998-07-24	M	\N	\N	2019-05-08	3	S
1437	Felisberto dos Ramos Pires dos Santos	\N	59634	13	Manuel Pereira Pires dos Santos	Maria Vaz dos Ramos 	\N	4	28	5	1969	163	27	8	2013	1	1	\N	1969-05-28	M	\N	\N	2013-08-27	3	S
1438	Anglica Janete Rodrigues Jesus de Carvalho	\N	164943	13	Simo Jesus de Carvalho Afonso	Anabela Vaz Rodrigues 	\N	4	5	1	2003	96	16	7	2022	1	2	\N	2003-01-05	F	\N	\N	2022-07-16	3	S
1439	Safira Fernandes dos Santos Andrade	\N	179852	13	Pedro Maria dos Santos Andrade	Esmeralda Fernandes Filipe Santiago	\N	4	25	1	2005	96	28	9	2021	1	2	\N	2005-01-25	F	\N	\N	2021-09-28	3	S
1440	Agnes Perez Ensesa	\N	P A K 123535	25	Jos Luis	Maria Dolores	\N	5	19	2	1985	286	2	10	2019	1	2	\N	1985-02-19	F	\N	\N	2019-10-02	\N	S
1444	Elizaney das Neves Borges	\N	189787	13	Antnio dos Reis Borges	Amrica das Neves Vaz Campos	\N	4	3	6	2001	81	24	3	2021	1	2	\N	2001-06-03	F	\N	\N	2021-03-24	3	S
1484	Mri de Assuno dos Reis Norberto	\N	195009	13	Antnio dos Reis Norberto	Cizaltina de Assuno Ingls	\N	4	4	1	2005	91	5	8	2021	1	2	\N	2005-01-04	F	\N	\N	2021-08-05	3	S
1606	Oscarito Pereira de Sousa	\N	74587	13	Carlos de Ceita de Sousa	Georgina Soares Pereira	\N	4	7	8	1978	96	13	7	2022	2	1	\N	1978-08-07	M	\N	\N	2022-07-13	3	M
1856	Dalton de Sousa Rompo	\N	172136	13	Antnio Macedo Rompo	Engrcia de Sousa	\N	4	1	10	2001	209	13	8	2018	1	1	\N	2001-10-01	M	\N	\N	2018-08-13	3	S
1893	Silvina Nascimento Tavares Furtado 	\N	114311	13	Silvino Tavares Furtado 	Rosa Maria Nascimento dos Santos Correia	\N	4	3	6	1991	96	13	4	2021	1	2	\N	1991-06-03	F	\N	\N	2021-04-13	3	S
222	Edmilson Pires dos Santos Bonfim	\N	168754	5	Lucrecio Bom Despacho Bonfim	Virginia Neto Pires dos Santos	\N	4	23	10	2002	96	31	7	2018	1	1	\N	2002-10-23	M	\N	\N	2018-07-31	\N	S
312	Waldizilaine D Apresentao Barros	\N	128323	5	Sstenes Noronha da Costa Barros	Ermicilda Santana D Apresentao Vicente	\N	4	16	3	1995	169	7	7	2021	2	1	\N	1995-03-16	M	\N	\N	2021-07-07	\N	M
318	Silvio Salvador Abreu Fernandes Jorge	\N	150709	13	Silvestre Fernandes Jorge 	Valdimira Salvador de Abreu	\N	4	5	1	1999	96	12	4	2022	1	1	\N	1999-01-05	M	\N	\N	2022-04-12	3	S
15	CELCINACY	PAIXO CRAVID DOS SANTOS ABREU	84171	13	Joaquim Joo Cravid	Damiana Paixo	1	4	1	3	1981	79	17	1	2020	2	1	8	1981-03-01	M	2023-11-28	3	2020-01-17	3	M
2347	Nony	Pereira Monteiro D`Alva	145208	13	Urbino da Graa Monteiro D`Alva	Albertina dos Santos Pereira D'Alva	6	4	\N	\N	\N	\N	1	1	1	\N	\N	4	1199-07-22	F	2025-02-08	3	2020-02-10	3	S
2348	Faustina	Lopes Martins dos Ramos	134165	13	Edmilbe	Dulcineia	7	4	\N	\N	\N	\N	1	1	1	\N	\N	5	2020-05-14	F	2023-11-22	3	2023-11-07	3	S
21	Idelci do Sacramento da Conceio	\N	145591	5	Ilidio da Conceio	Severina Noronha Vaz do Sacramento	\N	4	16	3	1996	81	18	6	2020	1	1	\N	1996-03-16	M	\N	\N	2020-06-18	\N	S
28	Indira Francisca Rodrigues Pita	\N	119941	5	Fernandes Pires dos Santos Rodrigues Pita	Helena do Bom Jesus Francisco	\N	4	30	9	1984	119	10	4	2019	1	2	\N	1984-09-30	F	\N	\N	2019-04-10	\N	S
33	Lucio Gabriel Constantino	\N	120356	5	Emlio Furtado de Constantino 	Maria Inocencia Gabriel	\N	4	30	5	1981	117	5	9	2019	1	1	\N	1981-05-30	M	\N	\N	2019-09-05	\N	S
34	Delfina da Cruz Marques	\N	175864	5	Antnio dos Santos Marques	Maria Francisca da Cruz Marques	\N	4	2	9	1968	120	28	8	2013	1	2	\N	1968-09-02	F	\N	\N	2013-08-28	\N	S
35	Hirondina dos Santos Monteiro	\N	192811	5	Armelindo Mendes Monteiro	Odete dos Santos Monteiro	\N	4	6	12	1988	81	25	2	2021	1	2	\N	1988-12-06	F	\N	\N	2021-02-25	\N	S
36	Austilina Sacramento Afonso	\N	151321	5	Manuel Afonso 	 Aureliana Sacramento de Encarnao	\N	4	10	3	1984	79	5	10	2015	1	2	\N	1984-03-10	F	\N	\N	2015-10-05	\N	S
37	Inisvaldo Costa  dos Santos	\N	180115	5	Csar da Silva dos Santos 	Albertina Antnio Costa	\N	4	26	3	2003	91	18	7	2019	1	1	\N	2003-03-26	M	\N	\N	2019-07-18	\N	S
40	Feliciana Semedo Xavier da Cruz	\N	144607	5	Feliciano Xavier da Cruz	Maria do Carmo do Esprito Santo	\N	4	9	11	1998	96	18	10	2019	1	2	\N	1998-11-09	F	\N	\N	2019-10-18	\N	S
41	Adcilay Graa Santana	\N	110065	5	Antnio Santana	Aldmira Almeida da Graa	\N	4	28	7	1987	113	13	4	2020	1	2	\N	1987-07-28	F	\N	\N	2020-04-13	\N	S
42	Wadson Tavares Bento Luiz	\N	81390	5	Gualdino Bento Luiz	Madalena do Sacramento Rita Tavares	\N	4	2	6	1981	122	31	8	2016	1	1	\N	1981-06-02	M	\N	\N	2016-08-31	\N	S
43	Antnia Alariza Mendes Jnior	\N	96848	5	Gabriel Incio Paulo Jnior	Ana Manuela da Graa Mendes Neto	\N	4	5	11	1986	118	12	5	2021	1	2	\N	1986-11-05	F	\N	\N	2021-05-12	\N	S
44	Alda Maricia Doukaga Dias Vaz	\N	150652	5	\N	Alda Silvestre Dias Vaz de Freitas	\N	4	7	11	1991	124	28	7	2020	1	2	\N	1991-11-07	F	\N	\N	2020-07-28	\N	S
45	Izezio Pereira Evaristo	\N	106842	5	Andre Evaristo 	Beatriz do Nascimento	\N	4	29	1	1983	96	19	6	2017	1	1	\N	1983-01-29	M	\N	\N	2017-06-19	\N	S
66	Helderminio Pepe Princesa	\N	87827	5	Fernando Princesa 	Albertina Fernandes Pepe	\N	4	10	8	1981	96	2	2	2018	1	1	\N	1981-08-10	M	\N	\N	2018-02-02	\N	S
83	Ana d Apresentao dos Santos	\N	61738	5	Manuel dos Santos Sebastio	Aurora Assuno d Apresentao	\N	4	19	10	1973	96	14	4	2021	1	2	\N	1973-10-19	F	\N	\N	2021-04-14	\N	S
103	Gisela Cunha Mendes da Veiga	\N	175851	5	Jos dos Santos Mendes da Veiga	Ermilinda Dias da Cunha	\N	4	22	6	2003	96	13	5	2019	1	2	\N	2003-06-22	F	\N	\N	2019-05-13	\N	S
109	Wilson Silva Costa da Conceio	\N	113074	5	Damio Silvestre da Conceio 	Andreza do Nascimento	\N	4	1	10	1991	96	8	2	2017	1	1	\N	1991-10-01	M	\N	\N	2017-02-08	\N	S
119	Alnia Rita Bernadino	\N	167914	5	Adrito no Nascimento Bernardino	Pscoa da Conceio Neto Rita Bernardino	\N	4	14	8	2002	96	15	5	2019	1	2	\N	2002-08-14	F	\N	\N	2019-05-15	\N	S
154	Kelvio Ferreira Sousa Pereira	\N	165537	5	Urbano Sousa Pereira	Guiomar Ferreira Dias	\N	4	12	3	2002	96	27	6	2019	1	1	\N	2002-03-12	M	\N	\N	2019-06-27	\N	S
156	Regina das Neves Afonso Quintas	\N	161283	5	Eugenio da Silva Afonso Quintas	Francisca Jos das Neves	\N	4	12	9	1999	80	14	8	2016	1	2	\N	1999-09-12	F	\N	\N	2016-08-14	\N	S
170	Andrealina Victor Miguel	\N	183130	5	Paulo Berta Miguel	Graciana Cabanga Victor	\N	4	13	4	2000	81	30	3	2020	1	2	\N	2000-04-13	F	\N	\N	2020-03-30	\N	S
172	Herdio Quaresma dos Santos Loureno	\N	10465	5	Cosme Joo Loureno	Maria Conceio Quaresma dos Santos	\N	4	20	3	1940	107	14	8	1992	1	1	\N	1940-03-20	M	\N	\N	1992-08-14	\N	S
195	Fabrice Soares do Nascimento 	\N	175645	5	Carlos Alberto das Neves do Nascimento	Adelina Martinho Soares Lima	\N	4	24	5	1998	124	4	9	2018	1	1	\N	1998-05-24	M	\N	\N	2018-09-04	\N	S
196	Olga Nazar da Cruz	\N	54835	13	Jorge Afonso da Cruz	Maria Nazar	\N	4	10	7	1966	105	24	3	2016	1	2	\N	1966-07-10	F	\N	\N	2016-03-24	3	S
197	Silvio Carvalho da Silva Lima	\N	160860	5	Cirilo da Silva Lima	Licinia Maria Lopes de Carvalho Lima	\N	4	4	2	1999	96	14	8	2016	1	1	\N	1999-02-04	M	\N	\N	2016-08-14	\N	S
182	Wats Naura Neto Quaresma Barrata da Trindade	\N	151562	5	Adilson Barrata da Trindade	Incia Neto Quaresma da Trindade	\N	4	8	11	2000	96	11	7	2019	1	2	\N	2000-11-08	F	\N	\N	2019-07-11	\N	S
244	Cleusa Sacramento do Rosrio	\N	124674	5	Fernando Lima Vaz do Rosrio	Domimingas Luis Sacramento	\N	4	4	12	1995	96	14	7	2020	1	2	\N	1995-12-04	F	\N	\N	2020-07-14	\N	S
263	Jos de Pina Monteiro	\N	83119	5	Candido Monteiro	Jernima Mendes Pina	\N	4	28	12	1974	163	8	11	2017	1	1	\N	1974-12-28	M	\N	\N	2017-11-08	\N	S
279	Alvim Brando Paquete	\N	179038	5	Dedaldino Pedroso Lima Paquete	Beatriz Fernandes Brando Paquete	\N	4	9	7	2003	96	24	8	2020	1	1	\N	2003-07-09	M	\N	\N	2020-08-24	\N	S
280	Evandro Monteiro da Conceio Lima	\N	153629	5	Honorio Trovoada da Conceio Lima	Geralda Monteiro da Graa	\N	4	29	3	1995	96	22	10	2020	2	1	\N	1995-03-29	M	\N	\N	2020-10-22	\N	M
281	Waziza Mareira Cancostantino	\N	119742	5	Luiz Constantino	Carminda Ferreira Lopes Moreira	\N	4	13	5	1991	81	21	2	2020	1	2	\N	1991-05-13	F	\N	\N	2020-02-21	\N	S
282	Ariksan da Cruz Viegas	\N	181117	5	Avelino Jlio Viegas	Olga Nazar da Cruz	\N	4	6	8	2002	96	5	3	2020	1	2	\N	2002-08-06	F	\N	\N	2020-03-05	\N	S
283	Ermelinda Adriano Fortes	\N	153162	5	Antnio Matilde Fortes	Luiza Francisca Adriano Fortes	\N	4	2	9	2000	81	12	8	2020	1	2	\N	2000-09-02	F	\N	\N	2020-08-12	\N	S
284	Lucia Neto Amado de Encarnao	\N	182308	5	Juvenal Gomes de Encarnao	Claudete Amado	\N	4	2	6	2003	96	15	8	2020	1	2	\N	2003-06-02	F	\N	\N	2020-08-15	\N	S
287	Edilene do Espirito Santo da Glria do Nascimento	\N	172387	5	Wilson da Gloria Nascimento	Georgina da Conceio do Espirito Santo	\N	4	29	8	2003	119	9	8	2018	1	2	\N	2003-08-29	F	\N	\N	2018-08-09	\N	S
290	Alex de Assuno Quintas	\N	180147	5	Alexandre Nascimento Monteiro Quintas	Zulaide Eola Manchado de Assuno	\N	4	9	4	2003	96	10	12	2020	1	1	\N	2003-04-09	M	\N	\N	2020-12-10	\N	S
291	Valeria Quaresma da Conceio e Sousa	\N	160087	5	Manuel Antnio da Conceio e Sousa	Juliana Quaresma Tron	\N	4	2	8	1995	81	7	8	2016	1	2	\N	1995-08-02	F	\N	\N	2016-08-07	\N	S
292	Genivaldo Pequeno Monteiro	\N	165514	5	Nelson Pereira Monteiro 	Idalina Maria Pequeno Cravid	\N	4	5	11	2001	96	24	7	2017	1	1	\N	2001-11-05	M	\N	\N	2017-07-24	\N	S
293	Temyr Alcantara dos Ramos	\N	195405	13	Virglio Sacramento dos Ramos	Inocencia  Ramos Vaz de Alcantara	\N	4	12	1	2005	96	30	7	2021	1	1	\N	2005-01-12	M	\N	\N	2021-07-30	3	S
294	Dani Pires Chantre Jacob	\N	89016	13	Alberto Maria Chantre	Irene Quereno Pires	\N	4	23	12	1980	128	13	12	2019	2	1	\N	1980-12-23	M	\N	\N	2019-12-13	3	M
295	Adilton Joy do Esprito Santos Dias 	\N	76922	5	Laurindo Dias	Maria Eduara do Esprito Santos 	\N	4	3	2	1979	96	15	4	2020	2	1	\N	1979-02-03	M	\N	\N	2020-04-15	\N	M
296	Airingue Carvalho Batista de Sousa	\N	30409694 6	10	Simo Jos Batista de Sousa	Isabel Pires dos Santos Carvalho	\N	6	19	10	1976	131	6	4	2017	2	1	\N	1976-10-19	M	\N	\N	2017-04-06	\N	M
259	Guilberth de Ceita Sousa Pontes	\N	164244	5	Guilhermino Lima Sousa Pontes	Elizabeth do Sacramento de Ceita	\N	4	27	3	1997	96	8	4	2017	1	1	\N	1997-03-27	M	\N	\N	2017-04-08	\N	S
260	Eliguilher  de Ceita Sousa Pontes	\N	164245	5	Gilhermino  Lima de Sousa Pontes 	Elisabete do Sacramento de Ceita	\N	4	3	5	2000	96	8	4	2017	1	1	\N	2000-05-03	M	\N	\N	2017-04-08	\N	S
300	Valter do Sacramento Quintas	\N	151360	5	Alexandre Nascimento Monteiro Quintas	Juliana do Sacramento Leite	\N	4	14	5	2000	169	16	2	2021	1	1	\N	2000-05-14	M	\N	\N	2021-02-16	\N	S
377	Antero Oliveira Viegas de Abreu	\N	90260	5	Vitorino Neto de Lima Viegas de Abreu	Alcina Bento	\N	4	30	12	1972	81	30	11	2014	1	1	\N	1972-12-30	M	\N	\N	2014-11-30	\N	S
361	Isabel Quaresma da Cruz Neto Vaz de Boa Esperana	\N	107051	5	Manuel Quaresma Pires Neto Vaz	Margarida D Arajo Quaresma	\N	4	2	7	1977	96	7	5	2019	2	2	\N	1977-07-02	F	\N	\N	2019-05-07	\N	M
385	Fernando Eusbio Jordo Ramos Rolim	\N	55581	5	Luis Ramos Gonalves Rolim	Rosria Pedro Esperana Jordo	\N	4	14	10	1970	96	4	5	2017	1	1	\N	1970-10-14	M	\N	\N	2017-05-04	\N	S
386	Diana do Nascimento Jordo Rolim	\N	188796	5	Fernando Eusbio Jordo dos Ramos Rolim	Isilda Santana do Nascimento	\N	4	24	11	2005	145	27	7	2020	1	2	\N	2005-11-24	F	\N	\N	2020-07-27	\N	S
387	Atyllas do Espirito Santo Trindade	\N	196297	13	Alfredo Bom Jesus Trindade	Sara do Espirito Santo das Neves Trindade	\N	4	23	5	2002	124	17	5	2021	1	1	\N	2002-05-23	M	\N	\N	2021-05-17	3	S
395	Ivanild da Costa	\N	154133	5	\N	Fernanda Tom de Oliveira Costa	\N	4	31	5	1997	96	17	5	2021	1	2	\N	1997-05-31	F	\N	\N	2021-05-17	\N	S
396	Ivnia da Costa	\N	154134	5	\N	Fernanda Tom de Oliveira Costa	\N	4	31	5	1997	96	17	5	2021	1	2	\N	1997-05-31	F	\N	\N	2021-05-17	\N	S
397	Alex Nogueira da Trindade	\N	31323679 8	10	Olinto Gamisse da Trindade	Inocncia Pires dos Santos Nogueira	\N	6	18	4	1993	96	18	9	2018	1	1	\N	1993-04-18	M	\N	\N	2018-09-18	\N	S
404	Osvanel Lima de Carvalho	\N	166917	5	Osvaldo Varela de Carvalho	Manuela Luiz Lima	\N	4	29	4	2003	96	8	6	2018	1	1	\N	2003-04-29	M	\N	\N	2018-06-08	\N	S
406	Vanilson do Rosrio Fernandes Amaro	\N	152955	5	Hunberto Ferreira Amaro	Elsa Maria do Rosrio Fernandes	\N	4	27	9	1996	81	9	4	2018	1	1	\N	1996-09-27	M	\N	\N	2018-04-09	\N	S
466	Dorisse da Costa Bolonha D  Oliveira	\N	173272	5	Rodolfo de Sousa Anto D  Oliveira	Dulce Correia da Costa Bolonha	\N	4	12	7	2003	124	30	7	2019	1	2	\N	2003-07-12	F	\N	\N	2019-07-30	\N	S
561	Xana de Oliveira da Costa	\N	159135	13	Martinho de Encarnao da Costa	Maria Luisa de Oliveira da Costa	\N	4	1	5	1997	131	26	3	2018	1	2	\N	1997-05-01	F	\N	\N	2018-03-26	3	S
599	Carolino Varela Lopes Tavares	\N	192765	13	Felisbero Lopes Tavares	Esmeralda dos Santos Varela	\N	4	10	5	1997	210	18	2	2021	1	1	\N	1997-05-10	M	\N	\N	2021-02-18	3	S
600	Aderito do Espirito Santo do Rosrio	\N	175028	13	Manuel Sacramento do Rosrio	Roberta da Graa do Espirito Santo	\N	4	31	7	1998	169	26	2	2019	1	1	\N	1998-07-31	M	\N	\N	2019-02-26	3	S
601	Celma Andreza dos Santos 	\N	172884	13	Elzeter da Cruz Neto dos Santos 	Argentina Maria Santana Andreza	\N	4	7	12	2001	96	13	8	2020	1	2	\N	2001-12-07	F	\N	\N	2020-08-13	3	S
602	Vanilda do Sacramento de Ceita Varela 	\N	129369	13	Ervcio da Cruz de Ceita Varela	Lourena Eduarda do Sacramento	\N	4	7	6	1996	81	24	1	2019	1	2	\N	1996-06-07	F	\N	\N	2019-01-24	3	S
604	Domingos Lucas dos Santos	\N	65876	13	Joaquim Domingos Jesus dos Santos	Maria Silvestre do Espirito Santo Lucas	\N	4	28	12	1974	81	30	1	2017	2	1	\N	1974-12-28	M	\N	\N	2017-01-30	3	M
605	Manuel Gonalves da Silva da Cruz Fonseca	\N	40841	13	Manuel do Espirito Santo da Cruz Fonseca	Maria Miguel Gonalves da Silva Novo	\N	4	22	7	1965	131	5	1	2021	1	1	\N	1965-07-22	M	\N	\N	2021-01-05	3	S
606	Lias Marise Quaresma de Almeida Va-Jeng Moreno	\N	75598	13	Joo de Almeida Va-Jeng	America Semoa Quaresma Va-Jeng	\N	4	25	7	1978	96	19	2	2018	2	2	\N	1978-07-25	F	\N	\N	2018-02-19	3	M
607	Helena da Conceio Noronha Rompo	\N	48405	13	Jacinto D Alva Noronha 	Januria da Conceio	\N	4	5	10	1966	131	6	1	2014	2	2	\N	1966-10-05	F	\N	\N	2014-01-06	3	M
608	Valdessnia Gomes da Trindade	\N	79393	13	Alfredo da Trindade	Eugnia Vaz D Almeida Bragana Gomes	\N	4	5	5	1980	79	7	1	2020	1	2	\N	1980-05-05	F	\N	\N	2020-01-07	3	S
609	Marlene Nana Amisse	\N	218750	13	Florindo do Carmo Amisse	Paula Camuenha Nana	\N	4	22	5	1994	212	15	3	2019	1	2	\N	1994-05-22	F	\N	\N	2019-03-15	3	S
610	Bruno dos Santos Fernandes	\N	149076	13	scar de Sousa Fernandes	Anatlia Sacramento dos Santos	\N	4	13	8	1997	107	23	7	2020	1	1	\N	1997-08-13	M	\N	\N	2020-07-23	3	S
611	Juliana de Guadalupe Antonio da Gloria	\N	64520	13	Agostinho Antonio da Gloria	Maria de Guadalupe Afonso	\N	4	10	5	1954	81	12	4	2010	1	2	\N	1954-05-10	F	\N	\N	2010-04-12	3	S
612	Incio Catraio Varela	\N	125741	13	Belmiro Dantas Mendes Varela	Domingas Adelaide Catraio	\N	4	17	11	1980	88	31	5	2021	1	1	\N	1980-11-17	M	\N	\N	2021-05-31	3	S
613	Lurdes Nazar Guinel	\N	63545	13	Joaquim da Trindade Guinel	Maria Andr	\N	4	29	1	1962	81	22	4	2020	1	2	\N	1962-01-29	F	\N	\N	2020-04-22	3	S
615	Idanilze dos Ramos Bom Jesus	\N	168445	13	Valter Vaz de Almeida Bom Jesus	Feliciana Monte Verde dos Ramos	\N	4	27	1	2003	96	26	3	2018	1	2	\N	2003-01-27	F	\N	\N	2018-03-26	3	S
616	Guiomar Soares Lopes	\N	82100	13	Victoriano Lopes	Maria Lazaro Soares	\N	4	2	5	1979	159	27	11	2020	1	2	\N	1979-05-02	F	\N	\N	2020-11-27	3	S
617	Amundsen da Costa e Silva	\N	75851	13	David Lucena Ribeiro e Silva	Laura Soares da Costa	\N	4	11	11	1979	186	16	11	2018	1	1	\N	1979-11-11	M	\N	\N	2018-11-16	3	S
618	Maria Antnia da Cruz Ferreira	\N	56493	13	Joaquim Ferreira	Maria da Cruz	\N	4	21	9	1969	81	28	6	2021	1	2	\N	1969-09-21	F	\N	\N	2021-06-28	3	S
619	Leonardo de Oliveira dos Ramos Umbelina	\N	49110	13	Leonardo dos Ramos Umbelina 	Vicncia da Conceio Afonso de Oliveira	\N	4	28	11	1964	131	28	6	2021	1	1	\N	1964-11-28	M	\N	\N	2021-06-28	3	S
620	Atanilza do Sacramento Afonso	\N	153479	13	Martinho Fernandes Afonso Jnior 	Margarida Vaz do Sacramento	\N	4	4	2	1996	209	16	11	2020	1	2	\N	1996-02-04	F	\N	\N	2020-11-16	3	S
621	Vander Pereira Neto	\N	124884	13	Sebastio Fernandes Neto	Adilsa Pereira Santana Quaresma	\N	4	18	10	1994	96	19	8	2017	1	1	\N	1994-10-18	M	\N	\N	2017-08-19	3	S
584	Eldney Nazar Soares de Ceita	\N	169398	13	Marceano Soares de Ceita Varela	Maria Adelina Nazar de Morais	\N	4	27	3	1993	81	28	2	2017	1	1	\N	1993-03-27	M	\N	\N	2017-02-28	3	S
585	Adjamila da Trindade do Nascimento	\N	152365	13	Celso Santana do Nascimento	Eulizina Boa Morte da Trindade	\N	4	17	2	2000	96	30	7	2021	1	2	\N	2000-02-17	F	\N	\N	2021-07-30	3	S
587	Nilza Maria D Assuno Vera Cruz	\N	54861	13	Adelino Vaz	Augeria Antnia D Assuno 	\N	4	13	12	1969	96	5	2	2013	1	2	\N	1969-12-13	F	\N	\N	2013-02-05	3	S
628	Olivia Fernandes Afonso	\N	118690	13	Anastcio Afonso Lino	Laura Fernandes	\N	4	12	2	1985	135	16	4	2017	1	2	\N	1985-02-12	F	\N	\N	2017-04-16	3	S
645	Deise Carvalho dos Santos	\N	152970	13	Hermnio de Pina dos Santos	Joana do Espirito Santo da Costa Carvalho	\N	4	21	4	2001	96	18	6	2018	1	2	\N	2001-04-21	F	\N	\N	2018-06-18	3	S
646	Nicolas Francisco Castano Mansilla	\N	N 1787101	11	Toms Castano de Menezes	Isabel Mansilla Del Campo	\N	5	26	4	1962	217	5	2	2015	2	1	\N	1962-04-26	M	\N	\N	2015-02-05	\N	M
648	Edeamir Brando de Novais	\N	187928	13	Ernesto Nazar de Novais	Maria Pedro Loureno Brando	\N	4	12	6	2003	96	15	8	2020	1	1	\N	2003-06-12	M	\N	\N	2020-08-15	3	S
649	Carlos dos Santos 	\N	181073	13	\N	Aurlia da Conceio dos Santos	\N	4	20	1	2001	159	5	9	2019	1	1	\N	2001-01-20	M	\N	\N	2019-09-05	3	S
651	Adagilza Mata da Silva Cruz	\N	149986	13	Cesar dos Ramos da Silva Cruz	Laura Vaz Pinto da Mata	\N	4	2	2	1989	81	9	8	2021	1	2	\N	1989-02-02	F	\N	\N	2021-08-09	3	S
652	Denize Monteiro de Jesus Coelho	\N	175346	13	Eurico Julio de Jesus Coelho	Alexandrina do Sacramento Monteiro	\N	4	12	12	2000	81	3	7	2019	1	2	\N	2000-12-12	F	\N	\N	2019-07-03	3	S
653	Joasiela da Mata Vicente Fernandes 	\N	178310	13	Joo Nascimento Patricio Vicente	Celestina Borja da Mata	\N	4	23	10	2002	96	14	6	2019	1	2	\N	2002-10-23	F	\N	\N	2019-06-14	3	S
654	Geralda Joaquina Martinho	\N	27741	13	Martinho	Joaquina	\N	4	5	12	1946	132	22	5	2006	1	2	\N	1946-12-05	F	\N	\N	2006-05-22	3	S
655	Catia do Espirito Santo Constantino	\N	164528	13	Lcio Gabriel Constantino	Gesminia Pires do Esprito Santo	\N	4	27	2	2001	96	13	8	2019	1	2	\N	2001-02-27	F	\N	\N	2019-08-13	3	S
657	Jos Lus de Sousa Pontes Cabral	\N	15308215 1	10	Jos Morgado das Neves Cabral	Etelvina de Sousa Pontes	\N	6	9	7	1970	96	2	7	2012	1	1	\N	1970-07-09	M	\N	\N	2012-07-02	\N	S
658	Withiney da Graa de Carvalho	\N	128381	13	Iliotrio Patricio Pires de Carvalho	Ftima da Graa Madre de Deus	\N	4	28	7	1994	124	25	5	2021	1	2	\N	1994-07-28	F	\N	\N	2021-05-25	3	S
659	Ana do Sacramento Moreira	\N	68626	13	Constncio Neto Moreira	Alexandrina do Sacramento	\N	4	11	12	1974	81	11	6	2021	1	2	\N	1974-12-11	F	\N	\N	2021-06-11	3	S
660	Domingos Jorge Gerra Leite	\N	179385	13	Domingos Jorge Neto Leite	Maria Francisca Antnia Guerra	\N	4	2	4	1974	96	14	7	2014	1	1	\N	1974-04-02	M	\N	\N	2014-07-14	3	S
661	Esmael Rocha da Graa	\N	127445	13	Francisco Manuel da Cruz Trindade da Graa	Albertina de Arajo Rocha	\N	4	10	5	1991	209	24	1	2019	1	1	\N	1991-05-10	M	\N	\N	2019-01-24	3	S
662	Anaice de Almeida Ferreira	\N	139365	13	Alcides Marcos Ferreira 	Anita Francisca Amaro de Almeida	\N	4	25	4	1998	86	4	7	2019	1	2	\N	1998-04-25	F	\N	\N	2019-07-04	3	S
461	Ktia Patrcia Rodrigues de Carvalho	\N	172294	5	Edmar Patrcio Amaral Carvalho	Tereza Freire Vaz Rodrigues	\N	4	21	2	2004	96	23	7	2018	1	2	\N	2004-02-21	F	\N	\N	2018-07-23	\N	S
626	Felismino de Assuno Dias Viegas	\N	41358 	13	Joo D Oliveira Viegas 	Domingas Assuno Dias	\N	4	23	3	1965	81	5	6	2019	1	1	\N	1965-03-23	M	\N	\N	2019-06-05	3	S
625	Ketilza Boa Morte Aguiar Siah da Costa Neto	\N	122303	13	Viriato dos Santos Aguiar Siah	Isabel Pires dos Santos Boa Morte	\N	4	31	3	1991	209	22	5	2019	2	2	\N	1991-03-31	F	\N	\N	2019-05-22	3	M
627	Joel Orlando do Sacramento	\N	152816	13	Idlio do Espirito Santo do Sacramento	Maria Orlanda	\N	4	27	4	1996	96	14	10	2020	1	1	\N	1996-04-27	M	\N	\N	2020-10-14	3	S
668	Adgey dos Santos Pires Alemo	\N	168141	13	Joo Anastcio Alemo	Fernanda Querene dos Santos Pires	\N	4	12	10	2002	96	16	8	2017	1	2	\N	2002-10-12	F	\N	\N	2017-08-16	3	S
669	Ana Maria Tom Henriques	\N	96921	13	Diamantino Henriques	Edite Gomes Neto Tom	\N	4	10	11	1984	81	8	6	2020	1	2	\N	1984-11-10	F	\N	\N	2020-06-08	3	S
671	Rangelino Pereira Neto	\N	35236	13	Francisco Ferreira Neto	Maria da Madre de Deus	\N	4	26	12	1945	96	1	1	1920	1	1	\N	1945-12-26	M	\N	\N	1920-01-01	3	S
672	Florncio Martins Quaresma da Silveira	\N	31616378 3	10	Germano Quaresma da Silveira	Maria do Nascimento Paula	\N	6	5	3	1971	81	2	8	2021	1	1	\N	1971-03-05	M	\N	\N	2021-08-02	\N	S
673	Helga dos Santos Tavares	\N	153696	13	Humberto de Nascimento Tavares	Ernestina dos Santos Quaresma Nn	\N	4	17	5	1996	101	16	11	2020	1	2	\N	1996-05-17	F	\N	\N	2020-11-16	3	S
674	Ramilda Borges Lucas	\N	74406	13	Manuel Alves da Trindade Lucas	Ilda da Encarnao Borges	\N	4	5	12	1976	81	1	11	2021	1	2	\N	1976-12-05	F	\N	\N	2021-11-01	3	S
675	Bineta da Graa Pires Barroso	\N	81264	13	Fragoso Anastcio Pires	Beatriz Etelvina da Graa 	\N	4	12	1	1981	79	6	7	2021	2	2	\N	1981-01-12	F	\N	\N	2021-07-06	3	M
684	Antnia Lima da Costa Trulha	\N	154747	13	Elisio da Costa Trulha	Maria Lima da Luz	\N	4	28	5	1977	120	10	9	2021	1	2	\N	1977-05-28	F	\N	\N	2021-09-10	3	S
691	Osvaldo Ceita da Graa Viegas	\N	84450	13	Anselmo Santana da Graa Viegas	Maria Joo Batista de Ceita	\N	4	15	10	1982	122	5	12	2022	2	1	\N	1982-10-15	M	\N	\N	2022-12-05	3	M
692	Selma Barbosa Costa	\N	G C 364024	16	Jose Costa Mauricio	Antonia Barbosa de Negreiros Costa 	\N	5	4	4	1975	222	15	3	2021	1	2	\N	1975-04-04	F	\N	\N	2021-03-15	\N	S
693	Adriana Borges Lopes	\N	G C 295995	15	\N	Lucia Borges da Silva	\N	5	2	8	1985	220	12	2	2021	1	2	\N	1985-08-02	F	\N	\N	2021-02-12	\N	S
694	Daniel Afonso Marques da Trindade	\N	158808	13	Ildio Marques da Trindade	Maria Domingas da Cruz Afonso	\N	4	31	8	2000	96	18	10	2021	1	1	\N	2000-08-31	M	\N	\N	2021-10-18	3	S
695	Edmilson Aguiar Barroso	\N	133461	13	Hermenergildo Quaresma Barroso	Adelaide Aguiar Augusto	\N	4	4	8	1996	117	6	3	2018	1	1	\N	1996-08-04	M	\N	\N	2018-03-06	3	S
696	Carla Bety da Silva Pires dos Santos Tiny	\N	108619	13	Carlos D Abreu Pires dos Santos	Mnica Jacinta da Silva Loureiro	\N	4	21	9	1991	135	27	12	2021	2	2	\N	1991-09-21	F	\N	\N	2021-12-27	3	M
698	Walder Medc D Alva Fernandes	\N	96451	13	Lima Fernandes	ngela Maria Figueira D Alva	\N	4	17	6	1987	88	5	2	2021	1	1	\N	1987-06-17	M	\N	\N	2021-02-05	3	S
699	Cloudesley Neto de Oliveira	\N	76039	13	Cupertino Neto de Oliveira	Maria do Espirito Santo Xavier Neto	\N	4	12	10	1979	122	22	8	2017	1	1	\N	1979-10-12	M	\N	\N	2017-08-22	3	S
700	Sindre- Maine Leite Dias Moreira	\N	175838	13	Felisberto Dias Moreira 	Isilda Leite do Espirito Santo	\N	4	30	12	1999	109	27	7	2017	1	1	\N	1999-12-30	M	\N	\N	2017-07-27	3	S
701	Gomolei Pereira da Silva Lima	\N	109826	13	Augusto da Silsa Lima	Francisca Fernandes Pereira 	\N	4	19	1	1988	128	26	3	2020	2	1	\N	1988-01-19	M	\N	\N	2020-03-26	3	M
702	CheYlla Marisa Lima da Fonseca de Sousa Pontes Viegas D Abreu	\N	95877	13	Antnio da Fonseca de Sousa Pontes	Francelina Afonso dos Santos Lima	\N	4	30	8	1985	122	30	8	2018	2	2	\N	1985-08-30	F	\N	\N	2018-08-30	3	M
503	Adjamila da Costa de Oliveira Viegas	\N	145576	5	Mateus da Cruz de Oliveira Viegas	Celeste da Costa Coelho	\N	4	27	9	1994	96	27	9	2019	1	2	\N	1994-09-27	F	\N	\N	2019-09-27	\N	S
666	Bruno Antnio Rodrigues	\N	136651	13	Rudiano D Assuno Rodrigues	Alcinda da Trindade Antnio Rodrigues	\N	4	14	8	2001	169	4	8	2018	1	1	\N	2001-08-14	M	\N	\N	2018-08-04	3	S
665	Jakciley de Sousa Ferreira Dias 	\N	143962	13	Manuel de Jesus Ferreira Dias	Luciana Carvalho de Sousa	\N	4	12	4	1989	81	9	1	2020	1	1	\N	1989-04-12	M	\N	\N	2020-01-09	3	S
667	Adley dos Santos Pires Alemo	\N	161218	13	Joo Anastcio Alemo	Fernanda Querene dos Santos Pires	\N	4	30	10	2000	96	7	8	2017	1	1	\N	2000-10-30	M	\N	\N	2017-08-07	3	S
708	Simo Praia de Sousa Pires	\N	48634	13	Margarido de Sousa Pires 	Apolinria de Sousa Praia	\N	4	19	6	1967	131	30	11	2021	1	1	\N	1967-06-19	M	\N	\N	2021-11-30	3	S
710	Danilson Varela Vaz	\N	114465	13	Jos Augusto Furtado Vaz 	Arlinda Varela Rodrigues Gonalves	\N	4	25	11	1989	152	14	8	2017	1	1	\N	1989-11-25	M	\N	\N	2017-08-14	3	S
733	Juary Frota Pires dos Santos	\N	117099	13	Arlindo da Graa Pires dos Santos	Domingas Frota Vaz	\N	4	6	3	1990	169	11	9	2019	1	1	\N	1990-03-06	M	\N	\N	2019-09-11	3	S
706	Aynete Maria Loureno Martins das Neves	\N	179455	13	Alberto Luzia Martins das Neves 	Bernardina Antnia Loureno	\N	4	30	3	2004	96	10	7	2019	1	2	\N	2004-03-30	F	\N	\N	2019-07-10	3	S
\.


--
-- Data for Name: certificates_personbirthaddress; Type: TABLE DATA; Schema: public; Owner: eurrkvbyncwetd
--

COPY "public"."certificates_personbirthaddress" ("id", "birth_country_id", "birth_county_id", "birth_street_id", "birth_town_id") FROM stdin;
1	3	\N	\N	\N
2	3	\N	79	\N
3	3	5	79	\N
4	4	2	96	\N
5	3	\N	193	\N
6	3	5	79	1
7	3	5	79	4
8	3	5	79	5
9	3	3	163	\N
\.


--
-- Data for Name: certificates_street; Type: TABLE DATA; Schema: public; Owner: eurrkvbyncwetd
--

COPY "public"."certificates_street" ("id", "name", "slug", "town_id", "county_id") FROM stdin;
79	Agostinho Neto	1	\N	5
80	Piedade	1	\N	1
81	Trindade	1	\N	1
83	Bombom	1	\N	1
84	Belm	1	\N	1
85	Praia Melo	1	\N	1
86	Almas	1	\N	1
87	Folha Fede	1	\N	1
88	Monte Caf	1	\N	1
89	gua D Ago	1	\N	1
90	Uba Flr	1	\N	1
91	Santa Margarida	1	\N	1
92	Bb Forro	1	\N	1
93	Ob Izaquente	1	\N	1
94	Pau Sabo	1	\N	1
95	Obolongo	1	\N	1
96	Conceio	1	\N	2
97	Milagrosa	1	\N	1
98	Cruzeiro	1	\N	1
99	Quinta das Palmeiras	1	\N	1
100	Pedro Mateus	1	\N	1
101	Montalegre	1	\N	1
102	Montalvo	1	\N	1
103	Pte Pte	1	\N	1
104	Bugue	1	\N	1
105	Lemos	1	\N	1
106	Filipina	1	\N	1
107	Caixo Grande	1	\N	1
108	Pedro Paiva	1	\N	1
109	Caminho Novo	1	\N	1
110	Torres Dias	1	\N	1
111	gua Seca	1	\N	1
112	gua Moreira	1	\N	1
113	Diogo Simo	1	\N	1
114	Gleba	1	\N	1
115	Cova Barro 	1	\N	1
116	Uba Budo-Trindade	1	\N	1
117	Madalena	1	\N	1
118	Luanda	1	\N	11
119	Almeirim	1	\N	1
120	Conceio - Prncipe	1	\N	12
121	Pot Pot	1	\N	2
122	Lobata	1	\N	5
123	Favorita	1	\N	1
124	Libreville	1	\N	13
125	Amparo Segundo	1	\N	1
126	Cola Grande	1	\N	1
127	S. Finicia	1	\N	1
128	Guadalupe	1	\N	5
129	Shandong	1	\N	14
130	gua Iz	1	\N	3
131	Ftima	1	\N	1
132	Angolares 	1	\N	6
134	Santo ntonio Boca Boca	1	\N	1
135	M-Zchi	1	\N	1
136	Malabo	1	\N	16
137	gua Crioula	1	\N	1
138	Lemb	1	\N	4
139	Palha	1	\N	1
140	Rio Lima	1	\N	1
141	Santo Amaro	1	\N	5
142	Principe	1	\N	7
143	Cabalo Mol	1	\N	1
144	gua Cola	1	\N	1
145	gua Criola	1	\N	1
146	Cabea gua	1	\N	1
147	gua Grande - So Tom	1	\N	2
148	Margarida Manuel	1	\N	1
149	Batep	1	\N	1
150	Boa Morte	1	\N	2
151	Santa Adelaide	1	\N	1
152	Monte Macaco	1	\N	1
153	Bom Retiro 	1	\N	1
154	Pot Samblla	1	\N	1
155	Galo Cant	1	\N	1
156	Queluz	1	\N	1
157	M-Zchi	1	\N	1
158	Cachoeira	1	\N	1
159	Cantagalo	1	\N	3
160	Quimi Quimi	1	\N	1
161	Amoreira Grande	1	\N	1
162	Bob Cativo	1	\N	1
163	Santana	1	\N	3
164	Madeira	1	\N	1
165	Otot	1	\N	1
166	gua Mamblbl	1	\N	1
167	Benfica	1	\N	1
168	Pot Correia	1	\N	1
169	gua Grande	1	\N	2
170	Micol	1	\N	5
171	gua Telha	1	\N	1
172	Santa Filomena	1	\N	1
173	Ub Quimi	1	\N	1
174	Vila Moura- Trindade	1	\N	1
175	Quifind	1	\N	1
176	Novo Distino	1	\N	1
177	Pau Quiabo	1	\N	1
178	gua Lama	1	\N	1
179	Santiago Maior	1	\N	17
180	Melhorada	1	\N	1
181	gua Pequenina	1	\N	1
182	Sampojata	1	\N	1
183	Uba Budo	1	\N	3
184	S. Nicolau	1	\N	1
185	So Sebastio da Pedreira	1	\N	20
186	Ribeira Afonso	1	\N	3
187	Colnia Aoriana 	1	\N	3
188	Ubua Nova	1	\N	1
189	Cnga	1	\N	1
190	Praia Gamba	1	\N	2
191	Riba Mato	1	\N	1
192	Santa Cruz-Madalena	1	\N	1
193	So Tom e Prncipe	1	\N	21
194	Santa Catarina	1	\N	4
195	Nossa Senhora da Luz S. Vicente	1	\N	17
196	Santiago	1	\N	17
197	Vila Graciosa-Madalena	1	\N	1
198	Neves	1	\N	4
199	So Vicente	1	\N	17
200	Roa Santarm Matos	1	\N	5
201	San Guemb	1	\N	1
202	Antnio Vaz	1	\N	1
203	Figueira -Trindade	1	\N	1
204	Cuito	1	\N	11
205	Gujrat	1	\N	22
206	Cassuma	1	\N	1
207	Margo	1	\N	1
208	Vila Maria	1	\N	2
209	gua Grande	1	\N	2
210	Graa	1	\N	1
211	S. Maria	1	\N	1
212	Santa Cecilia 	1	\N	3
213	Amparo Corrente	1	\N	1
214	Roa Laura 	1	\N	1
215	Diogo Vaz	1	\N	4
216	Vanguarda	1	\N	1
217	Badajoz	1	\N	23
218	Moambique	1	\N	24
219	gua Serra	1	\N	1
220	Joo Pessoa/PB	1	\N	25
221	Marcao/PB	1	\N	25
222	Boqueiro/PB	1	\N	25
223	Grenoble	1	\N	27
224	S. Miguel-Calheta-Santiago	1	\N	17
225	Quinta das  Flores	1	\N	1
226	Fruta fruta	1	\N	2
227	Sum Paquete	1	\N	1
228	Lisboa	1	\N	19
229	Nova Moca	1	\N	1
230	Saudade-Monte Caf	1	\N	1
231	Angra Toldo Praia	1	\N	6
232	Valle Gran Rey -Santa Cruz Tenerife	1	\N	23
233	Cabea Cal	1	\N	1
234	Roa Diana	1	\N	1
235	Ilha da Juventude	1	\N	28
236	Cabo Verde	1	\N	17
237	Avenida da Conceio 	1	\N	2
238	Prado	1	\N	1
239	Pedra Maria-Madalena	1	\N	1
240	Pedroma	1	\N	3
241	Blub	1	\N	1
242	Roa Albertina	1	\N	1
243	Porto Alegre	1	\N	6
244	Aldeia-Monte caf	1	\N	1
245	Porto Amboim	1	\N	11
246	Calandula	1	\N	11
247	Sul So Pedro do Sul	1	\N	20
248	Alho Vedros	1	\N	20
249	Portugal	1	\N	20
250	Pantufo	1	\N	2
251	S. Joo da Vargem	1	\N	2
252	Rio Vouga	1	\N	1
253	gua Arroz	1	\N	2
254	Nisa-Portalegre	1	\N	20
255	Ilha de Santiago	1	\N	17
256	Madre de Deus	1	\N	2
257	Catap	1	\N	1
258	Generosa	1	\N	4
259	Santa Catarina-Cabo Verde	1	\N	17
260	So Jos	1	\N	1
261	Mulemb	1	\N	1
262	Recife/PE	1	\N	25
263	Embu/SP	1	\N	25
264	Aracaju/SE	1	\N	25
265	Quinta da Graa	1	\N	1
266	Santo Amaro-Cabo Verde	1	\N	17
267	Roa Benfica	1	\N	1
268	Venteira-Amadora	1	\N	20
269	So Nicolau	1	\N	17
270	Roa Java	1	\N	1
271	S. Miguel-Tarrafal	1	\N	17
272	Vista Alegre	1	\N	1
273	Pagu	1	\N	12
274	Budo-Budo	1	\N	2
275	Pinheira	1	\N	3
276	gua Bobo	1	\N	2
277	Roa Nova	1	\N	1
278	gua Arroz	1	\N	2
279	Bombaim	1	\N	1
280	Butant-So Paulo	1	\N	25
281	Samba	1	\N	11
282	San Janurio	1	\N	1
283	Riba Doque	1	\N	1
284	Vila Franca de Xira	1	\N	20
285	Roa Gratido-Madalena	1	\N	1
286	Barcelona 	1	\N	23
287	Oqu del Rei	1	\N	2
288	Bemposta-Monte Caf	1	\N	1
289	Gabela	1	\N	11
290	Ribeira Peixe	1	\N	6
291	Roa Plateau	1	\N	1
292	Cabinda	1	\N	11
293	Santa Clotilde	1	\N	3
294	Roa Abade	1	\N	1
295	 Maianga	1	\N	11
296	Faixa da Gaza	1	\N	30
297	Sagrada Familia-Luanda	1	\N	11
298	Chcara	1	\N	2
299	Rua Joo de Deus	1	\N	2
300	Azia	1	\N	31
301	LAGOS	1	\N	31
302	Atrs da Cadeia	1	\N	2
303	Roa Santy	1	\N	1
304	Correia	1	\N	2
305	Monte Leo- Folha Fede 	1	\N	1
306	Antnio Soares	1	\N	1
307	Bairro Santo Antnio	1	\N	2
308	SR	1	\N	1
309	Salvador/BA	1	\N	25
310	Sam Maria	1	\N	1
311	gua Porca	1	\N	2
312	So Luis-MA	1	\N	25
313	Rennes	1	\N	27
314	La Roche-Sur-Yon	1	\N	27
315	Quinta Santo Antnio	1	\N	2
316	Cau	1	\N	21
317	Braslia/DF	1	\N	25
318	Riboque capital	1	\N	2
319	Rio do Ouro	1	\N	5
320	Claudino Faro	1	\N	3
321	Ponta Grossa Est. Paran	1	\N	25
322	Avenida Geovani	1	\N	2
323	Saudade	1	\N	1
324	Damba/Uige	1	\N	11
325	Huambo	1	\N	11
326	Setbal	1	\N	20
327	Ponta Mina	1	\N	2
328	Libano	1	\N	33
329	Tarrafal	1	\N	17
330	S. Janurio	1	\N	1
331	Sambizanga	1	\N	11
332	S. Miguel Arcanjo	1	\N	17
333	Lunda-Norte	1	\N	11
334	Arcos de Valdevez- Viana do Castelo	1	\N	20
335	Brava	1	\N	17
336	Angola	1	\N	11
337	Rua da Caixa	1	\N	2
338	Monte Belo	1	\N	3
339	Roa Gratido	1	\N	1
82	Capela	1	3	1
\.


--
-- Data for Name: certificates_town; Type: TABLE DATA; Schema: public; Owner: eurrkvbyncwetd
--

COPY "public"."certificates_town" ("id", "name", "slug", "county_id") FROM stdin;
1	Bombom	1	1
2	Madalena	1	1
3	Trindade	1	1
4	Guadalupe	guadalupe	5
5	Neves	neves	4
\.


--
-- Data for Name: certificates_university; Type: TABLE DATA; Schema: public; Owner: eurrkvbyncwetd
--

COPY "public"."certificates_university" ("id", "name") FROM stdin;
3	Universidade Lusadas
4	Universidade de So Tom e Prncipe
5	Instituto Victor S Machado
6	Instituto Superior de Educao e Comunicao
7	Instituto Universitrio de Contabilidade, Administrao e Informtica
\.


--
-- Data for Name: cmz_imagestour; Type: TABLE DATA; Schema: public; Owner: eurrkvbyncwetd
--

COPY "public"."cmz_imagestour" ("id", "image", "tour_id") FROM stdin;
\.


--
-- Data for Name: cmz_information; Type: TABLE DATA; Schema: public; Owner: eurrkvbyncwetd
--

COPY "public"."cmz_information" ("id", "information", "question", "service_id") FROM stdin;
\.


--
-- Data for Name: cmz_messages; Type: TABLE DATA; Schema: public; Owner: eurrkvbyncwetd
--

COPY "public"."cmz_messages" ("id", "name", "email", "text", "sent", "date", "subject") FROM stdin;
\.


--
-- Data for Name: cmz_post; Type: TABLE DATA; Schema: public; Owner: eurrkvbyncwetd
--

COPY "public"."cmz_post" ("id", "title", "slug", "picture", "text_file", "active", "date", "user_id") FROM stdin;
\.


--
-- Data for Name: cmz_postdocument; Type: TABLE DATA; Schema: public; Owner: eurrkvbyncwetd
--

COPY "public"."cmz_postdocument" ("id", "document", "post_id") FROM stdin;
\.


--
-- Data for Name: cmz_postfile; Type: TABLE DATA; Schema: public; Owner: eurrkvbyncwetd
--

COPY "public"."cmz_postfile" ("id", "file") FROM stdin;
\.


--
-- Data for Name: cmz_postimages; Type: TABLE DATA; Schema: public; Owner: eurrkvbyncwetd
--

COPY "public"."cmz_postimages" ("id", "picture", "post_id") FROM stdin;
\.


--
-- Data for Name: cmz_postvideos; Type: TABLE DATA; Schema: public; Owner: eurrkvbyncwetd
--

COPY "public"."cmz_postvideos" ("id", "video", "post_id") FROM stdin;
\.


--
-- Data for Name: cmz_role; Type: TABLE DATA; Schema: public; Owner: eurrkvbyncwetd
--

COPY "public"."cmz_role" ("id", "title") FROM stdin;
\.


--
-- Data for Name: cmz_secreatarysection; Type: TABLE DATA; Schema: public; Owner: eurrkvbyncwetd
--

COPY "public"."cmz_secreatarysection" ("id", "secretary_id", "section_id") FROM stdin;
\.


--
-- Data for Name: cmz_secretary; Type: TABLE DATA; Schema: public; Owner: eurrkvbyncwetd
--

COPY "public"."cmz_secretary" ("id", "user_id") FROM stdin;
\.


--
-- Data for Name: cmz_section; Type: TABLE DATA; Schema: public; Owner: eurrkvbyncwetd
--

COPY "public"."cmz_section" ("id", "title") FROM stdin;
\.


--
-- Data for Name: cmz_service; Type: TABLE DATA; Schema: public; Owner: eurrkvbyncwetd
--

COPY "public"."cmz_service" ("id", "name", "slug", "picture", "description") FROM stdin;
\.


--
-- Data for Name: cmz_team; Type: TABLE DATA; Schema: public; Owner: eurrkvbyncwetd
--

COPY "public"."cmz_team" ("id", "name", "image", "role_id") FROM stdin;
\.


--
-- Data for Name: cmz_tour; Type: TABLE DATA; Schema: public; Owner: eurrkvbyncwetd
--

COPY "public"."cmz_tour" ("id", "title", "slug", "description", "location", "date", "active") FROM stdin;
\.


--
-- Data for Name: core_user; Type: TABLE DATA; Schema: public; Owner: eurrkvbyncwetd
--

COPY "public"."core_user" ("id", "password", "last_login", "is_superuser", "username", "first_name", "last_name", "is_staff", "is_active", "date_joined", "email", "parthner", "phone", "valid") FROM stdin;
9	pbkdf2_sha256$600000$TJrRqWgNPRKY5jD6xIHETS$PMmmqWx9i3JO0BZi106s2o6L3HFCMFfRZCGHFN1pQZs=	\N	f	sara@gmail.com	Sara	Ramos	f	t	2023-11-10 23:29:24.877728+00	sara@gmail.com	1	\N	f
5	pbkdf2_sha256$600000$2dDHF0PRqHDsOtcpVmBQPx$RjT1oz4hIj1So/wbSpUDp/rdVffhk1GKwZZg5eIVnD8=	\N	f	faustina@gmail.com	Faustina	Ramos	f	t	2023-11-06 08:33:48.737539+00	faustina@gmail.com	1	\N	f
7	pbkdf2_sha256$600000$zEs0DKTAHhGruXg9GtUJFj$S2Gn42kItMaDOIkRSpYxe8GkHLtOUYyd4Kx7uPKXGa0=	\N	f	gandopaquete14@gamil.com	Gando	Paquete	t	t	2023-11-06 09:33:55+00	gandopaquete14@gmail.com	1	\N	f
4	pbkdf2_sha256$600000$zxnoxSR9rSaZjBY8bAfdeF$bkao0/wAUTBmhXbZN/1RFc3kJ01jRJLjpWEh90GhAfY=	2024-05-12 23:33:08.076914+00	t	bm.edmilbe@gmail.com			t	t	2023-11-04 00:45:43.463138+00	bm.edmilbe@gmail.com	1	\N	f
22	pbkdf2_sha256$600000$WBBF8vxh80GqO1j5BHJi2V$l4jfbhmDjPc/aNuVaeL500BMrmXNtcxhtsM49omTM2k=	\N	f	aguilardominguez87@gmail.com	Yelena	Barroso	f	t	2023-07-21 12:22:28+00	aguilardominguez87@gmail.com	2	\N	f
21	pbkdf2_sha256$600000$uCMcNz6WpNWqwBGhqOIAH3$PgbywCpvYdP3eFfsiMn5CjqSxY8CS6YbVo5i48yUbrI=	\N	t	m.cassandra.soares@gmail.com	Miryan	Bandeira dos Prazeres Cassandra Soares	t	t	2023-07-20 13:42:00+00	m.cassandra.soares@gmail.com	2	9913920	t
20	pbkdf2_sha256$600000$PgCepxlGx8vYvNJ7pI8J5o$Q8LygLCPkHvX3FrHOrpjVlbhyxIttzBYiXT9tuaiWlY=	\N	t	mcelvaznas@gmail.com	Celso	Matos	t	t	2023-07-19 17:54:08+00	mcelvaznas@gmail.com	2	9804041	t
19	pbkdf2_sha256$600000$Xlp1Wo5dvdkrlbO6C9CVIH$UsCgVByaJxNSeuvDR0kdmRw1qaNQmKsS/QwVIX2Nttg=	\N	f	Silvafelicia274@gmail.com	Felicia	Silva	f	t	2023-07-19 17:50:53+00	Silvafelicia274@gmail.com	2	\N	f
18	pbkdf2_sha256$600000$Nyt91TM7MqOTd99pHVy8Ex$+/SZx1vrcbJLl1LQM5xLebqeQ166KMFHN1A5oPqdvrc=	\N	f	yelleric2@gmail.com	Yell Eric	Jordo da Costa	f	t	2023-07-14 11:17:30+00	yelleric2@gmail.com	2	\N	f
17	pbkdf2_sha256$600000$TK7CxSRmWxyH00CrFcSE44$7du6lACTO2P7i+p9OUnsL8/dUmDMeY/oN4BZBzzxYRM=	\N	f	edmilbe24@gmail.com	Nome do miudeo	E este	f	t	2023-06-27 09:26:55+00	edmilbe24@gmail.com	2	\N	f
14	pbkdf2_sha256$600000$D6CpoxQ66bTk0eOAu0JBvx$Jc7Yyp0VR/t92eKT4RlfCRp3FhDXKAHEIuHrJs5b774=	\N	f	eulamaquengo@gmail.com	Eula	Carvalho Maquengo	f	t	2023-09-14 09:30:15+00	eulamaquengo@gmail.com	2	\N	f
13	pbkdf2_sha256$600000$mpZLAOl4NCH3KjGlreOkLX$am+SMkchVKOM3Nzlk8YLK3J/shv37E8Dc8kjDQebZkA=	\N	f	bannelso@yahoo.com.br	Nelson	Bandeira	f	t	2023-09-14 07:24:07+00	bannelso@yahoo.com.br	2	\N	f
11	pbkdf2_sha256$600000$octow83aVZlwFNU70tA6H6$F5MGnXHnmptdybk/FgYQ2E8bHlL26YqMhqpoks1Y4sg=	\N	f	niurkasolange@gmail.com	Niurka Solange	Silveira DAlmeida	f	t	2023-09-14 06:58:30+00	niurkasolange@gmail.com	2	\N	f
10	pbkdf2_sha256$600000$bHTN3Cg997NUn3qEDCDvXV$WkziTBJDbqxf6/YOBR4TyaUfbgXIoB6hFrPGjdrhTEM=	\N	f	cremildebraganca@hotmail.com	Cremilde	Bragana	f	t	2023-07-21 12:25:33+00	cremildebraganca@hotmail.com	2	\N	f
16	pbkdf2_sha256$600000$kYuLoSouCyMGttAvMEwcLk$DnTF0dpXwpRQf4lZfEZl1LT8a4me8jL1u/c0Z+LCeFo=	2023-09-28 15:05:24+00	t	epinaneto@gmail.com	Eduardo	Pina Neto	t	t	2023-06-22 08:42:11+00	epinaneto@gmail.com	2	+2399985491	t
8	pbkdf2_sha256$600000$PhovgkDoLeKKR0KZuWfL8w$25AgGiMTXes1ESdqGEGwizaWAtHM7aRlsTNhpTyiWx8=	2024-03-22 10:57:15+00	f	noeny1@outlook.pt	Nony	D'Alva	t	t	2023-11-09 11:54:24+00	noeny1@outlook.pt	1	\N	f
6	pbkdf2_sha256$600000$rybIahpqfD6QCyUsSur26M$d1HwhSr2kXFE3twYtD0U+obe0hCHVyOqV0/8pC8QA6E=	2024-04-19 13:49:22.229992+00	f	celsocravid1@gmail.com	Celcinacy	Cravid	t	t	2023-11-06 08:39:14+00	celsocravid1@gmail.com	1	\N	f
1	pbkdf2_sha256$600000$Q8ss5ZAxgQJ8YTD82L1Pnm$i+LS3YrASFRd23+P70HocLp6o/7tCh/kZK00G2sqrTo=	2024-05-08 09:42:17.898388+00	f	direcaocecab@gmail.com	CECAB	BIO	t	t	2023-08-15 14:30:38+00	direcaocecab@gmail.com	3	\N	f
\.


--
-- Data for Name: core_user_groups; Type: TABLE DATA; Schema: public; Owner: eurrkvbyncwetd
--

COPY "public"."core_user_groups" ("id", "user_id", "group_id") FROM stdin;
13	16	6
14	6	8
15	6	9
16	6	7
17	8	9
18	8	7
19	1	5
\.


--
-- Data for Name: core_user_user_permissions; Type: TABLE DATA; Schema: public; Owner: eurrkvbyncwetd
--

COPY "public"."core_user_user_permissions" ("id", "user_id", "permission_id") FROM stdin;
1	6	1
2	6	2
3	6	3
4	6	4
5	6	5
6	6	6
7	6	7
8	6	8
9	6	9
10	6	10
11	6	11
12	6	12
13	6	13
14	6	14
15	6	15
16	6	16
17	6	17
18	6	18
19	6	19
20	6	20
21	6	21
22	6	22
23	6	23
24	6	24
25	6	25
26	6	26
27	6	27
28	6	28
29	6	29
30	6	30
31	6	31
32	6	32
33	6	33
34	6	34
35	6	35
36	6	36
37	6	37
38	6	38
39	6	39
40	6	40
41	6	41
42	6	42
43	6	43
44	6	44
45	6	45
46	6	46
47	6	47
48	6	48
49	6	49
50	6	50
51	6	51
52	6	52
53	6	53
54	6	54
55	6	55
56	6	56
57	6	57
58	6	58
59	6	59
60	6	60
61	6	61
62	6	62
63	6	63
64	6	64
65	6	65
66	6	66
67	6	67
68	6	68
69	6	69
70	6	70
71	6	71
72	6	72
73	6	73
74	6	74
75	6	75
76	6	76
77	6	77
78	6	78
79	6	79
80	6	80
81	6	81
82	6	82
83	6	83
84	6	84
85	6	85
86	6	86
87	6	87
88	6	88
89	6	89
90	6	90
91	6	91
92	6	92
93	6	93
94	6	94
95	6	95
96	6	96
97	6	97
98	6	98
99	6	99
100	6	100
101	6	101
102	6	102
103	6	103
104	6	104
105	6	105
106	6	106
107	6	107
108	6	108
109	6	109
110	6	110
111	6	111
112	6	112
113	6	113
114	6	114
115	6	115
116	6	116
117	6	117
118	6	118
119	6	119
120	6	120
121	6	121
122	6	122
123	6	123
124	6	124
125	6	125
126	6	126
127	6	127
128	6	128
129	6	129
130	6	130
131	6	131
132	6	132
133	6	133
134	6	134
135	6	135
136	6	136
137	6	137
138	6	138
139	6	139
140	6	140
141	6	141
142	6	142
143	6	143
144	6	144
145	6	145
146	6	146
147	6	147
148	6	148
149	6	149
150	6	150
151	6	151
152	6	152
153	6	153
154	6	154
155	6	155
156	6	156
157	6	157
158	6	158
159	6	159
160	6	160
161	6	161
162	6	162
163	6	163
164	6	164
165	6	165
166	6	166
167	6	167
168	6	168
169	6	169
170	6	170
171	6	171
172	6	172
173	6	173
174	6	174
175	6	175
176	6	176
177	6	177
178	6	178
179	6	179
180	6	180
181	6	181
182	6	182
183	6	183
184	6	184
185	6	185
186	6	186
187	6	187
188	6	188
189	6	189
190	6	190
191	6	191
192	6	192
\.


--
-- Data for Name: django_admin_log; Type: TABLE DATA; Schema: public; Owner: eurrkvbyncwetd
--

COPY "public"."django_admin_log" ("id", "action_time", "object_id", "object_repr", "action_flag", "change_message", "content_type_id", "user_id") FROM stdin;
1	2023-08-15 14:45:54.480585+00	1	Service 2	1	[{"added": {}}, {"added": {"name": "information", "object": "pergunta?"}}]	37	1
2	2023-08-15 14:58:35.85028+00	1	Service 2	2	[{"changed": {"fields": ["Picture"]}}]	37	1
3	2023-08-15 15:08:53.251527+00	2	celsocravid1@hotmail.com	2	[{"changed": {"fields": ["Superuser status", "Staff status"]}}]	48	1
4	2023-08-15 15:15:47.93192+00	1	Blog	1	[{"added": {}}]	3	1
5	2023-08-15 15:16:21.494668+00	3	dnoeny@gmail.com	2	[{"changed": {"fields": ["Groups", "Staff status"]}}]	48	1
137	2024-01-09 12:05:36.66466+00	4	Covais	1	[{"added": {}}]	3	4
140	2024-01-09 12:09:12.108987+00	1	Trindade	1	[{"added": {}}]	26	8
141	2024-01-15 09:16:13.436221+00	1	57jA | 1	1	[{"added": {}}]	25	8
144	2024-01-15 09:26:38.102122+00	4	05LA | 5	1	[{"added": {}}]	25	8
146	2024-01-15 09:30:00.62725+00	5	05LA | 6	2	[{"changed": {"fields": ["Selled"]}}]	25	8
21	2023-11-04 00:55:09.212945+00	4	 	1	[{"added": {}}]	32	4
22	2023-11-04 01:58:59.396874+00	1	So Tom e Prncipe Off	2	[{"changed": {"fields": ["Name"]}}]	10	4
23	2023-11-04 01:59:33.022224+00	1	Cemitrio da Trindade off - So Tom e Prncipe Off	2	[{"changed": {"fields": ["Name"]}}]	11	4
24	2023-11-04 02:00:31.365122+00	1	Cemitrio da Trindade off - So Tom e Prncipe Off	3		11	4
25	2023-11-04 02:36:29.181113+00	1	So Tom e Prncipe Off	3		10	4
26	2023-11-04 11:01:19.602581+00	11	Autorizao	2	[{"changed": {"fields": ["Gender"]}}]	9	4
27	2023-11-04 11:01:19.604755+00	10	Licena	2	[{"changed": {"fields": ["Gender"]}}]	9	4
28	2023-11-04 11:01:19.606233+00	9	Licena	2	[{"changed": {"fields": ["Gender"]}}]	9	4
29	2023-11-04 11:01:19.607768+00	8	Licena	2	[{"changed": {"fields": ["Gender"]}}]	9	4
30	2023-11-04 11:01:19.609253+00	7	Autorizao	2	[{"changed": {"fields": ["Gender"]}}]	9	4
31	2023-11-04 11:01:19.610895+00	6	Licena	2	[{"changed": {"fields": ["Gender"]}}]	9	4
32	2023-11-04 11:01:19.612362+00	5	Registo	2	[{"changed": {"fields": ["Gender"]}}]	9	4
33	2023-11-04 11:01:19.613817+00	4	Aurorizao	2	[{"changed": {"fields": ["Gender"]}}]	9	4
34	2023-11-04 11:01:19.61525+00	3	Certificado	2	[{"changed": {"fields": ["Gender"]}}]	9	4
35	2023-11-04 11:01:19.616802+00	2	Autorizao	2	[{"changed": {"fields": ["Gender"]}}]	9	4
36	2023-11-04 11:01:19.618438+00	1	Atestado	2	[{"changed": {"fields": ["Gender"]}}]	9	4
37	2023-11-06 08:28:03.58323+00	2	Celcinacy Cravid	3		32	4
38	2023-11-06 08:28:03.60117+00	3	Nony DAlva	3		32	4
39	2023-11-06 08:28:29.284781+00	2	celsocravid1@hotmail.com	3		48	4
40	2023-11-06 08:29:04.102859+00	1	 	3		32	4
41	2023-11-06 08:35:55.324113+00	5	Faustina Ramos	3		32	4
42	2023-11-06 08:40:35.974381+00	6	celsocravid1@gmail.com	2	[{"changed": {"fields": ["Superuser status", "Staff status"]}}]	48	4
43	2023-11-06 08:55:41.352007+00	2	Admins	1	[{"added": {}}]	3	4
44	2023-11-06 08:55:46.684616+00	6	celsocravid1@gmail.com	2	[{"changed": {"fields": ["Groups", "User permissions"]}}]	48	4
45	2023-11-06 08:59:23.559665+00	3	Secretaria	1	[{"added": {}}]	3	6
46	2023-11-06 09:04:37.610864+00	6	celsocravid1@gmail.com	2	[{"changed": {"fields": ["Groups"]}}]	48	6
47	2023-11-06 09:35:43.441814+00	7	gandopaquete14@gamil.com	2	[{"changed": {"fields": ["Staff status"]}}]	48	6
48	2023-11-06 09:36:27.132212+00	7	gandopaquete14@gamil.com	2	[{"changed": {"fields": ["Groups"]}}]	48	6
49	2023-11-06 09:38:40.644441+00	7	gandopaquete14@gamil.com	2	[]	48	4
50	2023-11-06 10:10:26.522746+00	7	gandopaquete14@gamil.com	2	[{"changed": {"fields": ["Last login"]}}]	48	6
51	2023-11-06 20:38:46.983221+00	82		2	[{"changed": {"fields": ["Town"]}}]	17	4
52	2023-11-06 21:41:23.697793+00	1	--------------------------------------------------------------------------------------------------------------------------------------------------------------------------------------------------------	1	[{"added": {}}]	31	4
53	2023-11-06 21:44:38.109035+00	1	805	2	[{"changed": {"fields": ["Size"]}}]	31	4
54	2023-11-06 21:45:42.765081+00	1	818	2	[{"changed": {"fields": ["Size"]}}]	31	4
55	2023-11-06 21:47:07.065189+00	1	814	2	[{"changed": {"fields": ["Size"]}}]	31	4
56	2023-11-06 21:47:58.387787+00	1	812	2	[{"changed": {"fields": ["Size"]}}]	31	4
57	2023-11-06 21:53:22.715922+00	2	124	1	[{"added": {}}]	31	4
58	2023-11-06 21:54:54.606072+00	2	123	2	[{"changed": {"fields": ["Size"]}}]	31	4
59	2023-11-06 21:58:04.60796+00	2	120	2	[{"changed": {"fields": ["Size"]}}]	31	4
60	2023-11-06 22:01:07.64881+00	2	110	2	[{"changed": {"fields": ["Size"]}}]	31	4
61	2023-11-06 22:02:57.325007+00	2	116	2	[{"changed": {"fields": ["Size"]}}]	31	4
62	2023-11-06 22:04:49.70037+00	2	119	2	[{"changed": {"fields": ["Size"]}}]	31	4
63	2023-11-06 22:06:00.224637+00	2	121	2	[{"changed": {"fields": ["Size"]}}]	31	4
64	2023-11-06 22:12:17.375154+00	1	808	2	[{"changed": {"fields": ["Size"]}}]	31	4
65	2023-11-06 22:32:57.022006+00	1	800	2	[{"changed": {"fields": ["Size"]}}]	31	4
66	2023-11-06 22:35:19.039541+00	1	799	2	[{"changed": {"fields": ["Size"]}}]	31	4
67	2023-11-06 22:43:45.417734+00	2786	Casamento 666-2023	3		6	4
68	2023-11-06 22:43:45.556488+00	2785	Casamento 665-2023	3		6	4
69	2023-11-06 22:43:45.675539+00	2784	Casamento 664-2023	3		6	4
70	2023-11-06 22:43:45.794899+00	2783	Casamento 663-2023	3		6	4
71	2023-11-06 22:43:45.913916+00	2782	Casamento 662-2023	3		6	4
72	2023-11-06 22:43:46.032193+00	2781	Casamento 661-2023	3		6	4
73	2023-11-06 22:43:46.150082+00	2780	Casamento 660-2023	3		6	4
74	2023-11-06 22:43:46.269349+00	2779	Casamento 659-2023	3		6	4
148	2024-01-15 09:35:12.782001+00	7	70EA | 8	1	[{"added": {}}]	25	8
75	2023-11-06 22:43:46.388793+00	2778	Casamento 658-2023	3		6	4
76	2023-11-06 22:43:46.508973+00	2777	Casamento 657-2023	3		6	4
77	2023-11-06 22:43:46.630881+00	2776	Casamento 656-2023	3		6	4
78	2023-11-06 22:43:46.750009+00	2775	Casamento 655-2023	3		6	4
79	2023-11-06 22:43:46.869431+00	2774	Casamento 654-2023	3		6	4
80	2023-11-06 22:43:46.988717+00	2773	Casamento 653-2023	3		6	4
81	2023-11-06 22:43:47.109864+00	2772	Casamento 652-2023	3		6	4
82	2023-11-06 22:43:47.227998+00	2771	Casamento 651-2023	3		6	4
83	2023-11-06 22:43:47.349518+00	2770	Casamento 650-2023	3		6	4
84	2023-11-06 22:43:47.468667+00	2769	Casamento 649-2023	3		6	4
85	2023-11-06 22:43:47.587411+00	2768	Casamento 648-2023	3		6	4
86	2023-11-06 22:43:47.706851+00	2766	Casamento 647-2023	3		6	4
87	2023-11-06 22:43:47.824563+00	2765	Casamento 646-2023	3		6	4
88	2023-11-06 22:43:47.942954+00	2764	Casamento 645-2023	3		6	4
89	2023-11-06 22:45:52.867459+00	2763	Casamento 644-2023	3		6	4
90	2023-11-06 22:49:49.561497+00	2787	Casamento 644-2023	3		6	4
91	2023-11-09 12:00:45.109563+00	3	dnoeny@gmail.com	2	[]	48	6
92	2023-11-09 12:03:45.19927+00	8	noeny1@outlook.pt	2	[{"changed": {"fields": ["Groups"]}}]	48	6
93	2023-11-09 12:04:36.671793+00	6	celsocravid1@gmail.com	2	[{"changed": {"fields": ["Groups"]}}]	48	6
94	2023-11-09 12:10:06.86343+00	6	celsocravid1@gmail.com	2	[{"changed": {"fields": ["Groups"]}}]	48	6
95	2023-11-09 12:11:49.221564+00	6	celsocravid1@gmail.com	2	[{"changed": {"fields": ["Groups"]}}]	48	6
96	2023-11-09 12:11:55.581661+00	6	celsocravid1@gmail.com	2	[]	48	6
97	2023-11-09 13:37:50.119975+00	2	Assembleia Distrital de M-Zchi	2	[{"changed": {"fields": ["User"]}}]	33	6
98	2023-11-09 13:39:40.288376+00	2350	Faustina Lopes Martins dos Ramos with Bilhete de Identidade 13416090 from So Tom e Prncipe	3		18	4
99	2023-11-09 13:39:40.407335+00	2349	Faustina Lopes Martins dos Ramos with Bilhete de Identidade 134160 from So Tom e Prncipe	3		18	4
100	2023-11-09 13:40:37.367255+00	3	Nony DAlva	3		39	6
101	2023-11-09 13:47:01.131284+00	4	Lemb - So Tom e Prncipe	2	[]	11	6
102	2023-11-09 13:50:25.853066+00	4	Guadalupe - So Tom e Prncipe	1	[{"added": {}}]	16	4
103	2023-11-09 13:51:23.759853+00	4	Guadalupe - Lobata	2	[{"changed": {"fields": ["County"]}}]	16	4
104	2023-11-09 13:52:18.402268+00	5	Neves - Lemb	1	[{"added": {}}]	16	6
105	2023-11-09 14:51:42.887744+00	6	Celcinacy Cravid	2	[{"changed": {"fields": ["Level"]}}]	32	6
106	2023-11-09 14:52:23.725125+00	7	gandopaquete14@gmail.com	2	[{"changed": {"fields": ["Email"]}}]	48	6
107	2023-11-09 14:53:34.781384+00	7	Gando Paquete	2	[]	32	6
108	2023-11-09 14:53:52.948399+00	7	Gando Paquete	2	[{"changed": {"fields": ["Level"]}}]	32	6
109	2023-11-13 10:33:33.594724+00	8	noeny1@outlook.pt	2	[{"changed": {"fields": ["Staff status"]}}]	48	4
110	2023-11-15 10:10:37.799333+00	3	Apresentao do Projecto TRI/STP	1	[{"added": {}}]	33	8
111	2023-11-15 10:15:12.641209+00	3	Apresentao do Projecto TRI/STP	2	[{"added": {"name": "post images", "object": "PostImages object (1)"}}, {"added": {"name": "post images", "object": "PostImages object (2)"}}, {"added": {"name": "post images", "object": "PostImages object (3)"}}]	33	8
112	2023-11-22 16:32:23.73068+00	6	celsocravid1@gmail.com	2	[]	48	6
113	2023-11-22 16:33:02.212219+00	7	gandopaquete14@gmail.com	2	[{"changed": {"fields": ["Groups"]}}]	48	6
114	2023-11-22 16:58:20.926606+00	4	 	2	[{"changed": {"fields": ["Level"]}}]	32	4
115	2023-11-22 17:17:37.138698+00	1	650	2	[{"changed": {"fields": ["Size"]}}]	31	6
116	2023-11-27 10:07:31.094417+00	4	Fbrica de Farinha Mandioca em San Nguemb	1	[{"added": {}}, {"added": {"name": "post images", "object": "PostImages object (4)"}}, {"added": {"name": "post images", "object": "PostImages object (5)"}}, {"added": {"name": "post images", "object": "PostImages object (6)"}}]	33	8
117	2023-12-02 15:01:05.010623+00	2	Emisso de Atestados	2	[{"changed": {"fields": ["Name", "Slug", "Picture", "Description"]}}, {"changed": {"name": "information", "object": "Qual a finalidades pode ter um atestado?", "fields": ["Information", "Question"]}}]	37	4
118	2023-12-02 15:19:22.068986+00	2	Atestados	2	[{"changed": {"fields": ["Name", "Slug"]}}, {"added": {"name": "information", "object": "Qual \\u00e9 o custo dos atestados?"}}, {"added": {"name": "information", "object": "Quem pode requerer um atestado?"}}, {"added": {"name": "information", "object": "Quais s\\u00e3o os documentos necess\\u00e1rios para requerer um atestados?"}}, {"changed": {"name": "information", "object": "Que atestados emitimos?", "fields": ["Information", "Question"]}}]	37	4
119	2023-12-02 15:20:46.046347+00	2	Atestados	2	[{"changed": {"name": "information", "object": "Qual \\u00e9 o custo dos atestados?", "fields": ["Information"]}}]	37	4
120	2023-12-02 15:35:35.925255+00	1	Autorizaes e Licenas	2	[{"changed": {"fields": ["Name", "Slug", "Picture", "Description"]}}, {"added": {"name": "information", "object": "Que autoriza\\u00e7\\u00e3o ou licen\\u00e7a emitimos?"}}, {"added": {"name": "information", "object": "Quanto custa uma licen\\u00e7a?"}}, {"added": {"name": "information", "object": "Quais s\\u00e3o os documentos necess\\u00e1rios para requerer uma licen\\u00e7a?"}}, {"added": {"name": "information", "object": "Quem pode requerer um atestado?"}}]	37	4
121	2023-12-02 15:43:13.96+00	3	Entrega de Caixote de Lixo	1	[{"added": {}}, {"added": {"name": "information", "object": "Qual \\u00e9 o custo?"}}, {"added": {"name": "information", "object": "Quais s\\u00e3o os requisitos para obter um caixote?"}}]	37	4
122	2023-12-02 15:44:57.100987+00	1	Autorizaes e Licenas	2	[{"changed": {"fields": ["Picture"]}}]	37	4
123	2023-12-02 15:46:06.140696+00	1	Autorizaes e Licenas	2	[{"changed": {"fields": ["Description"]}}]	37	4
124	2023-12-02 16:02:18.818044+00	2	Roa Monte Caf	1	[{"added": {}}, {"added": {"name": "images tour", "object": "ImagesTour object (2)"}}]	38	4
125	2023-12-02 16:02:33.87075+00	2	Roa Monte Caf	2	[{"added": {"name": "images tour", "object": "ImagesTour object (3)"}}]	38	4
126	2023-12-02 16:03:34.801823+00	2	Roa Monte Caf	2	[{"changed": {"name": "images tour", "object": "ImagesTour object (2)", "fields": ["Image"]}}, {"changed": {"name": "images tour", "object": "ImagesTour object (3)", "fields": ["Image"]}}]	38	4
127	2023-12-02 16:07:28.868112+00	2	Roa Monte Caf	2	[{"added": {"name": "images tour", "object": "ImagesTour object (4)"}}, {"changed": {"name": "images tour", "object": "ImagesTour object (3)", "fields": ["Image"]}}]	38	4
128	2023-12-02 16:11:06.644173+00	3	Roa Bombaim	1	[{"added": {}}, {"added": {"name": "images tour", "object": "ImagesTour object (5)"}}, {"added": {"name": "images tour", "object": "ImagesTour object (6)"}}]	38	4
138	2024-01-09 12:06:23.548015+00	4	Covais	2	[{"changed": {"fields": ["Permissions"]}}]	3	4
142	2024-01-15 09:19:41.598754+00	2	42LA | 2	1	[{"added": {}}]	25	8
129	2023-12-02 16:21:06.244189+00	4	Jardim Botnico do Bom Sucesso	1	[{"added": {}}, {"added": {"name": "images tour", "object": "ImagesTour object (7)"}}, {"added": {"name": "images tour", "object": "ImagesTour object (8)"}}, {"added": {"name": "images tour", "object": "ImagesTour object (9)"}}]	38	4
130	2023-12-02 16:21:43.747134+00	4	Jardim Botnico do Bom Sucesso	2	[{"changed": {"fields": ["Description"]}}]	38	4
131	2023-12-02 16:31:18.321514+00	4	Fbrica de Farinha Mandioca em San Nguemb	2	[{"changed": {"fields": ["Picture"]}}]	33	4
132	2023-12-02 16:35:42.325619+00	3	Apresentao do Projecto TRI/STP	2	[{"changed": {"fields": ["Picture"]}}]	33	4
133	2023-12-02 16:59:38.403417+00	2	Anahory Esprito Santo - Presidente da Cmara	1	[{"added": {}}]	47	4
134	2023-12-05 15:55:51.280023+00	7	Gando Paquete	2	[{"changed": {"fields": ["Level"]}}]	32	6
135	2023-12-05 15:57:41.406631+00	7	gandopaquete14@gmail.com	2	[{"changed": {"fields": ["Groups"]}}]	48	6
136	2023-12-05 16:00:02.396772+00	7	gandopaquete14@gmail.com	2	[]	48	6
139	2024-01-09 12:07:00.6222+00	8	noeny1@outlook.pt	2	[{"changed": {"fields": ["Groups"]}}]	48	4
143	2024-01-15 09:24:44.970484+00	3	37LA | 4	1	[{"added": {}}]	25	8
145	2024-01-15 09:29:10.717113+00	5	05LA | 6	1	[{"added": {}}]	25	8
147	2024-01-15 09:33:29.16927+00	6	541BA | 7	1	[{"added": {}}]	25	8
149	2024-01-15 09:37:15.123184+00	8	41BA | 9	1	[{"added": {}}]	25	8
150	2024-01-15 09:39:22.93331+00	9	35BA | 10	1	[{"added": {}}]	25	8
151	2024-01-15 09:42:08.639536+00	10	27BA | 11	1	[{"added": {}}]	25	8
152	2024-01-15 09:43:37.869426+00	11	26BA | 12	1	[{"added": {}}]	25	8
153	2024-01-15 09:45:14.365031+00	12	25BA | 13	1	[{"added": {}}]	25	8
154	2024-01-15 09:47:45.752074+00	13	24BA | 14	1	[{"added": {}}]	25	8
155	2024-01-15 09:50:53.871869+00	14	23BA | 15	1	[{"added": {}}]	25	8
156	2024-01-15 09:52:20.775506+00	15	19BA | 16	1	[{"added": {}}]	25	8
157	2024-01-15 10:12:38.010664+00	16	18BA | 17	1	[{"added": {}}]	25	8
158	2024-01-15 10:52:57.023412+00	17	16BA | 18	1	[{"added": {}}]	25	8
159	2024-01-15 10:54:39.210465+00	18	15BA | 19	1	[{"added": {}}]	25	8
160	2024-01-15 10:56:21.125289+00	19	14BA | 20	1	[{"added": {}}]	25	8
161	2024-01-15 10:57:58.419436+00	20	13BA | 21	1	[{"added": {}}]	25	8
162	2024-01-15 10:59:41.663648+00	21	12BA | 22	1	[{"added": {}}]	25	8
163	2024-01-15 11:01:15.056309+00	22	11BA | 23	1	[{"added": {}}]	25	8
164	2024-01-15 11:02:28.553053+00	23	10BA | 24	1	[{"added": {}}]	25	8
165	2024-01-15 11:04:03.166403+00	24	9BA | 25	1	[{"added": {}}]	25	8
166	2024-01-15 11:07:28.058104+00	25	8BA | 26	1	[{"added": {}}]	25	8
167	2024-01-15 11:09:01.050028+00	26	6BA | 27	1	[{"added": {}}]	25	8
168	2024-01-15 14:07:26.394681+00	6	celsocravid1@gmail.com	2	[{"changed": {"fields": ["Groups"]}}]	48	6
169	2024-01-15 14:24:25.443356+00	5	Balano de Produtividade e Desempenho	1	[{"added": {}}, {"added": {"name": "post images", "object": "PostImages object (7)"}}, {"added": {"name": "post images", "object": "PostImages object (8)"}}, {"added": {"name": "post images", "object": "PostImages object (9)"}}]	33	8
170	2024-01-15 14:29:26.725257+00	6	Reforo do Abastecimento Hdrico	1	[{"added": {}}, {"added": {"name": "post images", "object": "PostImages object (10)"}}, {"added": {"name": "post images", "object": "PostImages object (11)"}}, {"added": {"name": "post images", "object": "PostImages object (12)"}}]	33	8
171	2024-01-17 09:48:54.874786+00	6	541BC | 7	2	[{"changed": {"fields": ["Square"]}}]	25	8
172	2024-01-17 09:48:54.887714+00	26	6BC | 27	2	[{"changed": {"fields": ["Square"]}}]	25	8
173	2024-01-17 09:48:54.890313+00	25	8BC | 26	2	[{"changed": {"fields": ["Square"]}}]	25	8
174	2024-01-17 09:48:54.892719+00	24	9BC | 25	2	[{"changed": {"fields": ["Square"]}}]	25	8
175	2024-01-17 09:48:54.89507+00	23	10BC | 24	2	[{"changed": {"fields": ["Square"]}}]	25	8
176	2024-01-17 09:48:54.89762+00	22	11BC | 23	2	[{"changed": {"fields": ["Square"]}}]	25	8
177	2024-01-17 09:48:54.901019+00	21	12BC | 22	2	[{"changed": {"fields": ["Square"]}}]	25	8
178	2024-01-17 09:48:54.903658+00	20	13BC | 21	2	[{"changed": {"fields": ["Square"]}}]	25	8
179	2024-01-17 09:48:54.906385+00	19	14BC | 20	2	[{"changed": {"fields": ["Square"]}}]	25	8
180	2024-01-17 09:48:54.909249+00	18	15BC | 19	2	[{"changed": {"fields": ["Square"]}}]	25	8
181	2024-01-17 09:48:54.912474+00	17	16BC | 18	2	[{"changed": {"fields": ["Square"]}}]	25	8
182	2024-01-17 09:48:54.915094+00	16	18BC | 17	2	[{"changed": {"fields": ["Square"]}}]	25	8
183	2024-01-17 09:48:54.917447+00	15	19BC | 16	2	[{"changed": {"fields": ["Square"]}}]	25	8
184	2024-01-17 09:48:54.919811+00	14	23BC | 15	2	[{"changed": {"fields": ["Square"]}}]	25	8
185	2024-01-17 09:48:54.922177+00	13	24BC | 14	2	[{"changed": {"fields": ["Square"]}}]	25	8
186	2024-01-17 09:48:54.924556+00	12	25BC | 13	2	[{"changed": {"fields": ["Square"]}}]	25	8
187	2024-01-17 09:48:54.927069+00	11	26BC | 12	2	[{"changed": {"fields": ["Square"]}}]	25	8
188	2024-01-17 09:48:54.929546+00	10	27BC | 11	2	[{"changed": {"fields": ["Square"]}}]	25	8
189	2024-01-17 09:48:54.931902+00	9	35BC | 10	2	[{"changed": {"fields": ["Square"]}}]	25	8
190	2024-01-17 09:48:54.934374+00	8	41BC | 9	2	[{"changed": {"fields": ["Square"]}}]	25	8
191	2024-01-17 09:48:54.936829+00	7	70EC | 8	2	[{"changed": {"fields": ["Square"]}}]	25	8
192	2024-01-17 09:48:54.939458+00	5	05LC | 6	2	[{"changed": {"fields": ["Square"]}}]	25	8
193	2024-01-17 09:48:54.942049+00	1	57jC | 1	2	[{"changed": {"fields": ["Square"]}}]	25	8
194	2024-01-17 09:48:54.944458+00	4	05LC | 5	2	[{"changed": {"fields": ["Square"]}}]	25	8
195	2024-01-17 09:48:54.94701+00	3	37LC | 4	2	[{"changed": {"fields": ["Square"]}}]	25	8
196	2024-01-17 09:48:54.949433+00	2	42LC | 2	2	[{"changed": {"fields": ["Square"]}}]	25	8
197	2024-01-17 09:52:10.450409+00	27	264NA | 1	1	[{"added": {}}]	25	8
198	2024-01-17 10:02:10.655639+00	28	256DCA | 4	1	[{"added": {}}]	25	8
199	2024-01-17 10:07:17.067942+00	29	680BA | 5	1	[{"added": {}}]	25	8
200	2024-01-17 10:11:49.189992+00	30	1CA | 6	1	[{"added": {}}]	25	8
201	2024-01-17 10:15:10.37756+00	31	065JA | 7	1	[{"added": {}}]	25	8
202	2024-01-17 10:17:07.148047+00	28	256DCA | 4	2	[]	25	8
203	2024-01-17 10:18:11.088412+00	31	065JA | 7	2	[{"changed": {"fields": ["Closed"]}}]	25	8
204	2024-01-17 10:19:40.969702+00	32	208CA | 8	1	[{"added": {}}]	25	8
205	2024-01-17 10:21:36.894203+00	33	368NA | 9	1	[{"added": {}}]	25	8
206	2024-01-17 10:23:07.182063+00	34	764BCA | 10	1	[{"added": {}}]	25	8
207	2024-01-17 10:25:10.97002+00	35	59LA | 11	1	[{"added": {}}]	25	8
208	2024-01-17 10:26:25.770979+00	36	344NA | 12	1	[{"added": {}}]	25	8
209	2024-01-17 10:29:33.896939+00	37	284CA | 16	1	[{"added": {}}]	25	8
210	2024-01-22 12:31:56.59232+00	6	Reforo do Abastecimento Hdrico	2	[{"changed": {"fields": ["Active"]}}]	33	8
211	2024-01-22 12:31:56.603886+00	5	Balano de Produtividade e Desempenho	2	[{"changed": {"fields": ["Active"]}}]	33	8
212	2024-01-22 12:36:24.312182+00	7	Homenagem  Concidado M-Zchiano Azoum Pinto	1	[{"added": {}}, {"added": {"name": "post images", "object": "PostImages object (13)"}}, {"added": {"name": "post images", "object": "PostImages object (14)"}}, {"added": {"name": "post images", "object": "PostImages object (15)"}}]	33	8
213	2024-02-05 10:37:29.005454+00	8	3 de Fevereiro 2024	1	[{"added": {}}]	33	8
214	2024-02-05 10:47:49.006527+00	9	Foto Galeria 3 de Fevereiro- Resumo das Actividades	1	[{"added": {}}, {"added": {"name": "post images", "object": "PostImages object (16)"}}, {"added": {"name": "post images", "object": "PostImages object (17)"}}, {"added": {"name": "post images", "object": "PostImages object (18)"}}, {"added": {"name": "post images", "object": "PostImages object (19)"}}, {"added": {"name": "post images", "object": "PostImages object (20)"}}, {"added": {"name": "post images", "object": "PostImages object (21)"}}, {"added": {"name": "post images", "object": "PostImages object (22)"}}, {"added": {"name": "post images", "object": "PostImages object (23)"}}, {"added": {"name": "post images", "object": "PostImages object (24)"}}]	33	8
215	2024-02-05 11:08:41.359402+00	9	Foto Galeria 3 de Fevereiro- Resumo das Actividades	2	[{"added": {"name": "post images", "object": "PostImages object (25)"}}]	33	8
216	2024-02-05 11:32:18.888937+00	9	Foto Galeria 3 de Fevereiro- Resumo das Actividades	2	[{"changed": {"fields": ["Text file"]}}]	33	8
217	2024-02-05 11:35:46.226276+00	9	Foto Galeria 3 de Fevereiro- Resumo das Actividades	2	[{"changed": {"fields": ["Text file"]}}]	33	8
218	2024-02-05 11:38:01.837834+00	9	Foto Galeria 3 de Fevereiro- Resumo das Actividades	2	[{"changed": {"fields": ["Text file"]}}]	33	8
219	2024-02-14 10:06:52.438569+00	10	Iniciativa dos 5 Irmos	1	[{"added": {}}, {"added": {"name": "post images", "object": "PostImages object (26)"}}, {"added": {"name": "post images", "object": "PostImages object (27)"}}, {"added": {"name": "post images", "object": "PostImages object (28)"}}, {"added": {"name": "post images", "object": "PostImages object (29)"}}, {"added": {"name": "post images", "object": "PostImages object (30)"}}]	33	8
220	2024-02-29 10:47:25.630557+00	11	Visita de Fiscalizao e Levantamento	1	[{"added": {}}, {"added": {"name": "post images", "object": "PostImages object (31)"}}, {"added": {"name": "post images", "object": "PostImages object (32)"}}, {"added": {"name": "post images", "object": "PostImages object (33)"}}]	33	8
221	2024-03-01 10:23:08.914066+00	12	AGI GCI	1	[{"added": {}}, {"added": {"name": "post images", "object": "PostImages object (34)"}}]	33	8
222	2024-03-01 10:23:35.097008+00	11	Visita de Fiscalizao e Levantamento	2	[{"changed": {"fields": ["Active"]}}]	33	8
223	2024-03-01 10:23:51.287794+00	12	AGI GCI	2	[{"changed": {"fields": ["Active"]}}]	33	8
224	2024-03-25 03:41:33.424177+00	9	Sara Ramos	3		48	4
225	2024-03-25 03:41:33.430013+00	8	Nony D'Alva	3		48	4
226	2024-03-25 03:41:33.4322+00	7	Gando Paquete	3		48	4
227	2024-03-25 03:41:33.436738+00	6	Celcinacy Cravid	3		48	4
228	2024-03-25 03:41:33.439349+00	5	Faustina Ramos	3		48	4
229	2024-03-25 03:41:33.441433+00	3	Nony DAlva	3		48	4
230	2024-03-25 03:41:33.44654+00	1	 	3		48	4
231	2024-03-25 03:42:46.814033+00	9	Sara Ramos	3		48	4
232	2024-03-25 03:42:46.81707+00	8	Nony D'Alva	3		48	4
233	2024-03-25 03:42:46.818834+00	7	Gando Paquete	3		48	4
234	2024-03-25 03:42:46.820756+00	6	Celcinacy Cravid	3		48	4
235	2024-03-25 03:42:46.822429+00	5	Faustina Ramos	3		48	4
236	2024-03-25 03:42:46.824017+00	3	Nony DAlva	3		48	4
237	2024-03-25 03:42:46.825583+00	1	 	3		48	4
238	2024-03-25 03:43:02.142857+00	3	Nony DAlva	3		48	4
239	2024-03-25 03:43:38.442442+00	8	Nony D'Alva	3		48	4
240	2024-03-25 03:44:21.918021+00	8	Nony D'Alva	2	[{"changed": {"fields": ["Groups"]}}]	48	4
241	2024-03-25 03:44:37.38595+00	8	Nony D'Alva	3		48	4
242	2024-03-25 03:45:38.774501+00	9	Sara Ramos	3		48	4
243	2024-03-25 03:45:38.777088+00	7	Gando Paquete	3		48	4
244	2024-03-25 03:45:38.778649+00	6	Celcinacy Cravid	3		48	4
245	2024-03-25 03:45:38.780142+00	5	Faustina Ramos	3		48	4
246	2024-03-25 03:45:38.784285+00	1	 	3		48	4
247	2024-03-25 03:46:29.586953+00	9	Sara Ramos	3		48	4
248	2024-03-25 03:46:29.593112+00	7	Gando Paquete	3		48	4
249	2024-03-25 03:46:29.595134+00	5	Faustina Ramos	3		48	4
250	2024-03-25 03:46:29.597058+00	1	 	3		48	4
251	2024-03-25 03:46:42.894763+00	9	Sara Ramos	3		48	4
252	2024-03-25 03:47:04.99365+00	1	 	3		48	4
253	2024-03-25 03:48:35.67035+00	7	Gando Paquete	3		48	4
255	2024-03-25 11:48:23.522869+00	1	 	3		48	4
256	2024-03-25 11:56:04.89522+00	22	Yelena Barroso	2	[{"changed": {"fields": ["Parthner"]}}]	48	4
257	2024-03-25 11:56:17.646087+00	21	Miryan Bandeira dos Prazeres Cassandra Soares	2	[{"changed": {"fields": ["Parthner"]}}]	48	4
258	2024-03-25 11:56:50.911271+00	20	Celso Matos	2	[{"changed": {"fields": ["Parthner"]}}]	48	4
259	2024-03-25 11:57:06.129061+00	19	Felicia Silva	2	[{"changed": {"fields": ["Parthner"]}}]	48	4
260	2024-03-25 11:57:16.52349+00	18	Yell Eric Jordo da Costa	2	[{"changed": {"fields": ["Parthner"]}}]	48	4
261	2024-03-25 11:57:29.198879+00	17	Nome do miudeo E este	2	[{"changed": {"fields": ["Parthner"]}}]	48	4
262	2024-03-25 11:57:40.059149+00	16	Eduardo Pina Neto	2	[{"changed": {"fields": ["Parthner"]}}]	48	4
263	2024-03-25 11:58:00.125678+00	14	Eula Carvalho Maquengo	2	[{"changed": {"fields": ["Parthner"]}}]	48	4
264	2024-03-25 11:58:10.951356+00	13	Nelson Bandeira	2	[{"changed": {"fields": ["Parthner"]}}]	48	4
265	2024-03-25 11:58:33.766807+00	11	Niurka Solange Silveira DAlmeida	2	[{"changed": {"fields": ["Parthner"]}}]	48	4
266	2024-03-25 11:58:59.526544+00	10	Cremilde Bragana	2	[{"changed": {"fields": ["Parthner"]}}]	48	4
267	2024-03-25 12:47:57.553133+00	2	Admins	3		3	4
268	2024-03-25 12:47:57.556898+00	1	Blog	3		3	4
269	2024-03-25 12:47:57.559149+00	4	Covais	3		3	4
270	2024-03-25 12:47:57.561401+00	3	Secretaria	3		3	4
271	2024-03-25 12:48:20.817823+00	5	CECAB	1	[{"added": {}}]	3	4
272	2024-03-25 12:48:42.869517+00	6	ORMED	1	[{"added": {}}]	3	4
273	2024-03-25 12:49:24.453757+00	7	CMZ BLOG	1	[{"added": {}}]	3	4
274	2024-03-25 12:50:06.321208+00	8	CMZ CERTIFICATE	1	[{"added": {}}]	3	4
275	2024-03-25 12:50:28.696593+00	9	CMZ COVAIS	1	[{"added": {}}]	3	4
276	2024-03-25 12:51:07.501281+00	16	Eduardo Pina Neto	2	[{"changed": {"fields": ["Groups"]}}]	48	4
277	2024-03-25 12:51:47.368654+00	6	Celcinacy Cravid	2	[{"changed": {"fields": ["Groups"]}}]	48	4
278	2024-03-25 12:52:31.337459+00	8	Nony D'Alva	2	[{"changed": {"fields": ["Groups"]}}]	48	4
279	2024-03-25 12:52:42.488114+00	6	Celcinacy Cravid	2	[{"changed": {"fields": ["Superuser status"]}}]	48	4
280	2024-04-18 12:09:09.416027+00	1	 	2	[{"changed": {"fields": ["Password", "Superuser status", "Parthner"]}}]	48	4
281	2024-04-18 12:09:37.76923+00	1	 	2	[{"changed": {"fields": ["Groups"]}}]	48	4
282	2024-04-18 12:10:11.12868+00	1	CECAB BIO	2	[{"changed": {"fields": ["First name", "Last name", "Email"]}}]	48	4
283	2024-04-18 12:10:36.85951+00	1	CECAB BIO	2	[{"changed": {"fields": ["Username"]}}]	48	4
284	2024-04-18 12:12:50.470131+00	1	CECAB BIO	2	[{"changed": {"fields": ["Username", "Email"]}}]	48	4
285	2024-04-18 12:15:21.688473+00	1	CECAB BIO	2	[{"changed": {"fields": ["Parthner"]}}]	48	4
286	2024-04-18 12:39:11.449079+00	1	CECAB BIO	2	[{"changed": {"fields": ["Username", "Email", "Parthner"]}}]	48	4
287	2024-05-02 09:05:23.866156+00	41	Santa Jen	2	[{"changed": {"fields": ["Picture"]}}]	82	1
288	2024-05-02 09:05:26.536814+00	41	Santa Jen	2	[{"changed": {"fields": ["Picture"]}}]	82	1
289	2024-05-02 09:08:10.378845+00	4	Agua Francisca	2	[{"changed": {"fields": ["Picture"]}}]	82	1
290	2024-05-02 09:21:46.9071+00	4	Agua Francisca	2	[{"changed": {"fields": ["Picture"]}}]	82	1
291	2024-05-08 14:52:28.060093+00	4	Agua Francisca	2	[{"changed": {"fields": ["Picture"]}}]	82	1
292	2024-05-08 14:52:44.246069+00	3	Agua Sampaio	2	[{"changed": {"fields": ["Picture"]}}]	82	1
293	2024-05-08 14:53:31.671432+00	5	Agua Telha	2	[{"changed": {"fields": ["Picture"]}}]	82	1
294	2024-05-08 14:53:44.6253+00	6	Benfica	2	[{"changed": {"fields": ["Picture"]}}]	82	1
295	2024-05-08 14:53:58.770285+00	7	Boa Entrada	2	[{"changed": {"fields": ["Picture"]}}]	82	1
296	2024-05-08 14:54:18.305906+00	8	Caldeira	2	[{"changed": {"fields": ["Picture"]}}]	82	1
297	2024-05-08 14:54:31.995127+00	27	Costa Santos	2	[{"changed": {"fields": ["Picture"]}}]	82	1
298	2024-05-08 14:55:22.684451+00	9	Ferno Dias	2	[{"changed": {"fields": ["Picture"]}}]	82	1
299	2024-05-08 14:55:35.585741+00	10	Filipinas	2	[{"changed": {"fields": ["Picture"]}}]	82	1
300	2024-05-08 14:55:51.311786+00	28	Generosa	2	[{"changed": {"fields": ["Picture"]}}]	82	1
301	2024-05-08 14:56:07.635734+00	29	Jos Luis	2	[{"changed": {"fields": ["Picture"]}}]	82	1
302	2024-05-08 14:56:23.248293+00	11	Laranjeira	2	[{"changed": {"fields": ["Picture"]}}]	82	1
303	2024-05-08 14:56:39.841137+00	30	Lemb	2	[{"changed": {"fields": ["Picture"]}}]	82	1
304	2024-05-08 14:56:55.449845+00	12	Maiano	2	[{"changed": {"fields": ["Picture"]}}]	82	1
305	2024-05-08 14:57:13.307918+00	33	Malundo	2	[{"changed": {"fields": ["Picture"]}}]	82	1
306	2024-05-08 14:57:26.95168+00	31	Mara Luisa	2	[{"changed": {"fields": ["Picture"]}}]	82	1
307	2024-05-08 14:57:41.130886+00	14	Milagrosa	2	[{"changed": {"fields": ["Picture"]}}]	82	1
308	2024-05-08 14:58:00.587205+00	32	Monte Forte	2	[{"changed": {"fields": ["Picture"]}}]	82	1
309	2024-05-08 14:58:49.448752+00	13	Monte Macaco	2	[{"changed": {"fields": ["Picture"]}}]	82	1
310	2024-05-08 14:59:35.602246+00	34	Papa Fogo	2	[]	82	1
311	2024-05-08 14:59:54.159326+00	15	Pedra Mara	2	[{"changed": {"fields": ["Picture"]}}]	82	1
312	2024-05-08 15:00:15.448858+00	16	Plancas I	2	[{"changed": {"fields": ["Picture"]}}]	82	1
313	2024-05-08 15:00:30.365009+00	17	Plancas II	2	[{"changed": {"fields": ["Picture"]}}]	82	1
314	2024-05-08 15:00:43.789543+00	18	Prado	2	[{"changed": {"fields": ["Picture"]}}]	82	1
315	2024-05-08 15:01:02.553216+00	19	Praia das Conchas	2	[{"changed": {"fields": ["Picture"]}}]	82	1
316	2024-05-08 15:01:20.570756+00	20	Queluz	2	[{"changed": {"fields": ["Picture"]}}]	82	1
317	2024-05-08 15:01:35.71799+00	35	Ribeira Funda	2	[{"changed": {"fields": ["Picture"]}}]	82	1
318	2024-05-08 15:01:53.375713+00	36	Ribeira Palma Praia	2	[{"changed": {"fields": ["Picture"]}}]	82	1
319	2024-05-08 15:02:12.320883+00	21	Rio Ouro Pequeno	2	[{"changed": {"fields": ["Picture"]}}]	82	1
320	2024-05-08 15:03:18.839375+00	37	Rosema	2	[{"changed": {"fields": ["Picture"]}}]	82	1
321	2024-05-08 15:03:37.146773+00	22	Saltado	2	[{"changed": {"fields": ["Picture"]}}]	82	1
322	2024-05-08 15:03:55.241465+00	38	Santa Clotilde	2	[{"changed": {"fields": ["Picture"]}}]	82	1
323	2024-05-08 15:04:14.355759+00	41	Santa Jen	2	[{"changed": {"fields": ["Picture"]}}]	82	1
324	2024-05-08 15:04:29.876698+00	23	Santa Luza	2	[{"changed": {"fields": ["Picture"]}}]	82	1
325	2024-05-08 15:04:44.954604+00	40	Santa Teresa	2	[{"changed": {"fields": ["Picture"]}}]	82	1
326	2024-05-08 15:04:58.560607+00	42	So Jos	2	[{"changed": {"fields": ["Picture"]}}]	82	1
327	2024-05-08 15:05:27.85574+00	39	Sede DA/SM/RA	2	[{"changed": {"fields": ["Picture"]}}]	82	1
328	2024-05-08 15:05:55.501595+00	26	Vanguarda Margo	2	[{"changed": {"fields": ["Picture"]}}]	82	1
329	2024-05-08 15:06:08.069762+00	24	Vila Braga	2	[{"changed": {"fields": ["Picture"]}}]	82	1
330	2024-05-08 15:06:22.011298+00	25	Vista Alegre	2	[{"changed": {"fields": ["Picture"]}}]	82	1
331	2024-05-08 15:06:43.564749+00	25	Vista Alegre	2	[{"changed": {"fields": ["Picture"]}}]	82	1
332	2024-05-08 15:08:03.257721+00	34	Paga Fogo	2	[{"changed": {"fields": ["Name"]}}]	82	1
333	2024-05-08 15:12:27.127476+00	1	Ribeira Palma Sede	1	[{"added": {}}]	82	1
334	2024-05-08 15:12:30.209035+00	2	Ribeira Palma Sede	1	[{"added": {}}]	82	1
335	2024-05-08 15:13:09.653887+00	2	Ribeira Palma Sede	3		82	1
336	2024-05-09 15:09:06.837874+00	34	Paga Fogo	2	[{"changed": {"fields": ["Picture"]}}]	82	1
\.


--
-- Data for Name: django_content_type; Type: TABLE DATA; Schema: public; Owner: eurrkvbyncwetd
--

COPY "public"."django_content_type" ("id", "app_label", "model") FROM stdin;
1	admin	logentry
2	auth	permission
3	auth	group
4	contenttypes	contenttype
5	sessions	session
6	certificates	certificate
7	certificates	certificatedata
8	certificates	certificatetitle
9	certificates	certificatetypes
10	certificates	country
11	certificates	county
12	certificates	house
13	certificates	idtype
14	certificates	messages
15	certificates	university
16	certificates	town
17	certificates	street
18	certificates	person
19	certificates	personbirthaddress
20	certificates	instituition
21	certificates	certificatesimpleperson
22	certificates	certificatesingleperson
23	certificates	parent
24	certificates	certificatesimpleparent
25	certificates	coval
26	certificates	cemiterio
27	certificates	biuldingtype
28	certificates	covalsalles
29	certificates	change
30	certificates	certificatedate
31	certificates	ifen
32	certificates	customer
33	blog	post
34	blog	postfile
35	blog	role
36	blog	section
37	blog	service
38	blog	tour
39	blog	secretary
40	blog	secreatarysection
41	blog	postvideos
42	blog	postimages
43	blog	postdocument
44	blog	messages
45	blog	information
46	blog	imagestour
47	blog	team
48	core	user
49	cmz	post
50	cmz	postfile
51	cmz	role
52	cmz	section
53	cmz	service
54	cmz	tour
55	cmz	secretary
56	cmz	secreatarysection
57	cmz	postvideos
58	cmz	postimages
59	cmz	postdocument
60	cmz	messages
61	cmz	information
62	cmz	imagestour
63	cmz	team
64	ormed	area
65	ormed	country
66	ormed	gallery
67	ormed	idtype
68	ormed	law
69	ormed	level
70	ormed	post
71	ormed	postfile
72	ormed	role
73	ormed	section
74	ormed	usersection
75	ormed	postvideos
76	ormed	postimages
77	ormed	postdocument
78	ormed	messages
79	ormed	imagesgallery
80	ormed	doctor
81	ormed	team
82	cecab	association
83	cecab	band
84	cecab	district
85	cecab	messages
86	cecab	pathner
87	cecab	post
88	cecab	role
89	cecab	spot
90	cecab	yeargols
91	cecab	team
92	cecab	postvideos
93	cecab	postimages
94	cecab	postdocument
95	cecab	associationimages
96	nanehouse	city
97	nanehouse	client
98	nanehouse	currency
99	nanehouse	house
100	nanehouse	street
101	nanehouse	ownerpayment
102	nanehouse	houseimage
103	nanehouse	customer
104	nanehouse	country
105	nanehouse	clientpayment
106	nanehouse	clienthouse
107	setup	usertokens
\.


--
-- Data for Name: django_migrations; Type: TABLE DATA; Schema: public; Owner: eurrkvbyncwetd
--

COPY "public"."django_migrations" ("id", "app", "name", "applied") FROM stdin;
1	contenttypes	0001_initial	2023-08-15 14:19:10.180673+00
2	contenttypes	0002_remove_content_type_name	2023-08-15 14:19:10.188984+00
3	auth	0001_initial	2023-08-15 14:19:10.233398+00
4	auth	0002_alter_permission_name_max_length	2023-08-15 14:19:10.239266+00
5	auth	0003_alter_user_email_max_length	2023-08-15 14:19:10.245519+00
6	auth	0004_alter_user_username_opts	2023-08-15 14:19:10.251766+00
7	auth	0005_alter_user_last_login_null	2023-08-15 14:19:10.257945+00
8	auth	0006_require_contenttypes_0002	2023-08-15 14:19:10.261467+00
9	auth	0007_alter_validators_add_error_messages	2023-08-15 14:19:10.2675+00
10	auth	0008_alter_user_username_max_length	2023-08-15 14:19:10.27358+00
11	auth	0009_alter_user_last_name_max_length	2023-08-15 14:19:10.27972+00
12	auth	0010_alter_group_name_max_length	2023-08-15 14:19:10.286805+00
13	auth	0011_update_proxy_permissions	2023-08-15 14:19:10.293733+00
14	auth	0012_alter_user_first_name_max_length	2023-08-15 14:19:10.300057+00
15	core	0001_initial	2023-08-15 14:19:10.360837+00
16	admin	0001_initial	2023-08-15 14:19:10.382713+00
17	admin	0002_logentry_remove_auto_add	2023-08-15 14:19:10.389931+00
18	admin	0003_logentry_add_action_flag_choices	2023-08-15 14:19:10.397444+00
19	blog	0001_initial	2023-08-15 14:19:10.963612+00
20	blog	0002_service_slug	2023-08-15 14:19:10.978631+00
21	blog	0003_alter_information_service_and_more	2023-08-15 14:19:11.022975+00
22	blog	0004_service_picture	2023-08-15 14:19:11.029195+00
23	blog	0005_service_description	2023-08-15 14:19:11.036044+00
24	blog	0006_remove_messages_email_messages_whatsapp	2023-08-15 14:19:11.045516+00
25	certificates	0001_initial	2023-08-15 14:19:11.52972+00
26	certificates	0002_initial	2023-08-15 14:19:11.787325+00
27	certificates	0003_remove_addressto_cart_remove_airport_country_and_more	2023-08-15 14:19:12.295978+00
28	certificates	0004_remove_person_birth_country_and_more	2023-08-15 14:19:12.508028+00
29	certificates	0005_person_nationality_and_more	2023-08-15 14:19:12.540338+00
30	certificates	0006_certificate_house_alter_certificatedata_certificate_and_more	2023-08-15 14:19:12.581854+00
31	certificates	0007_alter_certificate_text	2023-08-15 14:19:12.592158+00
32	certificates	0008_alter_person_father_name_alter_person_mother_name	2023-08-15 14:19:12.608648+00
33	certificates	0009_rename_institution_instituition	2023-08-15 14:19:12.642787+00
34	certificates	0010_alter_person_gender_certificatesimpleperson	2023-08-15 14:19:12.66803+00
35	certificates	0011_certificatesingleperson	2023-08-15 14:19:12.686047+00
36	certificates	0012_parents	2023-08-15 14:19:12.695041+00
37	certificates	0013_parents_gender	2023-08-15 14:19:12.701919+00
38	certificates	0014_rename_parents_parent_certificatesimplefamily	2023-08-15 14:19:12.744084+00
39	certificates	0015_rename_certificatesimplefamily_certificatesimpleparent	2023-08-15 14:19:12.770995+00
40	certificates	0016_remove_certificatesimpleparent_gender	2023-08-15 14:19:12.779229+00
41	certificates	0017_parent_degree	2023-08-15 14:19:12.787044+00
42	certificates	0018_coval	2023-08-15 14:19:12.797693+00
43	certificates	0019_alter_coval_date_of_deth_alter_coval_gender_and_more	2023-08-15 14:19:12.809758+00
44	certificates	0020_coval_square	2023-08-15 14:19:12.816385+00
45	certificates	0021_alter_coval_square	2023-08-15 14:19:12.827004+00
46	certificates	0022_cemiterio	2023-08-15 14:19:12.849422+00
47	certificates	0023_coval_closed	2023-08-15 14:19:12.855903+00
48	certificates	0024_biuldingtype	2023-08-15 14:19:12.866104+00
49	certificates	0025_alter_biuldingtype_prefix	2023-08-15 14:19:12.873855+00
50	certificates	0026_alter_biuldingtype_prefix	2023-08-15 14:19:12.88028+00
51	certificates	0027_alter_biuldingtype_prefix_alter_certificate_house	2023-08-15 14:19:12.899515+00
52	certificates	0028_coval_selled_covalsalles	2023-08-15 14:19:12.922344+00
53	certificates	0029_alter_covalsalles_coval	2023-08-15 14:19:12.942969+00
54	certificates	0030_coval_cemiterio	2023-08-15 14:19:12.966724+00
55	certificates	0031_change	2023-08-15 14:19:12.974365+00
56	certificates	0032_certificatedate	2023-08-15 14:19:12.997119+00
57	certificates	0033_rename_data_certificatedate_date	2023-08-15 14:19:13.005622+00
58	certificates	0034_ifen_certificatetypes_gender	2023-08-15 14:19:13.01938+00
59	certificates	0035_alter_ifen_size	2023-08-15 14:19:13.029933+00
60	certificates	0036_certificate_file	2023-08-15 14:19:13.046235+00
61	certificates	0037_certificatetitle_slug_certificatetypes_slug_and_more	2023-08-15 14:19:13.080108+00
62	certificates	0038_secretary_delete_customer	2023-08-15 14:19:13.109624+00
63	certificates	0039_customer_delete_secretary	2023-08-15 14:19:13.135892+00
64	sessions	0001_initial	2023-08-15 14:19:13.152503+00
65	certificates	0002_alter_person_surname	2023-11-03 23:27:31.826037+00
66	certificates	0003_alter_person_id_expire_date	2023-11-03 23:27:31.868918+00
67	certificates	0004_alter_person_address	2023-11-03 23:27:31.960484+00
68	certificates	0005_alter_person_id_issue_country	2023-11-03 23:27:31.988493+00
69	certificates	0006_alter_person_nationality	2023-11-03 23:27:32.016853+00
70	certificates	0007_alter_certificatetitle_type_price	2023-11-03 23:27:32.028612+00
71	certificates	0008_alter_certificatetitle_certificate_type	2023-11-03 23:27:32.062996+00
72	certificates	0009_alter_certificatetypes_gender	2023-11-03 23:27:32.073088+00
73	certificates	0002_rename_type1_certificate_type_id1_street_county_and_more	2023-11-04 00:19:00.110984+00
74	core	0002_remove_user_code_remove_user_phone	2023-11-04 00:19:00.129883+00
75	certificates	0003_alter_certificate_type_id1	2023-11-04 00:49:56.859948+00
76	certificates	0004_alter_customer_level	2023-11-04 00:51:52.409239+00
77	certificates	0005_alter_certificate_status_alter_customer_level	2023-11-04 01:12:27.716793+00
78	certificates	0006_alter_certificate_atestado_state_and_more	2023-11-04 01:21:13.186302+00
79	certificates	00040_alter_certificatesimpleperson_gender	2023-11-04 01:49:57.171651+00
80	certificates	00041_add_birth	2023-11-04 02:12:14.929577+00
81	certificates	00042_add_birth	2023-11-04 02:16:10.384162+00
82	certificates	00043_add_birth	2023-11-04 02:21:35.391292+00
83	certificates	00044_add_birth	2023-11-04 02:24:54.401678+00
84	certificates	00045_add_birth	2023-11-04 02:28:14.920896+00
85	certificates	00046_add_birth	2023-11-04 02:34:59.708427+00
86	certificates	0047_remove_certificate_birth_day_and_more	2023-11-04 02:49:13.051524+00
87	certificates	0049_alter_person_birth_date	2023-11-04 02:52:58.973038+00
88	certificates	0050_alter_person_birth_date	2023-11-04 03:02:57.351663+00
89	certificates	0051_remove_person_birth_date	2023-11-04 03:09:31.559688+00
90	certificates	0052_remove_person_gender_remove_person_id_expire_date_and_more	2023-11-04 08:34:15.037575+00
91	certificates	0053_remove_person_birth_address	2023-11-04 09:26:25.681186+00
92	certificates	0054_remove_person_id_issue_country	2023-11-04 09:27:00.789723+00
93	certificates	0055_remove_certificate_status	2023-11-04 09:49:59.898604+00
94	certificates	0056_certificate_status_person_birth_address_and_more	2023-11-04 10:10:39.812336+00
95	certificates	0057_alter_person_birth_date	2023-11-04 10:10:39.824907+00
96	certificates	0058_alter_certificate_id_alter_person_id	2023-11-06 10:41:14.082747+00
97	certificates	0059_alter_certificate_id_alter_person_id	2023-11-06 21:24:43.349733+00
98	cecab	0001_initial	2024-03-25 03:40:04.850141+00
99	cmz	0001_initial	2024-03-25 03:40:05.298597+00
100	cmz	0002_alter_messages_subject	2024-03-25 03:40:05.338703+00
101	cmz	0003_rename_whatsapp_messages_email	2024-03-25 03:40:05.362316+00
102	core	0003_usertokens	2024-03-25 03:40:05.376932+00
103	core	0004_alter_usertokens_email	2024-03-25 03:40:05.395914+00
104	core	0005_delete_usertokens	2024-03-25 03:40:05.41946+00
105	core	0006_user_parthner	2024-03-25 03:40:05.450071+00
106	nanehouse	0001_initial	2024-03-25 03:40:05.949798+00
107	ormed	0001_initial	2024-03-25 03:40:06.493837+00
108	setup	0001_initial	2024-03-25 03:40:06.528428+00
109	setup	0002_alter_usertokens_email	2024-03-25 03:40:06.547493+00
110	setup	0003_alter_usertokens_token	2024-03-25 03:40:06.568947+00
111	setup	0004_alter_usertokens_token	2024-03-25 03:40:06.588084+00
112	setup	0005_alter_usertokens_email	2024-03-25 03:40:06.613349+00
113	certificates	0002_alter_customer_user	2024-03-25 11:05:36.361334+00
114	cmz	0004_alter_post_user	2024-03-25 11:05:36.397141+00
115	core	0007_user_phone	2024-03-25 11:23:22.393613+00
116	core	0008_user_valid	2024-03-25 11:28:29.243524+00
117	core	0009_alter_user_parthner	2024-03-25 11:42:22.012956+00
118	core	0010_alter_user_phone	2024-03-25 11:54:58.197556+00
\.


--
-- Data for Name: django_session; Type: TABLE DATA; Schema: public; Owner: eurrkvbyncwetd
--

COPY "public"."django_session" ("session_key", "session_data", "expire_date") FROM stdin;
hjuvjal56o0o7kin34ag9y4s6iyw9qvy	.eJxVjDkOwjAUBe_iGlle4iWU9JzB-t9-xgGUSFkqxN0hUgpo38y8l0i0rS1tC-Y0FHEWWpx-N6b8wLiDcqfxNsk8jes8sNwVedBFXqeC5-Vw_w4aLe1bW9QYcnadRs9ZVasMio6wbJxiA5vhOzhyHKrxxXnu-uAjAF8JxOL9AfxzOPc:1qVv4a:rpRlQ_KCvXPzM6i02ZRgUl3k_ziTJU1b4U57u5dNJ3o	2023-08-29 14:31:04.482301+00
513ephiqh9un843f443zy2nzbh84stp0	.eJxVjMsOwiAQRf-FtSG8oS7d-w1kmAGpGkhKuzL-uzbpQrf3nHNfLMK21riNvMSZ2JlpdvrdEuAjtx3QHdqtc-xtXebEd4UfdPBrp_y8HO7fQYVRv_VkC6lCVqE2STgQ4BMqUN56i9JRkBDChFIECmhUcgW0M-RDSdl4T-z9AejFOAs:1qVwIZ:gzXpm7ZSK_s1_Kp6KIxC2VlafDbCZX6mZFkJ3Cbhk00	2023-08-29 15:49:35.872242+00
76jfh2pdryfusexsu3w0np8z3t809ajv	.eJxVjMsOwiAQRf-FtSG8oS7d-w1kmAGpGkhKuzL-uzbpQrf3nHNfLMK21riNvMSZ2JlpdvrdEuAjtx3QHdqtc-xtXebEd4UfdPBrp_y8HO7fQYVRv_VkC6lCVqE2STgQ4BMqUN56i9JRkBDChFIECmhUcgW0M-RDSdl4T-z9AejFOAs:1qWZ8i:FQUWw2U_15_146Y2P2Q6m9lH5B06JzViOK_MonxGFvI	2023-08-31 09:18:00.116787+00
wowtzk7fcbg8tka2t9h5cxnrqeyrxejy	.eJxVjEEOgjAQRe_StWmgHZipS_eeoZlOp4IaSCisjHdXEha6_e-9_zKRt3WIW9UljtmcjTOn3y2xPHTaQb7zdJutzNO6jMnuij1otdc56_NyuH8HA9fhW_eUnesI2-z6gkAAJaggqAghpdJ0PaGQMPigBVE9A6Um-KblEHwy7w_PvDdw:1qWbmp:-lu4RCACFWQQ2s811zh_iuoVh55OC-qR1_V8BlOM7Fg	2023-08-31 12:07:35.322003+00
vum3k3y1q5ms0uka9ql1civob1jjwr7p	.eJxVjEEOgjAQRe_StWmgHZipS_eeoZlOp4IaSCisjHdXEha6_e-9_zKRt3WIW9UljtmcjTOn3y2xPHTaQb7zdJutzNO6jMnuij1otdc56_NyuH8HA9fhW_eUnesI2-z6gkAAJaggqAghpdJ0PaGQMPigBVE9A6Um-KblEHwy7w_PvDdw:1qdZEK:JWVkfMO_8HEEsjPJaAnJMvyATcZhLebm38jIXmvSPl8	2023-09-19 16:48:44.003499+00
6sm3o2q7zk0w1ryp0633ywdm3lu99fkl	.eJxVjEEOwiAQRe_C2hDKAAGX7j0DGZhBqgaS0q6Md9cmXej2v_f-S0Tc1hq3wUucSZyFEaffLWF-cNsB3bHdusy9rcuc5K7Igw557cTPy-H-HVQc9VszI7hgtA0AtlAmdEVDMOyTxuSsD0YpHzjDxEaxJmsZOBdlQU8pB_H-AOVrN9o:1qz4vu:p2UHa5rVUc1lbzRXzIC9Eee2jGQZswBWa3jemow1JCo	2023-11-18 00:54:38.973379+00
33b95dkirue0k86o2khj9168lp785fvi	.eJxVjEEOgjAQRe_StWmgHZipS_eeoZlOp4IaSCisjHdXEha6_e-9_zKRt3WIW9UljtmcjTOn3y2xPHTaQb7zdJutzNO6jMnuij1otdc56_NyuH8HA9fhW_eUnesI2-z6gkAAJaggqAghpdJ0PaGQMPigBVE9A6Um-KblEHwy7w_PvDdw:1qgKWn:OnqOhOmR-ckDqMTifMb-vfGoH08ftJap4v2otmMNn1w	2023-09-27 07:43:13.875263+00
pzvisxsaqrtixinii8tn36hkjgn9pk49	.eJxVjEEOwiAQRe_C2hDKAAGX7j0DGZhBqgaS0q6Md9cmXej2v_f-S0Tc1hq3wUucSZyFEaffLWF-cNsB3bHdusy9rcuc5K7Igw557cTPy-H-HVQc9VszI7hgtA0AtlAmdEVDMOyTxuSsD0YpHzjDxEaxJmsZOBdlQU8pB_H-AOVrN9o:1qzO4b:WDWqX3Ja-bA9lagIGDuF7-gBaQbghrszsUQdFk_S1ys	2023-11-18 21:20:53.320551+00
jkl2s8i1y1e1o172afcuyt7m38i2duch	.eJxVjMsOwiAQRf-FtSEUGAou3fsNzQwzlaqBpI-V8d-1SRe6veec-1IDbmsZtkXmYWJ1Vl6dfjfC_JC6A75jvTWdW13nifSu6IMu-tpYnpfD_TsouJRv3ZF4G8DYTMQCMSVCHr046L1hDmQoggNJLqbYQ6IE4syI0gGKs0G9P-1VN-Q:1qzOmH:-nxMfsYCT5IKOw5E2r9DakEwpLu8oqT-VVLToluH1Xg	2023-11-18 22:06:01.024092+00
2lzx8i3jc2xj73jaecf2zrmvfzhevk60	.eJxVjMsOwiAQRf-FtSEUGAou3fsNzQwzlaqBpI-V8d-1SRe6veec-1IDbmsZtkXmYWJ1Vl6dfjfC_JC6A75jvTWdW13nifSu6IMu-tpYnpfD_TsouJRv3ZF4G8DYTMQCMSVCHr046L1hDmQoggNJLqbYQ6IE4syI0gGKs0G9P-1VN-Q:1qzPce:yT2qTHeXoOo8YF0pHwzjq_DQxNV0dewJ03NbO8UyFQE	2023-11-18 23:00:08.395865+00
4zh6iosk03woot6s7ww5uhkhhzoexe0t	.eJxVjEEOwiAQRe_C2hDKAAGX7j0DGZhBqgaS0q6Md9cmXej2v_f-S0Tc1hq3wUucSZyFEaffLWF-cNsB3bHdusy9rcuc5K7Igw557cTPy-H-HVQc9VszI7hgtA0AtlAmdEVDMOyTxuSsD0YpHzjDxEaxJmsZOBdlQU8pB_H-AOVrN9o:1qzuvu:hoEhybdVpDJrkkbYFxXS9T8iJ4MwFaBKKvjYB_w9dSg	2023-11-20 08:26:06.662785+00
80djozzuzz53f9j2gxx98qgbs0bgrulr	.eJxVjDsOwjAQBe_iGlmOv5iSnjNYu941DiBHipMKcXcSKQW0b2beWyRYl5rWznMaSVyEF6ffDSE_ue2AHtDuk8xTW-YR5a7Ig3Z5m4hf18P9O6jQ61YzkvGoitchOqCBiovBKtQeyADGUNTZDwpMLM5Gq4PbgMoBDTvOOojPF-wUN9o:1qzvCb:HEM0YGGMnpKKdU0tmITqNliU1-jjB60rPEw4zC4y-jg	2023-11-20 08:43:21.719512+00
b1g6uvvoxjkbo1avplcjeop6p82guk56	.eJxVjDsOwjAQBe_iGlmOv5iSnjNYu941DiBHipMKcXcSKQW0b2beWyRYl5rWznMaSVyEF6ffDSE_ue2AHtDuk8xTW-YR5a7Ig3Z5m4hf18P9O6jQ61YzkvGoitchOqCBiovBKtQeyADGUNTZDwpMLM5Gq4PbgMoBDTvOOojPF-wUN9o:1qzvPk:k49dwx9JeWBB0ruCbuNZ7h5qYZ4lvZ7afM184tydFFs	2023-11-20 08:56:56.792866+00
98s6fq0py1j0wpv3yl7zmkeydzzxxy37	.eJxVjDsOwjAQBe_iGlmOv5iSnjNYu941DiBHipMKcXcSKQW0b2beWyRYl5rWznMaSVyEF6ffDSE_ue2AHtDuk8xTW-YR5a7Ig3Z5m4hf18P9O6jQ61YzkvGoitchOqCBiovBKtQeyADGUNTZDwpMLM5Gq4PbgMoBDTvOOojPF-wUN9o:1qzvnQ:CfDA4rtB2VOX364Xfq7jNpTxFBM8KXWv5zC5oT4kKNo	2023-11-20 09:21:24.568237+00
43lx7h2mebspc440u2wreugi3krbyi4o	.eJxVjEsOwjAMBe-SNYrSJHZaluw5Q-S4NimgVupnhbg7VOoCtm9m3stk2taat0XmPPTmbJI5_W6F-CHjDvo7jbfJ8jSu81DsrtiDLvY69fK8HO7fQaWlfmtFolCcqAB7KglDpz6oojoEaDBp6zkEisINtx7YdQAFIzoBF6Ux7w_-iTfS:1qzw7o:hZzOpeT39hd6Qt00e9ZVdT6Ysth-jZqToxMIde1YhwI	2023-11-20 09:42:28.306811+00
9bga5boaabbsytkeitw9l4abbsf9pcpu	.eJxVjDsOwjAQBe_iGlmOv5iSnjNYu941DiBHipMKcXcSKQW0b2beWyRYl5rWznMaSVyEF6ffDSE_ue2AHtDuk8xTW-YR5a7Ig3Z5m4hf18P9O6jQ61YzkvGoitchOqCBiovBKtQeyADGUNTZDwpMLM5Gq4PbgMoBDTvOOojPF-wUN9o:1r01ih:kybkWiwYSZ7RlB7M30dTAL7P-Hla_Nq_4Sd8M-cuCDo	2023-11-20 15:40:55.353094+00
42fn2hsw4f90pdlmssnbl95kidnydn4c	.eJxVjMsOwiAQRf-FtSEUGAou3fsNzQwzlaqBpI-V8d-1SRe6veec-1IDbmsZtkXmYWJ1Vl6dfjfC_JC6A75jvTWdW13nifSu6IMu-tpYnpfD_TsouJRv3ZF4G8DYTMQCMSVCHr046L1hDmQoggNJLqbYQ6IE4syI0gGKs0G9P-1VN-Q:1r06IT:3NjoLObuuv8NfNFBkBabzv7pJsyQcjbcyYzUhafI8jk	2023-11-20 20:34:09.56117+00
roxvir0fu2m56t5igubiyuoens53ne70	.eJxVjEEOwiAQRe_C2hDKAAGX7j0DGZhBqgaS0q6Md9cmXej2v_f-S0Tc1hq3wUucSZyFEaffLWF-cNsB3bHdusy9rcuc5K7Igw557cTPy-H-HVQc9VszI7hgtA0AtlAmdEVDMOyTxuSsD0YpHzjDxEaxJmsZOBdlQU8pB_H-AOVrN9o:1r06Lt:K1JFWWluDoatPP1SGWiz5Z8L7DHHQyMz3hVSf0p4vQc	2023-11-20 20:37:41.164696+00
uq3cbn5zovd6iufqfqdri46ffqtg25d3	.eJxVjMsOwiAQRf-FtSEUGAou3fsNzQwzlaqBpI-V8d-1SRe6veec-1IDbmsZtkXmYWJ1Vl6dfjfC_JC6A75jvTWdW13nifSu6IMu-tpYnpfD_TsouJRv3ZF4G8DYTMQCMSVCHr046L1hDmQoggNJLqbYQ6IE4syI0gGKs0G9P-1VN-Q:1r15DR:-t3WXfNF1gy-QC61R5U5LTzzOvEB2dNX-NOFyvYD8lA	2023-11-23 13:37:01.201343+00
pc4ibirpjw7z742nedrr7lae6ljekrlu	.eJxVjDsOwjAQBe_iGlmOv5iSnjNYu941DiBHipMKcXcSKQW0b2beWyRYl5rWznMaSVyEF6ffDSE_ue2AHtDuk8xTW-YR5a7Ig3Z5m4hf18P9O6jQ61YzkvGoitchOqCBiovBKtQeyADGUNTZDwpMLM5Gq4PbgMoBDTvOOojPF-wUN9o:1r1Q8U:8rbsT-LL8kgaQ5mHdu_B5OqBVyWqZP0SQxoPWfOdAyk	2023-11-24 11:57:18.222192+00
pkylx59dpwhjemlu2lktr87wdmv4zo93	.eJxVjDsOwjAQBe_iGlmOv5iSnjNYu941DiBHipMKcXcSKQW0b2beWyRYl5rWznMaSVyEF6ffDSE_ue2AHtDuk8xTW-YR5a7Ig3Z5m4hf18P9O6jQ61YzkvGoitchOqCBiovBKtQeyADGUNTZDwpMLM5Gq4PbgMoBDTvOOojPF-wUN9o:1r2Spy:lY0ZRzdOyPEjJpmrOLwfk9y7eZP51pLxr2HmIJmAnKk	2023-11-27 09:02:30.669358+00
ck147mk1phunmjqplxwpnpc8q82xyf1k	.eJxVjMsOwiAQRf-FtSEUGAou3fsNzQwzlaqBpI-V8d-1SRe6veec-1IDbmsZtkXmYWJ1Vl6dfjfC_JC6A75jvTWdW13nifSu6IMu-tpYnpfD_TsouJRv3ZF4G8DYTMQCMSVCHr046L1hDmQoggNJLqbYQ6IE4syI0gGKs0G9P-1VN-Q:1r2U9g:SQ8VTJb4OTYULa7dJ0OwsrQIhHweVXoHQtH-pFK4Zy8	2023-11-27 10:26:56.908824+00
t4uf8mczmxug16gocjnd6bi43774rqvf	.eJxVjEEOwiAURO_C2hDgUwou3fcM5MMHqRpISrsy3t026UKXM-_NvJnHbS1-62nxM7Ers-zy2wWMz1QPQA-s98Zjq-syB34o_KSdT43S63a6fwcFe9nXOMgEoLWyFs3gRp1NjiJlIXSWNmIwiigQZekU4Ggi5LQH6RwQKTDs8wXneDg7:1r2cWA:CEq1XVKW2GRoKngJwDg3NO7jeYRu26xgrfCY1YO05Cw	2023-11-27 19:22:42.312615+00
6z7v940bn3nzx3o8x1194i9u0mt5utmq	.eJxVjDsOwjAQBe_iGlmOv5iSnjNYu941DiBHipMKcXcSKQW0b2beWyRYl5rWznMaSVyEF6ffDSE_ue2AHtDuk8xTW-YR5a7Ig3Z5m4hf18P9O6jQ61YzkvGoitchOqCBiovBKtQeyADGUNTZDwpMLM5Gq4PbgMoBDTvOOojPF-wUN9o:1r3fi2:FwlzfcyKHLusq1NyrsiuAvfwN2c5wZsRmS0S08Ij-7s	2023-11-30 16:59:18.699878+00
lh812c2rpv8jtre0w4knjc96isx4atv2	.eJxVjDsOwjAQBe_iGlmOv5iSnjNYu941DiBHipMKcXcSKQW0b2beWyRYl5rWznMaSVyEF6ffDSE_ue2AHtDuk8xTW-YR5a7Ig3Z5m4hf18P9O6jQ61YzkvGoitchOqCBiovBKtQeyADGUNTZDwpMLM5Gq4PbgMoBDTvOOojPF-wUN9o:1r5q3n:OrqYfgD9icsi-XPVfD62s-qapdz6-TlzTmaQ3ioUZQE	2023-12-06 16:26:43.613183+00
yimjed0ctqwuhr4cpmxu65qqjq9o1bpa	.eJxVjEEOwiAQRe_C2hDKAAGX7j0DGZhBqgaS0q6Md9cmXej2v_f-S0Tc1hq3wUucSZyFEaffLWF-cNsB3bHdusy9rcuc5K7Igw557cTPy-H-HVQc9VszI7hgtA0AtlAmdEVDMOyTxuSsD0YpHzjDxEaxJmsZOBdlQU8pB_H-AOVrN9o:1r5qXS:DzYfzzd5fpUDUxgexuyyt_zqXx77W_wYZVFn62kkaBo	2023-12-06 16:57:22.176565+00
q2vxccslormg3iqfpogeppzqn682fsn2	.eJxVjEEOwiAURO_C2hDgUwou3fcM5MMHqRpISrsy3t026UKXM-_NvJnHbS1-62nxM7Ers-zy2wWMz1QPQA-s98Zjq-syB34o_KSdT43S63a6fwcFe9nXOMgEoLWyFs3gRp1NjiJlIXSWNmIwiigQZekU4Ggi5LQH6RwQKTDs8wXneDg7:1rN9zM:hLrqi9rsrhhmnvsmBbSb0NpyTT0S1Jx6wqMrtGD0uog	2024-01-23 11:09:44.727763+00
lyc7uzybkeg4w3siwjx96xa7wqhs3nyz	.eJxVjDsOwjAQBe_iGlmOv5iSnjNYu941DiBHipMKcXcSKQW0b2beWyRYl5rWznMaSVyEF6ffDSE_ue2AHtDuk8xTW-YR5a7Ig3Z5m4hf18P9O6jQ61YzkvGoitchOqCBiovBKtQeyADGUNTZDwpMLM5Gq4PbgMoBDTvOOojPF-wUN9o:1r5rMv:uM931w2cNYVuAyLk58EM9Ez0FP-oIS1OVlvTmVHaTvc	2023-12-06 17:50:33.472555+00
ygnapz51z9vcf30763bnoc2nd5m42mmv	.eJxVjEEOwiAQRe_C2hDKAAGX7j0DGZhBqgaS0q6Md9cmXej2v_f-S0Tc1hq3wUucSZyFEaffLWF-cNsB3bHdusy9rcuc5K7Igw557cTPy-H-HVQc9VszI7hgtA0AtlAmdEVDMOyTxuSsD0YpHzjDxEaxJmsZOBdlQU8pB_H-AOVrN9o:1rNAqC:HWGZ6Tfua2GBglizpPRSLBZcZaMsi8dbbXssL0I98yU	2024-01-23 12:04:20.776544+00
6t7ugsunw9p1n2r3roltya3j297jozim	.eJxVjDsOwjAQBe_iGlmOv5iSnjNYu941DiBHipMKcXcSKQW0b2beWyRYl5rWznMaSVyEF6ffDSE_ue2AHtDuk8xTW-YR5a7Ig3Z5m4hf18P9O6jQ61YzkvGoitchOqCBiovBKtQeyADGUNTZDwpMLM5Gq4PbgMoBDTvOOojPF-wUN9o:1rPLfC:0SnLm2qcriHctOB-b_Xkk2GKxfpAoE0T6q9tz1ghuRU	2024-01-29 12:01:58.618343+00
lsykgrpkkum5f358hetulvy0j0morbr8	.eJxVjEEOwiAQRe_C2hDKAAGX7j0DGZhBqgaS0q6Md9cmXej2v_f-S0Tc1hq3wUucSZyFEaffLWF-cNsB3bHdusy9rcuc5K7Igw557cTPy-H-HVQc9VszI7hgtA0AtlAmdEVDMOyTxuSsD0YpHzjDxEaxJmsZOBdlQU8pB_H-AOVrN9o:1r8UOk:-IUppw2FsVEDvniNKflzTopd7yQ_-_TFEMHF0xCVXa8	2023-12-13 23:55:18.678754+00
igjfu49rqmclgoart4uep9w2b9b6tcy7	.eJxVjEEOwiAQRe_C2hDKAAGX7j0DGZhBqgaS0q6Md9cmXej2v_f-S0Tc1hq3wUucSZyFEaffLWF-cNsB3bHdusy9rcuc5K7Igw557cTPy-H-HVQc9VszI7hgtA0AtlAmdEVDMOyTxuSsD0YpHzjDxEaxJmsZOBdlQU8pB_H-AOVrN9o:1r9RPT:HIUTv-7K52evuD33kNdVbOhEewHwuNAZos5QQP9wvGg	2023-12-16 14:55:59.289663+00
14tw2idf51ldujbjiwi1t5rtcm53vdfa	.eJxVjDsOwjAQBe_iGlmOv5iSnjNYu941DiBHipMKcXcSKQW0b2beWyRYl5rWznMaSVyEF6ffDSE_ue2AHtDuk8xTW-YR5a7Ig3Z5m4hf18P9O6jQ61YzkvGoitchOqCBiovBKtQeyADGUNTZDwpMLM5Gq4PbgMoBDTvOOojPF-wUN9o:1rAAmM:z1tWRV7LNHhVp8oBu8Q1s3QtQlW46Y504WwHq8E78-Y	2023-12-18 15:22:38.309455+00
seqm9k2ofsh8befsocm782fq4ro4krya	.eJxVjDsOwjAQBe_iGlmOv5iSnjNYu941DiBHipMKcXcSKQW0b2beWyRYl5rWznMaSVyEF6ffDSE_ue2AHtDuk8xTW-YR5a7Ig3Z5m4hf18P9O6jQ61YzkvGoitchOqCBiovBKtQeyADGUNTZDwpMLM5Gq4PbgMoBDTvOOojPF-wUN9o:1rAXkm:6QvsAdnGU9kwT6UEHIm3O7AFRbDlzsNEL6Kc_ObcKig	2023-12-19 15:54:32.09225+00
iyvxcgs0uuginmax1fcv59zoiiw5658z	.eJxVjDsOwjAQBe_iGlmOv5iSnjNYu941DiBHipMKcXcSKQW0b2beWyRYl5rWznMaSVyEF6ffDSE_ue2AHtDuk8xTW-YR5a7Ig3Z5m4hf18P9O6jQ61YzkvGoitchOqCBiovBKtQeyADGUNTZDwpMLM5Gq4PbgMoBDTvOOojPF-wUN9o:1rAu31:tfDPr2Q4WJay3caPVvLpTk4ymSH8xT41ngYeFYiRrkU	2023-12-20 15:42:51.866583+00
muf6brbmicrbl7rdr9ez31el5nhj9tlo	.eJxVjEEOwiAURO_C2hDgUwou3fcM5MMHqRpISrsy3t026UKXM-_NvJnHbS1-62nxM7Ers-zy2wWMz1QPQA-s98Zjq-syB34o_KSdT43S63a6fwcFe9nXOMgEoLWyFs3gRp1NjiJlIXSWNmIwiigQZekU4Ggi5LQH6RwQKTDs8wXneDg7:1rSw0U:4u6Bi5NXD-7EkKuawaA6wUsjdcxB9OXKdbmYNIJcuZk	2024-02-08 09:26:46.2016+00
nzud84ujy4gp0jxiki98uju0fa1u89k2	.eJxVjEEOwiAURO_C2hDgUwou3fcM5MMHqRpISrsy3t026UKXM-_NvJnHbS1-62nxM7Ers-zy2wWMz1QPQA-s98Zjq-syB34o_KSdT43S63a6fwcFe9nXOMgEoLWyFs3gRp1NjiJlIXSWNmIwiigQZekU4Ggi5LQH6RwQKTDs8wXneDg7:1rYNQK:vQWndS-JsOXeuJnqBNmev_B5lCZkC13OhdCoqtKIWwg	2024-02-23 09:43:56.552634+00
ndcykxxxtvh52j8cqv4fgsvxjvcn6wqp	.eJxVjEEOwiAURO_C2hDgUwou3fcM5MMHqRpISrsy3t026UKXM-_NvJnHbS1-62nxM7Ers-zy2wWMz1QPQA-s98Zjq-syB34o_KSdT43S63a6fwcFe9nXOMgEoLWyFs3gRp1NjiJlIXSWNmIwiigQZekU4Ggi5LQH6RwQKTDs8wXneDg7:1reZ8c:-ZT5BcVv0Z2Zgavj6_DdQM5PDz1fhewA9Aehraj_6oY	2024-03-11 11:27:14.161247+00
pdz7l7laizvznb2nungwxodlaauf5gqv	.eJxVjEEOwiAURO_C2hDgUwou3fcM5MMHqRpISrsy3t026UKXM-_NvJnHbS1-62nxM7Ers-zy2wWMz1QPQA-s98Zjq-syB34o_KSdT43S63a6fwcFe9nXOMgEoLWyFs3gRp1NjiJlIXSWNmIwiigQZekU4Ggi5LQH6RwQKTDs8wXneDg7:1rncaJ:xMZ2zI-dbBDQnvuso6O7ccgRklBhlRxIS1NHEkuzkog	2024-04-05 10:57:15.328506+00
80a354tcqxnx5mef6e2mh82deqwq6ty3	.eJxVjEEOwiAQRe_C2hDKAAGX7j0DGZhBqgaS0q6Md9cmXej2v_f-S0Tc1hq3wUucSZyFEaffLWF-cNsB3bHdusy9rcuc5K7Igw557cTPy-H-HVQc9VszI7hgtA0AtlAmdEVDMOyTxuSsD0YpHzjDxEaxJmsZOBdlQU8pB_H-AOVrN9o:1rob3n:yGtpfdDPyj5pTvCX84Ck0XTax_-LQq1EHgBIilEUE_4	2024-04-08 03:31:43.642598+00
ia41p3otkqlhnmbyesd7ux7y3jubzysf	.eJxVjEsOAiEQBe_C2hAapmni0r1nIEA3MmpmkvmsjHdXklno9lW9eqmY9q3FfZUljqzOCtTpd8upPGTqgO9pus26zNO2jFl3RR901deZ5Xk53L9AS2vrWV8xu0CBBpCAyIiZA4ojGJyVYNFTrVCzNcRkvSnfh2UHBALGoHp_ALgSNoc:1ryx66:aQ1x04Z-R7TOk7eLjmX7_F_Mg7BMvno8qcxDwss3ANo	2024-05-06 17:04:54.50065+00
lp7rdjnzwf5of3s3r4yora9nfyuifj9q	.eJxVjEsOAiEQBe_C2hAapmni0r1nIEA3MmpmkvmsjHdXklno9lW9eqmY9q3FfZUljqzOCtTpd8upPGTqgO9pus26zNO2jFl3RR901deZ5Xk53L9AS2vrWV8xu0CBBpCAyIiZA4ojGJyVYNFTrVCzNcRkvSnfh2UHBALGoHp_ALgSNoc:1s4doX:XbZuWqjrgoxXiVAqAfgZb40t_w3Gaa8QhuTxSmK_s9I	2024-05-22 09:42:17.902222+00
cp5owaoa2cluy2vyjweihsjenft5rbpw	.eJxVjEEOwiAQRe_C2hDKAAGX7j0DGZhBqgaS0q6Md9cmXej2v_f-S0Tc1hq3wUucSZyFEaffLWF-cNsB3bHdusy9rcuc5K7Igw557cTPy-H-HVQc9VszI7hgtA0AtlAmdEVDMOyTxuSsD0YpHzjDxEaxJmsZOBdlQU8pB_H-AOVrN9o:1s6Igm:koleVuRO3hA16Z-5sQbIlSmVNZPL0L_O17rTwcpBN3o	2024-05-26 23:33:08.081046+00
\.


--
-- Data for Name: nanehouse_city; Type: TABLE DATA; Schema: public; Owner: eurrkvbyncwetd
--

COPY "public"."nanehouse_city" ("id", "name", "slug", "country_id") FROM stdin;
\.


--
-- Data for Name: nanehouse_client; Type: TABLE DATA; Schema: public; Owner: eurrkvbyncwetd
--

COPY "public"."nanehouse_client" ("id", "first_name", "last_name", "email", "phone", "country_id") FROM stdin;
\.


--
-- Data for Name: nanehouse_clienthouse; Type: TABLE DATA; Schema: public; Owner: eurrkvbyncwetd
--

COPY "public"."nanehouse_clienthouse" ("id", "price", "start_date", "end_date", "client_id", "house_id") FROM stdin;
\.


--
-- Data for Name: nanehouse_clientpayment; Type: TABLE DATA; Schema: public; Owner: eurrkvbyncwetd
--

COPY "public"."nanehouse_clientpayment" ("id", "value", "date", "client_id") FROM stdin;
\.


--
-- Data for Name: nanehouse_country; Type: TABLE DATA; Schema: public; Owner: eurrkvbyncwetd
--

COPY "public"."nanehouse_country" ("id", "name", "slug", "currency_id") FROM stdin;
\.


--
-- Data for Name: nanehouse_currency; Type: TABLE DATA; Schema: public; Owner: eurrkvbyncwetd
--

COPY "public"."nanehouse_currency" ("id", "name", "code") FROM stdin;
\.


--
-- Data for Name: nanehouse_customer; Type: TABLE DATA; Schema: public; Owner: eurrkvbyncwetd
--

COPY "public"."nanehouse_customer" ("id", "user_id") FROM stdin;
\.


--
-- Data for Name: nanehouse_house; Type: TABLE DATA; Schema: public; Owner: eurrkvbyncwetd
--

COPY "public"."nanehouse_house" ("id", "number", "slug", "price_for_nane", "price_rent", "price_sell", "rooms", "bath_room", "description", "energy_level", "avaliable_from", "active", "type", "owner_id", "street_id") FROM stdin;
\.


--
-- Data for Name: nanehouse_houseimage; Type: TABLE DATA; Schema: public; Owner: eurrkvbyncwetd
--

COPY "public"."nanehouse_houseimage" ("id", "image", "house_id") FROM stdin;
\.


--
-- Data for Name: nanehouse_ownerpayment; Type: TABLE DATA; Schema: public; Owner: eurrkvbyncwetd
--

COPY "public"."nanehouse_ownerpayment" ("id", "value", "date", "owner_id") FROM stdin;
\.


--
-- Data for Name: nanehouse_street; Type: TABLE DATA; Schema: public; Owner: eurrkvbyncwetd
--

COPY "public"."nanehouse_street" ("id", "name", "slug", "city_id") FROM stdin;
\.


--
-- Data for Name: ormed_area; Type: TABLE DATA; Schema: public; Owner: eurrkvbyncwetd
--

COPY "public"."ormed_area" ("id", "title") FROM stdin;
1	Clinica Geral
2	Ortopedia
3	Cirurgia Geral
4	Cardiologia
5	Ginecologia
6	Otorrinolaringologia
7	Oftalmologia
8	Pediatria
9	Medicina Interna
10	Psiquiatria
11	Radiologia
12	Anestesiologia
13	Gastrenterologia
14	Infectologia
\.


--
-- Data for Name: ormed_country; Type: TABLE DATA; Schema: public; Owner: eurrkvbyncwetd
--

COPY "public"."ormed_country" ("id", "name") FROM stdin;
1	So Tom e Prncipe
2	Cuba
3	Portugal
4	Brasil
5	Angola
6	Cabo verde
7	Cabo verde
8	Guin Bissau
9	Guin Bissau
10	Guin Equatorial
11	Moambique
12	Timor Leste
13	Guin Conakry
\.


--
-- Data for Name: ormed_doctor; Type: TABLE DATA; Schema: public; Owner: eurrkvbyncwetd
--

COPY "public"."ormed_doctor" ("id", "birth_date", "bio", "id_number", "id_valid", "verified", "create_at", "picture", "document", "area_id", "country_id", "id_type_id", "level_id", "user_id") FROM stdin;
2	2005-05-31	hgfaduh ljhdlh	8748654	2023-06-27	f	2023-06-27 09:26:55.372738+00	\N	\N	1	1	1	1	17
6	1983-03-31	Mdica cardiologista, HAM	84608	2023-09-20	t	2023-07-20 13:42:01.082166+00	ormed/doctors/images/Screenshot_2023-07-09-20-31-15-743-edit_com.facebook.katana2.jpg		4	1	1	1	21
4	1965-02-22	Licenciada em medicina desde 1985. Trabalho atualmente no servio de pediatria do HAM	33713	2023-07-19	t	2023-07-19 17:50:53.549846+00	ormed/doctors/images/image0_2.jpeg		1	1	1	1	19
8	1986-04-24	Ginecologista	93865	2026-06-06	t	2023-07-21 12:25:33.695368+00			5	1	1	1	10
3	1986-02-12	Yell Eric Jordo da Costa, nasceu no dia 12 de fevereiro de 1986 o distrito de Lobata em So Tom.\r\nFilho de Antero Fernandes Nascimento da Costa e Augusta do Esprito Santo Jordo, viveu a sua infncia na cidade Trindade com sua me mais duas irms. Frequentou o ensino primrio, secundrio  na Trindade, pr universitrio no liceu Nacional, com trmino em 2004.	90443	2026-10-10	t	2023-07-14 11:17:30.279806+00	ormed/doctors/images/IMG_20220731_193723.jpg	ormed/doctors/ids/IMG_20230624_062931.jpg	1	1	1	1	18
7	1987-01-20	Mdica especialista en Ortopedia	232311	2025-11-29	t	2023-07-21 12:22:28.511439+00			2	1	1	1	22
1	1994-04-19	Mdico de Clinica Geral formado em Cuba na Escola Latinoamericana de Medicina.	116039	2023-09-06	t	2023-06-22 08:42:11.23482+00	ormed/doctors/images/image.jpg		1	1	1	1	16
13	1985-09-11	Mdica Infectologista e especialista em Vigilncia em Sade. Membro de CRM-RJ. Consultora nacional da OMS em STP para emergncias de sade pblica.	91887	2023-09-14	f	2023-09-14 09:30:15.777944+00	ormed/doctors/images/image0.jpeg		14	1	1	3	14
12	2005-09-14	Licenciado em medicina em 1994\r\nEspecializao em Ginecologia e Obstetrcia em 2002	44898	2023-09-14	f	2023-09-14 07:24:07.60242+00	ormed/doctors/images/image0_1.jpeg		5	1	1	1	13
10	1990-08-22	Mdica Clnica Geral formada em Cuba na Escola Latino-americana de Medicina. Atualmente trabalhando no servio de urologia	105059	2025-08-26	f	2023-09-14 06:58:30.847161+00			1	1	1	1	11
5	1973-04-16	Celso Matos\r\nLicenciado em Medicina em Camaguey Cuba\r\nEspecialista em Ortopedia e Traumatologia em Maputo Mocambique	62716	2025-05-17	t	2023-07-19 17:54:08.909367+00	ormed/doctors/images/celsomatos.jpg		2	1	1	1	20
\.


--
-- Data for Name: ormed_gallery; Type: TABLE DATA; Schema: public; Owner: eurrkvbyncwetd
--

COPY "public"."ormed_gallery" ("id", "title", "slug", "description", "date", "active") FROM stdin;
1	Congresso Ormed	congresso-ormed	Fotos do congresso f	2023-06-22 09:24:51.788398+00	t
\.


--
-- Data for Name: ormed_idtype; Type: TABLE DATA; Schema: public; Owner: eurrkvbyncwetd
--

COPY "public"."ormed_idtype" ("id", "name") FROM stdin;
1	Bilhete de Identidade
2	Passaporte
3	Carto de Residncia Temporrio
\.


--
-- Data for Name: ormed_imagesgallery; Type: TABLE DATA; Schema: public; Owner: eurrkvbyncwetd
--

COPY "public"."ormed_imagesgallery" ("id", "image", "gallery_id") FROM stdin;
6	ormed/gallerys/images/cris-tagupa-9ZXHUr5aCwM-unsplash.jpg	1
\.


--
-- Data for Name: ormed_law; Type: TABLE DATA; Schema: public; Owner: eurrkvbyncwetd
--

COPY "public"."ormed_law" ("id", "file", "title", "slug", "description") FROM stdin;
4	ormed/laws/documents/II_Congresso_Ordinario_-_Deliberacao_n_1_de_7_de_Maio_de_2016_-_Atualizado.pdf	Regulamento de Inscrio e Renovao na ORMED	regulamento-de-inscricao-e-renovacao-na-ormed	Deliberao n.o 1, de 7 de Maio de 2016 \r\nRegulamento de Inscrio e de Renovao da Inscrio na Ordem dos Mdicos de So Tom e Prncipe - ORMED-STP \r\nCom a publicao e a entrada em vigor Lei n 8/2014, de 15 de Dezembro Lei que  criou a  Ordem dos Mdicos de So Tom e Prncipe (ORMED-STP) e aprovou o respetivo Estatuto foram igualmente institucionalizados os respetivos rgos sociais, nomeadamente o Conselho Executivo da Ordem
5	ormed/laws/documents/Aprova_o_estatuto_da_ordem_dos_medicos_de_sao_tome_e_principe_-_Lein8_-_20.pdf	Estatuto da Ordem dos Mdicos	estatuto-da-ordem-dos-medicos	A Ordem dos Mdicos congrega todos os licenciados em Medicina, doravante designados de mdicos, que, residindo no Pas, exeram, queiram exercer, ou tenham exercido em qualquer regime de trabalho, a profisso mdica, na observncia das disposies do presente Estatuto.
6	ormed/laws/documents/ormed.pdf	Acta IV e V Congresso Ordinrio	acta-iv-e-v-congresso-ordinario	Regulamento n1/2018 de Estagio de Familiarizao Deliberao n002/2018 de Trajo e Insgnia profissional\r\nRegulamento Geral dos Colgios de Especialidades
\.


--
-- Data for Name: ormed_level; Type: TABLE DATA; Schema: public; Owner: eurrkvbyncwetd
--

COPY "public"."ormed_level" ("id", "title") FROM stdin;
1	Licenciatura
2	Mestrado
3	Doutoramento
\.


--
-- Data for Name: ormed_messages; Type: TABLE DATA; Schema: public; Owner: eurrkvbyncwetd
--

COPY "public"."ormed_messages" ("id", "name", "email", "text", "sent", "date", "subject_id") FROM stdin;
\.


--
-- Data for Name: ormed_post; Type: TABLE DATA; Schema: public; Owner: eurrkvbyncwetd
--

COPY "public"."ormed_post" ("id", "title", "slug", "picture", "text_file", "active", "date") FROM stdin;
2	Ordem dos Mdicos promete mais e melhor sade para todos	ordem-dos-medicos-promete-mais-e-melhor-saude-para-todos	ormed/posts/images/Ordem-dos-mdicos-3-.jpg	ormed/posts/documents/Ordem_dos_Mdicos_promete_mais_e_melhor_sade_para_todos.docx	t	2023-06-26 21:55:50.301543+00
3	Quem  o nosso Bastinrio	quem-e-o-nosso-bastinario	ormed/posts/images/celsomatoss.jpg	ormed/posts/documents/Celso_Matos.docx	t	2023-12-01 17:03:06.894879+00
4	Formao Especfica com a China	formacao-especifica-com-a-china	ormed/posts/images/Medicos-para-China-1-2-2048x1536.jpg	ormed/posts/documents/Formacao_China.docx	t	2023-12-01 17:13:09.659516+00
5	Relao Florestas-Sade no Dia Internacional de Sociedade	relacao-florestas-saude-no-dia-internacional-de-sociedade	ormed/posts/images/floresta.jpg	ormed/posts/documents/Florestas_enfatiza_relao_benfica_para_a_sade.docx	t	2023-12-01 17:17:19.687672+00
6	Mdicos Chineses trataram 350 alunos da Trindade	medicos-chineses-trataram-350-alunos-da-trindade	ormed/posts/images/china.jpeg	ormed/posts/documents/Mdicos_Chineses_trataram_350_alunos_da_Trindade.docx	t	2023-12-01 19:58:09.435007+00
\.


--
-- Data for Name: ormed_postdocument; Type: TABLE DATA; Schema: public; Owner: eurrkvbyncwetd
--

COPY "public"."ormed_postdocument" ("id", "document", "post_id") FROM stdin;
\.


--
-- Data for Name: ormed_postfile; Type: TABLE DATA; Schema: public; Owner: eurrkvbyncwetd
--

COPY "public"."ormed_postfile" ("id", "file") FROM stdin;
\.


--
-- Data for Name: ormed_postimages; Type: TABLE DATA; Schema: public; Owner: eurrkvbyncwetd
--

COPY "public"."ormed_postimages" ("id", "picture", "post_id") FROM stdin;
1	ormed/posts/images/Ordem-dos-mdicos-.jpg	2
2	ormed/posts/images/Dr-Celso-Matos--e1629875061776.jpg	2
3	ormed/posts/images/Ordem-dos-mdicos-1-e1629874989655.jpg	2
4	ormed/posts/images/Ordem-dos-mdicos-1-e1629874989655.jpg	3
5	ormed/posts/images/20230823_163145-1536x691.jpg	4
6	ormed/posts/images/floresta-1.jpg	5
\.


--
-- Data for Name: ormed_postvideos; Type: TABLE DATA; Schema: public; Owner: eurrkvbyncwetd
--

COPY "public"."ormed_postvideos" ("id", "video", "post_id") FROM stdin;
\.


--
-- Data for Name: ormed_role; Type: TABLE DATA; Schema: public; Owner: eurrkvbyncwetd
--

COPY "public"."ormed_role" ("id", "title") FROM stdin;
1	Secretario do Conselho SNSMP
6	Bastonrio
7	Vice-Bastonrio
8	Secretrio de Conselho Fiscal
9	Secretrio de Conselho Disciplina, tica e Deontologia Mdica
10	Secretrio de Conselho Ensino, Educao e Carreiras Mdicas
4	1Vogal Conselho Ensino, Educao e C. Medicas
11	2Vogal Conselho Ensino, Educao e C. Medicas
12	3Vogal Conselho Ensino, Educao e C. Medicas
3	2 Vogal do Conselho de SNSMP
13	1 Vogal do Conselho de SNSMP
14	3 Vogal do Conselho de SNSMP
5	Presidente do Conselho SNSMP
15	Presidente do Conselho Ensino, Educao e C. Medicas
16	Presidente do Conselho Disciplina tica e Deontologia Mdica
17	Presidente de Conselho Fiscal
2	1 Vogal do Conselho Fiscal
18	1 Vogal do Conselho de Disciplina, tica e Deontologia Mdica
\.


--
-- Data for Name: ormed_section; Type: TABLE DATA; Schema: public; Owner: eurrkvbyncwetd
--

COPY "public"."ormed_section" ("id", "title") FROM stdin;
2	Conselho Fiscal
3	Conselho de Disciplina, tica e de Deontologia Mdica
4	Conselho de Ensino, Educao e Carreiras Mdicas
1	Conselho para Servio Nacional de Sade e Exercicio de Medicina Privada
\.


--
-- Data for Name: ormed_team; Type: TABLE DATA; Schema: public; Owner: eurrkvbyncwetd
--

COPY "public"."ormed_team" ("id", "doctor_id", "role_id") FROM stdin;
2	1	1
3	4	3
4	3	12
5	6	15
6	5	6
7	12	13
8	13	4
\.


--
-- Data for Name: ormed_usersection; Type: TABLE DATA; Schema: public; Owner: eurrkvbyncwetd
--

COPY "public"."ormed_usersection" ("id", "section_id", "user_id") FROM stdin;
1	1	19
2	4	21
3	4	18
4	1	16
\.


--
-- Data for Name: setup_usertokens; Type: TABLE DATA; Schema: public; Owner: eurrkvbyncwetd
--

COPY "public"."setup_usertokens" ("id", "email", "token") FROM stdin;
\.


--
-- Name: auth_group_id_seq; Type: SEQUENCE SET; Schema: public; Owner: eurrkvbyncwetd
--

SELECT pg_catalog.setval('"public"."auth_group_id_seq"', 9, true);


--
-- Name: auth_group_permissions_id_seq; Type: SEQUENCE SET; Schema: public; Owner: eurrkvbyncwetd
--

SELECT pg_catalog.setval('"public"."auth_group_permissions_id_seq"', 676, true);


--
-- Name: auth_permission_id_seq; Type: SEQUENCE SET; Schema: public; Owner: eurrkvbyncwetd
--

SELECT pg_catalog.setval('"public"."auth_permission_id_seq"', 428, true);


--
-- Name: blog_imagestour_id_seq; Type: SEQUENCE SET; Schema: public; Owner: eurrkvbyncwetd
--

SELECT pg_catalog.setval('"public"."blog_imagestour_id_seq"', 9, true);


--
-- Name: blog_information_id_seq; Type: SEQUENCE SET; Schema: public; Owner: eurrkvbyncwetd
--

SELECT pg_catalog.setval('"public"."blog_information_id_seq"', 11, true);


--
-- Name: blog_messages_id_seq; Type: SEQUENCE SET; Schema: public; Owner: eurrkvbyncwetd
--

SELECT pg_catalog.setval('"public"."blog_messages_id_seq"', 1, false);


--
-- Name: blog_post_id_seq; Type: SEQUENCE SET; Schema: public; Owner: eurrkvbyncwetd
--

SELECT pg_catalog.setval('"public"."blog_post_id_seq"', 12, true);


--
-- Name: blog_postdocument_id_seq; Type: SEQUENCE SET; Schema: public; Owner: eurrkvbyncwetd
--

SELECT pg_catalog.setval('"public"."blog_postdocument_id_seq"', 1, false);


--
-- Name: blog_postfile_id_seq; Type: SEQUENCE SET; Schema: public; Owner: eurrkvbyncwetd
--

SELECT pg_catalog.setval('"public"."blog_postfile_id_seq"', 1, false);


--
-- Name: blog_postimages_id_seq; Type: SEQUENCE SET; Schema: public; Owner: eurrkvbyncwetd
--

SELECT pg_catalog.setval('"public"."blog_postimages_id_seq"', 34, true);


--
-- Name: blog_postvideos_id_seq; Type: SEQUENCE SET; Schema: public; Owner: eurrkvbyncwetd
--

SELECT pg_catalog.setval('"public"."blog_postvideos_id_seq"', 1, true);


--
-- Name: blog_role_id_seq; Type: SEQUENCE SET; Schema: public; Owner: eurrkvbyncwetd
--

SELECT pg_catalog.setval('"public"."blog_role_id_seq"', 1, true);


--
-- Name: blog_secreatarysection_id_seq; Type: SEQUENCE SET; Schema: public; Owner: eurrkvbyncwetd
--

SELECT pg_catalog.setval('"public"."blog_secreatarysection_id_seq"', 1, true);


--
-- Name: blog_secretary_id_seq; Type: SEQUENCE SET; Schema: public; Owner: eurrkvbyncwetd
--

SELECT pg_catalog.setval('"public"."blog_secretary_id_seq"', 8, true);


--
-- Name: blog_section_id_seq; Type: SEQUENCE SET; Schema: public; Owner: eurrkvbyncwetd
--

SELECT pg_catalog.setval('"public"."blog_section_id_seq"', 1, true);


--
-- Name: blog_service_id_seq; Type: SEQUENCE SET; Schema: public; Owner: eurrkvbyncwetd
--

SELECT pg_catalog.setval('"public"."blog_service_id_seq"', 3, true);


--
-- Name: blog_team_id_seq; Type: SEQUENCE SET; Schema: public; Owner: eurrkvbyncwetd
--

SELECT pg_catalog.setval('"public"."blog_team_id_seq"', 2, true);


--
-- Name: blog_tour_id_seq; Type: SEQUENCE SET; Schema: public; Owner: eurrkvbyncwetd
--

SELECT pg_catalog.setval('"public"."blog_tour_id_seq"', 4, true);


--
-- Name: cecab_association_id_seq; Type: SEQUENCE SET; Schema: public; Owner: eurrkvbyncwetd
--

SELECT pg_catalog.setval('"public"."cecab_association_id_seq"', 2, true);


--
-- Name: cecab_associationimages_id_seq; Type: SEQUENCE SET; Schema: public; Owner: eurrkvbyncwetd
--

SELECT pg_catalog.setval('"public"."cecab_associationimages_id_seq"', 1, false);


--
-- Name: cecab_band_id_seq; Type: SEQUENCE SET; Schema: public; Owner: eurrkvbyncwetd
--

SELECT pg_catalog.setval('"public"."cecab_band_id_seq"', 1, false);


--
-- Name: cecab_district_id_seq; Type: SEQUENCE SET; Schema: public; Owner: eurrkvbyncwetd
--

SELECT pg_catalog.setval('"public"."cecab_district_id_seq"', 1, false);


--
-- Name: cecab_messages_id_seq; Type: SEQUENCE SET; Schema: public; Owner: eurrkvbyncwetd
--

SELECT pg_catalog.setval('"public"."cecab_messages_id_seq"', 1, false);


--
-- Name: cecab_pathner_id_seq; Type: SEQUENCE SET; Schema: public; Owner: eurrkvbyncwetd
--

SELECT pg_catalog.setval('"public"."cecab_pathner_id_seq"', 1, false);


--
-- Name: cecab_post_id_seq; Type: SEQUENCE SET; Schema: public; Owner: eurrkvbyncwetd
--

SELECT pg_catalog.setval('"public"."cecab_post_id_seq"', 1, false);


--
-- Name: cecab_postdocument_id_seq; Type: SEQUENCE SET; Schema: public; Owner: eurrkvbyncwetd
--

SELECT pg_catalog.setval('"public"."cecab_postdocument_id_seq"', 1, false);


--
-- Name: cecab_postimages_id_seq; Type: SEQUENCE SET; Schema: public; Owner: eurrkvbyncwetd
--

SELECT pg_catalog.setval('"public"."cecab_postimages_id_seq"', 1, false);


--
-- Name: cecab_postvideos_id_seq; Type: SEQUENCE SET; Schema: public; Owner: eurrkvbyncwetd
--

SELECT pg_catalog.setval('"public"."cecab_postvideos_id_seq"', 1, false);


--
-- Name: cecab_role_id_seq; Type: SEQUENCE SET; Schema: public; Owner: eurrkvbyncwetd
--

SELECT pg_catalog.setval('"public"."cecab_role_id_seq"', 1, false);


--
-- Name: cecab_spot_id_seq; Type: SEQUENCE SET; Schema: public; Owner: eurrkvbyncwetd
--

SELECT pg_catalog.setval('"public"."cecab_spot_id_seq"', 1, false);


--
-- Name: cecab_team_id_seq; Type: SEQUENCE SET; Schema: public; Owner: eurrkvbyncwetd
--

SELECT pg_catalog.setval('"public"."cecab_team_id_seq"', 1, false);


--
-- Name: cecab_yeargols_id_seq; Type: SEQUENCE SET; Schema: public; Owner: eurrkvbyncwetd
--

SELECT pg_catalog.setval('"public"."cecab_yeargols_id_seq"', 1, false);


--
-- Name: certificates_biuldingtype_id_seq; Type: SEQUENCE SET; Schema: public; Owner: eurrkvbyncwetd
--

SELECT pg_catalog.setval('"public"."certificates_biuldingtype_id_seq"', 1, false);


--
-- Name: certificates_cemiterio_id_seq; Type: SEQUENCE SET; Schema: public; Owner: eurrkvbyncwetd
--

SELECT pg_catalog.setval('"public"."certificates_cemiterio_id_seq"', 1, true);


--
-- Name: certificates_certificate_id_seq; Type: SEQUENCE SET; Schema: public; Owner: eurrkvbyncwetd
--

SELECT pg_catalog.setval('"public"."certificates_certificate_id_seq"', 3171, true);


--
-- Name: certificates_certificatedata_id_seq; Type: SEQUENCE SET; Schema: public; Owner: eurrkvbyncwetd
--

SELECT pg_catalog.setval('"public"."certificates_certificatedata_id_seq"', 69, true);


--
-- Name: certificates_certificatedate_id_seq; Type: SEQUENCE SET; Schema: public; Owner: eurrkvbyncwetd
--

SELECT pg_catalog.setval('"public"."certificates_certificatedate_id_seq"', 1, false);


--
-- Name: certificates_certificatesimplefamily_id_seq; Type: SEQUENCE SET; Schema: public; Owner: eurrkvbyncwetd
--

SELECT pg_catalog.setval('"public"."certificates_certificatesimplefamily_id_seq"', 1, true);


--
-- Name: certificates_certificatesimpleperson_id_seq; Type: SEQUENCE SET; Schema: public; Owner: eurrkvbyncwetd
--

SELECT pg_catalog.setval('"public"."certificates_certificatesimpleperson_id_seq"', 1, false);


--
-- Name: certificates_certificatesingleperson_id_seq; Type: SEQUENCE SET; Schema: public; Owner: eurrkvbyncwetd
--

SELECT pg_catalog.setval('"public"."certificates_certificatesingleperson_id_seq"', 1, false);


--
-- Name: certificates_certificatetitle_id_seq; Type: SEQUENCE SET; Schema: public; Owner: eurrkvbyncwetd
--

SELECT pg_catalog.setval('"public"."certificates_certificatetitle_id_seq"', 1, false);


--
-- Name: certificates_certificatetypes_id_seq; Type: SEQUENCE SET; Schema: public; Owner: eurrkvbyncwetd
--

SELECT pg_catalog.setval('"public"."certificates_certificatetypes_id_seq"', 1, false);


--
-- Name: certificates_change_id_seq; Type: SEQUENCE SET; Schema: public; Owner: eurrkvbyncwetd
--

SELECT pg_catalog.setval('"public"."certificates_change_id_seq"', 1, false);


--
-- Name: certificates_country_id_seq; Type: SEQUENCE SET; Schema: public; Owner: eurrkvbyncwetd
--

SELECT pg_catalog.setval('"public"."certificates_country_id_seq"', 1, true);


--
-- Name: certificates_county_id_seq; Type: SEQUENCE SET; Schema: public; Owner: eurrkvbyncwetd
--

SELECT pg_catalog.setval('"public"."certificates_county_id_seq"', 2, true);


--
-- Name: certificates_coval_id_seq; Type: SEQUENCE SET; Schema: public; Owner: eurrkvbyncwetd
--

SELECT pg_catalog.setval('"public"."certificates_coval_id_seq"', 37, true);


--
-- Name: certificates_covalsalles_id_seq; Type: SEQUENCE SET; Schema: public; Owner: eurrkvbyncwetd
--

SELECT pg_catalog.setval('"public"."certificates_covalsalles_id_seq"', 1, false);


--
-- Name: certificates_customer_id_seq; Type: SEQUENCE SET; Schema: public; Owner: eurrkvbyncwetd
--

SELECT pg_catalog.setval('"public"."certificates_customer_id_seq"', 9, true);


--
-- Name: certificates_house_id_seq; Type: SEQUENCE SET; Schema: public; Owner: eurrkvbyncwetd
--

SELECT pg_catalog.setval('"public"."certificates_house_id_seq"', 8, true);


--
-- Name: certificates_idtype_id_seq; Type: SEQUENCE SET; Schema: public; Owner: eurrkvbyncwetd
--

SELECT pg_catalog.setval('"public"."certificates_idtype_id_seq"', 1, false);


--
-- Name: certificates_ifen_id_seq; Type: SEQUENCE SET; Schema: public; Owner: eurrkvbyncwetd
--

SELECT pg_catalog.setval('"public"."certificates_ifen_id_seq"', 2, true);


--
-- Name: certificates_institution_id_seq; Type: SEQUENCE SET; Schema: public; Owner: eurrkvbyncwetd
--

SELECT pg_catalog.setval('"public"."certificates_institution_id_seq"', 1, false);


--
-- Name: certificates_messages_id_seq; Type: SEQUENCE SET; Schema: public; Owner: eurrkvbyncwetd
--

SELECT pg_catalog.setval('"public"."certificates_messages_id_seq"', 1, false);


--
-- Name: certificates_parents_id_seq; Type: SEQUENCE SET; Schema: public; Owner: eurrkvbyncwetd
--

SELECT pg_catalog.setval('"public"."certificates_parents_id_seq"', 1, false);


--
-- Name: certificates_person_id_seq; Type: SEQUENCE SET; Schema: public; Owner: eurrkvbyncwetd
--

SELECT pg_catalog.setval('"public"."certificates_person_id_seq"', 2352, true);


--
-- Name: certificates_personbirthaddress_id_seq; Type: SEQUENCE SET; Schema: public; Owner: eurrkvbyncwetd
--

SELECT pg_catalog.setval('"public"."certificates_personbirthaddress_id_seq"', 9, true);


--
-- Name: certificates_street_id_seq; Type: SEQUENCE SET; Schema: public; Owner: eurrkvbyncwetd
--

SELECT pg_catalog.setval('"public"."certificates_street_id_seq"', 1, false);


--
-- Name: certificates_town_id_seq; Type: SEQUENCE SET; Schema: public; Owner: eurrkvbyncwetd
--

SELECT pg_catalog.setval('"public"."certificates_town_id_seq"', 5, true);


--
-- Name: certificates_university_id_seq; Type: SEQUENCE SET; Schema: public; Owner: eurrkvbyncwetd
--

SELECT pg_catalog.setval('"public"."certificates_university_id_seq"', 1, false);


--
-- Name: cmz_imagestour_id_seq; Type: SEQUENCE SET; Schema: public; Owner: eurrkvbyncwetd
--

SELECT pg_catalog.setval('"public"."cmz_imagestour_id_seq"', 1, false);


--
-- Name: cmz_information_id_seq; Type: SEQUENCE SET; Schema: public; Owner: eurrkvbyncwetd
--

SELECT pg_catalog.setval('"public"."cmz_information_id_seq"', 1, false);


--
-- Name: cmz_messages_id_seq; Type: SEQUENCE SET; Schema: public; Owner: eurrkvbyncwetd
--

SELECT pg_catalog.setval('"public"."cmz_messages_id_seq"', 1, false);


--
-- Name: cmz_post_id_seq; Type: SEQUENCE SET; Schema: public; Owner: eurrkvbyncwetd
--

SELECT pg_catalog.setval('"public"."cmz_post_id_seq"', 1, false);


--
-- Name: cmz_postdocument_id_seq; Type: SEQUENCE SET; Schema: public; Owner: eurrkvbyncwetd
--

SELECT pg_catalog.setval('"public"."cmz_postdocument_id_seq"', 1, false);


--
-- Name: cmz_postfile_id_seq; Type: SEQUENCE SET; Schema: public; Owner: eurrkvbyncwetd
--

SELECT pg_catalog.setval('"public"."cmz_postfile_id_seq"', 1, false);


--
-- Name: cmz_postimages_id_seq; Type: SEQUENCE SET; Schema: public; Owner: eurrkvbyncwetd
--

SELECT pg_catalog.setval('"public"."cmz_postimages_id_seq"', 1, false);


--
-- Name: cmz_postvideos_id_seq; Type: SEQUENCE SET; Schema: public; Owner: eurrkvbyncwetd
--

SELECT pg_catalog.setval('"public"."cmz_postvideos_id_seq"', 1, false);


--
-- Name: cmz_role_id_seq; Type: SEQUENCE SET; Schema: public; Owner: eurrkvbyncwetd
--

SELECT pg_catalog.setval('"public"."cmz_role_id_seq"', 1, false);


--
-- Name: cmz_secreatarysection_id_seq; Type: SEQUENCE SET; Schema: public; Owner: eurrkvbyncwetd
--

SELECT pg_catalog.setval('"public"."cmz_secreatarysection_id_seq"', 1, false);


--
-- Name: cmz_secretary_id_seq; Type: SEQUENCE SET; Schema: public; Owner: eurrkvbyncwetd
--

SELECT pg_catalog.setval('"public"."cmz_secretary_id_seq"', 1, false);


--
-- Name: cmz_section_id_seq; Type: SEQUENCE SET; Schema: public; Owner: eurrkvbyncwetd
--

SELECT pg_catalog.setval('"public"."cmz_section_id_seq"', 1, false);


--
-- Name: cmz_service_id_seq; Type: SEQUENCE SET; Schema: public; Owner: eurrkvbyncwetd
--

SELECT pg_catalog.setval('"public"."cmz_service_id_seq"', 1, false);


--
-- Name: cmz_team_id_seq; Type: SEQUENCE SET; Schema: public; Owner: eurrkvbyncwetd
--

SELECT pg_catalog.setval('"public"."cmz_team_id_seq"', 1, false);


--
-- Name: cmz_tour_id_seq; Type: SEQUENCE SET; Schema: public; Owner: eurrkvbyncwetd
--

SELECT pg_catalog.setval('"public"."cmz_tour_id_seq"', 1, false);


--
-- Name: core_user_groups_id_seq; Type: SEQUENCE SET; Schema: public; Owner: eurrkvbyncwetd
--

SELECT pg_catalog.setval('"public"."core_user_groups_id_seq"', 19, true);


--
-- Name: core_user_id_seq; Type: SEQUENCE SET; Schema: public; Owner: eurrkvbyncwetd
--

SELECT pg_catalog.setval('"public"."core_user_id_seq"', 11, true);


--
-- Name: core_user_user_permissions_id_seq; Type: SEQUENCE SET; Schema: public; Owner: eurrkvbyncwetd
--

SELECT pg_catalog.setval('"public"."core_user_user_permissions_id_seq"', 192, true);


--
-- Name: django_admin_log_id_seq; Type: SEQUENCE SET; Schema: public; Owner: eurrkvbyncwetd
--

SELECT pg_catalog.setval('"public"."django_admin_log_id_seq"', 336, true);


--
-- Name: django_content_type_id_seq; Type: SEQUENCE SET; Schema: public; Owner: eurrkvbyncwetd
--

SELECT pg_catalog.setval('"public"."django_content_type_id_seq"', 107, true);


--
-- Name: django_migrations_id_seq; Type: SEQUENCE SET; Schema: public; Owner: eurrkvbyncwetd
--

SELECT pg_catalog.setval('"public"."django_migrations_id_seq"', 118, true);


--
-- Name: nanehouse_city_id_seq; Type: SEQUENCE SET; Schema: public; Owner: eurrkvbyncwetd
--

SELECT pg_catalog.setval('"public"."nanehouse_city_id_seq"', 1, false);


--
-- Name: nanehouse_client_id_seq; Type: SEQUENCE SET; Schema: public; Owner: eurrkvbyncwetd
--

SELECT pg_catalog.setval('"public"."nanehouse_client_id_seq"', 1, false);


--
-- Name: nanehouse_clienthouse_id_seq; Type: SEQUENCE SET; Schema: public; Owner: eurrkvbyncwetd
--

SELECT pg_catalog.setval('"public"."nanehouse_clienthouse_id_seq"', 1, false);


--
-- Name: nanehouse_clientpayment_id_seq; Type: SEQUENCE SET; Schema: public; Owner: eurrkvbyncwetd
--

SELECT pg_catalog.setval('"public"."nanehouse_clientpayment_id_seq"', 1, false);


--
-- Name: nanehouse_country_id_seq; Type: SEQUENCE SET; Schema: public; Owner: eurrkvbyncwetd
--

SELECT pg_catalog.setval('"public"."nanehouse_country_id_seq"', 1, false);


--
-- Name: nanehouse_currency_id_seq; Type: SEQUENCE SET; Schema: public; Owner: eurrkvbyncwetd
--

SELECT pg_catalog.setval('"public"."nanehouse_currency_id_seq"', 1, false);


--
-- Name: nanehouse_customer_id_seq; Type: SEQUENCE SET; Schema: public; Owner: eurrkvbyncwetd
--

SELECT pg_catalog.setval('"public"."nanehouse_customer_id_seq"', 1, false);


--
-- Name: nanehouse_house_id_seq; Type: SEQUENCE SET; Schema: public; Owner: eurrkvbyncwetd
--

SELECT pg_catalog.setval('"public"."nanehouse_house_id_seq"', 1, false);


--
-- Name: nanehouse_houseimage_id_seq; Type: SEQUENCE SET; Schema: public; Owner: eurrkvbyncwetd
--

SELECT pg_catalog.setval('"public"."nanehouse_houseimage_id_seq"', 1, false);


--
-- Name: nanehouse_ownerpayment_id_seq; Type: SEQUENCE SET; Schema: public; Owner: eurrkvbyncwetd
--

SELECT pg_catalog.setval('"public"."nanehouse_ownerpayment_id_seq"', 1, false);


--
-- Name: nanehouse_street_id_seq; Type: SEQUENCE SET; Schema: public; Owner: eurrkvbyncwetd
--

SELECT pg_catalog.setval('"public"."nanehouse_street_id_seq"', 1, false);


--
-- Name: ormed_area_id_seq; Type: SEQUENCE SET; Schema: public; Owner: eurrkvbyncwetd
--

SELECT pg_catalog.setval('"public"."ormed_area_id_seq"', 1, false);


--
-- Name: ormed_country_id_seq; Type: SEQUENCE SET; Schema: public; Owner: eurrkvbyncwetd
--

SELECT pg_catalog.setval('"public"."ormed_country_id_seq"', 1, false);


--
-- Name: ormed_doctor_id_seq; Type: SEQUENCE SET; Schema: public; Owner: eurrkvbyncwetd
--

SELECT pg_catalog.setval('"public"."ormed_doctor_id_seq"', 1, false);


--
-- Name: ormed_gallery_id_seq; Type: SEQUENCE SET; Schema: public; Owner: eurrkvbyncwetd
--

SELECT pg_catalog.setval('"public"."ormed_gallery_id_seq"', 1, false);


--
-- Name: ormed_idtype_id_seq; Type: SEQUENCE SET; Schema: public; Owner: eurrkvbyncwetd
--

SELECT pg_catalog.setval('"public"."ormed_idtype_id_seq"', 1, false);


--
-- Name: ormed_imagesgallery_id_seq; Type: SEQUENCE SET; Schema: public; Owner: eurrkvbyncwetd
--

SELECT pg_catalog.setval('"public"."ormed_imagesgallery_id_seq"', 1, false);


--
-- Name: ormed_law_id_seq; Type: SEQUENCE SET; Schema: public; Owner: eurrkvbyncwetd
--

SELECT pg_catalog.setval('"public"."ormed_law_id_seq"', 1, false);


--
-- Name: ormed_level_id_seq; Type: SEQUENCE SET; Schema: public; Owner: eurrkvbyncwetd
--

SELECT pg_catalog.setval('"public"."ormed_level_id_seq"', 1, false);


--
-- Name: ormed_messages_id_seq; Type: SEQUENCE SET; Schema: public; Owner: eurrkvbyncwetd
--

SELECT pg_catalog.setval('"public"."ormed_messages_id_seq"', 1, false);


--
-- Name: ormed_post_id_seq; Type: SEQUENCE SET; Schema: public; Owner: eurrkvbyncwetd
--

SELECT pg_catalog.setval('"public"."ormed_post_id_seq"', 1, false);


--
-- Name: ormed_postdocument_id_seq; Type: SEQUENCE SET; Schema: public; Owner: eurrkvbyncwetd
--

SELECT pg_catalog.setval('"public"."ormed_postdocument_id_seq"', 1, false);


--
-- Name: ormed_postfile_id_seq; Type: SEQUENCE SET; Schema: public; Owner: eurrkvbyncwetd
--

SELECT pg_catalog.setval('"public"."ormed_postfile_id_seq"', 1, false);


--
-- Name: ormed_postimages_id_seq; Type: SEQUENCE SET; Schema: public; Owner: eurrkvbyncwetd
--

SELECT pg_catalog.setval('"public"."ormed_postimages_id_seq"', 1, false);


--
-- Name: ormed_postvideos_id_seq; Type: SEQUENCE SET; Schema: public; Owner: eurrkvbyncwetd
--

SELECT pg_catalog.setval('"public"."ormed_postvideos_id_seq"', 1, false);


--
-- Name: ormed_role_id_seq; Type: SEQUENCE SET; Schema: public; Owner: eurrkvbyncwetd
--

SELECT pg_catalog.setval('"public"."ormed_role_id_seq"', 1, false);


--
-- Name: ormed_section_id_seq; Type: SEQUENCE SET; Schema: public; Owner: eurrkvbyncwetd
--

SELECT pg_catalog.setval('"public"."ormed_section_id_seq"', 1, false);


--
-- Name: ormed_team_id_seq; Type: SEQUENCE SET; Schema: public; Owner: eurrkvbyncwetd
--

SELECT pg_catalog.setval('"public"."ormed_team_id_seq"', 1, false);


--
-- Name: ormed_usersection_id_seq; Type: SEQUENCE SET; Schema: public; Owner: eurrkvbyncwetd
--

SELECT pg_catalog.setval('"public"."ormed_usersection_id_seq"', 1, false);


--
-- Name: setup_usertokens_id_seq; Type: SEQUENCE SET; Schema: public; Owner: eurrkvbyncwetd
--

SELECT pg_catalog.setval('"public"."setup_usertokens_id_seq"', 5, true);


--
-- Name: auth_group auth_group_name_key; Type: CONSTRAINT; Schema: public; Owner: eurrkvbyncwetd
--

ALTER TABLE ONLY "public"."auth_group"
    ADD CONSTRAINT "auth_group_name_key" UNIQUE ("name");


--
-- Name: auth_group_permissions auth_group_permissions_group_id_permission_id_0cd325b0_uniq; Type: CONSTRAINT; Schema: public; Owner: eurrkvbyncwetd
--

ALTER TABLE ONLY "public"."auth_group_permissions"
    ADD CONSTRAINT "auth_group_permissions_group_id_permission_id_0cd325b0_uniq" UNIQUE ("group_id", "permission_id");


--
-- Name: auth_group_permissions auth_group_permissions_pkey; Type: CONSTRAINT; Schema: public; Owner: eurrkvbyncwetd
--

ALTER TABLE ONLY "public"."auth_group_permissions"
    ADD CONSTRAINT "auth_group_permissions_pkey" PRIMARY KEY ("id");


--
-- Name: auth_group auth_group_pkey; Type: CONSTRAINT; Schema: public; Owner: eurrkvbyncwetd
--

ALTER TABLE ONLY "public"."auth_group"
    ADD CONSTRAINT "auth_group_pkey" PRIMARY KEY ("id");


--
-- Name: auth_permission auth_permission_content_type_id_codename_01ab375a_uniq; Type: CONSTRAINT; Schema: public; Owner: eurrkvbyncwetd
--

ALTER TABLE ONLY "public"."auth_permission"
    ADD CONSTRAINT "auth_permission_content_type_id_codename_01ab375a_uniq" UNIQUE ("content_type_id", "codename");


--
-- Name: auth_permission auth_permission_pkey; Type: CONSTRAINT; Schema: public; Owner: eurrkvbyncwetd
--

ALTER TABLE ONLY "public"."auth_permission"
    ADD CONSTRAINT "auth_permission_pkey" PRIMARY KEY ("id");


--
-- Name: blog_imagestour blog_imagestour_pkey; Type: CONSTRAINT; Schema: public; Owner: eurrkvbyncwetd
--

ALTER TABLE ONLY "public"."blog_imagestour"
    ADD CONSTRAINT "blog_imagestour_pkey" PRIMARY KEY ("id");


--
-- Name: blog_information blog_information_pkey; Type: CONSTRAINT; Schema: public; Owner: eurrkvbyncwetd
--

ALTER TABLE ONLY "public"."blog_information"
    ADD CONSTRAINT "blog_information_pkey" PRIMARY KEY ("id");


--
-- Name: blog_messages blog_messages_pkey; Type: CONSTRAINT; Schema: public; Owner: eurrkvbyncwetd
--

ALTER TABLE ONLY "public"."blog_messages"
    ADD CONSTRAINT "blog_messages_pkey" PRIMARY KEY ("id");


--
-- Name: blog_post blog_post_pkey; Type: CONSTRAINT; Schema: public; Owner: eurrkvbyncwetd
--

ALTER TABLE ONLY "public"."blog_post"
    ADD CONSTRAINT "blog_post_pkey" PRIMARY KEY ("id");


--
-- Name: blog_postdocument blog_postdocument_pkey; Type: CONSTRAINT; Schema: public; Owner: eurrkvbyncwetd
--

ALTER TABLE ONLY "public"."blog_postdocument"
    ADD CONSTRAINT "blog_postdocument_pkey" PRIMARY KEY ("id");


--
-- Name: blog_postfile blog_postfile_pkey; Type: CONSTRAINT; Schema: public; Owner: eurrkvbyncwetd
--

ALTER TABLE ONLY "public"."blog_postfile"
    ADD CONSTRAINT "blog_postfile_pkey" PRIMARY KEY ("id");


--
-- Name: blog_postimages blog_postimages_pkey; Type: CONSTRAINT; Schema: public; Owner: eurrkvbyncwetd
--

ALTER TABLE ONLY "public"."blog_postimages"
    ADD CONSTRAINT "blog_postimages_pkey" PRIMARY KEY ("id");


--
-- Name: blog_postvideos blog_postvideos_pkey; Type: CONSTRAINT; Schema: public; Owner: eurrkvbyncwetd
--

ALTER TABLE ONLY "public"."blog_postvideos"
    ADD CONSTRAINT "blog_postvideos_pkey" PRIMARY KEY ("id");


--
-- Name: blog_role blog_role_pkey; Type: CONSTRAINT; Schema: public; Owner: eurrkvbyncwetd
--

ALTER TABLE ONLY "public"."blog_role"
    ADD CONSTRAINT "blog_role_pkey" PRIMARY KEY ("id");


--
-- Name: blog_secreatarysection blog_secreatarysection_pkey; Type: CONSTRAINT; Schema: public; Owner: eurrkvbyncwetd
--

ALTER TABLE ONLY "public"."blog_secreatarysection"
    ADD CONSTRAINT "blog_secreatarysection_pkey" PRIMARY KEY ("id");


--
-- Name: blog_secretary blog_secretary_pkey; Type: CONSTRAINT; Schema: public; Owner: eurrkvbyncwetd
--

ALTER TABLE ONLY "public"."blog_secretary"
    ADD CONSTRAINT "blog_secretary_pkey" PRIMARY KEY ("id");


--
-- Name: blog_section blog_section_pkey; Type: CONSTRAINT; Schema: public; Owner: eurrkvbyncwetd
--

ALTER TABLE ONLY "public"."blog_section"
    ADD CONSTRAINT "blog_section_pkey" PRIMARY KEY ("id");


--
-- Name: blog_service blog_service_pkey; Type: CONSTRAINT; Schema: public; Owner: eurrkvbyncwetd
--

ALTER TABLE ONLY "public"."blog_service"
    ADD CONSTRAINT "blog_service_pkey" PRIMARY KEY ("id");


--
-- Name: blog_team blog_team_name_role_id_2c0a055e_uniq; Type: CONSTRAINT; Schema: public; Owner: eurrkvbyncwetd
--

ALTER TABLE ONLY "public"."blog_team"
    ADD CONSTRAINT "blog_team_name_role_id_2c0a055e_uniq" UNIQUE ("name", "role_id");


--
-- Name: blog_team blog_team_pkey; Type: CONSTRAINT; Schema: public; Owner: eurrkvbyncwetd
--

ALTER TABLE ONLY "public"."blog_team"
    ADD CONSTRAINT "blog_team_pkey" PRIMARY KEY ("id");


--
-- Name: blog_tour blog_tour_pkey; Type: CONSTRAINT; Schema: public; Owner: eurrkvbyncwetd
--

ALTER TABLE ONLY "public"."blog_tour"
    ADD CONSTRAINT "blog_tour_pkey" PRIMARY KEY ("id");


--
-- Name: cecab_association cecab_association_pkey; Type: CONSTRAINT; Schema: public; Owner: eurrkvbyncwetd
--

ALTER TABLE ONLY "public"."cecab_association"
    ADD CONSTRAINT "cecab_association_pkey" PRIMARY KEY ("id");


--
-- Name: cecab_associationimages cecab_associationimages_pkey; Type: CONSTRAINT; Schema: public; Owner: eurrkvbyncwetd
--

ALTER TABLE ONLY "public"."cecab_associationimages"
    ADD CONSTRAINT "cecab_associationimages_pkey" PRIMARY KEY ("id");


--
-- Name: cecab_band cecab_band_pkey; Type: CONSTRAINT; Schema: public; Owner: eurrkvbyncwetd
--

ALTER TABLE ONLY "public"."cecab_band"
    ADD CONSTRAINT "cecab_band_pkey" PRIMARY KEY ("id");


--
-- Name: cecab_district cecab_district_pkey; Type: CONSTRAINT; Schema: public; Owner: eurrkvbyncwetd
--

ALTER TABLE ONLY "public"."cecab_district"
    ADD CONSTRAINT "cecab_district_pkey" PRIMARY KEY ("id");


--
-- Name: cecab_messages cecab_messages_pkey; Type: CONSTRAINT; Schema: public; Owner: eurrkvbyncwetd
--

ALTER TABLE ONLY "public"."cecab_messages"
    ADD CONSTRAINT "cecab_messages_pkey" PRIMARY KEY ("id");


--
-- Name: cecab_pathner cecab_pathner_pkey; Type: CONSTRAINT; Schema: public; Owner: eurrkvbyncwetd
--

ALTER TABLE ONLY "public"."cecab_pathner"
    ADD CONSTRAINT "cecab_pathner_pkey" PRIMARY KEY ("id");


--
-- Name: cecab_post cecab_post_pkey; Type: CONSTRAINT; Schema: public; Owner: eurrkvbyncwetd
--

ALTER TABLE ONLY "public"."cecab_post"
    ADD CONSTRAINT "cecab_post_pkey" PRIMARY KEY ("id");


--
-- Name: cecab_postdocument cecab_postdocument_pkey; Type: CONSTRAINT; Schema: public; Owner: eurrkvbyncwetd
--

ALTER TABLE ONLY "public"."cecab_postdocument"
    ADD CONSTRAINT "cecab_postdocument_pkey" PRIMARY KEY ("id");


--
-- Name: cecab_postimages cecab_postimages_pkey; Type: CONSTRAINT; Schema: public; Owner: eurrkvbyncwetd
--

ALTER TABLE ONLY "public"."cecab_postimages"
    ADD CONSTRAINT "cecab_postimages_pkey" PRIMARY KEY ("id");


--
-- Name: cecab_postvideos cecab_postvideos_pkey; Type: CONSTRAINT; Schema: public; Owner: eurrkvbyncwetd
--

ALTER TABLE ONLY "public"."cecab_postvideos"
    ADD CONSTRAINT "cecab_postvideos_pkey" PRIMARY KEY ("id");


--
-- Name: cecab_role cecab_role_pkey; Type: CONSTRAINT; Schema: public; Owner: eurrkvbyncwetd
--

ALTER TABLE ONLY "public"."cecab_role"
    ADD CONSTRAINT "cecab_role_pkey" PRIMARY KEY ("id");


--
-- Name: cecab_spot cecab_spot_pkey; Type: CONSTRAINT; Schema: public; Owner: eurrkvbyncwetd
--

ALTER TABLE ONLY "public"."cecab_spot"
    ADD CONSTRAINT "cecab_spot_pkey" PRIMARY KEY ("id");


--
-- Name: cecab_team cecab_team_pkey; Type: CONSTRAINT; Schema: public; Owner: eurrkvbyncwetd
--

ALTER TABLE ONLY "public"."cecab_team"
    ADD CONSTRAINT "cecab_team_pkey" PRIMARY KEY ("id");


--
-- Name: cecab_yeargols cecab_yeargols_pkey; Type: CONSTRAINT; Schema: public; Owner: eurrkvbyncwetd
--

ALTER TABLE ONLY "public"."cecab_yeargols"
    ADD CONSTRAINT "cecab_yeargols_pkey" PRIMARY KEY ("id");


--
-- Name: certificates_biuldingtype certificates_biuldingtype_pkey; Type: CONSTRAINT; Schema: public; Owner: eurrkvbyncwetd
--

ALTER TABLE ONLY "public"."certificates_biuldingtype"
    ADD CONSTRAINT "certificates_biuldingtype_pkey" PRIMARY KEY ("id");


--
-- Name: certificates_cemiterio certificates_cemiterio_pkey; Type: CONSTRAINT; Schema: public; Owner: eurrkvbyncwetd
--

ALTER TABLE ONLY "public"."certificates_cemiterio"
    ADD CONSTRAINT "certificates_cemiterio_pkey" PRIMARY KEY ("id");


--
-- Name: certificates_certificate certificates_certificate_pkey; Type: CONSTRAINT; Schema: public; Owner: eurrkvbyncwetd
--

ALTER TABLE ONLY "public"."certificates_certificate"
    ADD CONSTRAINT "certificates_certificate_pkey" PRIMARY KEY ("id");


--
-- Name: certificates_certificatedata certificates_certificatedata_pkey; Type: CONSTRAINT; Schema: public; Owner: eurrkvbyncwetd
--

ALTER TABLE ONLY "public"."certificates_certificatedata"
    ADD CONSTRAINT "certificates_certificatedata_pkey" PRIMARY KEY ("id");


--
-- Name: certificates_certificatedate certificates_certificatedate_pkey; Type: CONSTRAINT; Schema: public; Owner: eurrkvbyncwetd
--

ALTER TABLE ONLY "public"."certificates_certificatedate"
    ADD CONSTRAINT "certificates_certificatedate_pkey" PRIMARY KEY ("id");


--
-- Name: certificates_certificatesimpleparent certificates_certificatesimplefamily_pkey; Type: CONSTRAINT; Schema: public; Owner: eurrkvbyncwetd
--

ALTER TABLE ONLY "public"."certificates_certificatesimpleparent"
    ADD CONSTRAINT "certificates_certificatesimplefamily_pkey" PRIMARY KEY ("id");


--
-- Name: certificates_certificatesimpleperson certificates_certificatesimpleperson_pkey; Type: CONSTRAINT; Schema: public; Owner: eurrkvbyncwetd
--

ALTER TABLE ONLY "public"."certificates_certificatesimpleperson"
    ADD CONSTRAINT "certificates_certificatesimpleperson_pkey" PRIMARY KEY ("id");


--
-- Name: certificates_certificatesingleperson certificates_certificatesingleperson_pkey; Type: CONSTRAINT; Schema: public; Owner: eurrkvbyncwetd
--

ALTER TABLE ONLY "public"."certificates_certificatesingleperson"
    ADD CONSTRAINT "certificates_certificatesingleperson_pkey" PRIMARY KEY ("id");


--
-- Name: certificates_certificatetitle certificates_certificatetitle_pkey; Type: CONSTRAINT; Schema: public; Owner: eurrkvbyncwetd
--

ALTER TABLE ONLY "public"."certificates_certificatetitle"
    ADD CONSTRAINT "certificates_certificatetitle_pkey" PRIMARY KEY ("id");


--
-- Name: certificates_certificatetypes certificates_certificatetypes_pkey; Type: CONSTRAINT; Schema: public; Owner: eurrkvbyncwetd
--

ALTER TABLE ONLY "public"."certificates_certificatetypes"
    ADD CONSTRAINT "certificates_certificatetypes_pkey" PRIMARY KEY ("id");


--
-- Name: certificates_change certificates_change_pkey; Type: CONSTRAINT; Schema: public; Owner: eurrkvbyncwetd
--

ALTER TABLE ONLY "public"."certificates_change"
    ADD CONSTRAINT "certificates_change_pkey" PRIMARY KEY ("id");


--
-- Name: certificates_country certificates_country_pkey; Type: CONSTRAINT; Schema: public; Owner: eurrkvbyncwetd
--

ALTER TABLE ONLY "public"."certificates_country"
    ADD CONSTRAINT "certificates_country_pkey" PRIMARY KEY ("id");


--
-- Name: certificates_county certificates_county_pkey; Type: CONSTRAINT; Schema: public; Owner: eurrkvbyncwetd
--

ALTER TABLE ONLY "public"."certificates_county"
    ADD CONSTRAINT "certificates_county_pkey" PRIMARY KEY ("id");


--
-- Name: certificates_coval certificates_coval_pkey; Type: CONSTRAINT; Schema: public; Owner: eurrkvbyncwetd
--

ALTER TABLE ONLY "public"."certificates_coval"
    ADD CONSTRAINT "certificates_coval_pkey" PRIMARY KEY ("id");


--
-- Name: certificates_covalsalles certificates_covalsalles_pkey; Type: CONSTRAINT; Schema: public; Owner: eurrkvbyncwetd
--

ALTER TABLE ONLY "public"."certificates_covalsalles"
    ADD CONSTRAINT "certificates_covalsalles_pkey" PRIMARY KEY ("id");


--
-- Name: certificates_customer certificates_customer_pkey; Type: CONSTRAINT; Schema: public; Owner: eurrkvbyncwetd
--

ALTER TABLE ONLY "public"."certificates_customer"
    ADD CONSTRAINT "certificates_customer_pkey" PRIMARY KEY ("id");


--
-- Name: certificates_customer certificates_customer_user_id_key; Type: CONSTRAINT; Schema: public; Owner: eurrkvbyncwetd
--

ALTER TABLE ONLY "public"."certificates_customer"
    ADD CONSTRAINT "certificates_customer_user_id_key" UNIQUE ("user_id");


--
-- Name: certificates_house certificates_house_pkey; Type: CONSTRAINT; Schema: public; Owner: eurrkvbyncwetd
--

ALTER TABLE ONLY "public"."certificates_house"
    ADD CONSTRAINT "certificates_house_pkey" PRIMARY KEY ("id");


--
-- Name: certificates_idtype certificates_idtype_pkey; Type: CONSTRAINT; Schema: public; Owner: eurrkvbyncwetd
--

ALTER TABLE ONLY "public"."certificates_idtype"
    ADD CONSTRAINT "certificates_idtype_pkey" PRIMARY KEY ("id");


--
-- Name: certificates_ifen certificates_ifen_pkey; Type: CONSTRAINT; Schema: public; Owner: eurrkvbyncwetd
--

ALTER TABLE ONLY "public"."certificates_ifen"
    ADD CONSTRAINT "certificates_ifen_pkey" PRIMARY KEY ("id");


--
-- Name: certificates_instituition certificates_institution_pkey; Type: CONSTRAINT; Schema: public; Owner: eurrkvbyncwetd
--

ALTER TABLE ONLY "public"."certificates_instituition"
    ADD CONSTRAINT "certificates_institution_pkey" PRIMARY KEY ("id");


--
-- Name: certificates_messages certificates_messages_pkey; Type: CONSTRAINT; Schema: public; Owner: eurrkvbyncwetd
--

ALTER TABLE ONLY "public"."certificates_messages"
    ADD CONSTRAINT "certificates_messages_pkey" PRIMARY KEY ("id");


--
-- Name: certificates_parent certificates_parents_pkey; Type: CONSTRAINT; Schema: public; Owner: eurrkvbyncwetd
--

ALTER TABLE ONLY "public"."certificates_parent"
    ADD CONSTRAINT "certificates_parents_pkey" PRIMARY KEY ("id");


--
-- Name: certificates_person certificates_person_pkey; Type: CONSTRAINT; Schema: public; Owner: eurrkvbyncwetd
--

ALTER TABLE ONLY "public"."certificates_person"
    ADD CONSTRAINT "certificates_person_pkey" PRIMARY KEY ("id");


--
-- Name: certificates_personbirthaddress certificates_personbirthaddress_pkey; Type: CONSTRAINT; Schema: public; Owner: eurrkvbyncwetd
--

ALTER TABLE ONLY "public"."certificates_personbirthaddress"
    ADD CONSTRAINT "certificates_personbirthaddress_pkey" PRIMARY KEY ("id");


--
-- Name: certificates_street certificates_street_pkey; Type: CONSTRAINT; Schema: public; Owner: eurrkvbyncwetd
--

ALTER TABLE ONLY "public"."certificates_street"
    ADD CONSTRAINT "certificates_street_pkey" PRIMARY KEY ("id");


--
-- Name: certificates_town certificates_town_pkey; Type: CONSTRAINT; Schema: public; Owner: eurrkvbyncwetd
--

ALTER TABLE ONLY "public"."certificates_town"
    ADD CONSTRAINT "certificates_town_pkey" PRIMARY KEY ("id");


--
-- Name: certificates_university certificates_university_pkey; Type: CONSTRAINT; Schema: public; Owner: eurrkvbyncwetd
--

ALTER TABLE ONLY "public"."certificates_university"
    ADD CONSTRAINT "certificates_university_pkey" PRIMARY KEY ("id");


--
-- Name: cmz_imagestour cmz_imagestour_pkey; Type: CONSTRAINT; Schema: public; Owner: eurrkvbyncwetd
--

ALTER TABLE ONLY "public"."cmz_imagestour"
    ADD CONSTRAINT "cmz_imagestour_pkey" PRIMARY KEY ("id");


--
-- Name: cmz_information cmz_information_pkey; Type: CONSTRAINT; Schema: public; Owner: eurrkvbyncwetd
--

ALTER TABLE ONLY "public"."cmz_information"
    ADD CONSTRAINT "cmz_information_pkey" PRIMARY KEY ("id");


--
-- Name: cmz_messages cmz_messages_pkey; Type: CONSTRAINT; Schema: public; Owner: eurrkvbyncwetd
--

ALTER TABLE ONLY "public"."cmz_messages"
    ADD CONSTRAINT "cmz_messages_pkey" PRIMARY KEY ("id");


--
-- Name: cmz_post cmz_post_pkey; Type: CONSTRAINT; Schema: public; Owner: eurrkvbyncwetd
--

ALTER TABLE ONLY "public"."cmz_post"
    ADD CONSTRAINT "cmz_post_pkey" PRIMARY KEY ("id");


--
-- Name: cmz_postdocument cmz_postdocument_pkey; Type: CONSTRAINT; Schema: public; Owner: eurrkvbyncwetd
--

ALTER TABLE ONLY "public"."cmz_postdocument"
    ADD CONSTRAINT "cmz_postdocument_pkey" PRIMARY KEY ("id");


--
-- Name: cmz_postfile cmz_postfile_pkey; Type: CONSTRAINT; Schema: public; Owner: eurrkvbyncwetd
--

ALTER TABLE ONLY "public"."cmz_postfile"
    ADD CONSTRAINT "cmz_postfile_pkey" PRIMARY KEY ("id");


--
-- Name: cmz_postimages cmz_postimages_pkey; Type: CONSTRAINT; Schema: public; Owner: eurrkvbyncwetd
--

ALTER TABLE ONLY "public"."cmz_postimages"
    ADD CONSTRAINT "cmz_postimages_pkey" PRIMARY KEY ("id");


--
-- Name: cmz_postvideos cmz_postvideos_pkey; Type: CONSTRAINT; Schema: public; Owner: eurrkvbyncwetd
--

ALTER TABLE ONLY "public"."cmz_postvideos"
    ADD CONSTRAINT "cmz_postvideos_pkey" PRIMARY KEY ("id");


--
-- Name: cmz_role cmz_role_pkey; Type: CONSTRAINT; Schema: public; Owner: eurrkvbyncwetd
--

ALTER TABLE ONLY "public"."cmz_role"
    ADD CONSTRAINT "cmz_role_pkey" PRIMARY KEY ("id");


--
-- Name: cmz_secreatarysection cmz_secreatarysection_pkey; Type: CONSTRAINT; Schema: public; Owner: eurrkvbyncwetd
--

ALTER TABLE ONLY "public"."cmz_secreatarysection"
    ADD CONSTRAINT "cmz_secreatarysection_pkey" PRIMARY KEY ("id");


--
-- Name: cmz_secretary cmz_secretary_pkey; Type: CONSTRAINT; Schema: public; Owner: eurrkvbyncwetd
--

ALTER TABLE ONLY "public"."cmz_secretary"
    ADD CONSTRAINT "cmz_secretary_pkey" PRIMARY KEY ("id");


--
-- Name: cmz_section cmz_section_pkey; Type: CONSTRAINT; Schema: public; Owner: eurrkvbyncwetd
--

ALTER TABLE ONLY "public"."cmz_section"
    ADD CONSTRAINT "cmz_section_pkey" PRIMARY KEY ("id");


--
-- Name: cmz_service cmz_service_pkey; Type: CONSTRAINT; Schema: public; Owner: eurrkvbyncwetd
--

ALTER TABLE ONLY "public"."cmz_service"
    ADD CONSTRAINT "cmz_service_pkey" PRIMARY KEY ("id");


--
-- Name: cmz_team cmz_team_name_role_id_40f03c69_uniq; Type: CONSTRAINT; Schema: public; Owner: eurrkvbyncwetd
--

ALTER TABLE ONLY "public"."cmz_team"
    ADD CONSTRAINT "cmz_team_name_role_id_40f03c69_uniq" UNIQUE ("name", "role_id");


--
-- Name: cmz_team cmz_team_pkey; Type: CONSTRAINT; Schema: public; Owner: eurrkvbyncwetd
--

ALTER TABLE ONLY "public"."cmz_team"
    ADD CONSTRAINT "cmz_team_pkey" PRIMARY KEY ("id");


--
-- Name: cmz_tour cmz_tour_pkey; Type: CONSTRAINT; Schema: public; Owner: eurrkvbyncwetd
--

ALTER TABLE ONLY "public"."cmz_tour"
    ADD CONSTRAINT "cmz_tour_pkey" PRIMARY KEY ("id");


--
-- Name: core_user core_user_email_key; Type: CONSTRAINT; Schema: public; Owner: eurrkvbyncwetd
--

ALTER TABLE ONLY "public"."core_user"
    ADD CONSTRAINT "core_user_email_key" UNIQUE ("email");


--
-- Name: core_user_groups core_user_groups_pkey; Type: CONSTRAINT; Schema: public; Owner: eurrkvbyncwetd
--

ALTER TABLE ONLY "public"."core_user_groups"
    ADD CONSTRAINT "core_user_groups_pkey" PRIMARY KEY ("id");


--
-- Name: core_user_groups core_user_groups_user_id_group_id_c82fcad1_uniq; Type: CONSTRAINT; Schema: public; Owner: eurrkvbyncwetd
--

ALTER TABLE ONLY "public"."core_user_groups"
    ADD CONSTRAINT "core_user_groups_user_id_group_id_c82fcad1_uniq" UNIQUE ("user_id", "group_id");


--
-- Name: core_user core_user_pkey; Type: CONSTRAINT; Schema: public; Owner: eurrkvbyncwetd
--

ALTER TABLE ONLY "public"."core_user"
    ADD CONSTRAINT "core_user_pkey" PRIMARY KEY ("id");


--
-- Name: core_user_user_permissions core_user_user_permissions_pkey; Type: CONSTRAINT; Schema: public; Owner: eurrkvbyncwetd
--

ALTER TABLE ONLY "public"."core_user_user_permissions"
    ADD CONSTRAINT "core_user_user_permissions_pkey" PRIMARY KEY ("id");


--
-- Name: core_user_user_permissions core_user_user_permissions_user_id_permission_id_73ea0daa_uniq; Type: CONSTRAINT; Schema: public; Owner: eurrkvbyncwetd
--

ALTER TABLE ONLY "public"."core_user_user_permissions"
    ADD CONSTRAINT "core_user_user_permissions_user_id_permission_id_73ea0daa_uniq" UNIQUE ("user_id", "permission_id");


--
-- Name: core_user core_user_username_key; Type: CONSTRAINT; Schema: public; Owner: eurrkvbyncwetd
--

ALTER TABLE ONLY "public"."core_user"
    ADD CONSTRAINT "core_user_username_key" UNIQUE ("username");


--
-- Name: django_admin_log django_admin_log_pkey; Type: CONSTRAINT; Schema: public; Owner: eurrkvbyncwetd
--

ALTER TABLE ONLY "public"."django_admin_log"
    ADD CONSTRAINT "django_admin_log_pkey" PRIMARY KEY ("id");


--
-- Name: django_content_type django_content_type_app_label_model_76bd3d3b_uniq; Type: CONSTRAINT; Schema: public; Owner: eurrkvbyncwetd
--

ALTER TABLE ONLY "public"."django_content_type"
    ADD CONSTRAINT "django_content_type_app_label_model_76bd3d3b_uniq" UNIQUE ("app_label", "model");


--
-- Name: django_content_type django_content_type_pkey; Type: CONSTRAINT; Schema: public; Owner: eurrkvbyncwetd
--

ALTER TABLE ONLY "public"."django_content_type"
    ADD CONSTRAINT "django_content_type_pkey" PRIMARY KEY ("id");


--
-- Name: django_migrations django_migrations_pkey; Type: CONSTRAINT; Schema: public; Owner: eurrkvbyncwetd
--

ALTER TABLE ONLY "public"."django_migrations"
    ADD CONSTRAINT "django_migrations_pkey" PRIMARY KEY ("id");


--
-- Name: django_session django_session_pkey; Type: CONSTRAINT; Schema: public; Owner: eurrkvbyncwetd
--

ALTER TABLE ONLY "public"."django_session"
    ADD CONSTRAINT "django_session_pkey" PRIMARY KEY ("session_key");


--
-- Name: nanehouse_city nanehouse_city_name_key; Type: CONSTRAINT; Schema: public; Owner: eurrkvbyncwetd
--

ALTER TABLE ONLY "public"."nanehouse_city"
    ADD CONSTRAINT "nanehouse_city_name_key" UNIQUE ("name");


--
-- Name: nanehouse_city nanehouse_city_pkey; Type: CONSTRAINT; Schema: public; Owner: eurrkvbyncwetd
--

ALTER TABLE ONLY "public"."nanehouse_city"
    ADD CONSTRAINT "nanehouse_city_pkey" PRIMARY KEY ("id");


--
-- Name: nanehouse_client nanehouse_client_pkey; Type: CONSTRAINT; Schema: public; Owner: eurrkvbyncwetd
--

ALTER TABLE ONLY "public"."nanehouse_client"
    ADD CONSTRAINT "nanehouse_client_pkey" PRIMARY KEY ("id");


--
-- Name: nanehouse_clienthouse nanehouse_clienthouse_pkey; Type: CONSTRAINT; Schema: public; Owner: eurrkvbyncwetd
--

ALTER TABLE ONLY "public"."nanehouse_clienthouse"
    ADD CONSTRAINT "nanehouse_clienthouse_pkey" PRIMARY KEY ("id");


--
-- Name: nanehouse_clientpayment nanehouse_clientpayment_pkey; Type: CONSTRAINT; Schema: public; Owner: eurrkvbyncwetd
--

ALTER TABLE ONLY "public"."nanehouse_clientpayment"
    ADD CONSTRAINT "nanehouse_clientpayment_pkey" PRIMARY KEY ("id");


--
-- Name: nanehouse_country nanehouse_country_name_key; Type: CONSTRAINT; Schema: public; Owner: eurrkvbyncwetd
--

ALTER TABLE ONLY "public"."nanehouse_country"
    ADD CONSTRAINT "nanehouse_country_name_key" UNIQUE ("name");


--
-- Name: nanehouse_country nanehouse_country_pkey; Type: CONSTRAINT; Schema: public; Owner: eurrkvbyncwetd
--

ALTER TABLE ONLY "public"."nanehouse_country"
    ADD CONSTRAINT "nanehouse_country_pkey" PRIMARY KEY ("id");


--
-- Name: nanehouse_currency nanehouse_currency_pkey; Type: CONSTRAINT; Schema: public; Owner: eurrkvbyncwetd
--

ALTER TABLE ONLY "public"."nanehouse_currency"
    ADD CONSTRAINT "nanehouse_currency_pkey" PRIMARY KEY ("id");


--
-- Name: nanehouse_customer nanehouse_customer_pkey; Type: CONSTRAINT; Schema: public; Owner: eurrkvbyncwetd
--

ALTER TABLE ONLY "public"."nanehouse_customer"
    ADD CONSTRAINT "nanehouse_customer_pkey" PRIMARY KEY ("id");


--
-- Name: nanehouse_customer nanehouse_customer_user_id_key; Type: CONSTRAINT; Schema: public; Owner: eurrkvbyncwetd
--

ALTER TABLE ONLY "public"."nanehouse_customer"
    ADD CONSTRAINT "nanehouse_customer_user_id_key" UNIQUE ("user_id");


--
-- Name: nanehouse_house nanehouse_house_pkey; Type: CONSTRAINT; Schema: public; Owner: eurrkvbyncwetd
--

ALTER TABLE ONLY "public"."nanehouse_house"
    ADD CONSTRAINT "nanehouse_house_pkey" PRIMARY KEY ("id");


--
-- Name: nanehouse_house nanehouse_house_slug_key; Type: CONSTRAINT; Schema: public; Owner: eurrkvbyncwetd
--

ALTER TABLE ONLY "public"."nanehouse_house"
    ADD CONSTRAINT "nanehouse_house_slug_key" UNIQUE ("slug");


--
-- Name: nanehouse_houseimage nanehouse_houseimage_pkey; Type: CONSTRAINT; Schema: public; Owner: eurrkvbyncwetd
--

ALTER TABLE ONLY "public"."nanehouse_houseimage"
    ADD CONSTRAINT "nanehouse_houseimage_pkey" PRIMARY KEY ("id");


--
-- Name: nanehouse_ownerpayment nanehouse_ownerpayment_pkey; Type: CONSTRAINT; Schema: public; Owner: eurrkvbyncwetd
--

ALTER TABLE ONLY "public"."nanehouse_ownerpayment"
    ADD CONSTRAINT "nanehouse_ownerpayment_pkey" PRIMARY KEY ("id");


--
-- Name: nanehouse_street nanehouse_street_pkey; Type: CONSTRAINT; Schema: public; Owner: eurrkvbyncwetd
--

ALTER TABLE ONLY "public"."nanehouse_street"
    ADD CONSTRAINT "nanehouse_street_pkey" PRIMARY KEY ("id");


--
-- Name: ormed_area ormed_area_pkey; Type: CONSTRAINT; Schema: public; Owner: eurrkvbyncwetd
--

ALTER TABLE ONLY "public"."ormed_area"
    ADD CONSTRAINT "ormed_area_pkey" PRIMARY KEY ("id");


--
-- Name: ormed_country ormed_country_pkey; Type: CONSTRAINT; Schema: public; Owner: eurrkvbyncwetd
--

ALTER TABLE ONLY "public"."ormed_country"
    ADD CONSTRAINT "ormed_country_pkey" PRIMARY KEY ("id");


--
-- Name: ormed_doctor ormed_doctor_pkey; Type: CONSTRAINT; Schema: public; Owner: eurrkvbyncwetd
--

ALTER TABLE ONLY "public"."ormed_doctor"
    ADD CONSTRAINT "ormed_doctor_pkey" PRIMARY KEY ("id");


--
-- Name: ormed_gallery ormed_gallery_pkey; Type: CONSTRAINT; Schema: public; Owner: eurrkvbyncwetd
--

ALTER TABLE ONLY "public"."ormed_gallery"
    ADD CONSTRAINT "ormed_gallery_pkey" PRIMARY KEY ("id");


--
-- Name: ormed_idtype ormed_idtype_pkey; Type: CONSTRAINT; Schema: public; Owner: eurrkvbyncwetd
--

ALTER TABLE ONLY "public"."ormed_idtype"
    ADD CONSTRAINT "ormed_idtype_pkey" PRIMARY KEY ("id");


--
-- Name: ormed_imagesgallery ormed_imagesgallery_pkey; Type: CONSTRAINT; Schema: public; Owner: eurrkvbyncwetd
--

ALTER TABLE ONLY "public"."ormed_imagesgallery"
    ADD CONSTRAINT "ormed_imagesgallery_pkey" PRIMARY KEY ("id");


--
-- Name: ormed_law ormed_law_pkey; Type: CONSTRAINT; Schema: public; Owner: eurrkvbyncwetd
--

ALTER TABLE ONLY "public"."ormed_law"
    ADD CONSTRAINT "ormed_law_pkey" PRIMARY KEY ("id");


--
-- Name: ormed_level ormed_level_pkey; Type: CONSTRAINT; Schema: public; Owner: eurrkvbyncwetd
--

ALTER TABLE ONLY "public"."ormed_level"
    ADD CONSTRAINT "ormed_level_pkey" PRIMARY KEY ("id");


--
-- Name: ormed_messages ormed_messages_pkey; Type: CONSTRAINT; Schema: public; Owner: eurrkvbyncwetd
--

ALTER TABLE ONLY "public"."ormed_messages"
    ADD CONSTRAINT "ormed_messages_pkey" PRIMARY KEY ("id");


--
-- Name: ormed_post ormed_post_pkey; Type: CONSTRAINT; Schema: public; Owner: eurrkvbyncwetd
--

ALTER TABLE ONLY "public"."ormed_post"
    ADD CONSTRAINT "ormed_post_pkey" PRIMARY KEY ("id");


--
-- Name: ormed_postdocument ormed_postdocument_pkey; Type: CONSTRAINT; Schema: public; Owner: eurrkvbyncwetd
--

ALTER TABLE ONLY "public"."ormed_postdocument"
    ADD CONSTRAINT "ormed_postdocument_pkey" PRIMARY KEY ("id");


--
-- Name: ormed_postfile ormed_postfile_pkey; Type: CONSTRAINT; Schema: public; Owner: eurrkvbyncwetd
--

ALTER TABLE ONLY "public"."ormed_postfile"
    ADD CONSTRAINT "ormed_postfile_pkey" PRIMARY KEY ("id");


--
-- Name: ormed_postimages ormed_postimages_pkey; Type: CONSTRAINT; Schema: public; Owner: eurrkvbyncwetd
--

ALTER TABLE ONLY "public"."ormed_postimages"
    ADD CONSTRAINT "ormed_postimages_pkey" PRIMARY KEY ("id");


--
-- Name: ormed_postvideos ormed_postvideos_pkey; Type: CONSTRAINT; Schema: public; Owner: eurrkvbyncwetd
--

ALTER TABLE ONLY "public"."ormed_postvideos"
    ADD CONSTRAINT "ormed_postvideos_pkey" PRIMARY KEY ("id");


--
-- Name: ormed_role ormed_role_pkey; Type: CONSTRAINT; Schema: public; Owner: eurrkvbyncwetd
--

ALTER TABLE ONLY "public"."ormed_role"
    ADD CONSTRAINT "ormed_role_pkey" PRIMARY KEY ("id");


--
-- Name: ormed_section ormed_section_pkey; Type: CONSTRAINT; Schema: public; Owner: eurrkvbyncwetd
--

ALTER TABLE ONLY "public"."ormed_section"
    ADD CONSTRAINT "ormed_section_pkey" PRIMARY KEY ("id");


--
-- Name: ormed_team ormed_team_doctor_id_d0f416c6_uniq; Type: CONSTRAINT; Schema: public; Owner: eurrkvbyncwetd
--

ALTER TABLE ONLY "public"."ormed_team"
    ADD CONSTRAINT "ormed_team_doctor_id_d0f416c6_uniq" UNIQUE ("doctor_id");


--
-- Name: ormed_team ormed_team_pkey; Type: CONSTRAINT; Schema: public; Owner: eurrkvbyncwetd
--

ALTER TABLE ONLY "public"."ormed_team"
    ADD CONSTRAINT "ormed_team_pkey" PRIMARY KEY ("id");


--
-- Name: ormed_usersection ormed_usersection_pkey; Type: CONSTRAINT; Schema: public; Owner: eurrkvbyncwetd
--

ALTER TABLE ONLY "public"."ormed_usersection"
    ADD CONSTRAINT "ormed_usersection_pkey" PRIMARY KEY ("id");


--
-- Name: setup_usertokens setup_usertokens_pkey; Type: CONSTRAINT; Schema: public; Owner: eurrkvbyncwetd
--

ALTER TABLE ONLY "public"."setup_usertokens"
    ADD CONSTRAINT "setup_usertokens_pkey" PRIMARY KEY ("id");


--
-- Name: auth_group_name_a6ea08ec_like; Type: INDEX; Schema: public; Owner: eurrkvbyncwetd
--

CREATE INDEX "auth_group_name_a6ea08ec_like" ON "public"."auth_group" USING "btree" ("name" "varchar_pattern_ops");


--
-- Name: auth_group_permissions_group_id_b120cbf9; Type: INDEX; Schema: public; Owner: eurrkvbyncwetd
--

CREATE INDEX "auth_group_permissions_group_id_b120cbf9" ON "public"."auth_group_permissions" USING "btree" ("group_id");


--
-- Name: auth_group_permissions_permission_id_84c5c92e; Type: INDEX; Schema: public; Owner: eurrkvbyncwetd
--

CREATE INDEX "auth_group_permissions_permission_id_84c5c92e" ON "public"."auth_group_permissions" USING "btree" ("permission_id");


--
-- Name: auth_permission_content_type_id_2f476e4b; Type: INDEX; Schema: public; Owner: eurrkvbyncwetd
--

CREATE INDEX "auth_permission_content_type_id_2f476e4b" ON "public"."auth_permission" USING "btree" ("content_type_id");


--
-- Name: blog_imagestour_tour_id_8dd08878; Type: INDEX; Schema: public; Owner: eurrkvbyncwetd
--

CREATE INDEX "blog_imagestour_tour_id_8dd08878" ON "public"."blog_imagestour" USING "btree" ("tour_id");


--
-- Name: blog_information_service_id_497d7671; Type: INDEX; Schema: public; Owner: eurrkvbyncwetd
--

CREATE INDEX "blog_information_service_id_497d7671" ON "public"."blog_information" USING "btree" ("service_id");


--
-- Name: blog_messages_subject_id_763e941b; Type: INDEX; Schema: public; Owner: eurrkvbyncwetd
--

CREATE INDEX "blog_messages_subject_id_763e941b" ON "public"."blog_messages" USING "btree" ("subject_id");


--
-- Name: blog_post_slug_b95473f2; Type: INDEX; Schema: public; Owner: eurrkvbyncwetd
--

CREATE INDEX "blog_post_slug_b95473f2" ON "public"."blog_post" USING "btree" ("slug");


--
-- Name: blog_post_slug_b95473f2_like; Type: INDEX; Schema: public; Owner: eurrkvbyncwetd
--

CREATE INDEX "blog_post_slug_b95473f2_like" ON "public"."blog_post" USING "btree" ("slug" "varchar_pattern_ops");


--
-- Name: blog_post_user_id_710cc4d2; Type: INDEX; Schema: public; Owner: eurrkvbyncwetd
--

CREATE INDEX "blog_post_user_id_710cc4d2" ON "public"."blog_post" USING "btree" ("user_id");


--
-- Name: blog_postdocument_post_id_ac9fc16e; Type: INDEX; Schema: public; Owner: eurrkvbyncwetd
--

CREATE INDEX "blog_postdocument_post_id_ac9fc16e" ON "public"."blog_postdocument" USING "btree" ("post_id");


--
-- Name: blog_postimages_post_id_93c16f79; Type: INDEX; Schema: public; Owner: eurrkvbyncwetd
--

CREATE INDEX "blog_postimages_post_id_93c16f79" ON "public"."blog_postimages" USING "btree" ("post_id");


--
-- Name: blog_postvideos_post_id_6fefcf6b; Type: INDEX; Schema: public; Owner: eurrkvbyncwetd
--

CREATE INDEX "blog_postvideos_post_id_6fefcf6b" ON "public"."blog_postvideos" USING "btree" ("post_id");


--
-- Name: blog_secreatarysection_secretary_id_8539e942; Type: INDEX; Schema: public; Owner: eurrkvbyncwetd
--

CREATE INDEX "blog_secreatarysection_secretary_id_8539e942" ON "public"."blog_secreatarysection" USING "btree" ("secretary_id");


--
-- Name: blog_secreatarysection_section_id_b39dd532; Type: INDEX; Schema: public; Owner: eurrkvbyncwetd
--

CREATE INDEX "blog_secreatarysection_section_id_b39dd532" ON "public"."blog_secreatarysection" USING "btree" ("section_id");


--
-- Name: blog_secretary_user_id_2599788d; Type: INDEX; Schema: public; Owner: eurrkvbyncwetd
--

CREATE INDEX "blog_secretary_user_id_2599788d" ON "public"."blog_secretary" USING "btree" ("user_id");


--
-- Name: blog_service_slug_935cbe6a; Type: INDEX; Schema: public; Owner: eurrkvbyncwetd
--

CREATE INDEX "blog_service_slug_935cbe6a" ON "public"."blog_service" USING "btree" ("slug");


--
-- Name: blog_service_slug_935cbe6a_like; Type: INDEX; Schema: public; Owner: eurrkvbyncwetd
--

CREATE INDEX "blog_service_slug_935cbe6a_like" ON "public"."blog_service" USING "btree" ("slug" "varchar_pattern_ops");


--
-- Name: blog_team_role_id_8f10eee7; Type: INDEX; Schema: public; Owner: eurrkvbyncwetd
--

CREATE INDEX "blog_team_role_id_8f10eee7" ON "public"."blog_team" USING "btree" ("role_id");


--
-- Name: blog_tour_slug_1e14ee01; Type: INDEX; Schema: public; Owner: eurrkvbyncwetd
--

CREATE INDEX "blog_tour_slug_1e14ee01" ON "public"."blog_tour" USING "btree" ("slug");


--
-- Name: blog_tour_slug_1e14ee01_like; Type: INDEX; Schema: public; Owner: eurrkvbyncwetd
--

CREATE INDEX "blog_tour_slug_1e14ee01_like" ON "public"."blog_tour" USING "btree" ("slug" "varchar_pattern_ops");


--
-- Name: cecab_association_district_id_7c685700; Type: INDEX; Schema: public; Owner: eurrkvbyncwetd
--

CREATE INDEX "cecab_association_district_id_7c685700" ON "public"."cecab_association" USING "btree" ("district_id");


--
-- Name: cecab_associationimages_associaton_id_feee73cc; Type: INDEX; Schema: public; Owner: eurrkvbyncwetd
--

CREATE INDEX "cecab_associationimages_associaton_id_feee73cc" ON "public"."cecab_associationimages" USING "btree" ("associaton_id");


--
-- Name: cecab_post_slug_1fe34b1d; Type: INDEX; Schema: public; Owner: eurrkvbyncwetd
--

CREATE INDEX "cecab_post_slug_1fe34b1d" ON "public"."cecab_post" USING "btree" ("slug");


--
-- Name: cecab_post_slug_1fe34b1d_like; Type: INDEX; Schema: public; Owner: eurrkvbyncwetd
--

CREATE INDEX "cecab_post_slug_1fe34b1d_like" ON "public"."cecab_post" USING "btree" ("slug" "varchar_pattern_ops");


--
-- Name: cecab_postdocument_post_id_153c289f; Type: INDEX; Schema: public; Owner: eurrkvbyncwetd
--

CREATE INDEX "cecab_postdocument_post_id_153c289f" ON "public"."cecab_postdocument" USING "btree" ("post_id");


--
-- Name: cecab_postimages_post_id_7af62d83; Type: INDEX; Schema: public; Owner: eurrkvbyncwetd
--

CREATE INDEX "cecab_postimages_post_id_7af62d83" ON "public"."cecab_postimages" USING "btree" ("post_id");


--
-- Name: cecab_postvideos_post_id_ff2d3dab; Type: INDEX; Schema: public; Owner: eurrkvbyncwetd
--

CREATE INDEX "cecab_postvideos_post_id_ff2d3dab" ON "public"."cecab_postvideos" USING "btree" ("post_id");


--
-- Name: cecab_team_role_id_7300d94b; Type: INDEX; Schema: public; Owner: eurrkvbyncwetd
--

CREATE INDEX "cecab_team_role_id_7300d94b" ON "public"."cecab_team" USING "btree" ("role_id");


--
-- Name: certificates_cemiterio_county_id_8831d510; Type: INDEX; Schema: public; Owner: eurrkvbyncwetd
--

CREATE INDEX "certificates_cemiterio_county_id_8831d510" ON "public"."certificates_cemiterio" USING "btree" ("county_id");


--
-- Name: certificates_certificate_house_id_9bbefafd; Type: INDEX; Schema: public; Owner: eurrkvbyncwetd
--

CREATE INDEX "certificates_certificate_house_id_9bbefafd" ON "public"."certificates_certificate" USING "btree" ("house_id");


--
-- Name: certificates_certificate_main_person_id_979c3025; Type: INDEX; Schema: public; Owner: eurrkvbyncwetd
--

CREATE INDEX "certificates_certificate_main_person_id_979c3025" ON "public"."certificates_certificate" USING "btree" ("main_person_id");


--
-- Name: certificates_certificate_secondary_person_id_867d2654; Type: INDEX; Schema: public; Owner: eurrkvbyncwetd
--

CREATE INDEX "certificates_certificate_secondary_person_id_867d2654" ON "public"."certificates_certificate" USING "btree" ("secondary_person_id");


--
-- Name: certificates_certificate_type_id_4a9132d6; Type: INDEX; Schema: public; Owner: eurrkvbyncwetd
--

CREATE INDEX "certificates_certificate_type_id_4a9132d6" ON "public"."certificates_certificate" USING "btree" ("type_id");


--
-- Name: certificates_certificatedata_certificate_id_3889aa48; Type: INDEX; Schema: public; Owner: eurrkvbyncwetd
--

CREATE INDEX "certificates_certificatedata_certificate_id_3889aa48" ON "public"."certificates_certificatedata" USING "btree" ("certificate_id");


--
-- Name: certificates_certificatedata_house_id_473c4962; Type: INDEX; Schema: public; Owner: eurrkvbyncwetd
--

CREATE INDEX "certificates_certificatedata_house_id_473c4962" ON "public"."certificates_certificatedata" USING "btree" ("house_id");


--
-- Name: certificates_certificatedate_type_id_3b64928c; Type: INDEX; Schema: public; Owner: eurrkvbyncwetd
--

CREATE INDEX "certificates_certificatedate_type_id_3b64928c" ON "public"."certificates_certificatedate" USING "btree" ("type_id");


--
-- Name: certificates_certificatesimplefamily_parent_id_856f4413; Type: INDEX; Schema: public; Owner: eurrkvbyncwetd
--

CREATE INDEX "certificates_certificatesimplefamily_parent_id_856f4413" ON "public"."certificates_certificatesimpleparent" USING "btree" ("parent_id");


--
-- Name: certificates_certificatesimplefamily_type_id_ee81710a; Type: INDEX; Schema: public; Owner: eurrkvbyncwetd
--

CREATE INDEX "certificates_certificatesimplefamily_type_id_ee81710a" ON "public"."certificates_certificatesimpleparent" USING "btree" ("type_id");


--
-- Name: certificates_certificatesimpleperson_type_id_eb108c6c; Type: INDEX; Schema: public; Owner: eurrkvbyncwetd
--

CREATE INDEX "certificates_certificatesimpleperson_type_id_eb108c6c" ON "public"."certificates_certificatesimpleperson" USING "btree" ("type_id");


--
-- Name: certificates_certificatesingleperson_type_id_b6743fb4; Type: INDEX; Schema: public; Owner: eurrkvbyncwetd
--

CREATE INDEX "certificates_certificatesingleperson_type_id_b6743fb4" ON "public"."certificates_certificatesingleperson" USING "btree" ("type_id");


--
-- Name: certificates_certificatetitle_certificate_type_id_6db9cf7f; Type: INDEX; Schema: public; Owner: eurrkvbyncwetd
--

CREATE INDEX "certificates_certificatetitle_certificate_type_id_6db9cf7f" ON "public"."certificates_certificatetitle" USING "btree" ("certificate_type_id");


--
-- Name: certificates_certificatetitle_slug_0cc48053; Type: INDEX; Schema: public; Owner: eurrkvbyncwetd
--

CREATE INDEX "certificates_certificatetitle_slug_0cc48053" ON "public"."certificates_certificatetitle" USING "btree" ("slug");


--
-- Name: certificates_certificatetitle_slug_0cc48053_like; Type: INDEX; Schema: public; Owner: eurrkvbyncwetd
--

CREATE INDEX "certificates_certificatetitle_slug_0cc48053_like" ON "public"."certificates_certificatetitle" USING "btree" ("slug" "varchar_pattern_ops");


--
-- Name: certificates_certificatetypes_slug_8f328a4b; Type: INDEX; Schema: public; Owner: eurrkvbyncwetd
--

CREATE INDEX "certificates_certificatetypes_slug_8f328a4b" ON "public"."certificates_certificatetypes" USING "btree" ("slug");


--
-- Name: certificates_certificatetypes_slug_8f328a4b_like; Type: INDEX; Schema: public; Owner: eurrkvbyncwetd
--

CREATE INDEX "certificates_certificatetypes_slug_8f328a4b_like" ON "public"."certificates_certificatetypes" USING "btree" ("slug" "varchar_pattern_ops");


--
-- Name: certificates_country_slug_786d35af; Type: INDEX; Schema: public; Owner: eurrkvbyncwetd
--

CREATE INDEX "certificates_country_slug_786d35af" ON "public"."certificates_country" USING "btree" ("slug");


--
-- Name: certificates_country_slug_786d35af_like; Type: INDEX; Schema: public; Owner: eurrkvbyncwetd
--

CREATE INDEX "certificates_country_slug_786d35af_like" ON "public"."certificates_country" USING "btree" ("slug" "varchar_pattern_ops");


--
-- Name: certificates_county_country_id_ecc410b6; Type: INDEX; Schema: public; Owner: eurrkvbyncwetd
--

CREATE INDEX "certificates_county_country_id_ecc410b6" ON "public"."certificates_county" USING "btree" ("country_id");


--
-- Name: certificates_county_slug_c9e3bed8; Type: INDEX; Schema: public; Owner: eurrkvbyncwetd
--

CREATE INDEX "certificates_county_slug_c9e3bed8" ON "public"."certificates_county" USING "btree" ("slug");


--
-- Name: certificates_county_slug_c9e3bed8_like; Type: INDEX; Schema: public; Owner: eurrkvbyncwetd
--

CREATE INDEX "certificates_county_slug_c9e3bed8_like" ON "public"."certificates_county" USING "btree" ("slug" "varchar_pattern_ops");


--
-- Name: certificates_coval_cemiterio_id_aee77d0d; Type: INDEX; Schema: public; Owner: eurrkvbyncwetd
--

CREATE INDEX "certificates_coval_cemiterio_id_aee77d0d" ON "public"."certificates_coval" USING "btree" ("cemiterio_id");


--
-- Name: certificates_covalsalles_coval_id_4be93c1e; Type: INDEX; Schema: public; Owner: eurrkvbyncwetd
--

CREATE INDEX "certificates_covalsalles_coval_id_4be93c1e" ON "public"."certificates_covalsalles" USING "btree" ("coval_id");


--
-- Name: certificates_covalsalles_person_id_72eba974; Type: INDEX; Schema: public; Owner: eurrkvbyncwetd
--

CREATE INDEX "certificates_covalsalles_person_id_72eba974" ON "public"."certificates_covalsalles" USING "btree" ("person_id");


--
-- Name: certificates_house_street_id_3c8c965e; Type: INDEX; Schema: public; Owner: eurrkvbyncwetd
--

CREATE INDEX "certificates_house_street_id_3c8c965e" ON "public"."certificates_house" USING "btree" ("street_id");


--
-- Name: certificates_person_address_id_891bdd2c; Type: INDEX; Schema: public; Owner: eurrkvbyncwetd
--

CREATE INDEX "certificates_person_address_id_891bdd2c" ON "public"."certificates_person" USING "btree" ("address_id");


--
-- Name: certificates_person_birth_address_id_4fc7bce6; Type: INDEX; Schema: public; Owner: eurrkvbyncwetd
--

CREATE INDEX "certificates_person_birth_address_id_4fc7bce6" ON "public"."certificates_person" USING "btree" ("birth_address_id");


--
-- Name: certificates_person_id_issue_country_id_95028c66; Type: INDEX; Schema: public; Owner: eurrkvbyncwetd
--

CREATE INDEX "certificates_person_id_issue_country_id_95028c66" ON "public"."certificates_person" USING "btree" ("id_issue_country_id");


--
-- Name: certificates_person_id_issue_local_id_a359e77f; Type: INDEX; Schema: public; Owner: eurrkvbyncwetd
--

CREATE INDEX "certificates_person_id_issue_local_id_a359e77f" ON "public"."certificates_person" USING "btree" ("id_issue_local_id");


--
-- Name: certificates_person_id_type_id_858f63d9; Type: INDEX; Schema: public; Owner: eurrkvbyncwetd
--

CREATE INDEX "certificates_person_id_type_id_858f63d9" ON "public"."certificates_person" USING "btree" ("id_type_id");


--
-- Name: certificates_person_nationality_id_60675e1c; Type: INDEX; Schema: public; Owner: eurrkvbyncwetd
--

CREATE INDEX "certificates_person_nationality_id_60675e1c" ON "public"."certificates_person" USING "btree" ("nationality_id");


--
-- Name: certificates_personbirthaddress_birth_country_id_d55738bd; Type: INDEX; Schema: public; Owner: eurrkvbyncwetd
--

CREATE INDEX "certificates_personbirthaddress_birth_country_id_d55738bd" ON "public"."certificates_personbirthaddress" USING "btree" ("birth_country_id");


--
-- Name: certificates_personbirthaddress_birth_county_id_413de345; Type: INDEX; Schema: public; Owner: eurrkvbyncwetd
--

CREATE INDEX "certificates_personbirthaddress_birth_county_id_413de345" ON "public"."certificates_personbirthaddress" USING "btree" ("birth_county_id");


--
-- Name: certificates_personbirthaddress_birth_street_id_1757709c; Type: INDEX; Schema: public; Owner: eurrkvbyncwetd
--

CREATE INDEX "certificates_personbirthaddress_birth_street_id_1757709c" ON "public"."certificates_personbirthaddress" USING "btree" ("birth_street_id");


--
-- Name: certificates_personbirthaddress_birth_town_id_513497eb; Type: INDEX; Schema: public; Owner: eurrkvbyncwetd
--

CREATE INDEX "certificates_personbirthaddress_birth_town_id_513497eb" ON "public"."certificates_personbirthaddress" USING "btree" ("birth_town_id");


--
-- Name: certificates_street_county_id_d5ffd475; Type: INDEX; Schema: public; Owner: eurrkvbyncwetd
--

CREATE INDEX "certificates_street_county_id_d5ffd475" ON "public"."certificates_street" USING "btree" ("county_id");


--
-- Name: certificates_street_slug_902b8a4a; Type: INDEX; Schema: public; Owner: eurrkvbyncwetd
--

CREATE INDEX "certificates_street_slug_902b8a4a" ON "public"."certificates_street" USING "btree" ("slug");


--
-- Name: certificates_street_slug_902b8a4a_like; Type: INDEX; Schema: public; Owner: eurrkvbyncwetd
--

CREATE INDEX "certificates_street_slug_902b8a4a_like" ON "public"."certificates_street" USING "btree" ("slug" "varchar_pattern_ops");


--
-- Name: certificates_street_town_id_542f73f8; Type: INDEX; Schema: public; Owner: eurrkvbyncwetd
--

CREATE INDEX "certificates_street_town_id_542f73f8" ON "public"."certificates_street" USING "btree" ("town_id");


--
-- Name: certificates_town_county_id_1252f6d1; Type: INDEX; Schema: public; Owner: eurrkvbyncwetd
--

CREATE INDEX "certificates_town_county_id_1252f6d1" ON "public"."certificates_town" USING "btree" ("county_id");


--
-- Name: certificates_town_slug_d806f3fd; Type: INDEX; Schema: public; Owner: eurrkvbyncwetd
--

CREATE INDEX "certificates_town_slug_d806f3fd" ON "public"."certificates_town" USING "btree" ("slug");


--
-- Name: certificates_town_slug_d806f3fd_like; Type: INDEX; Schema: public; Owner: eurrkvbyncwetd
--

CREATE INDEX "certificates_town_slug_d806f3fd_like" ON "public"."certificates_town" USING "btree" ("slug" "varchar_pattern_ops");


--
-- Name: cmz_imagestour_tour_id_ba758a05; Type: INDEX; Schema: public; Owner: eurrkvbyncwetd
--

CREATE INDEX "cmz_imagestour_tour_id_ba758a05" ON "public"."cmz_imagestour" USING "btree" ("tour_id");


--
-- Name: cmz_information_service_id_e155a573; Type: INDEX; Schema: public; Owner: eurrkvbyncwetd
--

CREATE INDEX "cmz_information_service_id_e155a573" ON "public"."cmz_information" USING "btree" ("service_id");


--
-- Name: cmz_post_slug_afedeba2; Type: INDEX; Schema: public; Owner: eurrkvbyncwetd
--

CREATE INDEX "cmz_post_slug_afedeba2" ON "public"."cmz_post" USING "btree" ("slug");


--
-- Name: cmz_post_slug_afedeba2_like; Type: INDEX; Schema: public; Owner: eurrkvbyncwetd
--

CREATE INDEX "cmz_post_slug_afedeba2_like" ON "public"."cmz_post" USING "btree" ("slug" "varchar_pattern_ops");


--
-- Name: cmz_post_user_id_375c8c52; Type: INDEX; Schema: public; Owner: eurrkvbyncwetd
--

CREATE INDEX "cmz_post_user_id_375c8c52" ON "public"."cmz_post" USING "btree" ("user_id");


--
-- Name: cmz_postdocument_post_id_6a107af4; Type: INDEX; Schema: public; Owner: eurrkvbyncwetd
--

CREATE INDEX "cmz_postdocument_post_id_6a107af4" ON "public"."cmz_postdocument" USING "btree" ("post_id");


--
-- Name: cmz_postimages_post_id_8fd61eac; Type: INDEX; Schema: public; Owner: eurrkvbyncwetd
--

CREATE INDEX "cmz_postimages_post_id_8fd61eac" ON "public"."cmz_postimages" USING "btree" ("post_id");


--
-- Name: cmz_postvideos_post_id_21641a64; Type: INDEX; Schema: public; Owner: eurrkvbyncwetd
--

CREATE INDEX "cmz_postvideos_post_id_21641a64" ON "public"."cmz_postvideos" USING "btree" ("post_id");


--
-- Name: cmz_secreatarysection_secretary_id_126c8c9c; Type: INDEX; Schema: public; Owner: eurrkvbyncwetd
--

CREATE INDEX "cmz_secreatarysection_secretary_id_126c8c9c" ON "public"."cmz_secreatarysection" USING "btree" ("secretary_id");


--
-- Name: cmz_secreatarysection_section_id_7fa241ae; Type: INDEX; Schema: public; Owner: eurrkvbyncwetd
--

CREATE INDEX "cmz_secreatarysection_section_id_7fa241ae" ON "public"."cmz_secreatarysection" USING "btree" ("section_id");


--
-- Name: cmz_secretary_user_id_2c1561a0; Type: INDEX; Schema: public; Owner: eurrkvbyncwetd
--

CREATE INDEX "cmz_secretary_user_id_2c1561a0" ON "public"."cmz_secretary" USING "btree" ("user_id");


--
-- Name: cmz_service_slug_26f09a46; Type: INDEX; Schema: public; Owner: eurrkvbyncwetd
--

CREATE INDEX "cmz_service_slug_26f09a46" ON "public"."cmz_service" USING "btree" ("slug");


--
-- Name: cmz_service_slug_26f09a46_like; Type: INDEX; Schema: public; Owner: eurrkvbyncwetd
--

CREATE INDEX "cmz_service_slug_26f09a46_like" ON "public"."cmz_service" USING "btree" ("slug" "varchar_pattern_ops");


--
-- Name: cmz_team_role_id_ebfdc3bc; Type: INDEX; Schema: public; Owner: eurrkvbyncwetd
--

CREATE INDEX "cmz_team_role_id_ebfdc3bc" ON "public"."cmz_team" USING "btree" ("role_id");


--
-- Name: cmz_tour_slug_0fac3967; Type: INDEX; Schema: public; Owner: eurrkvbyncwetd
--

CREATE INDEX "cmz_tour_slug_0fac3967" ON "public"."cmz_tour" USING "btree" ("slug");


--
-- Name: cmz_tour_slug_0fac3967_like; Type: INDEX; Schema: public; Owner: eurrkvbyncwetd
--

CREATE INDEX "cmz_tour_slug_0fac3967_like" ON "public"."cmz_tour" USING "btree" ("slug" "varchar_pattern_ops");


--
-- Name: core_user_email_92a71487_like; Type: INDEX; Schema: public; Owner: eurrkvbyncwetd
--

CREATE INDEX "core_user_email_92a71487_like" ON "public"."core_user" USING "btree" ("email" "varchar_pattern_ops");


--
-- Name: core_user_groups_group_id_fe8c697f; Type: INDEX; Schema: public; Owner: eurrkvbyncwetd
--

CREATE INDEX "core_user_groups_group_id_fe8c697f" ON "public"."core_user_groups" USING "btree" ("group_id");


--
-- Name: core_user_groups_user_id_70b4d9b8; Type: INDEX; Schema: public; Owner: eurrkvbyncwetd
--

CREATE INDEX "core_user_groups_user_id_70b4d9b8" ON "public"."core_user_groups" USING "btree" ("user_id");


--
-- Name: core_user_user_permissions_permission_id_35ccf601; Type: INDEX; Schema: public; Owner: eurrkvbyncwetd
--

CREATE INDEX "core_user_user_permissions_permission_id_35ccf601" ON "public"."core_user_user_permissions" USING "btree" ("permission_id");


--
-- Name: core_user_user_permissions_user_id_085123d3; Type: INDEX; Schema: public; Owner: eurrkvbyncwetd
--

CREATE INDEX "core_user_user_permissions_user_id_085123d3" ON "public"."core_user_user_permissions" USING "btree" ("user_id");


--
-- Name: core_user_username_36e4f7f7_like; Type: INDEX; Schema: public; Owner: eurrkvbyncwetd
--

CREATE INDEX "core_user_username_36e4f7f7_like" ON "public"."core_user" USING "btree" ("username" "varchar_pattern_ops");


--
-- Name: django_admin_log_content_type_id_c4bce8eb; Type: INDEX; Schema: public; Owner: eurrkvbyncwetd
--

CREATE INDEX "django_admin_log_content_type_id_c4bce8eb" ON "public"."django_admin_log" USING "btree" ("content_type_id");


--
-- Name: django_admin_log_user_id_c564eba6; Type: INDEX; Schema: public; Owner: eurrkvbyncwetd
--

CREATE INDEX "django_admin_log_user_id_c564eba6" ON "public"."django_admin_log" USING "btree" ("user_id");


--
-- Name: django_session_expire_date_a5c62663; Type: INDEX; Schema: public; Owner: eurrkvbyncwetd
--

CREATE INDEX "django_session_expire_date_a5c62663" ON "public"."django_session" USING "btree" ("expire_date");


--
-- Name: django_session_session_key_c0390e0f_like; Type: INDEX; Schema: public; Owner: eurrkvbyncwetd
--

CREATE INDEX "django_session_session_key_c0390e0f_like" ON "public"."django_session" USING "btree" ("session_key" "varchar_pattern_ops");


--
-- Name: nanehouse_city_country_id_ec93c183; Type: INDEX; Schema: public; Owner: eurrkvbyncwetd
--

CREATE INDEX "nanehouse_city_country_id_ec93c183" ON "public"."nanehouse_city" USING "btree" ("country_id");


--
-- Name: nanehouse_city_name_89a0b7ea_like; Type: INDEX; Schema: public; Owner: eurrkvbyncwetd
--

CREATE INDEX "nanehouse_city_name_89a0b7ea_like" ON "public"."nanehouse_city" USING "btree" ("name" "varchar_pattern_ops");


--
-- Name: nanehouse_city_slug_073f3edc; Type: INDEX; Schema: public; Owner: eurrkvbyncwetd
--

CREATE INDEX "nanehouse_city_slug_073f3edc" ON "public"."nanehouse_city" USING "btree" ("slug");


--
-- Name: nanehouse_city_slug_073f3edc_like; Type: INDEX; Schema: public; Owner: eurrkvbyncwetd
--

CREATE INDEX "nanehouse_city_slug_073f3edc_like" ON "public"."nanehouse_city" USING "btree" ("slug" "varchar_pattern_ops");


--
-- Name: nanehouse_client_country_id_172eacb7; Type: INDEX; Schema: public; Owner: eurrkvbyncwetd
--

CREATE INDEX "nanehouse_client_country_id_172eacb7" ON "public"."nanehouse_client" USING "btree" ("country_id");


--
-- Name: nanehouse_clienthouse_client_id_d76636a2; Type: INDEX; Schema: public; Owner: eurrkvbyncwetd
--

CREATE INDEX "nanehouse_clienthouse_client_id_d76636a2" ON "public"."nanehouse_clienthouse" USING "btree" ("client_id");


--
-- Name: nanehouse_clienthouse_house_id_04c4cf4d; Type: INDEX; Schema: public; Owner: eurrkvbyncwetd
--

CREATE INDEX "nanehouse_clienthouse_house_id_04c4cf4d" ON "public"."nanehouse_clienthouse" USING "btree" ("house_id");


--
-- Name: nanehouse_clientpayment_client_id_8fa47717; Type: INDEX; Schema: public; Owner: eurrkvbyncwetd
--

CREATE INDEX "nanehouse_clientpayment_client_id_8fa47717" ON "public"."nanehouse_clientpayment" USING "btree" ("client_id");


--
-- Name: nanehouse_country_currency_id_92f16a01; Type: INDEX; Schema: public; Owner: eurrkvbyncwetd
--

CREATE INDEX "nanehouse_country_currency_id_92f16a01" ON "public"."nanehouse_country" USING "btree" ("currency_id");


--
-- Name: nanehouse_country_name_59dc581a_like; Type: INDEX; Schema: public; Owner: eurrkvbyncwetd
--

CREATE INDEX "nanehouse_country_name_59dc581a_like" ON "public"."nanehouse_country" USING "btree" ("name" "varchar_pattern_ops");


--
-- Name: nanehouse_country_slug_4afc8be6; Type: INDEX; Schema: public; Owner: eurrkvbyncwetd
--

CREATE INDEX "nanehouse_country_slug_4afc8be6" ON "public"."nanehouse_country" USING "btree" ("slug");


--
-- Name: nanehouse_country_slug_4afc8be6_like; Type: INDEX; Schema: public; Owner: eurrkvbyncwetd
--

CREATE INDEX "nanehouse_country_slug_4afc8be6_like" ON "public"."nanehouse_country" USING "btree" ("slug" "varchar_pattern_ops");


--
-- Name: nanehouse_house_owner_id_87da7452; Type: INDEX; Schema: public; Owner: eurrkvbyncwetd
--

CREATE INDEX "nanehouse_house_owner_id_87da7452" ON "public"."nanehouse_house" USING "btree" ("owner_id");


--
-- Name: nanehouse_house_slug_009ce60e_like; Type: INDEX; Schema: public; Owner: eurrkvbyncwetd
--

CREATE INDEX "nanehouse_house_slug_009ce60e_like" ON "public"."nanehouse_house" USING "btree" ("slug" "varchar_pattern_ops");


--
-- Name: nanehouse_house_street_id_63eeea70; Type: INDEX; Schema: public; Owner: eurrkvbyncwetd
--

CREATE INDEX "nanehouse_house_street_id_63eeea70" ON "public"."nanehouse_house" USING "btree" ("street_id");


--
-- Name: nanehouse_houseimage_house_id_2ab9dcf2; Type: INDEX; Schema: public; Owner: eurrkvbyncwetd
--

CREATE INDEX "nanehouse_houseimage_house_id_2ab9dcf2" ON "public"."nanehouse_houseimage" USING "btree" ("house_id");


--
-- Name: nanehouse_ownerpayment_owner_id_82f02a72; Type: INDEX; Schema: public; Owner: eurrkvbyncwetd
--

CREATE INDEX "nanehouse_ownerpayment_owner_id_82f02a72" ON "public"."nanehouse_ownerpayment" USING "btree" ("owner_id");


--
-- Name: nanehouse_street_city_id_4d8d2bad; Type: INDEX; Schema: public; Owner: eurrkvbyncwetd
--

CREATE INDEX "nanehouse_street_city_id_4d8d2bad" ON "public"."nanehouse_street" USING "btree" ("city_id");


--
-- Name: nanehouse_street_slug_5da90b0f; Type: INDEX; Schema: public; Owner: eurrkvbyncwetd
--

CREATE INDEX "nanehouse_street_slug_5da90b0f" ON "public"."nanehouse_street" USING "btree" ("slug");


--
-- Name: nanehouse_street_slug_5da90b0f_like; Type: INDEX; Schema: public; Owner: eurrkvbyncwetd
--

CREATE INDEX "nanehouse_street_slug_5da90b0f_like" ON "public"."nanehouse_street" USING "btree" ("slug" "varchar_pattern_ops");


--
-- Name: ormed_doctor_area_id_8d25a7e2; Type: INDEX; Schema: public; Owner: eurrkvbyncwetd
--

CREATE INDEX "ormed_doctor_area_id_8d25a7e2" ON "public"."ormed_doctor" USING "btree" ("area_id");


--
-- Name: ormed_doctor_country_id_d7c72645; Type: INDEX; Schema: public; Owner: eurrkvbyncwetd
--

CREATE INDEX "ormed_doctor_country_id_d7c72645" ON "public"."ormed_doctor" USING "btree" ("country_id");


--
-- Name: ormed_doctor_id_type_id_94c9d87f; Type: INDEX; Schema: public; Owner: eurrkvbyncwetd
--

CREATE INDEX "ormed_doctor_id_type_id_94c9d87f" ON "public"."ormed_doctor" USING "btree" ("id_type_id");


--
-- Name: ormed_doctor_level_id_eb997ee4; Type: INDEX; Schema: public; Owner: eurrkvbyncwetd
--

CREATE INDEX "ormed_doctor_level_id_eb997ee4" ON "public"."ormed_doctor" USING "btree" ("level_id");


--
-- Name: ormed_doctor_user_id_30a7d3e8; Type: INDEX; Schema: public; Owner: eurrkvbyncwetd
--

CREATE INDEX "ormed_doctor_user_id_30a7d3e8" ON "public"."ormed_doctor" USING "btree" ("user_id");


--
-- Name: ormed_gallery_slug_35cf8841; Type: INDEX; Schema: public; Owner: eurrkvbyncwetd
--

CREATE INDEX "ormed_gallery_slug_35cf8841" ON "public"."ormed_gallery" USING "btree" ("slug");


--
-- Name: ormed_gallery_slug_35cf8841_like; Type: INDEX; Schema: public; Owner: eurrkvbyncwetd
--

CREATE INDEX "ormed_gallery_slug_35cf8841_like" ON "public"."ormed_gallery" USING "btree" ("slug" "varchar_pattern_ops");


--
-- Name: ormed_imagesgallery_gallery_id_0ac7ab03; Type: INDEX; Schema: public; Owner: eurrkvbyncwetd
--

CREATE INDEX "ormed_imagesgallery_gallery_id_0ac7ab03" ON "public"."ormed_imagesgallery" USING "btree" ("gallery_id");


--
-- Name: ormed_law_slug_c038e13a; Type: INDEX; Schema: public; Owner: eurrkvbyncwetd
--

CREATE INDEX "ormed_law_slug_c038e13a" ON "public"."ormed_law" USING "btree" ("slug");


--
-- Name: ormed_law_slug_c038e13a_like; Type: INDEX; Schema: public; Owner: eurrkvbyncwetd
--

CREATE INDEX "ormed_law_slug_c038e13a_like" ON "public"."ormed_law" USING "btree" ("slug" "varchar_pattern_ops");


--
-- Name: ormed_messages_subject_id_30de27fa; Type: INDEX; Schema: public; Owner: eurrkvbyncwetd
--

CREATE INDEX "ormed_messages_subject_id_30de27fa" ON "public"."ormed_messages" USING "btree" ("subject_id");


--
-- Name: ormed_post_slug_613b019e; Type: INDEX; Schema: public; Owner: eurrkvbyncwetd
--

CREATE INDEX "ormed_post_slug_613b019e" ON "public"."ormed_post" USING "btree" ("slug");


--
-- Name: ormed_post_slug_613b019e_like; Type: INDEX; Schema: public; Owner: eurrkvbyncwetd
--

CREATE INDEX "ormed_post_slug_613b019e_like" ON "public"."ormed_post" USING "btree" ("slug" "varchar_pattern_ops");


--
-- Name: ormed_postdocument_post_id_82700cea; Type: INDEX; Schema: public; Owner: eurrkvbyncwetd
--

CREATE INDEX "ormed_postdocument_post_id_82700cea" ON "public"."ormed_postdocument" USING "btree" ("post_id");


--
-- Name: ormed_postimages_post_id_b0fae582; Type: INDEX; Schema: public; Owner: eurrkvbyncwetd
--

CREATE INDEX "ormed_postimages_post_id_b0fae582" ON "public"."ormed_postimages" USING "btree" ("post_id");


--
-- Name: ormed_postvideos_post_id_14ae16f8; Type: INDEX; Schema: public; Owner: eurrkvbyncwetd
--

CREATE INDEX "ormed_postvideos_post_id_14ae16f8" ON "public"."ormed_postvideos" USING "btree" ("post_id");


--
-- Name: ormed_team_doctor_id_d0f416c6; Type: INDEX; Schema: public; Owner: eurrkvbyncwetd
--

CREATE INDEX "ormed_team_doctor_id_d0f416c6" ON "public"."ormed_team" USING "btree" ("doctor_id");


--
-- Name: ormed_team_role_id_10365a9b; Type: INDEX; Schema: public; Owner: eurrkvbyncwetd
--

CREATE INDEX "ormed_team_role_id_10365a9b" ON "public"."ormed_team" USING "btree" ("role_id");


--
-- Name: ormed_usersection_section_id_edc20086; Type: INDEX; Schema: public; Owner: eurrkvbyncwetd
--

CREATE INDEX "ormed_usersection_section_id_edc20086" ON "public"."ormed_usersection" USING "btree" ("section_id");


--
-- Name: ormed_usersection_user_id_73d77613; Type: INDEX; Schema: public; Owner: eurrkvbyncwetd
--

CREATE INDEX "ormed_usersection_user_id_73d77613" ON "public"."ormed_usersection" USING "btree" ("user_id");


--
-- Name: auth_group_permissions auth_group_permissio_permission_id_84c5c92e_fk_auth_perm; Type: FK CONSTRAINT; Schema: public; Owner: eurrkvbyncwetd
--

ALTER TABLE ONLY "public"."auth_group_permissions"
    ADD CONSTRAINT "auth_group_permissio_permission_id_84c5c92e_fk_auth_perm" FOREIGN KEY ("permission_id") REFERENCES "public"."auth_permission"("id") DEFERRABLE INITIALLY DEFERRED;


--
-- Name: auth_group_permissions auth_group_permissions_group_id_b120cbf9_fk_auth_group_id; Type: FK CONSTRAINT; Schema: public; Owner: eurrkvbyncwetd
--

ALTER TABLE ONLY "public"."auth_group_permissions"
    ADD CONSTRAINT "auth_group_permissions_group_id_b120cbf9_fk_auth_group_id" FOREIGN KEY ("group_id") REFERENCES "public"."auth_group"("id") DEFERRABLE INITIALLY DEFERRED;


--
-- Name: auth_permission auth_permission_content_type_id_2f476e4b_fk_django_co; Type: FK CONSTRAINT; Schema: public; Owner: eurrkvbyncwetd
--

ALTER TABLE ONLY "public"."auth_permission"
    ADD CONSTRAINT "auth_permission_content_type_id_2f476e4b_fk_django_co" FOREIGN KEY ("content_type_id") REFERENCES "public"."django_content_type"("id") DEFERRABLE INITIALLY DEFERRED;


--
-- Name: blog_imagestour blog_imagestour_tour_id_8dd08878_fk_blog_tour_id; Type: FK CONSTRAINT; Schema: public; Owner: eurrkvbyncwetd
--

ALTER TABLE ONLY "public"."blog_imagestour"
    ADD CONSTRAINT "blog_imagestour_tour_id_8dd08878_fk_blog_tour_id" FOREIGN KEY ("tour_id") REFERENCES "public"."blog_tour"("id") DEFERRABLE INITIALLY DEFERRED;


--
-- Name: blog_information blog_information_service_id_497d7671_fk_blog_service_id; Type: FK CONSTRAINT; Schema: public; Owner: eurrkvbyncwetd
--

ALTER TABLE ONLY "public"."blog_information"
    ADD CONSTRAINT "blog_information_service_id_497d7671_fk_blog_service_id" FOREIGN KEY ("service_id") REFERENCES "public"."blog_service"("id") DEFERRABLE INITIALLY DEFERRED;


--
-- Name: blog_messages blog_messages_subject_id_763e941b_fk_blog_section_id; Type: FK CONSTRAINT; Schema: public; Owner: eurrkvbyncwetd
--

ALTER TABLE ONLY "public"."blog_messages"
    ADD CONSTRAINT "blog_messages_subject_id_763e941b_fk_blog_section_id" FOREIGN KEY ("subject_id") REFERENCES "public"."blog_section"("id") DEFERRABLE INITIALLY DEFERRED;


--
-- Name: blog_post blog_post_user_id_710cc4d2_fk_core_user_id; Type: FK CONSTRAINT; Schema: public; Owner: eurrkvbyncwetd
--

ALTER TABLE ONLY "public"."blog_post"
    ADD CONSTRAINT "blog_post_user_id_710cc4d2_fk_core_user_id" FOREIGN KEY ("user_id") REFERENCES "public"."core_user"("id") DEFERRABLE INITIALLY DEFERRED;


--
-- Name: blog_postdocument blog_postdocument_post_id_ac9fc16e_fk_blog_post_id; Type: FK CONSTRAINT; Schema: public; Owner: eurrkvbyncwetd
--

ALTER TABLE ONLY "public"."blog_postdocument"
    ADD CONSTRAINT "blog_postdocument_post_id_ac9fc16e_fk_blog_post_id" FOREIGN KEY ("post_id") REFERENCES "public"."blog_post"("id") DEFERRABLE INITIALLY DEFERRED;


--
-- Name: blog_postimages blog_postimages_post_id_93c16f79_fk_blog_post_id; Type: FK CONSTRAINT; Schema: public; Owner: eurrkvbyncwetd
--

ALTER TABLE ONLY "public"."blog_postimages"
    ADD CONSTRAINT "blog_postimages_post_id_93c16f79_fk_blog_post_id" FOREIGN KEY ("post_id") REFERENCES "public"."blog_post"("id") DEFERRABLE INITIALLY DEFERRED;


--
-- Name: blog_postvideos blog_postvideos_post_id_6fefcf6b_fk_blog_post_id; Type: FK CONSTRAINT; Schema: public; Owner: eurrkvbyncwetd
--

ALTER TABLE ONLY "public"."blog_postvideos"
    ADD CONSTRAINT "blog_postvideos_post_id_6fefcf6b_fk_blog_post_id" FOREIGN KEY ("post_id") REFERENCES "public"."blog_post"("id") DEFERRABLE INITIALLY DEFERRED;


--
-- Name: blog_secreatarysection blog_secreatarysecti_secretary_id_8539e942_fk_blog_secr; Type: FK CONSTRAINT; Schema: public; Owner: eurrkvbyncwetd
--

ALTER TABLE ONLY "public"."blog_secreatarysection"
    ADD CONSTRAINT "blog_secreatarysecti_secretary_id_8539e942_fk_blog_secr" FOREIGN KEY ("secretary_id") REFERENCES "public"."blog_secretary"("id") DEFERRABLE INITIALLY DEFERRED;


--
-- Name: blog_secreatarysection blog_secreatarysection_section_id_b39dd532_fk_blog_section_id; Type: FK CONSTRAINT; Schema: public; Owner: eurrkvbyncwetd
--

ALTER TABLE ONLY "public"."blog_secreatarysection"
    ADD CONSTRAINT "blog_secreatarysection_section_id_b39dd532_fk_blog_section_id" FOREIGN KEY ("section_id") REFERENCES "public"."blog_section"("id") DEFERRABLE INITIALLY DEFERRED;


--
-- Name: blog_secretary blog_secretary_user_id_2599788d_fk_core_user_id; Type: FK CONSTRAINT; Schema: public; Owner: eurrkvbyncwetd
--

ALTER TABLE ONLY "public"."blog_secretary"
    ADD CONSTRAINT "blog_secretary_user_id_2599788d_fk_core_user_id" FOREIGN KEY ("user_id") REFERENCES "public"."core_user"("id") DEFERRABLE INITIALLY DEFERRED;


--
-- Name: blog_team blog_team_role_id_8f10eee7_fk_blog_role_id; Type: FK CONSTRAINT; Schema: public; Owner: eurrkvbyncwetd
--

ALTER TABLE ONLY "public"."blog_team"
    ADD CONSTRAINT "blog_team_role_id_8f10eee7_fk_blog_role_id" FOREIGN KEY ("role_id") REFERENCES "public"."blog_role"("id") DEFERRABLE INITIALLY DEFERRED;


--
-- Name: cecab_association cecab_association_district_id_7c685700_fk_cecab_district_id; Type: FK CONSTRAINT; Schema: public; Owner: eurrkvbyncwetd
--

ALTER TABLE ONLY "public"."cecab_association"
    ADD CONSTRAINT "cecab_association_district_id_7c685700_fk_cecab_district_id" FOREIGN KEY ("district_id") REFERENCES "public"."cecab_district"("id") DEFERRABLE INITIALLY DEFERRED;


--
-- Name: cecab_associationimages cecab_associationima_associaton_id_feee73cc_fk_cecab_ass; Type: FK CONSTRAINT; Schema: public; Owner: eurrkvbyncwetd
--

ALTER TABLE ONLY "public"."cecab_associationimages"
    ADD CONSTRAINT "cecab_associationima_associaton_id_feee73cc_fk_cecab_ass" FOREIGN KEY ("associaton_id") REFERENCES "public"."cecab_association"("id") DEFERRABLE INITIALLY DEFERRED;


--
-- Name: cecab_postdocument cecab_postdocument_post_id_153c289f_fk_cecab_post_id; Type: FK CONSTRAINT; Schema: public; Owner: eurrkvbyncwetd
--

ALTER TABLE ONLY "public"."cecab_postdocument"
    ADD CONSTRAINT "cecab_postdocument_post_id_153c289f_fk_cecab_post_id" FOREIGN KEY ("post_id") REFERENCES "public"."cecab_post"("id") DEFERRABLE INITIALLY DEFERRED;


--
-- Name: cecab_postimages cecab_postimages_post_id_7af62d83_fk_cecab_post_id; Type: FK CONSTRAINT; Schema: public; Owner: eurrkvbyncwetd
--

ALTER TABLE ONLY "public"."cecab_postimages"
    ADD CONSTRAINT "cecab_postimages_post_id_7af62d83_fk_cecab_post_id" FOREIGN KEY ("post_id") REFERENCES "public"."cecab_post"("id") DEFERRABLE INITIALLY DEFERRED;


--
-- Name: cecab_postvideos cecab_postvideos_post_id_ff2d3dab_fk_cecab_post_id; Type: FK CONSTRAINT; Schema: public; Owner: eurrkvbyncwetd
--

ALTER TABLE ONLY "public"."cecab_postvideos"
    ADD CONSTRAINT "cecab_postvideos_post_id_ff2d3dab_fk_cecab_post_id" FOREIGN KEY ("post_id") REFERENCES "public"."cecab_post"("id") DEFERRABLE INITIALLY DEFERRED;


--
-- Name: cecab_team cecab_team_role_id_7300d94b_fk_cecab_role_id; Type: FK CONSTRAINT; Schema: public; Owner: eurrkvbyncwetd
--

ALTER TABLE ONLY "public"."cecab_team"
    ADD CONSTRAINT "cecab_team_role_id_7300d94b_fk_cecab_role_id" FOREIGN KEY ("role_id") REFERENCES "public"."cecab_role"("id") DEFERRABLE INITIALLY DEFERRED;


--
-- Name: certificates_cemiterio certificates_cemiter_county_id_8831d510_fk_certifica; Type: FK CONSTRAINT; Schema: public; Owner: eurrkvbyncwetd
--

ALTER TABLE ONLY "public"."certificates_cemiterio"
    ADD CONSTRAINT "certificates_cemiter_county_id_8831d510_fk_certifica" FOREIGN KEY ("county_id") REFERENCES "public"."certificates_county"("id") DEFERRABLE INITIALLY DEFERRED;


--
-- Name: certificates_certificatetitle certificates_certifi_certificate_type_id_6db9cf7f_fk_certifica; Type: FK CONSTRAINT; Schema: public; Owner: eurrkvbyncwetd
--

ALTER TABLE ONLY "public"."certificates_certificatetitle"
    ADD CONSTRAINT "certificates_certifi_certificate_type_id_6db9cf7f_fk_certifica" FOREIGN KEY ("certificate_type_id") REFERENCES "public"."certificates_certificatetypes"("id") DEFERRABLE INITIALLY DEFERRED;


--
-- Name: certificates_certificatedata certificates_certifi_house_id_473c4962_fk_certifica; Type: FK CONSTRAINT; Schema: public; Owner: eurrkvbyncwetd
--

ALTER TABLE ONLY "public"."certificates_certificatedata"
    ADD CONSTRAINT "certificates_certifi_house_id_473c4962_fk_certifica" FOREIGN KEY ("house_id") REFERENCES "public"."certificates_house"("id") DEFERRABLE INITIALLY DEFERRED;


--
-- Name: certificates_certificate certificates_certifi_house_id_9bbefafd_fk_certifica; Type: FK CONSTRAINT; Schema: public; Owner: eurrkvbyncwetd
--

ALTER TABLE ONLY "public"."certificates_certificate"
    ADD CONSTRAINT "certificates_certifi_house_id_9bbefafd_fk_certifica" FOREIGN KEY ("house_id") REFERENCES "public"."certificates_house"("id") DEFERRABLE INITIALLY DEFERRED;


--
-- Name: certificates_certificatesimpleparent certificates_certifi_parent_id_856f4413_fk_certifica; Type: FK CONSTRAINT; Schema: public; Owner: eurrkvbyncwetd
--

ALTER TABLE ONLY "public"."certificates_certificatesimpleparent"
    ADD CONSTRAINT "certificates_certifi_parent_id_856f4413_fk_certifica" FOREIGN KEY ("parent_id") REFERENCES "public"."certificates_parent"("id") DEFERRABLE INITIALLY DEFERRED;


--
-- Name: certificates_certificatedate certificates_certifi_type_id_3b64928c_fk_certifica; Type: FK CONSTRAINT; Schema: public; Owner: eurrkvbyncwetd
--

ALTER TABLE ONLY "public"."certificates_certificatedate"
    ADD CONSTRAINT "certificates_certifi_type_id_3b64928c_fk_certifica" FOREIGN KEY ("type_id") REFERENCES "public"."certificates_certificatetitle"("id") DEFERRABLE INITIALLY DEFERRED;


--
-- Name: certificates_certificate certificates_certifi_type_id_4a9132d6_fk_certifica; Type: FK CONSTRAINT; Schema: public; Owner: eurrkvbyncwetd
--

ALTER TABLE ONLY "public"."certificates_certificate"
    ADD CONSTRAINT "certificates_certifi_type_id_4a9132d6_fk_certifica" FOREIGN KEY ("type_id") REFERENCES "public"."certificates_certificatetitle"("id") DEFERRABLE INITIALLY DEFERRED;


--
-- Name: certificates_certificatesingleperson certificates_certifi_type_id_b6743fb4_fk_certifica; Type: FK CONSTRAINT; Schema: public; Owner: eurrkvbyncwetd
--

ALTER TABLE ONLY "public"."certificates_certificatesingleperson"
    ADD CONSTRAINT "certificates_certifi_type_id_b6743fb4_fk_certifica" FOREIGN KEY ("type_id") REFERENCES "public"."certificates_certificatetitle"("id") DEFERRABLE INITIALLY DEFERRED;


--
-- Name: certificates_certificatesimpleperson certificates_certifi_type_id_eb108c6c_fk_certifica; Type: FK CONSTRAINT; Schema: public; Owner: eurrkvbyncwetd
--

ALTER TABLE ONLY "public"."certificates_certificatesimpleperson"
    ADD CONSTRAINT "certificates_certifi_type_id_eb108c6c_fk_certifica" FOREIGN KEY ("type_id") REFERENCES "public"."certificates_certificatetitle"("id") DEFERRABLE INITIALLY DEFERRED;


--
-- Name: certificates_certificatesimpleparent certificates_certifi_type_id_ee81710a_fk_certifica; Type: FK CONSTRAINT; Schema: public; Owner: eurrkvbyncwetd
--

ALTER TABLE ONLY "public"."certificates_certificatesimpleparent"
    ADD CONSTRAINT "certificates_certifi_type_id_ee81710a_fk_certifica" FOREIGN KEY ("type_id") REFERENCES "public"."certificates_certificatetitle"("id") DEFERRABLE INITIALLY DEFERRED;


--
-- Name: certificates_certificate certificates_certificate_main_person_id_979c3025_fk; Type: FK CONSTRAINT; Schema: public; Owner: eurrkvbyncwetd
--

ALTER TABLE ONLY "public"."certificates_certificate"
    ADD CONSTRAINT "certificates_certificate_main_person_id_979c3025_fk" FOREIGN KEY ("main_person_id") REFERENCES "public"."certificates_person"("id") DEFERRABLE INITIALLY DEFERRED;


--
-- Name: certificates_certificate certificates_certificate_secondary_person_id_867d2654_fk; Type: FK CONSTRAINT; Schema: public; Owner: eurrkvbyncwetd
--

ALTER TABLE ONLY "public"."certificates_certificate"
    ADD CONSTRAINT "certificates_certificate_secondary_person_id_867d2654_fk" FOREIGN KEY ("secondary_person_id") REFERENCES "public"."certificates_person"("id") DEFERRABLE INITIALLY DEFERRED;


--
-- Name: certificates_certificatedata certificates_certificatedata_certificate_id_3889aa48_fk; Type: FK CONSTRAINT; Schema: public; Owner: eurrkvbyncwetd
--

ALTER TABLE ONLY "public"."certificates_certificatedata"
    ADD CONSTRAINT "certificates_certificatedata_certificate_id_3889aa48_fk" FOREIGN KEY ("certificate_id") REFERENCES "public"."certificates_certificate"("id") DEFERRABLE INITIALLY DEFERRED;


--
-- Name: certificates_county certificates_county_country_id_ecc410b6_fk_certifica; Type: FK CONSTRAINT; Schema: public; Owner: eurrkvbyncwetd
--

ALTER TABLE ONLY "public"."certificates_county"
    ADD CONSTRAINT "certificates_county_country_id_ecc410b6_fk_certifica" FOREIGN KEY ("country_id") REFERENCES "public"."certificates_country"("id") DEFERRABLE INITIALLY DEFERRED;


--
-- Name: certificates_coval certificates_coval_cemiterio_id_aee77d0d_fk_certifica; Type: FK CONSTRAINT; Schema: public; Owner: eurrkvbyncwetd
--

ALTER TABLE ONLY "public"."certificates_coval"
    ADD CONSTRAINT "certificates_coval_cemiterio_id_aee77d0d_fk_certifica" FOREIGN KEY ("cemiterio_id") REFERENCES "public"."certificates_cemiterio"("id") DEFERRABLE INITIALLY DEFERRED;


--
-- Name: certificates_covalsalles certificates_covalsa_coval_id_4be93c1e_fk_certifica; Type: FK CONSTRAINT; Schema: public; Owner: eurrkvbyncwetd
--

ALTER TABLE ONLY "public"."certificates_covalsalles"
    ADD CONSTRAINT "certificates_covalsa_coval_id_4be93c1e_fk_certifica" FOREIGN KEY ("coval_id") REFERENCES "public"."certificates_coval"("id") DEFERRABLE INITIALLY DEFERRED;


--
-- Name: certificates_covalsalles certificates_covalsalles_person_id_72eba974_fk; Type: FK CONSTRAINT; Schema: public; Owner: eurrkvbyncwetd
--

ALTER TABLE ONLY "public"."certificates_covalsalles"
    ADD CONSTRAINT "certificates_covalsalles_person_id_72eba974_fk" FOREIGN KEY ("person_id") REFERENCES "public"."certificates_person"("id") DEFERRABLE INITIALLY DEFERRED;


--
-- Name: certificates_customer certificates_customer_user_id_05f5f542_fk_core_user_id; Type: FK CONSTRAINT; Schema: public; Owner: eurrkvbyncwetd
--

ALTER TABLE ONLY "public"."certificates_customer"
    ADD CONSTRAINT "certificates_customer_user_id_05f5f542_fk_core_user_id" FOREIGN KEY ("user_id") REFERENCES "public"."core_user"("id") DEFERRABLE INITIALLY DEFERRED;


--
-- Name: certificates_house certificates_house_street_id_3c8c965e_fk_certificates_street_id; Type: FK CONSTRAINT; Schema: public; Owner: eurrkvbyncwetd
--

ALTER TABLE ONLY "public"."certificates_house"
    ADD CONSTRAINT "certificates_house_street_id_3c8c965e_fk_certificates_street_id" FOREIGN KEY ("street_id") REFERENCES "public"."certificates_street"("id") DEFERRABLE INITIALLY DEFERRED;


--
-- Name: certificates_person certificates_person_address_id_891bdd2c_fk_certifica; Type: FK CONSTRAINT; Schema: public; Owner: eurrkvbyncwetd
--

ALTER TABLE ONLY "public"."certificates_person"
    ADD CONSTRAINT "certificates_person_address_id_891bdd2c_fk_certifica" FOREIGN KEY ("address_id") REFERENCES "public"."certificates_house"("id") DEFERRABLE INITIALLY DEFERRED;


--
-- Name: certificates_person certificates_person_birth_address_id_4fc7bce6_fk_certifica; Type: FK CONSTRAINT; Schema: public; Owner: eurrkvbyncwetd
--

ALTER TABLE ONLY "public"."certificates_person"
    ADD CONSTRAINT "certificates_person_birth_address_id_4fc7bce6_fk_certifica" FOREIGN KEY ("birth_address_id") REFERENCES "public"."certificates_personbirthaddress"("id") DEFERRABLE INITIALLY DEFERRED;


--
-- Name: certificates_person certificates_person_id_issue_country_id_95028c66_fk_certifica; Type: FK CONSTRAINT; Schema: public; Owner: eurrkvbyncwetd
--

ALTER TABLE ONLY "public"."certificates_person"
    ADD CONSTRAINT "certificates_person_id_issue_country_id_95028c66_fk_certifica" FOREIGN KEY ("id_issue_country_id") REFERENCES "public"."certificates_country"("id") DEFERRABLE INITIALLY DEFERRED;


--
-- Name: certificates_person certificates_person_id_issue_local_id_a359e77f_fk_certifica; Type: FK CONSTRAINT; Schema: public; Owner: eurrkvbyncwetd
--

ALTER TABLE ONLY "public"."certificates_person"
    ADD CONSTRAINT "certificates_person_id_issue_local_id_a359e77f_fk_certifica" FOREIGN KEY ("id_issue_local_id") REFERENCES "public"."certificates_instituition"("id") DEFERRABLE INITIALLY DEFERRED;


--
-- Name: certificates_person certificates_person_id_type_id_858f63d9_fk_certifica; Type: FK CONSTRAINT; Schema: public; Owner: eurrkvbyncwetd
--

ALTER TABLE ONLY "public"."certificates_person"
    ADD CONSTRAINT "certificates_person_id_type_id_858f63d9_fk_certifica" FOREIGN KEY ("id_type_id") REFERENCES "public"."certificates_idtype"("id") DEFERRABLE INITIALLY DEFERRED;


--
-- Name: certificates_person certificates_person_nationality_id_60675e1c_fk_certifica; Type: FK CONSTRAINT; Schema: public; Owner: eurrkvbyncwetd
--

ALTER TABLE ONLY "public"."certificates_person"
    ADD CONSTRAINT "certificates_person_nationality_id_60675e1c_fk_certifica" FOREIGN KEY ("nationality_id") REFERENCES "public"."certificates_country"("id") DEFERRABLE INITIALLY DEFERRED;


--
-- Name: certificates_personbirthaddress certificates_personb_birth_country_id_d55738bd_fk_certifica; Type: FK CONSTRAINT; Schema: public; Owner: eurrkvbyncwetd
--

ALTER TABLE ONLY "public"."certificates_personbirthaddress"
    ADD CONSTRAINT "certificates_personb_birth_country_id_d55738bd_fk_certifica" FOREIGN KEY ("birth_country_id") REFERENCES "public"."certificates_country"("id") DEFERRABLE INITIALLY DEFERRED;


--
-- Name: certificates_personbirthaddress certificates_personb_birth_county_id_413de345_fk_certifica; Type: FK CONSTRAINT; Schema: public; Owner: eurrkvbyncwetd
--

ALTER TABLE ONLY "public"."certificates_personbirthaddress"
    ADD CONSTRAINT "certificates_personb_birth_county_id_413de345_fk_certifica" FOREIGN KEY ("birth_county_id") REFERENCES "public"."certificates_county"("id") DEFERRABLE INITIALLY DEFERRED;


--
-- Name: certificates_personbirthaddress certificates_personb_birth_street_id_1757709c_fk_certifica; Type: FK CONSTRAINT; Schema: public; Owner: eurrkvbyncwetd
--

ALTER TABLE ONLY "public"."certificates_personbirthaddress"
    ADD CONSTRAINT "certificates_personb_birth_street_id_1757709c_fk_certifica" FOREIGN KEY ("birth_street_id") REFERENCES "public"."certificates_street"("id") DEFERRABLE INITIALLY DEFERRED;


--
-- Name: certificates_personbirthaddress certificates_personb_birth_town_id_513497eb_fk_certifica; Type: FK CONSTRAINT; Schema: public; Owner: eurrkvbyncwetd
--

ALTER TABLE ONLY "public"."certificates_personbirthaddress"
    ADD CONSTRAINT "certificates_personb_birth_town_id_513497eb_fk_certifica" FOREIGN KEY ("birth_town_id") REFERENCES "public"."certificates_town"("id") DEFERRABLE INITIALLY DEFERRED;


--
-- Name: certificates_street certificates_street_county_id_d5ffd475_fk_certifica; Type: FK CONSTRAINT; Schema: public; Owner: eurrkvbyncwetd
--

ALTER TABLE ONLY "public"."certificates_street"
    ADD CONSTRAINT "certificates_street_county_id_d5ffd475_fk_certifica" FOREIGN KEY ("county_id") REFERENCES "public"."certificates_county"("id") DEFERRABLE INITIALLY DEFERRED;


--
-- Name: certificates_street certificates_street_town_id_542f73f8_fk_certificates_town_id; Type: FK CONSTRAINT; Schema: public; Owner: eurrkvbyncwetd
--

ALTER TABLE ONLY "public"."certificates_street"
    ADD CONSTRAINT "certificates_street_town_id_542f73f8_fk_certificates_town_id" FOREIGN KEY ("town_id") REFERENCES "public"."certificates_town"("id") DEFERRABLE INITIALLY DEFERRED;


--
-- Name: certificates_town certificates_town_county_id_1252f6d1_fk_certificates_county_id; Type: FK CONSTRAINT; Schema: public; Owner: eurrkvbyncwetd
--

ALTER TABLE ONLY "public"."certificates_town"
    ADD CONSTRAINT "certificates_town_county_id_1252f6d1_fk_certificates_county_id" FOREIGN KEY ("county_id") REFERENCES "public"."certificates_county"("id") DEFERRABLE INITIALLY DEFERRED;


--
-- Name: cmz_imagestour cmz_imagestour_tour_id_ba758a05_fk_cmz_tour_id; Type: FK CONSTRAINT; Schema: public; Owner: eurrkvbyncwetd
--

ALTER TABLE ONLY "public"."cmz_imagestour"
    ADD CONSTRAINT "cmz_imagestour_tour_id_ba758a05_fk_cmz_tour_id" FOREIGN KEY ("tour_id") REFERENCES "public"."cmz_tour"("id") DEFERRABLE INITIALLY DEFERRED;


--
-- Name: cmz_information cmz_information_service_id_e155a573_fk_cmz_service_id; Type: FK CONSTRAINT; Schema: public; Owner: eurrkvbyncwetd
--

ALTER TABLE ONLY "public"."cmz_information"
    ADD CONSTRAINT "cmz_information_service_id_e155a573_fk_cmz_service_id" FOREIGN KEY ("service_id") REFERENCES "public"."cmz_service"("id") DEFERRABLE INITIALLY DEFERRED;


--
-- Name: cmz_post cmz_post_user_id_375c8c52_fk_core_user_id; Type: FK CONSTRAINT; Schema: public; Owner: eurrkvbyncwetd
--

ALTER TABLE ONLY "public"."cmz_post"
    ADD CONSTRAINT "cmz_post_user_id_375c8c52_fk_core_user_id" FOREIGN KEY ("user_id") REFERENCES "public"."core_user"("id") DEFERRABLE INITIALLY DEFERRED;


--
-- Name: cmz_postdocument cmz_postdocument_post_id_6a107af4_fk_cmz_post_id; Type: FK CONSTRAINT; Schema: public; Owner: eurrkvbyncwetd
--

ALTER TABLE ONLY "public"."cmz_postdocument"
    ADD CONSTRAINT "cmz_postdocument_post_id_6a107af4_fk_cmz_post_id" FOREIGN KEY ("post_id") REFERENCES "public"."cmz_post"("id") DEFERRABLE INITIALLY DEFERRED;


--
-- Name: cmz_postimages cmz_postimages_post_id_8fd61eac_fk_cmz_post_id; Type: FK CONSTRAINT; Schema: public; Owner: eurrkvbyncwetd
--

ALTER TABLE ONLY "public"."cmz_postimages"
    ADD CONSTRAINT "cmz_postimages_post_id_8fd61eac_fk_cmz_post_id" FOREIGN KEY ("post_id") REFERENCES "public"."cmz_post"("id") DEFERRABLE INITIALLY DEFERRED;


--
-- Name: cmz_postvideos cmz_postvideos_post_id_21641a64_fk_cmz_post_id; Type: FK CONSTRAINT; Schema: public; Owner: eurrkvbyncwetd
--

ALTER TABLE ONLY "public"."cmz_postvideos"
    ADD CONSTRAINT "cmz_postvideos_post_id_21641a64_fk_cmz_post_id" FOREIGN KEY ("post_id") REFERENCES "public"."cmz_post"("id") DEFERRABLE INITIALLY DEFERRED;


--
-- Name: cmz_secreatarysection cmz_secreatarysection_secretary_id_126c8c9c_fk_cmz_secretary_id; Type: FK CONSTRAINT; Schema: public; Owner: eurrkvbyncwetd
--

ALTER TABLE ONLY "public"."cmz_secreatarysection"
    ADD CONSTRAINT "cmz_secreatarysection_secretary_id_126c8c9c_fk_cmz_secretary_id" FOREIGN KEY ("secretary_id") REFERENCES "public"."cmz_secretary"("id") DEFERRABLE INITIALLY DEFERRED;


--
-- Name: cmz_secreatarysection cmz_secreatarysection_section_id_7fa241ae_fk_cmz_section_id; Type: FK CONSTRAINT; Schema: public; Owner: eurrkvbyncwetd
--

ALTER TABLE ONLY "public"."cmz_secreatarysection"
    ADD CONSTRAINT "cmz_secreatarysection_section_id_7fa241ae_fk_cmz_section_id" FOREIGN KEY ("section_id") REFERENCES "public"."cmz_section"("id") DEFERRABLE INITIALLY DEFERRED;


--
-- Name: cmz_secretary cmz_secretary_user_id_2c1561a0_fk_core_user_id; Type: FK CONSTRAINT; Schema: public; Owner: eurrkvbyncwetd
--

ALTER TABLE ONLY "public"."cmz_secretary"
    ADD CONSTRAINT "cmz_secretary_user_id_2c1561a0_fk_core_user_id" FOREIGN KEY ("user_id") REFERENCES "public"."core_user"("id") DEFERRABLE INITIALLY DEFERRED;


--
-- Name: cmz_team cmz_team_role_id_ebfdc3bc_fk_cmz_role_id; Type: FK CONSTRAINT; Schema: public; Owner: eurrkvbyncwetd
--

ALTER TABLE ONLY "public"."cmz_team"
    ADD CONSTRAINT "cmz_team_role_id_ebfdc3bc_fk_cmz_role_id" FOREIGN KEY ("role_id") REFERENCES "public"."cmz_role"("id") DEFERRABLE INITIALLY DEFERRED;


--
-- Name: core_user_groups core_user_groups_group_id_fe8c697f_fk_auth_group_id; Type: FK CONSTRAINT; Schema: public; Owner: eurrkvbyncwetd
--

ALTER TABLE ONLY "public"."core_user_groups"
    ADD CONSTRAINT "core_user_groups_group_id_fe8c697f_fk_auth_group_id" FOREIGN KEY ("group_id") REFERENCES "public"."auth_group"("id") DEFERRABLE INITIALLY DEFERRED;


--
-- Name: core_user_groups core_user_groups_user_id_70b4d9b8_fk_core_user_id; Type: FK CONSTRAINT; Schema: public; Owner: eurrkvbyncwetd
--

ALTER TABLE ONLY "public"."core_user_groups"
    ADD CONSTRAINT "core_user_groups_user_id_70b4d9b8_fk_core_user_id" FOREIGN KEY ("user_id") REFERENCES "public"."core_user"("id") DEFERRABLE INITIALLY DEFERRED;


--
-- Name: core_user_user_permissions core_user_user_permi_permission_id_35ccf601_fk_auth_perm; Type: FK CONSTRAINT; Schema: public; Owner: eurrkvbyncwetd
--

ALTER TABLE ONLY "public"."core_user_user_permissions"
    ADD CONSTRAINT "core_user_user_permi_permission_id_35ccf601_fk_auth_perm" FOREIGN KEY ("permission_id") REFERENCES "public"."auth_permission"("id") DEFERRABLE INITIALLY DEFERRED;


--
-- Name: core_user_user_permissions core_user_user_permissions_user_id_085123d3_fk_core_user_id; Type: FK CONSTRAINT; Schema: public; Owner: eurrkvbyncwetd
--

ALTER TABLE ONLY "public"."core_user_user_permissions"
    ADD CONSTRAINT "core_user_user_permissions_user_id_085123d3_fk_core_user_id" FOREIGN KEY ("user_id") REFERENCES "public"."core_user"("id") DEFERRABLE INITIALLY DEFERRED;


--
-- Name: django_admin_log django_admin_log_content_type_id_c4bce8eb_fk_django_co; Type: FK CONSTRAINT; Schema: public; Owner: eurrkvbyncwetd
--

ALTER TABLE ONLY "public"."django_admin_log"
    ADD CONSTRAINT "django_admin_log_content_type_id_c4bce8eb_fk_django_co" FOREIGN KEY ("content_type_id") REFERENCES "public"."django_content_type"("id") DEFERRABLE INITIALLY DEFERRED;


--
-- Name: django_admin_log django_admin_log_user_id_c564eba6_fk_core_user_id; Type: FK CONSTRAINT; Schema: public; Owner: eurrkvbyncwetd
--

ALTER TABLE ONLY "public"."django_admin_log"
    ADD CONSTRAINT "django_admin_log_user_id_c564eba6_fk_core_user_id" FOREIGN KEY ("user_id") REFERENCES "public"."core_user"("id") DEFERRABLE INITIALLY DEFERRED;


--
-- Name: nanehouse_city nanehouse_city_country_id_ec93c183_fk_nanehouse_country_id; Type: FK CONSTRAINT; Schema: public; Owner: eurrkvbyncwetd
--

ALTER TABLE ONLY "public"."nanehouse_city"
    ADD CONSTRAINT "nanehouse_city_country_id_ec93c183_fk_nanehouse_country_id" FOREIGN KEY ("country_id") REFERENCES "public"."nanehouse_country"("id") DEFERRABLE INITIALLY DEFERRED;


--
-- Name: nanehouse_client nanehouse_client_country_id_172eacb7_fk_nanehouse_country_id; Type: FK CONSTRAINT; Schema: public; Owner: eurrkvbyncwetd
--

ALTER TABLE ONLY "public"."nanehouse_client"
    ADD CONSTRAINT "nanehouse_client_country_id_172eacb7_fk_nanehouse_country_id" FOREIGN KEY ("country_id") REFERENCES "public"."nanehouse_country"("id") DEFERRABLE INITIALLY DEFERRED;


--
-- Name: nanehouse_clienthouse nanehouse_clienthouse_client_id_d76636a2_fk_nanehouse_client_id; Type: FK CONSTRAINT; Schema: public; Owner: eurrkvbyncwetd
--

ALTER TABLE ONLY "public"."nanehouse_clienthouse"
    ADD CONSTRAINT "nanehouse_clienthouse_client_id_d76636a2_fk_nanehouse_client_id" FOREIGN KEY ("client_id") REFERENCES "public"."nanehouse_client"("id") DEFERRABLE INITIALLY DEFERRED;


--
-- Name: nanehouse_clienthouse nanehouse_clienthouse_house_id_04c4cf4d_fk_nanehouse_house_id; Type: FK CONSTRAINT; Schema: public; Owner: eurrkvbyncwetd
--

ALTER TABLE ONLY "public"."nanehouse_clienthouse"
    ADD CONSTRAINT "nanehouse_clienthouse_house_id_04c4cf4d_fk_nanehouse_house_id" FOREIGN KEY ("house_id") REFERENCES "public"."nanehouse_house"("id") DEFERRABLE INITIALLY DEFERRED;


--
-- Name: nanehouse_clientpayment nanehouse_clientpaym_client_id_8fa47717_fk_nanehouse; Type: FK CONSTRAINT; Schema: public; Owner: eurrkvbyncwetd
--

ALTER TABLE ONLY "public"."nanehouse_clientpayment"
    ADD CONSTRAINT "nanehouse_clientpaym_client_id_8fa47717_fk_nanehouse" FOREIGN KEY ("client_id") REFERENCES "public"."nanehouse_client"("id") DEFERRABLE INITIALLY DEFERRED;


--
-- Name: nanehouse_country nanehouse_country_currency_id_92f16a01_fk_nanehouse_currency_id; Type: FK CONSTRAINT; Schema: public; Owner: eurrkvbyncwetd
--

ALTER TABLE ONLY "public"."nanehouse_country"
    ADD CONSTRAINT "nanehouse_country_currency_id_92f16a01_fk_nanehouse_currency_id" FOREIGN KEY ("currency_id") REFERENCES "public"."nanehouse_currency"("id") DEFERRABLE INITIALLY DEFERRED;


--
-- Name: nanehouse_customer nanehouse_customer_user_id_7c4df246_fk_core_user_id; Type: FK CONSTRAINT; Schema: public; Owner: eurrkvbyncwetd
--

ALTER TABLE ONLY "public"."nanehouse_customer"
    ADD CONSTRAINT "nanehouse_customer_user_id_7c4df246_fk_core_user_id" FOREIGN KEY ("user_id") REFERENCES "public"."core_user"("id") DEFERRABLE INITIALLY DEFERRED;


--
-- Name: nanehouse_house nanehouse_house_owner_id_87da7452_fk_nanehouse_client_id; Type: FK CONSTRAINT; Schema: public; Owner: eurrkvbyncwetd
--

ALTER TABLE ONLY "public"."nanehouse_house"
    ADD CONSTRAINT "nanehouse_house_owner_id_87da7452_fk_nanehouse_client_id" FOREIGN KEY ("owner_id") REFERENCES "public"."nanehouse_client"("id") DEFERRABLE INITIALLY DEFERRED;


--
-- Name: nanehouse_house nanehouse_house_street_id_63eeea70_fk_nanehouse_street_id; Type: FK CONSTRAINT; Schema: public; Owner: eurrkvbyncwetd
--

ALTER TABLE ONLY "public"."nanehouse_house"
    ADD CONSTRAINT "nanehouse_house_street_id_63eeea70_fk_nanehouse_street_id" FOREIGN KEY ("street_id") REFERENCES "public"."nanehouse_street"("id") DEFERRABLE INITIALLY DEFERRED;


--
-- Name: nanehouse_houseimage nanehouse_houseimage_house_id_2ab9dcf2_fk_nanehouse_house_id; Type: FK CONSTRAINT; Schema: public; Owner: eurrkvbyncwetd
--

ALTER TABLE ONLY "public"."nanehouse_houseimage"
    ADD CONSTRAINT "nanehouse_houseimage_house_id_2ab9dcf2_fk_nanehouse_house_id" FOREIGN KEY ("house_id") REFERENCES "public"."nanehouse_house"("id") DEFERRABLE INITIALLY DEFERRED;


--
-- Name: nanehouse_ownerpayment nanehouse_ownerpayment_owner_id_82f02a72_fk_nanehouse_client_id; Type: FK CONSTRAINT; Schema: public; Owner: eurrkvbyncwetd
--

ALTER TABLE ONLY "public"."nanehouse_ownerpayment"
    ADD CONSTRAINT "nanehouse_ownerpayment_owner_id_82f02a72_fk_nanehouse_client_id" FOREIGN KEY ("owner_id") REFERENCES "public"."nanehouse_client"("id") DEFERRABLE INITIALLY DEFERRED;


--
-- Name: nanehouse_street nanehouse_street_city_id_4d8d2bad_fk_nanehouse_city_id; Type: FK CONSTRAINT; Schema: public; Owner: eurrkvbyncwetd
--

ALTER TABLE ONLY "public"."nanehouse_street"
    ADD CONSTRAINT "nanehouse_street_city_id_4d8d2bad_fk_nanehouse_city_id" FOREIGN KEY ("city_id") REFERENCES "public"."nanehouse_city"("id") DEFERRABLE INITIALLY DEFERRED;


--
-- Name: ormed_doctor ormed_doctor_area_id_8d25a7e2_fk_ormed_area_id; Type: FK CONSTRAINT; Schema: public; Owner: eurrkvbyncwetd
--

ALTER TABLE ONLY "public"."ormed_doctor"
    ADD CONSTRAINT "ormed_doctor_area_id_8d25a7e2_fk_ormed_area_id" FOREIGN KEY ("area_id") REFERENCES "public"."ormed_area"("id") DEFERRABLE INITIALLY DEFERRED;


--
-- Name: ormed_doctor ormed_doctor_country_id_d7c72645_fk_ormed_country_id; Type: FK CONSTRAINT; Schema: public; Owner: eurrkvbyncwetd
--

ALTER TABLE ONLY "public"."ormed_doctor"
    ADD CONSTRAINT "ormed_doctor_country_id_d7c72645_fk_ormed_country_id" FOREIGN KEY ("country_id") REFERENCES "public"."ormed_country"("id") DEFERRABLE INITIALLY DEFERRED;


--
-- Name: ormed_doctor ormed_doctor_id_type_id_94c9d87f_fk_ormed_idtype_id; Type: FK CONSTRAINT; Schema: public; Owner: eurrkvbyncwetd
--

ALTER TABLE ONLY "public"."ormed_doctor"
    ADD CONSTRAINT "ormed_doctor_id_type_id_94c9d87f_fk_ormed_idtype_id" FOREIGN KEY ("id_type_id") REFERENCES "public"."ormed_idtype"("id") DEFERRABLE INITIALLY DEFERRED;


--
-- Name: ormed_doctor ormed_doctor_level_id_eb997ee4_fk_ormed_level_id; Type: FK CONSTRAINT; Schema: public; Owner: eurrkvbyncwetd
--

ALTER TABLE ONLY "public"."ormed_doctor"
    ADD CONSTRAINT "ormed_doctor_level_id_eb997ee4_fk_ormed_level_id" FOREIGN KEY ("level_id") REFERENCES "public"."ormed_level"("id") DEFERRABLE INITIALLY DEFERRED;


--
-- Name: ormed_doctor ormed_doctor_user_id_30a7d3e8_fk_core_user_id; Type: FK CONSTRAINT; Schema: public; Owner: eurrkvbyncwetd
--

ALTER TABLE ONLY "public"."ormed_doctor"
    ADD CONSTRAINT "ormed_doctor_user_id_30a7d3e8_fk_core_user_id" FOREIGN KEY ("user_id") REFERENCES "public"."core_user"("id") DEFERRABLE INITIALLY DEFERRED;


--
-- Name: ormed_imagesgallery ormed_imagesgallery_gallery_id_0ac7ab03_fk_ormed_gallery_id; Type: FK CONSTRAINT; Schema: public; Owner: eurrkvbyncwetd
--

ALTER TABLE ONLY "public"."ormed_imagesgallery"
    ADD CONSTRAINT "ormed_imagesgallery_gallery_id_0ac7ab03_fk_ormed_gallery_id" FOREIGN KEY ("gallery_id") REFERENCES "public"."ormed_gallery"("id") DEFERRABLE INITIALLY DEFERRED;


--
-- Name: ormed_messages ormed_messages_subject_id_30de27fa_fk_ormed_section_id; Type: FK CONSTRAINT; Schema: public; Owner: eurrkvbyncwetd
--

ALTER TABLE ONLY "public"."ormed_messages"
    ADD CONSTRAINT "ormed_messages_subject_id_30de27fa_fk_ormed_section_id" FOREIGN KEY ("subject_id") REFERENCES "public"."ormed_section"("id") DEFERRABLE INITIALLY DEFERRED;


--
-- Name: ormed_postdocument ormed_postdocument_post_id_82700cea_fk_ormed_post_id; Type: FK CONSTRAINT; Schema: public; Owner: eurrkvbyncwetd
--

ALTER TABLE ONLY "public"."ormed_postdocument"
    ADD CONSTRAINT "ormed_postdocument_post_id_82700cea_fk_ormed_post_id" FOREIGN KEY ("post_id") REFERENCES "public"."ormed_post"("id") DEFERRABLE INITIALLY DEFERRED;


--
-- Name: ormed_postimages ormed_postimages_post_id_b0fae582_fk_ormed_post_id; Type: FK CONSTRAINT; Schema: public; Owner: eurrkvbyncwetd
--

ALTER TABLE ONLY "public"."ormed_postimages"
    ADD CONSTRAINT "ormed_postimages_post_id_b0fae582_fk_ormed_post_id" FOREIGN KEY ("post_id") REFERENCES "public"."ormed_post"("id") DEFERRABLE INITIALLY DEFERRED;


--
-- Name: ormed_postvideos ormed_postvideos_post_id_14ae16f8_fk_ormed_post_id; Type: FK CONSTRAINT; Schema: public; Owner: eurrkvbyncwetd
--

ALTER TABLE ONLY "public"."ormed_postvideos"
    ADD CONSTRAINT "ormed_postvideos_post_id_14ae16f8_fk_ormed_post_id" FOREIGN KEY ("post_id") REFERENCES "public"."ormed_post"("id") DEFERRABLE INITIALLY DEFERRED;


--
-- Name: ormed_team ormed_team_doctor_id_d0f416c6_fk_ormed_doctor_id; Type: FK CONSTRAINT; Schema: public; Owner: eurrkvbyncwetd
--

ALTER TABLE ONLY "public"."ormed_team"
    ADD CONSTRAINT "ormed_team_doctor_id_d0f416c6_fk_ormed_doctor_id" FOREIGN KEY ("doctor_id") REFERENCES "public"."ormed_doctor"("id") DEFERRABLE INITIALLY DEFERRED;


--
-- Name: ormed_team ormed_team_role_id_10365a9b_fk_ormed_role_id; Type: FK CONSTRAINT; Schema: public; Owner: eurrkvbyncwetd
--

ALTER TABLE ONLY "public"."ormed_team"
    ADD CONSTRAINT "ormed_team_role_id_10365a9b_fk_ormed_role_id" FOREIGN KEY ("role_id") REFERENCES "public"."ormed_role"("id") DEFERRABLE INITIALLY DEFERRED;


--
-- Name: ormed_usersection ormed_usersection_section_id_edc20086_fk_ormed_section_id; Type: FK CONSTRAINT; Schema: public; Owner: eurrkvbyncwetd
--

ALTER TABLE ONLY "public"."ormed_usersection"
    ADD CONSTRAINT "ormed_usersection_section_id_edc20086_fk_ormed_section_id" FOREIGN KEY ("section_id") REFERENCES "public"."ormed_section"("id") DEFERRABLE INITIALLY DEFERRED;


--
-- Name: ormed_usersection ormed_usersection_user_id_73d77613_fk_core_user_id; Type: FK CONSTRAINT; Schema: public; Owner: eurrkvbyncwetd
--

ALTER TABLE ONLY "public"."ormed_usersection"
    ADD CONSTRAINT "ormed_usersection_user_id_73d77613_fk_core_user_id" FOREIGN KEY ("user_id") REFERENCES "public"."core_user"("id") DEFERRABLE INITIALLY DEFERRED;


--
-- PostgreSQL database dump complete
--

