--
-- PostgreSQL database dump
--

-- Dumped from database version 15.6 (Ubuntu 15.6-1.pgdg20.04+1)
-- Dumped by pg_dump version 15.1

SET statement_timeout = 0;
SET lock_timeout = 0;
SET idle_in_transaction_session_timeout = 0;
SET client_encoding = 'UTF8';
SET standard_conforming_strings = on;
SELECT pg_catalog.set_config('search_path', '', false);
SET check_function_bodies = false;
SET xmloption = content;
SET client_min_messages = warning;
SET row_security = off;

--
-- Name: public; Type: SCHEMA; Schema: -; Owner: yvnrmnimddzwou
--

-- *not* creating schema, since initdb creates it


ALTER SCHEMA public OWNER TO yvnrmnimddzwou;

--
-- Name: SCHEMA "public"; Type: COMMENT; Schema: -; Owner: yvnrmnimddzwou
--

COMMENT ON SCHEMA "public" IS 'standard public schema';


--
-- Name: pg_stat_statements; Type: EXTENSION; Schema: -; Owner: -
--

CREATE EXTENSION IF NOT EXISTS "pg_stat_statements" WITH SCHEMA "heroku_ext";


--
-- Name: EXTENSION "pg_stat_statements"; Type: COMMENT; Schema: -; Owner: 
--

COMMENT ON EXTENSION "pg_stat_statements" IS 'track planning and execution statistics of all SQL statements executed';


SET default_tablespace = '';

SET default_table_access_method = heap;

--
-- Name: auth_group; Type: TABLE; Schema: public; Owner: yvnrmnimddzwou
--

CREATE TABLE "public"."auth_group" (
    "id" integer NOT NULL,
    "name" character varying(150) NOT NULL
);


ALTER TABLE public.auth_group OWNER TO yvnrmnimddzwou;

--
-- Name: auth_group_id_seq; Type: SEQUENCE; Schema: public; Owner: yvnrmnimddzwou
--

ALTER TABLE "public"."auth_group" ALTER COLUMN "id" ADD GENERATED BY DEFAULT AS IDENTITY (
    SEQUENCE NAME "public"."auth_group_id_seq"
    START WITH 1
    INCREMENT BY 1
    NO MINVALUE
    NO MAXVALUE
    CACHE 1
);


--
-- Name: auth_group_permissions; Type: TABLE; Schema: public; Owner: yvnrmnimddzwou
--

CREATE TABLE "public"."auth_group_permissions" (
    "id" bigint NOT NULL,
    "group_id" integer NOT NULL,
    "permission_id" integer NOT NULL
);


ALTER TABLE public.auth_group_permissions OWNER TO yvnrmnimddzwou;

--
-- Name: auth_group_permissions_id_seq; Type: SEQUENCE; Schema: public; Owner: yvnrmnimddzwou
--

ALTER TABLE "public"."auth_group_permissions" ALTER COLUMN "id" ADD GENERATED BY DEFAULT AS IDENTITY (
    SEQUENCE NAME "public"."auth_group_permissions_id_seq"
    START WITH 1
    INCREMENT BY 1
    NO MINVALUE
    NO MAXVALUE
    CACHE 1
);


--
-- Name: auth_permission; Type: TABLE; Schema: public; Owner: yvnrmnimddzwou
--

CREATE TABLE "public"."auth_permission" (
    "id" integer NOT NULL,
    "name" character varying(255) NOT NULL,
    "content_type_id" integer NOT NULL,
    "codename" character varying(100) NOT NULL
);


ALTER TABLE public.auth_permission OWNER TO yvnrmnimddzwou;

--
-- Name: auth_permission_id_seq; Type: SEQUENCE; Schema: public; Owner: yvnrmnimddzwou
--

ALTER TABLE "public"."auth_permission" ALTER COLUMN "id" ADD GENERATED BY DEFAULT AS IDENTITY (
    SEQUENCE NAME "public"."auth_permission_id_seq"
    START WITH 1
    INCREMENT BY 1
    NO MINVALUE
    NO MAXVALUE
    CACHE 1
);


--
-- Name: blog_area; Type: TABLE; Schema: public; Owner: yvnrmnimddzwou
--

CREATE TABLE "public"."blog_area" (
    "id" bigint NOT NULL,
    "title" character varying(255) NOT NULL
);


ALTER TABLE public.blog_area OWNER TO yvnrmnimddzwou;

--
-- Name: blog_area_id_seq; Type: SEQUENCE; Schema: public; Owner: yvnrmnimddzwou
--

ALTER TABLE "public"."blog_area" ALTER COLUMN "id" ADD GENERATED BY DEFAULT AS IDENTITY (
    SEQUENCE NAME "public"."blog_area_id_seq"
    START WITH 1
    INCREMENT BY 1
    NO MINVALUE
    NO MAXVALUE
    CACHE 1
);


--
-- Name: blog_country; Type: TABLE; Schema: public; Owner: yvnrmnimddzwou
--

CREATE TABLE "public"."blog_country" (
    "id" bigint NOT NULL,
    "name" character varying(255) NOT NULL
);


ALTER TABLE public.blog_country OWNER TO yvnrmnimddzwou;

--
-- Name: blog_country_id_seq; Type: SEQUENCE; Schema: public; Owner: yvnrmnimddzwou
--

ALTER TABLE "public"."blog_country" ALTER COLUMN "id" ADD GENERATED BY DEFAULT AS IDENTITY (
    SEQUENCE NAME "public"."blog_country_id_seq"
    START WITH 1
    INCREMENT BY 1
    NO MINVALUE
    NO MAXVALUE
    CACHE 1
);


--
-- Name: blog_doctor; Type: TABLE; Schema: public; Owner: yvnrmnimddzwou
--

CREATE TABLE "public"."blog_doctor" (
    "id" bigint NOT NULL,
    "birth_date" "date" NOT NULL,
    "bio" "text" NOT NULL,
    "id_number" character varying(255),
    "area_id" bigint NOT NULL,
    "country_id" bigint NOT NULL,
    "id_type_id" bigint,
    "level_id" bigint NOT NULL,
    "verified" boolean NOT NULL,
    "create_at" timestamp with time zone,
    "user_id" bigint,
    "id_valid" "date",
    "document" character varying(100),
    "picture" character varying(100)
);


ALTER TABLE public.blog_doctor OWNER TO yvnrmnimddzwou;

--
-- Name: blog_doctor_id_seq; Type: SEQUENCE; Schema: public; Owner: yvnrmnimddzwou
--

ALTER TABLE "public"."blog_doctor" ALTER COLUMN "id" ADD GENERATED BY DEFAULT AS IDENTITY (
    SEQUENCE NAME "public"."blog_doctor_id_seq"
    START WITH 1
    INCREMENT BY 1
    NO MINVALUE
    NO MAXVALUE
    CACHE 1
);


--
-- Name: blog_gallery; Type: TABLE; Schema: public; Owner: yvnrmnimddzwou
--

CREATE TABLE "public"."blog_gallery" (
    "id" bigint NOT NULL,
    "title" character varying(255) NOT NULL,
    "date" timestamp with time zone,
    "description" "text" NOT NULL,
    "slug" character varying(255) NOT NULL,
    "active" boolean NOT NULL
);


ALTER TABLE public.blog_gallery OWNER TO yvnrmnimddzwou;

--
-- Name: blog_gallery_id_seq; Type: SEQUENCE; Schema: public; Owner: yvnrmnimddzwou
--

ALTER TABLE "public"."blog_gallery" ALTER COLUMN "id" ADD GENERATED BY DEFAULT AS IDENTITY (
    SEQUENCE NAME "public"."blog_gallery_id_seq"
    START WITH 1
    INCREMENT BY 1
    NO MINVALUE
    NO MAXVALUE
    CACHE 1
);


--
-- Name: blog_idtype; Type: TABLE; Schema: public; Owner: yvnrmnimddzwou
--

CREATE TABLE "public"."blog_idtype" (
    "id" bigint NOT NULL,
    "name" character varying(255) NOT NULL
);


ALTER TABLE public.blog_idtype OWNER TO yvnrmnimddzwou;

--
-- Name: blog_idtype_id_seq; Type: SEQUENCE; Schema: public; Owner: yvnrmnimddzwou
--

ALTER TABLE "public"."blog_idtype" ALTER COLUMN "id" ADD GENERATED BY DEFAULT AS IDENTITY (
    SEQUENCE NAME "public"."blog_idtype_id_seq"
    START WITH 1
    INCREMENT BY 1
    NO MINVALUE
    NO MAXVALUE
    CACHE 1
);


--
-- Name: blog_imagesgallery; Type: TABLE; Schema: public; Owner: yvnrmnimddzwou
--

CREATE TABLE "public"."blog_imagesgallery" (
    "id" bigint NOT NULL,
    "image" character varying(100) NOT NULL,
    "gallery_id" bigint NOT NULL
);


ALTER TABLE public.blog_imagesgallery OWNER TO yvnrmnimddzwou;

--
-- Name: blog_imagesgallery_id_seq; Type: SEQUENCE; Schema: public; Owner: yvnrmnimddzwou
--

ALTER TABLE "public"."blog_imagesgallery" ALTER COLUMN "id" ADD GENERATED BY DEFAULT AS IDENTITY (
    SEQUENCE NAME "public"."blog_imagesgallery_id_seq"
    START WITH 1
    INCREMENT BY 1
    NO MINVALUE
    NO MAXVALUE
    CACHE 1
);


--
-- Name: blog_law; Type: TABLE; Schema: public; Owner: yvnrmnimddzwou
--

CREATE TABLE "public"."blog_law" (
    "id" bigint NOT NULL,
    "file" character varying(100) NOT NULL,
    "title" character varying(255) NOT NULL,
    "description" "text" NOT NULL,
    "slug" character varying(255)
);


ALTER TABLE public.blog_law OWNER TO yvnrmnimddzwou;

--
-- Name: blog_law_id_seq; Type: SEQUENCE; Schema: public; Owner: yvnrmnimddzwou
--

ALTER TABLE "public"."blog_law" ALTER COLUMN "id" ADD GENERATED BY DEFAULT AS IDENTITY (
    SEQUENCE NAME "public"."blog_law_id_seq"
    START WITH 1
    INCREMENT BY 1
    NO MINVALUE
    NO MAXVALUE
    CACHE 1
);


--
-- Name: blog_level; Type: TABLE; Schema: public; Owner: yvnrmnimddzwou
--

CREATE TABLE "public"."blog_level" (
    "id" bigint NOT NULL,
    "title" character varying(255) NOT NULL
);


ALTER TABLE public.blog_level OWNER TO yvnrmnimddzwou;

--
-- Name: blog_level_id_seq; Type: SEQUENCE; Schema: public; Owner: yvnrmnimddzwou
--

ALTER TABLE "public"."blog_level" ALTER COLUMN "id" ADD GENERATED BY DEFAULT AS IDENTITY (
    SEQUENCE NAME "public"."blog_level_id_seq"
    START WITH 1
    INCREMENT BY 1
    NO MINVALUE
    NO MAXVALUE
    CACHE 1
);


--
-- Name: blog_messages; Type: TABLE; Schema: public; Owner: yvnrmnimddzwou
--

CREATE TABLE "public"."blog_messages" (
    "id" bigint NOT NULL,
    "name" character varying(255) NOT NULL,
    "email" character varying(255) NOT NULL,
    "subject_id" bigint NOT NULL,
    "text" "text" NOT NULL,
    "sent" boolean NOT NULL,
    "date" timestamp with time zone
);


ALTER TABLE public.blog_messages OWNER TO yvnrmnimddzwou;

--
-- Name: blog_messages_id_seq; Type: SEQUENCE; Schema: public; Owner: yvnrmnimddzwou
--

ALTER TABLE "public"."blog_messages" ALTER COLUMN "id" ADD GENERATED BY DEFAULT AS IDENTITY (
    SEQUENCE NAME "public"."blog_messages_id_seq"
    START WITH 1
    INCREMENT BY 1
    NO MINVALUE
    NO MAXVALUE
    CACHE 1
);


--
-- Name: blog_post; Type: TABLE; Schema: public; Owner: yvnrmnimddzwou
--

CREATE TABLE "public"."blog_post" (
    "id" bigint NOT NULL,
    "title" character varying(255) NOT NULL,
    "date" timestamp with time zone NOT NULL,
    "picture" character varying(100) NOT NULL,
    "active" boolean NOT NULL,
    "slug" character varying(255),
    "text_file" character varying(100) NOT NULL
);


ALTER TABLE public.blog_post OWNER TO yvnrmnimddzwou;

--
-- Name: blog_post_id_seq; Type: SEQUENCE; Schema: public; Owner: yvnrmnimddzwou
--

ALTER TABLE "public"."blog_post" ALTER COLUMN "id" ADD GENERATED BY DEFAULT AS IDENTITY (
    SEQUENCE NAME "public"."blog_post_id_seq"
    START WITH 1
    INCREMENT BY 1
    NO MINVALUE
    NO MAXVALUE
    CACHE 1
);


--
-- Name: blog_postdocument; Type: TABLE; Schema: public; Owner: yvnrmnimddzwou
--

CREATE TABLE "public"."blog_postdocument" (
    "id" bigint NOT NULL,
    "document" character varying(100) NOT NULL,
    "post_id" bigint NOT NULL
);


ALTER TABLE public.blog_postdocument OWNER TO yvnrmnimddzwou;

--
-- Name: blog_postdocument_id_seq; Type: SEQUENCE; Schema: public; Owner: yvnrmnimddzwou
--

ALTER TABLE "public"."blog_postdocument" ALTER COLUMN "id" ADD GENERATED BY DEFAULT AS IDENTITY (
    SEQUENCE NAME "public"."blog_postdocument_id_seq"
    START WITH 1
    INCREMENT BY 1
    NO MINVALUE
    NO MAXVALUE
    CACHE 1
);


--
-- Name: blog_postfile; Type: TABLE; Schema: public; Owner: yvnrmnimddzwou
--

CREATE TABLE "public"."blog_postfile" (
    "id" bigint NOT NULL,
    "file" character varying(100) NOT NULL
);


ALTER TABLE public.blog_postfile OWNER TO yvnrmnimddzwou;

--
-- Name: blog_postfiles_id_seq; Type: SEQUENCE; Schema: public; Owner: yvnrmnimddzwou
--

ALTER TABLE "public"."blog_postfile" ALTER COLUMN "id" ADD GENERATED BY DEFAULT AS IDENTITY (
    SEQUENCE NAME "public"."blog_postfiles_id_seq"
    START WITH 1
    INCREMENT BY 1
    NO MINVALUE
    NO MAXVALUE
    CACHE 1
);


--
-- Name: blog_postimages; Type: TABLE; Schema: public; Owner: yvnrmnimddzwou
--

CREATE TABLE "public"."blog_postimages" (
    "id" bigint NOT NULL,
    "picture" character varying(100) NOT NULL,
    "post_id" bigint NOT NULL
);


ALTER TABLE public.blog_postimages OWNER TO yvnrmnimddzwou;

--
-- Name: blog_postimages_id_seq; Type: SEQUENCE; Schema: public; Owner: yvnrmnimddzwou
--

ALTER TABLE "public"."blog_postimages" ALTER COLUMN "id" ADD GENERATED BY DEFAULT AS IDENTITY (
    SEQUENCE NAME "public"."blog_postimages_id_seq"
    START WITH 1
    INCREMENT BY 1
    NO MINVALUE
    NO MAXVALUE
    CACHE 1
);


--
-- Name: blog_postvideos; Type: TABLE; Schema: public; Owner: yvnrmnimddzwou
--

CREATE TABLE "public"."blog_postvideos" (
    "id" bigint NOT NULL,
    "video" character varying(200) NOT NULL,
    "post_id" bigint NOT NULL
);


ALTER TABLE public.blog_postvideos OWNER TO yvnrmnimddzwou;

--
-- Name: blog_postvideos_id_seq; Type: SEQUENCE; Schema: public; Owner: yvnrmnimddzwou
--

ALTER TABLE "public"."blog_postvideos" ALTER COLUMN "id" ADD GENERATED BY DEFAULT AS IDENTITY (
    SEQUENCE NAME "public"."blog_postvideos_id_seq"
    START WITH 1
    INCREMENT BY 1
    NO MINVALUE
    NO MAXVALUE
    CACHE 1
);


--
-- Name: blog_role; Type: TABLE; Schema: public; Owner: yvnrmnimddzwou
--

CREATE TABLE "public"."blog_role" (
    "id" bigint NOT NULL,
    "title" character varying(255) NOT NULL
);


ALTER TABLE public.blog_role OWNER TO yvnrmnimddzwou;

--
-- Name: blog_role_id_seq; Type: SEQUENCE; Schema: public; Owner: yvnrmnimddzwou
--

ALTER TABLE "public"."blog_role" ALTER COLUMN "id" ADD GENERATED BY DEFAULT AS IDENTITY (
    SEQUENCE NAME "public"."blog_role_id_seq"
    START WITH 1
    INCREMENT BY 1
    NO MINVALUE
    NO MAXVALUE
    CACHE 1
);


--
-- Name: blog_section; Type: TABLE; Schema: public; Owner: yvnrmnimddzwou
--

CREATE TABLE "public"."blog_section" (
    "id" bigint NOT NULL,
    "title" character varying(255) NOT NULL
);


ALTER TABLE public.blog_section OWNER TO yvnrmnimddzwou;

--
-- Name: blog_section_id_seq; Type: SEQUENCE; Schema: public; Owner: yvnrmnimddzwou
--

ALTER TABLE "public"."blog_section" ALTER COLUMN "id" ADD GENERATED BY DEFAULT AS IDENTITY (
    SEQUENCE NAME "public"."blog_section_id_seq"
    START WITH 1
    INCREMENT BY 1
    NO MINVALUE
    NO MAXVALUE
    CACHE 1
);


--
-- Name: blog_team; Type: TABLE; Schema: public; Owner: yvnrmnimddzwou
--

CREATE TABLE "public"."blog_team" (
    "id" bigint NOT NULL,
    "doctor_id" bigint NOT NULL,
    "role_id" bigint NOT NULL
);


ALTER TABLE public.blog_team OWNER TO yvnrmnimddzwou;

--
-- Name: blog_team_id_seq; Type: SEQUENCE; Schema: public; Owner: yvnrmnimddzwou
--

ALTER TABLE "public"."blog_team" ALTER COLUMN "id" ADD GENERATED BY DEFAULT AS IDENTITY (
    SEQUENCE NAME "public"."blog_team_id_seq"
    START WITH 1
    INCREMENT BY 1
    NO MINVALUE
    NO MAXVALUE
    CACHE 1
);


--
-- Name: blog_usersection; Type: TABLE; Schema: public; Owner: yvnrmnimddzwou
--

CREATE TABLE "public"."blog_usersection" (
    "id" bigint NOT NULL,
    "section_id" bigint NOT NULL,
    "user_id" bigint NOT NULL
);


ALTER TABLE public.blog_usersection OWNER TO yvnrmnimddzwou;

--
-- Name: blog_usersection_id_seq; Type: SEQUENCE; Schema: public; Owner: yvnrmnimddzwou
--

ALTER TABLE "public"."blog_usersection" ALTER COLUMN "id" ADD GENERATED BY DEFAULT AS IDENTITY (
    SEQUENCE NAME "public"."blog_usersection_id_seq"
    START WITH 1
    INCREMENT BY 1
    NO MINVALUE
    NO MAXVALUE
    CACHE 1
);


--
-- Name: core_user; Type: TABLE; Schema: public; Owner: yvnrmnimddzwou
--

CREATE TABLE "public"."core_user" (
    "id" bigint NOT NULL,
    "password" character varying(128) NOT NULL,
    "last_login" timestamp with time zone,
    "is_superuser" boolean NOT NULL,
    "username" character varying(150) NOT NULL,
    "first_name" character varying(150) NOT NULL,
    "last_name" character varying(150) NOT NULL,
    "is_staff" boolean NOT NULL,
    "is_active" boolean NOT NULL,
    "date_joined" timestamp with time zone NOT NULL,
    "phone" character varying(255),
    "email" character varying(255) NOT NULL,
    "valid" boolean NOT NULL
);


ALTER TABLE public.core_user OWNER TO yvnrmnimddzwou;

--
-- Name: core_user_groups; Type: TABLE; Schema: public; Owner: yvnrmnimddzwou
--

CREATE TABLE "public"."core_user_groups" (
    "id" bigint NOT NULL,
    "user_id" bigint NOT NULL,
    "group_id" integer NOT NULL
);


ALTER TABLE public.core_user_groups OWNER TO yvnrmnimddzwou;

--
-- Name: core_user_groups_id_seq; Type: SEQUENCE; Schema: public; Owner: yvnrmnimddzwou
--

ALTER TABLE "public"."core_user_groups" ALTER COLUMN "id" ADD GENERATED BY DEFAULT AS IDENTITY (
    SEQUENCE NAME "public"."core_user_groups_id_seq"
    START WITH 1
    INCREMENT BY 1
    NO MINVALUE
    NO MAXVALUE
    CACHE 1
);


--
-- Name: core_user_id_seq; Type: SEQUENCE; Schema: public; Owner: yvnrmnimddzwou
--

ALTER TABLE "public"."core_user" ALTER COLUMN "id" ADD GENERATED BY DEFAULT AS IDENTITY (
    SEQUENCE NAME "public"."core_user_id_seq"
    START WITH 1
    INCREMENT BY 1
    NO MINVALUE
    NO MAXVALUE
    CACHE 1
);


--
-- Name: core_user_user_permissions; Type: TABLE; Schema: public; Owner: yvnrmnimddzwou
--

CREATE TABLE "public"."core_user_user_permissions" (
    "id" bigint NOT NULL,
    "user_id" bigint NOT NULL,
    "permission_id" integer NOT NULL
);


ALTER TABLE public.core_user_user_permissions OWNER TO yvnrmnimddzwou;

--
-- Name: core_user_user_permissions_id_seq; Type: SEQUENCE; Schema: public; Owner: yvnrmnimddzwou
--

ALTER TABLE "public"."core_user_user_permissions" ALTER COLUMN "id" ADD GENERATED BY DEFAULT AS IDENTITY (
    SEQUENCE NAME "public"."core_user_user_permissions_id_seq"
    START WITH 1
    INCREMENT BY 1
    NO MINVALUE
    NO MAXVALUE
    CACHE 1
);


--
-- Name: django_admin_log; Type: TABLE; Schema: public; Owner: yvnrmnimddzwou
--

CREATE TABLE "public"."django_admin_log" (
    "id" integer NOT NULL,
    "action_time" timestamp with time zone NOT NULL,
    "object_id" "text",
    "object_repr" character varying(200) NOT NULL,
    "action_flag" smallint NOT NULL,
    "change_message" "text" NOT NULL,
    "content_type_id" integer,
    "user_id" bigint NOT NULL,
    CONSTRAINT "django_admin_log_action_flag_check" CHECK (("action_flag" >= 0))
);


ALTER TABLE public.django_admin_log OWNER TO yvnrmnimddzwou;

--
-- Name: django_admin_log_id_seq; Type: SEQUENCE; Schema: public; Owner: yvnrmnimddzwou
--

ALTER TABLE "public"."django_admin_log" ALTER COLUMN "id" ADD GENERATED BY DEFAULT AS IDENTITY (
    SEQUENCE NAME "public"."django_admin_log_id_seq"
    START WITH 1
    INCREMENT BY 1
    NO MINVALUE
    NO MAXVALUE
    CACHE 1
);


--
-- Name: django_content_type; Type: TABLE; Schema: public; Owner: yvnrmnimddzwou
--

CREATE TABLE "public"."django_content_type" (
    "id" integer NOT NULL,
    "app_label" character varying(100) NOT NULL,
    "model" character varying(100) NOT NULL
);


ALTER TABLE public.django_content_type OWNER TO yvnrmnimddzwou;

--
-- Name: django_content_type_id_seq; Type: SEQUENCE; Schema: public; Owner: yvnrmnimddzwou
--

ALTER TABLE "public"."django_content_type" ALTER COLUMN "id" ADD GENERATED BY DEFAULT AS IDENTITY (
    SEQUENCE NAME "public"."django_content_type_id_seq"
    START WITH 1
    INCREMENT BY 1
    NO MINVALUE
    NO MAXVALUE
    CACHE 1
);


--
-- Name: django_migrations; Type: TABLE; Schema: public; Owner: yvnrmnimddzwou
--

CREATE TABLE "public"."django_migrations" (
    "id" bigint NOT NULL,
    "app" character varying(255) NOT NULL,
    "name" character varying(255) NOT NULL,
    "applied" timestamp with time zone NOT NULL
);


ALTER TABLE public.django_migrations OWNER TO yvnrmnimddzwou;

--
-- Name: django_migrations_id_seq; Type: SEQUENCE; Schema: public; Owner: yvnrmnimddzwou
--

ALTER TABLE "public"."django_migrations" ALTER COLUMN "id" ADD GENERATED BY DEFAULT AS IDENTITY (
    SEQUENCE NAME "public"."django_migrations_id_seq"
    START WITH 1
    INCREMENT BY 1
    NO MINVALUE
    NO MAXVALUE
    CACHE 1
);


--
-- Name: django_session; Type: TABLE; Schema: public; Owner: yvnrmnimddzwou
--

CREATE TABLE "public"."django_session" (
    "session_key" character varying(40) NOT NULL,
    "session_data" "text" NOT NULL,
    "expire_date" timestamp with time zone NOT NULL
);


ALTER TABLE public.django_session OWNER TO yvnrmnimddzwou;

--
-- Name: exchange_charger; Type: TABLE; Schema: public; Owner: yvnrmnimddzwou
--

CREATE TABLE "public"."exchange_charger" (
    "id" bigint NOT NULL,
    "value" numeric(12,2) NOT NULL,
    "made_at" timestamp with time zone NOT NULL,
    "currency_id" bigint NOT NULL,
    "exchange_id" bigint NOT NULL,
    "user_id" bigint NOT NULL
);


ALTER TABLE public.exchange_charger OWNER TO yvnrmnimddzwou;

--
-- Name: exchange_charger_id_seq; Type: SEQUENCE; Schema: public; Owner: yvnrmnimddzwou
--

ALTER TABLE "public"."exchange_charger" ALTER COLUMN "id" ADD GENERATED BY DEFAULT AS IDENTITY (
    SEQUENCE NAME "public"."exchange_charger_id_seq"
    START WITH 1
    INCREMENT BY 1
    NO MINVALUE
    NO MAXVALUE
    CACHE 1
);


--
-- Name: exchange_client; Type: TABLE; Schema: public; Owner: yvnrmnimddzwou
--

CREATE TABLE "public"."exchange_client" (
    "id" bigint NOT NULL,
    "name" character varying(255) NOT NULL,
    "tel" character varying(255)
);


ALTER TABLE public.exchange_client OWNER TO yvnrmnimddzwou;

--
-- Name: exchange_client_id_seq; Type: SEQUENCE; Schema: public; Owner: yvnrmnimddzwou
--

ALTER TABLE "public"."exchange_client" ALTER COLUMN "id" ADD GENERATED BY DEFAULT AS IDENTITY (
    SEQUENCE NAME "public"."exchange_client_id_seq"
    START WITH 1
    INCREMENT BY 1
    NO MINVALUE
    NO MAXVALUE
    CACHE 1
);


--
-- Name: exchange_currency; Type: TABLE; Schema: public; Owner: yvnrmnimddzwou
--

CREATE TABLE "public"."exchange_currency" (
    "id" bigint NOT NULL,
    "name" character varying(255) NOT NULL,
    "country" character varying(255) NOT NULL,
    "entitle" character varying(255) NOT NULL
);


ALTER TABLE public.exchange_currency OWNER TO yvnrmnimddzwou;

--
-- Name: exchange_currency_id_seq; Type: SEQUENCE; Schema: public; Owner: yvnrmnimddzwou
--

ALTER TABLE "public"."exchange_currency" ALTER COLUMN "id" ADD GENERATED BY DEFAULT AS IDENTITY (
    SEQUENCE NAME "public"."exchange_currency_id_seq"
    START WITH 1
    INCREMENT BY 1
    NO MINVALUE
    NO MAXVALUE
    CACHE 1
);


--
-- Name: exchange_exchange; Type: TABLE; Schema: public; Owner: yvnrmnimddzwou
--

CREATE TABLE "public"."exchange_exchange" (
    "id" bigint NOT NULL,
    "description" character varying(255),
    "from_value" numeric(12,2) NOT NULL,
    "to_value" numeric(12,2) NOT NULL,
    "made_at" timestamp with time zone NOT NULL,
    "from_client_id" bigint NOT NULL,
    "from_currency_id" bigint NOT NULL,
    "to_currency_id" bigint NOT NULL,
    "user_id" bigint NOT NULL,
    "to_client_id" bigint NOT NULL,
    "deliver_id" bigint,
    "closed" boolean
);


ALTER TABLE public.exchange_exchange OWNER TO yvnrmnimddzwou;

--
-- Name: exchange_exchange_id_seq; Type: SEQUENCE; Schema: public; Owner: yvnrmnimddzwou
--

ALTER TABLE "public"."exchange_exchange" ALTER COLUMN "id" ADD GENERATED BY DEFAULT AS IDENTITY (
    SEQUENCE NAME "public"."exchange_exchange_id_seq"
    START WITH 1
    INCREMENT BY 1
    NO MINVALUE
    NO MAXVALUE
    CACHE 1
);


--
-- Data for Name: auth_group; Type: TABLE DATA; Schema: public; Owner: yvnrmnimddzwou
--

COPY "public"."auth_group" ("id", "name") FROM stdin;
1	Gestores de Conteudos
\.


--
-- Data for Name: auth_group_permissions; Type: TABLE DATA; Schema: public; Owner: yvnrmnimddzwou
--

COPY "public"."auth_group_permissions" ("id", "group_id", "permission_id") FROM stdin;
1	1	128
2	1	21
3	1	22
4	1	23
5	1	24
6	1	25
7	1	26
8	1	27
9	1	28
10	1	29
11	1	30
12	1	31
13	1	32
14	1	33
15	1	34
16	1	35
17	1	36
18	1	37
19	1	38
20	1	39
21	1	40
22	1	41
23	1	69
24	1	70
25	1	71
26	1	72
27	1	73
28	1	74
29	1	75
30	1	76
31	1	77
32	1	78
33	1	79
34	1	80
35	1	81
36	1	82
37	1	83
38	1	84
39	1	105
40	1	106
41	1	107
42	1	108
43	1	109
44	1	110
45	1	111
46	1	112
47	1	121
48	1	122
49	1	123
50	1	124
51	1	125
52	1	126
53	1	127
\.


--
-- Data for Name: auth_permission; Type: TABLE DATA; Schema: public; Owner: yvnrmnimddzwou
--

COPY "public"."auth_permission" ("id", "name", "content_type_id", "codename") FROM stdin;
1	Can add log entry	1	add_logentry
2	Can change log entry	1	change_logentry
3	Can delete log entry	1	delete_logentry
4	Can view log entry	1	view_logentry
5	Can add permission	2	add_permission
6	Can change permission	2	change_permission
7	Can delete permission	2	delete_permission
8	Can view permission	2	view_permission
9	Can add group	3	add_group
10	Can change group	3	change_group
11	Can delete group	3	delete_group
12	Can view group	3	view_group
13	Can add content type	4	add_contenttype
14	Can change content type	4	change_contenttype
15	Can delete content type	4	delete_contenttype
16	Can view content type	4	view_contenttype
17	Can add session	5	add_session
18	Can change session	5	change_session
19	Can delete session	5	delete_session
20	Can view session	5	view_session
21	Can add area	6	add_area
22	Can change area	6	change_area
23	Can delete area	6	delete_area
24	Can view area	6	view_area
25	Can add country	7	add_country
26	Can change country	7	change_country
27	Can delete country	7	delete_country
28	Can view country	7	view_country
29	Can add doctor	8	add_doctor
30	Can change doctor	8	change_doctor
31	Can delete doctor	8	delete_doctor
32	Can view doctor	8	view_doctor
33	Can add id type	9	add_idtype
34	Can change id type	9	change_idtype
35	Can delete id type	9	delete_idtype
36	Can view id type	9	view_idtype
37	Can add level	10	add_level
38	Can change level	10	change_level
39	Can delete level	10	delete_level
40	Can view level	10	view_level
41	Can add post	11	add_post
42	Can change post	11	change_post
43	Can delete post	11	delete_post
44	Can view post	11	view_post
45	Can add role	12	add_role
46	Can change role	12	change_role
47	Can delete role	12	delete_role
48	Can view role	12	view_role
49	Can add section	13	add_section
50	Can change section	13	change_section
51	Can delete section	13	delete_section
52	Can view section	13	view_section
53	Can add team	14	add_team
54	Can change team	14	change_team
55	Can delete team	14	delete_team
56	Can view team	14	view_team
57	Can add user section	15	add_usersection
58	Can change user section	15	change_usersection
59	Can delete user section	15	delete_usersection
60	Can view user section	15	view_usersection
61	Can add post document	16	add_postdocument
62	Can change post document	16	change_postdocument
63	Can delete post document	16	delete_postdocument
64	Can view post document	16	view_postdocument
65	Can add post files	17	add_postfiles
66	Can change post files	17	change_postfiles
67	Can delete post files	17	delete_postfiles
68	Can view post files	17	view_postfiles
69	Can add messages	18	add_messages
70	Can change messages	18	change_messages
71	Can delete messages	18	delete_messages
72	Can view messages	18	view_messages
73	Can add law file	19	add_lawfile
74	Can change law file	19	change_lawfile
75	Can delete law file	19	delete_lawfile
76	Can view law file	19	view_lawfile
77	Can add gallery	20	add_gallery
78	Can change gallery	20	change_gallery
79	Can delete gallery	20	delete_gallery
80	Can view gallery	20	view_gallery
81	Can add images gallery	21	add_imagesgallery
82	Can change images gallery	21	change_imagesgallery
83	Can delete images gallery	21	delete_imagesgallery
84	Can view images gallery	21	view_imagesgallery
85	Can add client	22	add_client
86	Can change client	22	change_client
87	Can delete client	22	delete_client
88	Can view client	22	view_client
89	Can add currency	23	add_currency
90	Can change currency	23	change_currency
91	Can delete currency	23	delete_currency
92	Can view currency	23	view_currency
93	Can add exchange	24	add_exchange
94	Can change exchange	24	change_exchange
95	Can delete exchange	24	delete_exchange
96	Can view exchange	24	view_exchange
97	Can add charger	25	add_charger
98	Can change charger	25	change_charger
99	Can delete charger	25	delete_charger
100	Can view charger	25	view_charger
101	Can add user	26	add_user
102	Can change user	26	change_user
103	Can delete user	26	delete_user
104	Can view user	26	view_user
105	Can add doctor document image	27	add_doctordocumentimage
106	Can change doctor document image	27	change_doctordocumentimage
107	Can delete doctor document image	27	delete_doctordocumentimage
108	Can view doctor document image	27	view_doctordocumentimage
109	Can add doctor image	28	add_doctorimage
110	Can change doctor image	28	change_doctorimage
111	Can delete doctor image	28	delete_doctorimage
112	Can view doctor image	28	view_doctorimage
113	Can add post file	17	add_postfile
114	Can change post file	17	change_postfile
115	Can delete post file	17	delete_postfile
116	Can view post file	17	view_postfile
117	Can add post images	29	add_postimages
118	Can change post images	29	change_postimages
119	Can delete post images	29	delete_postimages
120	Can view post images	29	view_postimages
121	Can add law	30	add_law
122	Can change law	30	change_law
123	Can delete law	30	delete_law
124	Can view law	30	view_law
125	Can add doctor id	31	add_doctorid
126	Can change doctor id	31	change_doctorid
127	Can delete doctor id	31	delete_doctorid
128	Can view doctor id	31	view_doctorid
129	Can add post videos	32	add_postvideos
130	Can change post videos	32	change_postvideos
131	Can delete post videos	32	delete_postvideos
132	Can view post videos	32	view_postvideos
\.


--
-- Data for Name: blog_area; Type: TABLE DATA; Schema: public; Owner: yvnrmnimddzwou
--

COPY "public"."blog_area" ("id", "title") FROM stdin;
1	Clinica Geral
2	Ortopedia
3	Cirurgia Geral
4	Cardiologia
5	Ginecologia
6	Otorrinolaringologia
7	Oftalmologia
8	Pediatria
9	Medicina Interna
10	Psiquiatria
11	Radiologia
12	Anestesiologia
13	Gastrenterologia
14	Infectologia
\.


--
-- Data for Name: blog_country; Type: TABLE DATA; Schema: public; Owner: yvnrmnimddzwou
--

COPY "public"."blog_country" ("id", "name") FROM stdin;
1	São Tomé e Príncipe
2	Cuba
3	Portugal
4	Brasil
5	Angola
6	Cabo verde
7	Cabo verde
8	Guiné Bissau
9	Guiné Bissau
10	Guiné Equatorial
11	Moçambique
12	Timor Leste
13	Guiné Conakry
\.


--
-- Data for Name: blog_doctor; Type: TABLE DATA; Schema: public; Owner: yvnrmnimddzwou
--

COPY "public"."blog_doctor" ("id", "birth_date", "bio", "id_number", "area_id", "country_id", "id_type_id", "level_id", "verified", "create_at", "user_id", "id_valid", "document", "picture") FROM stdin;
2	2005-05-31	hgfaduh ljhdlh	8748654	1	1	1	1	f	2023-06-27 09:26:55.372738+00	3	2023-06-27	\N	\N
6	1983-03-31	Médica cardiologista, HAM	84608	4	1	1	1	t	2023-07-20 13:42:01.082166+00	7	2023-09-20		ormed/doctors/images/Screenshot_2023-07-09-20-31-15-743-edit_com.facebook.katana2.jpg
4	1965-02-22	Licenciada em medicina desde 1985. Trabalho atualmente no serviço de pediatria do HAM	33713	1	1	1	1	t	2023-07-19 17:50:53.549846+00	5	2023-07-19		ormed/doctors/images/image0_2.jpeg
8	1986-04-24	Ginecologista	93865	5	1	1	1	t	2023-07-21 12:25:33.695368+00	9	2026-06-06		
3	1986-02-12	Yell Eric Jordão da Costa, nasceu no dia 12 de fevereiro de 1986 o distrito de Lobata em São Tomé.\r\nFilho de Antero Fernandes Nascimento da Costa e Augusta do Espírito Santo Jordão, viveu a sua infância na cidade Trindade com sua mãe mais duas irmãs. Frequentou o ensino primário, secundário  na Trindade, pré universitário no liceu Nacional, com término em 2004.	90443	1	1	1	1	t	2023-07-14 11:17:30.279806+00	4	2026-10-10	ormed/doctors/ids/IMG_20230624_062931.jpg	ormed/doctors/images/IMG_20220731_193723.jpg
7	1987-01-20	Médica especialista en Ortopedia	232311	2	1	1	1	t	2023-07-21 12:22:28.511439+00	8	2025-11-29		
1	1994-04-19	Médico de Clinica Geral formado em Cuba na Escola Latinoamericana de Medicina.	116039	1	1	1	1	t	2023-06-22 08:42:11.23482+00	2	2023-09-06		ormed/doctors/images/image.jpg
13	1985-09-11	Médica Infectologista e especialista em Vigilância em Saúde. Membro de CRM-RJ. Consultora nacional da OMS em STP para emergências de saúde pública.	91887	14	1	1	3	f	2023-09-14 09:30:15.777944+00	14	2023-09-14		ormed/doctors/images/image0.jpeg
12	2005-09-14	Licenciado em medicina em 1994\r\nEspecialização em Ginecologia e Obstetrícia em 2002	44898	5	1	1	1	f	2023-09-14 07:24:07.60242+00	13	2023-09-14		ormed/doctors/images/image0_1.jpeg
10	1990-08-22	Médica Clínica Geral formada em Cuba na Escola Latino-americana de Medicina. Atualmente trabalhando no serviço de urologia	105059	1	1	1	1	f	2023-09-14 06:58:30.847161+00	11	2025-08-26		
5	1973-04-16	Celso Matos\r\nLicenciado em Medicina em Camaguey Cuba\r\nEspecialista em Ortopedia e Traumatologia em Maputo Mocambique	62716	2	1	1	1	t	2023-07-19 17:54:08.909367+00	6	2025-05-17		ormed/doctors/images/celsomatos.jpg
\.


--
-- Data for Name: blog_gallery; Type: TABLE DATA; Schema: public; Owner: yvnrmnimddzwou
--

COPY "public"."blog_gallery" ("id", "title", "date", "description", "slug", "active") FROM stdin;
1	Congresso Ormed	2023-06-22 09:24:51.788398+00	Fotos do congresso f	congresso-ormed	t
\.


--
-- Data for Name: blog_idtype; Type: TABLE DATA; Schema: public; Owner: yvnrmnimddzwou
--

COPY "public"."blog_idtype" ("id", "name") FROM stdin;
1	Bilhete de Identidade
2	Passaporte
3	Cartão de Residência Temporário
\.


--
-- Data for Name: blog_imagesgallery; Type: TABLE DATA; Schema: public; Owner: yvnrmnimddzwou
--

COPY "public"."blog_imagesgallery" ("id", "image", "gallery_id") FROM stdin;
6	ormed/gallerys/images/cris-tagupa-9ZXHUr5aCwM-unsplash.jpg	1
\.


--
-- Data for Name: blog_law; Type: TABLE DATA; Schema: public; Owner: yvnrmnimddzwou
--

COPY "public"."blog_law" ("id", "file", "title", "description", "slug") FROM stdin;
4	ormed/laws/documents/II_Congresso_Ordinario_-_Deliberacao_nº_1_de_7_de_Maio_de_2016_-_Atualizado.pdf	Regulamento de Inscrição e Renovação na ORMED	Deliberação n.o 1, de 7 de Maio de 2016 \r\nRegulamento de Inscrição e de Renovação da Inscrição na Ordem dos Médicos de São Tomé e Príncipe - ORMED-STP \r\nCom a publicação e a entrada em vigor Lei nº 8/2014, de 15 de Dezembro Lei que  criou a  Ordem dos Médicos de São Tomé e Príncipe (ORMED-STP) e aprovou o respetivo Estatuto foram igualmente institucionalizados os respetivos órgãos sociais, nomeadamente o Conselho Executivo da Ordem	regulamento-de-inscricao-e-renovacao-na-ormed
5	ormed/laws/documents/Aprova_o_estatuto_da_ordem_dos_medicos_de_sao_tome_e_principe_-_Leinº8_-_20.pdf	Estatuto da Ordem dos Médicos	A Ordem dos Médicos congrega todos os licenciados em Medicina, doravante designados de médicos, que, residindo no País, exerçam, queiram exercer, ou tenham exercido em qualquer regime de trabalho, a profissão médica, na observância das disposições do presente Estatuto.	estatuto-da-ordem-dos-medicos
6	ormed/laws/documents/ormed.pdf	Acta IV e V Congresso Ordinário	Regulamento n1/2018 de Estagio de Familiarização Deliberação n002/2018 de Trajo e Insígnia profissional\r\nRegulamento Geral dos Colégios de Especialidades	acta-iv-e-v-congresso-ordinario
\.


--
-- Data for Name: blog_level; Type: TABLE DATA; Schema: public; Owner: yvnrmnimddzwou
--

COPY "public"."blog_level" ("id", "title") FROM stdin;
1	Licenciatura
2	Mestrado
3	Doutoramento
\.


--
-- Data for Name: blog_messages; Type: TABLE DATA; Schema: public; Owner: yvnrmnimddzwou
--

COPY "public"."blog_messages" ("id", "name", "email", "subject_id", "text", "sent", "date") FROM stdin;
1	Eduardo Pina Neto	edmilbe@gmail.com	1	criterios de inscrição na ordem	t	2023-06-22 08:56:30.323855+00
2	Edmilbe Ramos	edmilbe14@hotmail.com	1	Mensagem teste!	t	2023-07-07 14:06:46.715902+00
3	Felicia Silva	silvafelicia274@gmail.com	1	Estou na rede	t	2023-07-19 18:02:29.953775+00
\.


--
-- Data for Name: blog_post; Type: TABLE DATA; Schema: public; Owner: yvnrmnimddzwou
--

COPY "public"."blog_post" ("id", "title", "date", "picture", "active", "slug", "text_file") FROM stdin;
2	Ordem dos Médicos promete mais e melhor saúde para todos	2023-06-26 21:55:50.301543+00	ormed/posts/images/Ordem-dos-médicos-3-.jpg	t	ordem-dos-medicos-promete-mais-e-melhor-saude-para-todos	ormed/posts/documents/Ordem_dos_Médicos_promete_mais_e_melhor_saúde_para_todos.docx
3	Quem é o nosso Bastinário	2023-12-01 17:03:06.894879+00	ormed/posts/images/celsomatoss.jpg	t	quem-e-o-nosso-bastinario	ormed/posts/documents/Celso_Matos.docx
4	Formação Específica com a China	2023-12-01 17:13:09.659516+00	ormed/posts/images/Medicos-para-China-1-2-2048x1536.jpg	t	formacao-especifica-com-a-china	ormed/posts/documents/Formacao_China.docx
5	Relação Florestas-Saúde no Dia Internacional de Sociedade	2023-12-01 17:17:19.687672+00	ormed/posts/images/floresta.jpg	t	relacao-florestas-saude-no-dia-internacional-de-sociedade	ormed/posts/documents/Florestas_enfatiza_relação_benéfica_para_a_saúde.docx
6	Médicos Chineses trataram 350 alunos da Trindade	2023-12-01 19:58:09.435007+00	ormed/posts/images/china.jpeg	t	medicos-chineses-trataram-350-alunos-da-trindade	ormed/posts/documents/Médicos_Chineses_trataram_350_alunos_da_Trindade.docx
\.


--
-- Data for Name: blog_postdocument; Type: TABLE DATA; Schema: public; Owner: yvnrmnimddzwou
--

COPY "public"."blog_postdocument" ("id", "document", "post_id") FROM stdin;
\.


--
-- Data for Name: blog_postfile; Type: TABLE DATA; Schema: public; Owner: yvnrmnimddzwou
--

COPY "public"."blog_postfile" ("id", "file") FROM stdin;
\.


--
-- Data for Name: blog_postimages; Type: TABLE DATA; Schema: public; Owner: yvnrmnimddzwou
--

COPY "public"."blog_postimages" ("id", "picture", "post_id") FROM stdin;
1	ormed/posts/images/Ordem-dos-médicos-.jpg	2
2	ormed/posts/images/Dr-Celso-Matos--e1629875061776.jpg	2
3	ormed/posts/images/Ordem-dos-médicos-1-e1629874989655.jpg	2
4	ormed/posts/images/Ordem-dos-médicos-1-e1629874989655.jpg	3
5	ormed/posts/images/20230823_163145-1536x691.jpg	4
6	ormed/posts/images/floresta-1.jpg	5
\.


--
-- Data for Name: blog_postvideos; Type: TABLE DATA; Schema: public; Owner: yvnrmnimddzwou
--

COPY "public"."blog_postvideos" ("id", "video", "post_id") FROM stdin;
\.


--
-- Data for Name: blog_role; Type: TABLE DATA; Schema: public; Owner: yvnrmnimddzwou
--

COPY "public"."blog_role" ("id", "title") FROM stdin;
1	Secretario do Conselho SNSMP
6	Bastonário
7	Vice-Bastonário
8	Secretário de Conselho Fiscal
9	Secretário de Conselho Disciplina, Ética e Deontologia Médica
10	Secretário de Conselho Ensino, Educação e Carreiras Médicas
4	1ºVogal Conselho Ensino, Educação e C. Medicas
11	2ºVogal Conselho Ensino, Educação e C. Medicas
12	3ºVogal Conselho Ensino, Educação e C. Medicas
3	2º Vogal do Conselho de SNSMP
13	1º Vogal do Conselho de SNSMP
14	3º Vogal do Conselho de SNSMP
5	Presidente do Conselho SNSMP
15	Presidente do Conselho Ensino, Educação e C. Medicas
16	Presidente do Conselho Disciplina Ética e Deontologia Médica
17	Presidente de Conselho Fiscal
2	1º Vogal do Conselho Fiscal
18	1º Vogal do Conselho de Disciplina, Ética e Deontologia Médica
\.


--
-- Data for Name: blog_section; Type: TABLE DATA; Schema: public; Owner: yvnrmnimddzwou
--

COPY "public"."blog_section" ("id", "title") FROM stdin;
2	Conselho Fiscal
3	Conselho de Disciplina, Ética e de Deontologia Médica
4	Conselho de Ensino, Educação e Carreiras Médicas
1	Conselho para Serviço Nacional de Saúde e Exercicio de Medicina Privada
\.


--
-- Data for Name: blog_team; Type: TABLE DATA; Schema: public; Owner: yvnrmnimddzwou
--

COPY "public"."blog_team" ("id", "doctor_id", "role_id") FROM stdin;
2	1	1
3	4	3
4	3	12
5	6	15
6	5	6
7	12	13
8	13	4
\.


--
-- Data for Name: blog_usersection; Type: TABLE DATA; Schema: public; Owner: yvnrmnimddzwou
--

COPY "public"."blog_usersection" ("id", "section_id", "user_id") FROM stdin;
1	1	5
2	4	7
3	4	4
4	1	2
\.


--
-- Data for Name: core_user; Type: TABLE DATA; Schema: public; Owner: yvnrmnimddzwou
--

COPY "public"."core_user" ("id", "password", "last_login", "is_superuser", "username", "first_name", "last_name", "is_staff", "is_active", "date_joined", "phone", "email", "valid") FROM stdin;
8	pbkdf2_sha256$600000$WBBF8vxh80GqO1j5BHJi2V$l4jfbhmDjPc/aNuVaeL500BMrmXNtcxhtsM49omTM2k=	\N	f	aguilardominguez87@gmail.com	Yelena	Barroso	f	t	2023-07-21 12:22:28.308511+00	\N	aguilardominguez87@gmail.com	f
9	pbkdf2_sha256$600000$bHTN3Cg997NUn3qEDCDvXV$WkziTBJDbqxf6/YOBR4TyaUfbgXIoB6hFrPGjdrhTEM=	\N	f	cremildebraganca@hotmail.com	Cremilde	Bragança	f	t	2023-07-21 12:25:33.482331+00	\N	cremildebraganca@hotmail.com	f
7	pbkdf2_sha256$600000$uCMcNz6WpNWqwBGhqOIAH3$PgbywCpvYdP3eFfsiMn5CjqSxY8CS6YbVo5i48yUbrI=	\N	t	m.cassandra.soares@gmail.com	Miryan	Bandeira dos Prazeres Cassandra Soares	t	t	2023-07-20 13:42:00+00	9913920	m.cassandra.soares@gmail.com	t
1	pbkdf2_sha256$600000$chsCO0YHrlzPtxsTlTvaDP$aqzxA0B+xCmx+5XXqH9uTH0quM4xMwvr/17q3GuOM5w=	2023-12-09 05:56:40.220431+00	t	edmilbe	Edmilbe	Ramos	t	t	2023-04-12 16:11:43+00	07448019595	edmilbe@gmail.com	f
11	pbkdf2_sha256$600000$octow83aVZlwFNU70tA6H6$F5MGnXHnmptdybk/FgYQ2E8bHlL26YqMhqpoks1Y4sg=	\N	f	niurkasolange@gmail.com	Niurka Solange	Silveira D’Almeida	f	t	2023-09-14 06:58:30.650852+00	\N	niurkasolange@gmail.com	f
13	pbkdf2_sha256$600000$mpZLAOl4NCH3KjGlreOkLX$am+SMkchVKOM3Nzlk8YLK3J/shv37E8Dc8kjDQebZkA=	\N	f	bannelso@yahoo.com.br	Nelson	Bandeira	f	t	2023-09-14 07:24:07.162786+00	\N	bannelso@yahoo.com.br	f
14	pbkdf2_sha256$600000$D6CpoxQ66bTk0eOAu0JBvx$Jc7Yyp0VR/t92eKT4RlfCRp3FhDXKAHEIuHrJs5b774=	\N	f	eulamaquengo@gmail.com	Eula	Carvalho Maquengo	f	t	2023-09-14 09:30:15.3463+00	\N	eulamaquengo@gmail.com	f
3	pbkdf2_sha256$600000$TK7CxSRmWxyH00CrFcSE44$7du6lACTO2P7i+p9OUnsL8/dUmDMeY/oN4BZBzzxYRM=	\N	f	edmilbe24@gmail.com	Nome do miudeo	E este	f	t	2023-06-27 09:26:55.14852+00	\N	edmilbe24@gmail.com	f
4	pbkdf2_sha256$600000$Nyt91TM7MqOTd99pHVy8Ex$+/SZx1vrcbJLl1LQM5xLebqeQ166KMFHN1A5oPqdvrc=	\N	f	yelleric2@gmail.com	Yell Eric	Jordão da Costa	f	t	2023-07-14 11:17:30.059548+00	\N	yelleric2@gmail.com	f
5	pbkdf2_sha256$600000$Xlp1Wo5dvdkrlbO6C9CVIH$UsCgVByaJxNSeuvDR0kdmRw1qaNQmKsS/QwVIX2Nttg=	\N	f	Silvafelicia274@gmail.com	Felicia	Silva	f	t	2023-07-19 17:50:53.318288+00	\N	Silvafelicia274@gmail.com	f
6	pbkdf2_sha256$600000$PgCepxlGx8vYvNJ7pI8J5o$Q8LygLCPkHvX3FrHOrpjVlbhyxIttzBYiXT9tuaiWlY=	\N	t	mcelvaznas@gmail.com	Celso	Matos	t	t	2023-07-19 17:54:08+00	9804041	mcelvaznas@gmail.com	t
2	pbkdf2_sha256$600000$kYuLoSouCyMGttAvMEwcLk$DnTF0dpXwpRQf4lZfEZl1LT8a4me8jL1u/c0Z+LCeFo=	2023-09-28 15:05:24.665577+00	t	epinaneto@gmail.com	Eduardo	Pina Neto	t	t	2023-06-22 08:42:11+00	+2399985491	epinaneto@gmail.com	t
\.


--
-- Data for Name: core_user_groups; Type: TABLE DATA; Schema: public; Owner: yvnrmnimddzwou
--

COPY "public"."core_user_groups" ("id", "user_id", "group_id") FROM stdin;
1	2	1
\.


--
-- Data for Name: core_user_user_permissions; Type: TABLE DATA; Schema: public; Owner: yvnrmnimddzwou
--

COPY "public"."core_user_user_permissions" ("id", "user_id", "permission_id") FROM stdin;
\.


--
-- Data for Name: django_admin_log; Type: TABLE DATA; Schema: public; Owner: yvnrmnimddzwou
--

COPY "public"."django_admin_log" ("id", "action_time", "object_id", "object_repr", "action_flag", "change_message", "content_type_id", "user_id") FROM stdin;
1	2023-05-25 23:06:50.296302+00	1	Edmilbe Ramos	2	[{"changed": {"fields": ["First name", "Last name", "Phone"]}}]	26	1
2	2023-06-22 08:32:12.320888+00	1	Bilhete de Identidade	1	[{"added": {}}]	9	1
3	2023-06-22 08:35:25.551051+00	1	Clinica Geral	1	[{"added": {}}]	6	1
4	2023-06-22 08:37:19.69247+00	1	Licenciatura	1	[{"added": {}}]	10	1
5	2023-06-22 08:38:17.993249+00	1	São Tomé e Príncipe	1	[{"added": {}}]	7	1
6	2023-06-22 08:45:05.517664+00	2	Eduardo Pina Neto	2	[{"changed": {"fields": ["Superuser status", "Phone", "Valid"]}}]	26	1
7	2023-06-22 08:51:11.736397+00	2	Eduardo Pina Neto	2	[{"changed": {"fields": ["Staff status"]}}]	26	1
8	2023-06-22 08:54:19.888211+00	1	Conselho de Medicina Privada e SNS	1	[{"added": {}}]	13	2
9	2023-06-22 08:54:55.397686+00	1	UserSection object (1)	1	[{"added": {}}]	15	2
10	2023-06-22 09:03:18.671942+00	1	congresso-ormed	1	[{"added": {}}]	11	2
11	2023-06-22 09:08:38.764791+00	1	congresso-ormed	2	[{"changed": {"fields": ["Picture"]}}]	11	2
12	2023-06-22 09:12:24.743824+00	1	abc	1	[{"added": {}}]	30	2
13	2023-06-22 09:15:34.537349+00	1	Gestores de Conteudos	1	[{"added": {}}]	3	2
14	2023-06-22 09:18:32.053297+00	2	Eduardo Pina Neto	2	[{"changed": {"fields": ["Superuser status", "Groups"]}}]	26	1
15	2023-06-22 09:19:35.311044+00	2	Eduardo Pina Neto	2	[{"changed": {"fields": ["Superuser status"]}}]	26	1
16	2023-06-22 09:20:36.219091+00	1	Secretario do Conselho MPSNS	1	[{"added": {}}]	12	1
17	2023-06-22 09:21:31.467208+00	1	Team object (1)	1	[{"added": {}}]	14	1
18	2023-06-22 09:22:57.24919+00	1	Team object (1)	3		14	2
19	2023-06-22 09:24:51.795828+00	1	Congresso Ormed	1	[{"added": {}}]	20	2
20	2023-06-22 09:25:19.855722+00	1	ImagesGallery object (1)	1	[{"added": {}}]	21	2
21	2023-06-23 09:07:16.016286+00	2	slug	1	[{"added": {}}]	30	1
22	2023-06-23 09:10:38.560988+00	2	slug	2	[{"changed": {"fields": ["File"]}}]	30	1
23	2023-06-23 09:38:48.493741+00	2	slug	2	[{"changed": {"fields": ["File"]}}]	30	1
24	2023-06-23 09:45:07.28518+00	2	slug	2	[{"changed": {"fields": ["File"]}}]	30	1
25	2023-06-23 10:07:47.430519+00	1	congresso-ormed	2	[{"changed": {"fields": ["Text file"]}}]	11	1
26	2023-06-23 10:08:57.065306+00	1	congresso-ormed	2	[{"changed": {"fields": ["Text file"]}}]	11	1
27	2023-06-23 10:57:30.418737+00	1	congresso-ormed	2	[{"changed": {"fields": ["Text file"]}}]	11	1
28	2023-06-23 11:41:27.853313+00	1	congresso-ormed	2	[{"changed": {"fields": ["Text file"]}}]	11	1
29	2023-06-23 11:42:46.53095+00	2	slug	3		30	1
30	2023-06-23 11:42:57.712035+00	1	abc	2	[{"changed": {"fields": ["File"]}}]	30	1
31	2023-06-23 11:51:41.742254+00	1	abc	2	[{"changed": {"fields": ["File"]}}]	30	1
32	2023-06-23 11:52:08.376563+00	1	congresso-ormed	2	[{"changed": {"fields": ["Text file"]}}]	11	1
33	2023-06-23 13:47:18.579648+00	1	congresso-ormed	2	[{"changed": {"fields": ["Text file"]}}]	11	1
34	2023-06-23 13:52:14.207849+00	1	congresso-ormed	2	[{"changed": {"fields": ["Picture"]}}]	11	1
35	2023-06-23 19:39:32.987213+00	1	congresso-ormed	2	[{"changed": {"fields": ["Text file"]}}]	11	1
36	2023-06-24 07:53:04.767273+00	1	congresso-ormed	2	[{"changed": {"fields": ["Text file"]}}]	11	1
37	2023-06-24 22:37:59.838648+00	1	congresso-ormed	2	[{"changed": {"fields": ["Text file"]}}]	11	1
38	2023-06-24 22:38:48.806477+00	1	abc	2	[{"changed": {"fields": ["File"]}}]	30	1
39	2023-06-24 23:26:47.68548+00	1	congresso-ormed	2	[{"changed": {"fields": ["Text file"]}}]	11	1
40	2023-06-24 23:28:17.581955+00	1	abc	2	[{"changed": {"fields": ["File"]}}]	30	1
41	2023-06-24 23:29:37.835152+00	1	congresso-ormed	2	[{"changed": {"fields": ["Picture"]}}]	11	1
42	2023-06-24 23:35:34.362716+00	1	ImagesGallery object (1)	2	[{"changed": {"fields": ["Image"]}}]	21	1
43	2023-06-24 23:39:49.614636+00	1	ImagesGallery object (1)	2	[{"changed": {"fields": ["Image"]}}]	21	1
44	2023-06-24 23:40:14.642162+00	1	congresso-ormed	2	[{"changed": {"fields": ["Text file"]}}]	11	1
45	2023-06-24 23:40:29.876999+00	1	congresso-ormed	2	[{"changed": {"fields": ["Picture"]}}]	11	1
46	2023-06-24 23:40:51.573749+00	1	ImagesGallery object (1)	2	[{"changed": {"fields": ["Image"]}}]	21	1
47	2023-06-24 23:48:51.710902+00	1	abc	2	[{"changed": {"fields": ["File"]}}]	30	1
48	2023-06-24 23:50:39.925384+00	1	ImagesGallery object (1)	2	[{"changed": {"fields": ["Image"]}}]	21	1
80	2023-06-26 21:37:37.16644+00	1	abc	2	[{"changed": {"fields": ["File"]}}]	30	1
81	2023-06-26 21:39:03.290767+00	1	congresso-ormed	2	[{"changed": {"fields": ["Text file"]}}]	11	1
82	2023-06-26 21:39:20.850509+00	1	congresso-ormed	2	[{"changed": {"fields": ["Picture"]}}]	11	1
83	2023-06-26 21:39:57.892182+00	1	Eduardo Pina Neto	2	[{"changed": {"fields": ["Verified"]}}]	8	1
84	2023-06-26 21:40:20.320164+00	1	ImagesGallery object (1)	2	[{"changed": {"fields": ["Image"]}}]	21	1
85	2023-06-26 21:48:32.552442+00	1	congresso-ormed	3		11	1
86	2023-06-26 21:48:44.785975+00	1	abc	3		30	1
87	2023-06-26 21:48:56.45039+00	1	ImagesGallery object (1)	3		21	1
88	2023-06-26 21:54:10.113021+00	3	abc	1	[{"added": {}}]	30	1
89	2023-06-26 21:55:50.306431+00	2	nova-postagem-a-vista	1	[{"added": {}}]	11	1
90	2023-06-27 06:41:50.751904+00	2	nova-postagem-a-vista	2	[{"changed": {"fields": ["Text file"]}}]	11	1
91	2023-06-27 06:42:19.647747+00	1	PostImages object (1)	1	[{"added": {}}]	29	1
92	2023-06-27 11:37:42.37564+00	1	Congresso Ormed	2	[]	20	1
93	2023-06-27 11:37:42.471145+00	1	Congresso Ormed	2	[]	20	1
94	2023-06-27 11:37:42.532549+00	1	Congresso Ormed	2	[]	20	1
95	2023-06-27 11:37:42.628562+00	1	Congresso Ormed	2	[]	20	1
96	2023-06-27 11:37:47.177726+00	1	Congresso Ormed	2	[]	20	1
97	2023-06-27 11:37:49.705398+00	1	Congresso Ormed	2	[{"changed": {"fields": ["Description"]}}]	20	1
98	2023-06-27 11:38:01.025258+00	1	Congresso Ormed	2	[]	20	1
99	2023-06-27 11:38:02.220689+00	1	Congresso Ormed	2	[]	20	1
100	2023-06-27 11:38:02.730476+00	1	Congresso Ormed	2	[]	20	1
101	2023-06-27 11:38:02.916723+00	1	Congresso Ormed	2	[]	20	1
102	2023-06-27 11:38:03.898351+00	1	Congresso Ormed	2	[]	20	1
103	2023-06-27 11:38:12.159929+00	1	Congresso Ormed	2	[]	20	1
104	2023-06-27 11:38:12.41993+00	1	Congresso Ormed	2	[]	20	1
105	2023-06-27 11:38:12.643349+00	1	Congresso Ormed	2	[]	20	1
106	2023-06-27 11:38:12.83035+00	1	Congresso Ormed	2	[]	20	1
107	2023-06-27 11:38:13.014023+00	1	Congresso Ormed	2	[]	20	1
108	2023-06-27 11:38:13.715806+00	1	Congresso Ormed	2	[]	20	1
109	2023-06-27 11:38:17.274404+00	1	Congresso Ormed	2	[]	20	1
110	2023-06-27 11:38:17.496582+00	1	Congresso Ormed	2	[]	20	1
111	2023-06-27 11:38:17.704308+00	1	Congresso Ormed	2	[]	20	1
112	2023-06-27 11:38:17.848231+00	1	Congresso Ormed	2	[]	20	1
113	2023-06-27 11:38:18.050574+00	1	Congresso Ormed	2	[]	20	1
114	2023-06-27 11:38:18.235242+00	1	Congresso Ormed	2	[]	20	1
115	2023-06-27 11:38:19.123921+00	1	Congresso Ormed	2	[]	20	1
116	2023-06-27 11:38:19.617974+00	1	Congresso Ormed	2	[]	20	1
117	2023-06-27 11:38:19.841523+00	1	Congresso Ormed	2	[]	20	1
118	2023-06-27 11:39:16.535826+00	1	Congresso Ormed	2	[{"added": {"name": "images gallery", "object": "ImagesGallery object (4)"}}]	20	1
119	2023-06-27 11:39:40.220207+00	1	Congresso Ormed	2	[{"added": {"name": "images gallery", "object": "ImagesGallery object (5)"}}]	20	1
120	2023-07-20 09:36:57.557389+00	2	Passaporte	1	[{"added": {}}]	9	2
121	2023-07-20 09:37:35.721927+00	3	Cartão de Residência Temporário	1	[{"added": {}}]	9	2
122	2023-07-20 09:47:29.372075+00	6	Celso Matos	2	[{"changed": {"fields": ["Superuser status", "Staff status", "Phone", "Valid"]}}]	26	2
123	2023-08-23 10:12:21.056252+00	2	Ortopedia	1	[{"added": {}}]	6	2
124	2023-08-23 10:12:41.220568+00	3	Cirurgia Geral	1	[{"added": {}}]	6	2
125	2023-08-23 10:13:24.080747+00	4	Cardiologia	1	[{"added": {}}]	6	2
126	2023-08-23 10:14:09.237411+00	5	Ginecologia	1	[{"added": {}}]	6	2
127	2023-08-23 10:14:38.262895+00	6	Otorrinolaringologia	1	[{"added": {}}]	6	2
128	2023-08-23 10:15:11.14844+00	7	Oftalmologia	1	[{"added": {}}]	6	2
129	2023-08-23 10:18:16.401128+00	4	Felicia - Silva	2	[{"changed": {"fields": ["Birth date", "Bio", "Verified"]}}]	8	2
130	2023-08-23 10:18:51.882889+00	6	Miryan - Bandeira dos Prazeres Cassandra Soares	2	[{"changed": {"fields": ["Area", "Verified"]}}]	8	2
131	2023-08-23 10:19:13.632987+00	5	Celso - Matos	2	[{"changed": {"fields": ["Area", "Bio", "Verified"]}}]	8	2
132	2023-08-23 10:20:36.992248+00	8	Cremilde - Bragança	2	[{"changed": {"fields": ["Area", "Verified"]}}]	8	2
133	2023-08-23 10:21:12.069711+00	3	Yell Eric - Jordão da Costa	2	[{"changed": {"fields": ["Bio"]}}]	8	2
134	2023-08-23 10:22:29.861122+00	7	Yelena - Barroso	2	[{"changed": {"fields": ["Area"]}}]	8	2
135	2023-08-23 10:23:23.553714+00	2	Mestrado	1	[{"added": {}}]	10	2
136	2023-08-23 10:23:51.510093+00	3	Doutoramento	1	[{"added": {}}]	10	2
137	2023-08-23 10:25:34.291113+00	8	Pediatria	1	[{"added": {}}]	6	2
138	2023-08-23 10:25:59.261354+00	9	Medicina Interna	1	[{"added": {}}]	6	2
139	2023-08-23 10:26:09.875361+00	10	Psiquiatria	1	[{"added": {}}]	6	2
140	2023-08-23 10:26:26.020824+00	11	Radiologia	1	[{"added": {}}]	6	2
141	2023-08-23 10:30:45.179662+00	12	Anestesiologia	1	[{"added": {}}]	6	2
142	2023-08-23 10:31:01.146381+00	13	Gastrenterologia	1	[{"added": {}}]	6	2
143	2023-08-23 10:37:53.936842+00	14	Infectologia	1	[{"added": {}}]	6	2
144	2023-08-23 10:38:31.827487+00	7	Yelena - Barroso	2	[{"changed": {"fields": ["Verified"]}}]	8	2
145	2023-08-23 11:02:13.7154+00	3	abc	3		30	2
146	2023-08-23 11:21:20.072075+00	4	regulamento-de-inscricao-e-renovacao-na-ormed	1	[{"added": {}}]	30	2
147	2023-08-23 11:31:39.15689+00	5	estatuto-da-ordem-dos-medicos	1	[{"added": {}}]	30	2
148	2023-08-23 11:41:49.05855+00	6	acta-iv-e-v-congresso-ordinario	1	[{"added": {}}]	30	2
149	2023-08-23 11:47:48.739266+00	5	ImagesGallery object (5)	3		21	2
150	2023-08-23 11:47:48.741627+00	4	ImagesGallery object (4)	3		21	2
151	2023-08-23 11:54:15.714894+00	2	Conselho Fiscal	1	[{"added": {}}]	13	2
152	2023-08-23 11:54:53.216534+00	3	Conselho de Disciplina, Ética e de Deontologia Médica	1	[{"added": {}}]	13	2
153	2023-08-23 11:55:23.42049+00	4	Conselho de Ensino, Educação e Carreiras Médicas	1	[{"added": {}}]	13	2
154	2023-08-23 11:56:27.217112+00	1	Conselho para Serviço Nacional de Saúde e Exercicio de Medicina Privada	2	[{"changed": {"fields": ["Title"]}}]	13	2
155	2023-08-23 11:57:47.191085+00	2	Eduardo - Secretario do Conselho MPSNS	1	[{"added": {}}]	14	2
156	2023-08-23 11:58:22.836514+00	1	Secretario do Conselho SNSMP	2	[{"changed": {"fields": ["Title"]}}]	12	2
157	2023-08-23 11:58:46.114733+00	2	1º Vogal	1	[{"added": {}}]	12	2
158	2023-08-23 11:58:57.252816+00	3	2º Vogal	1	[{"added": {}}]	12	2
159	2023-08-23 11:59:06.932321+00	4	3ºVogal	1	[{"added": {}}]	12	2
160	2023-08-23 11:59:18.346283+00	5	Presidente	1	[{"added": {}}]	12	2
161	2023-08-23 11:59:29.901435+00	6	Bastonário	1	[{"added": {}}]	12	2
162	2023-08-23 11:59:41.332994+00	7	Vice-Bastonário	1	[{"added": {}}]	12	2
163	2023-08-23 12:00:09.602321+00	3	Felicia - 2º Vogal	1	[{"added": {}}]	14	2
164	2023-08-23 12:01:48.419012+00	8	Secretário de Conselho Fiscal	1	[{"added": {}}]	12	2
165	2023-08-23 12:02:39.880713+00	9	Secretário de Conselho Disciplina, Ética e Deontologia Médica	1	[{"added": {}}]	12	2
166	2023-08-23 12:03:14.716134+00	10	Secretário de Conselho Ensino, Educação e Carreiras Médicas	1	[{"added": {}}]	12	2
167	2023-08-23 12:05:21.214828+00	7	Miryan Bandeira dos Prazeres Cassandra Soares	2	[{"changed": {"fields": ["Superuser status", "Staff status", "Phone", "Valid"]}}]	26	2
168	2023-08-23 12:05:50.070147+00	1	UserSection object (1)	2	[{"changed": {"fields": ["User"]}}]	15	2
169	2023-08-23 12:06:21.501122+00	2	UserSection object (2)	1	[{"added": {}}]	15	2
170	2023-08-23 12:06:34.478969+00	3	UserSection object (3)	1	[{"added": {}}]	15	2
171	2023-08-23 12:07:15.367364+00	4	UserSection object (4)	1	[{"added": {}}]	15	2
172	2023-08-23 12:10:45.75799+00	4	3ºVogal Conselho Ensino, Educação e C. Medicas	2	[{"changed": {"fields": ["Title"]}}]	12	2
173	2023-08-23 12:11:02.054411+00	4	3ºVogal Conselho Ensino, Educação e C. Medicas	2	[]	12	2
174	2023-08-23 12:11:07.56444+00	4	2ºVogal Conselho Ensino, Educação e C. Medicas	2	[{"changed": {"fields": ["Title"]}}]	12	2
175	2023-08-23 12:11:11.979169+00	4	1ºVogal Conselho Ensino, Educação e C. Medicas	2	[{"changed": {"fields": ["Title"]}}]	12	2
176	2023-08-23 12:11:32.817819+00	4	1ºVogal Conselho Ensino, Educação e C. Medicas	2	[]	12	2
177	2023-08-23 12:11:40.51896+00	11	2ºVogal Conselho Ensino, Educação e C. Medicas	1	[{"added": {}}]	12	2
178	2023-08-23 12:11:51.153981+00	12	3ºVogal Conselho Ensino, Educação e C. Medicas	1	[{"added": {}}]	12	2
179	2023-08-23 12:12:31.404342+00	3	2º Vogal do Conselho de SNSMP	2	[{"changed": {"fields": ["Title"]}}]	12	2
180	2023-08-23 12:12:37.672166+00	13	1º Vogal do Conselho de SNSMP	1	[{"added": {}}]	12	2
181	2023-08-23 12:12:44.203661+00	14	3º Vogal do Conselho de SNSMP	1	[{"added": {}}]	12	2
182	2023-08-23 12:14:00.34484+00	5	Presidente do Conselho SNSMP	2	[{"changed": {"fields": ["Title"]}}]	12	2
183	2023-08-23 12:14:36.167358+00	15	Presidente do Conselho Ensino, Educação e C. Medicas	1	[{"added": {}}]	12	2
184	2023-08-23 12:15:33.377176+00	16	Presidente do Conselho Disciplina Ética e Deontologia Médica	1	[{"added": {}}]	12	2
185	2023-08-23 12:17:26.555452+00	17	Presidente de Conselho Fiscal	1	[{"added": {}}]	12	2
186	2023-08-23 12:18:40.237555+00	2	1º Vogal do Conselho Fiscal	2	[{"changed": {"fields": ["Title"]}}]	12	2
187	2023-08-23 12:20:06.902431+00	18	1º Vogal do Conselho de Disciplina, Ética e Deontologia Médica	1	[{"added": {}}]	12	2
188	2023-09-13 09:54:46.854385+00	18	1º Vogal do Conselho de Disciplina, Ética e Deontologia Médica	2	[]	12	2
189	2023-09-13 09:54:54.164872+00	18	1º Vogal do Conselho de Disciplina, Ética e Deontologia Médica	2	[]	12	2
190	2023-09-13 10:07:20.800861+00	4	Yell Eric - 3ºVogal Conselho Ensino, Educação e C. Medicas	1	[{"added": {}}]	14	2
191	2023-09-13 10:08:19.471846+00	5	Miryan - Presidente do Conselho Ensino, Educação e C. Medicas	1	[{"added": {}}]	14	2
192	2023-09-13 10:09:29.865435+00	5	UserSection object (5)	1	[{"added": {}}]	15	2
193	2023-09-13 10:10:04.575977+00	5	UserSection object (5)	3		15	2
194	2023-09-13 10:12:46.177697+00	6	Celso - Bastonário	1	[{"added": {}}]	14	2
195	2023-09-13 10:14:33.708463+00	2	Cuba	1	[{"added": {}}]	7	2
196	2023-09-13 10:14:44.873373+00	3	Portugal	1	[{"added": {}}]	7	2
197	2023-09-13 10:14:52.326516+00	4	Brasil	1	[{"added": {}}]	7	2
198	2023-09-13 10:17:06.557499+00	5	Angola	1	[{"added": {}}]	7	2
199	2023-09-13 10:17:16.514243+00	6	Cabo verde	1	[{"added": {}}]	7	2
200	2023-09-13 10:17:23.951524+00	7	Cabo verde	1	[{"added": {}}]	7	2
201	2023-09-13 10:17:39.191947+00	8	Guiné Bissau	1	[{"added": {}}]	7	2
202	2023-09-13 10:17:44.573187+00	9	Guiné Bissau	1	[{"added": {}}]	7	2
203	2023-09-13 10:17:57.607964+00	10	Guiné Equatorial	1	[{"added": {}}]	7	2
204	2023-09-13 10:18:21.512091+00	11	Moçambique	1	[{"added": {}}]	7	2
205	2023-09-13 10:18:30.128837+00	12	Timor Leste	1	[{"added": {}}]	7	2
206	2023-09-13 10:18:47.110563+00	13	Guiné Conakry	1	[{"added": {}}]	7	2
207	2023-09-13 10:28:21.249865+00	3	Yell Eric - Jordão da Costa	2	[{"changed": {"fields": ["Verified"]}}]	8	2
208	2023-09-14 12:33:14.357491+00	7	Nelson - 1º Vogal do Conselho de SNSMP	1	[{"added": {}}]	14	2
209	2023-09-14 12:33:39.153239+00	8	Eula - 1ºVogal Conselho Ensino, Educação e C. Medicas	1	[{"added": {}}]	14	2
210	2023-09-14 12:35:28.83842+00	12	Utiliz Nas	3		26	2
211	2023-09-14 12:35:28.842425+00	10	Chico Lastname	3		26	2
212	2023-09-14 12:45:31.487152+00	5	Celso - Matos	2	[{"changed": {"fields": ["Picture"]}}]	8	2
213	2023-09-14 12:59:01.886835+00	13	Eula - Carvalho Maquengo	2	[{"changed": {"fields": ["Picture"]}}]	8	2
214	2023-09-14 13:02:26.357944+00	12	Nelson - Bandeira	2	[{"changed": {"fields": ["Bio", "Picture"]}}]	8	2
215	2023-09-14 13:05:08.599446+00	4	Felicia - Silva	2	[{"changed": {"fields": ["Picture"]}}]	8	2
216	2023-09-23 17:21:29.016046+00	1	Congresso Ormed	2	[{"added": {"name": "images gallery", "object": "ImagesGallery object (6)"}}]	20	1
217	2023-12-01 13:43:30.306256+00	4	Felicia - Silva	2	[{"changed": {"fields": ["Picture"]}}]	8	1
218	2023-12-01 13:45:24.641761+00	3	Yell Eric - Jordão da Costa	2	[{"changed": {"fields": ["Picture"]}}]	8	1
219	2023-12-01 13:46:05.324381+00	1	Eduardo - Pina Neto	2	[{"changed": {"fields": ["Picture"]}}]	8	1
220	2023-12-01 13:47:45.737895+00	5	Celso - Matos	2	[{"changed": {"fields": ["Picture"]}}]	8	1
221	2023-12-01 13:48:47.621214+00	13	Eula - Carvalho Maquengo	2	[{"changed": {"fields": ["Picture"]}}]	8	1
222	2023-12-01 13:53:14.749113+00	12	Nelson - Bandeira	2	[{"changed": {"fields": ["Picture"]}}]	8	1
223	2023-12-01 14:24:18.362607+00	2	Ordem dos Médicos promete mais e melhor saúde para todos	2	[{"changed": {"fields": ["Title", "Slug", "Picture", "Text file"]}}, {"added": {"name": "post images", "object": "PostImages object (2)"}}, {"added": {"name": "post images", "object": "PostImages object (3)"}}, {"changed": {"name": "post images", "object": "PostImages object (1)", "fields": ["Picture"]}}]	11	1
224	2023-12-01 17:03:07.170328+00	3	Quem é o nosso Bastinário	1	[{"added": {}}, {"added": {"name": "post images", "object": "PostImages object (4)"}}]	11	1
225	2023-12-01 17:13:09.935682+00	4	Formação Específica com a China	1	[{"added": {}}, {"added": {"name": "post images", "object": "PostImages object (5)"}}]	11	1
226	2023-12-01 17:17:20.141626+00	5	Relação Florestas-Saúde no Dia Internacional de Sociedade	1	[{"added": {}}, {"added": {"name": "post images", "object": "PostImages object (6)"}}]	11	1
227	2023-12-01 19:45:02.007593+00	5	Celso - Matos	2	[{"changed": {"fields": ["Picture"]}}]	8	1
228	2023-12-01 19:58:09.438001+00	6	Médicos Chineses trataram 350 alunos da Trindade	1	[{"added": {}}]	11	1
229	2023-12-09 06:00:00.285569+00	6	acta-iv-e-v-congresso-ordinario	2	[{"changed": {"fields": ["File"]}}]	30	1
230	2023-12-09 06:02:55.024735+00	6	acta-iv-e-v-congresso-ordinario	2	[{"changed": {"fields": ["File"]}}]	30	1
231	2023-12-09 06:07:30.834999+00	6	acta-iv-e-v-congresso-ordinario	2	[{"changed": {"fields": ["File"]}}]	30	1
232	2023-12-09 06:08:45.345266+00	6	acta-iv-e-v-congresso-ordinario	2	[{"changed": {"fields": ["File"]}}]	30	1
\.


--
-- Data for Name: django_content_type; Type: TABLE DATA; Schema: public; Owner: yvnrmnimddzwou
--

COPY "public"."django_content_type" ("id", "app_label", "model") FROM stdin;
1	admin	logentry
2	auth	permission
3	auth	group
4	contenttypes	contenttype
5	sessions	session
6	blog	area
7	blog	country
8	blog	doctor
9	blog	idtype
10	blog	level
11	blog	post
12	blog	role
13	blog	section
14	blog	team
15	blog	usersection
16	blog	postdocument
18	blog	messages
19	blog	lawfile
20	blog	gallery
21	blog	imagesgallery
22	exchange	client
23	exchange	currency
24	exchange	exchange
25	exchange	charger
26	core	user
17	blog	postfile
27	blog	doctordocumentimage
28	blog	doctorimage
29	blog	postimages
30	blog	law
31	blog	doctorid
32	blog	postvideos
\.


--
-- Data for Name: django_migrations; Type: TABLE DATA; Schema: public; Owner: yvnrmnimddzwou
--

COPY "public"."django_migrations" ("id", "app", "name", "applied") FROM stdin;
1	contenttypes	0001_initial	2023-04-12 16:06:02.729906+00
2	contenttypes	0002_remove_content_type_name	2023-04-12 16:06:02.741736+00
3	auth	0001_initial	2023-04-12 16:06:02.797352+00
4	auth	0002_alter_permission_name_max_length	2023-04-12 16:06:02.804771+00
5	auth	0003_alter_user_email_max_length	2023-04-12 16:06:02.811998+00
6	auth	0004_alter_user_username_opts	2023-04-12 16:06:02.820365+00
7	auth	0005_alter_user_last_login_null	2023-04-12 16:06:02.829518+00
8	auth	0006_require_contenttypes_0002	2023-04-12 16:06:02.834782+00
9	auth	0007_alter_validators_add_error_messages	2023-04-12 16:06:02.842991+00
10	auth	0008_alter_user_username_max_length	2023-04-12 16:06:02.850425+00
11	auth	0009_alter_user_last_name_max_length	2023-04-12 16:06:02.859469+00
12	auth	0010_alter_group_name_max_length	2023-04-12 16:06:02.870822+00
13	auth	0011_update_proxy_permissions	2023-04-12 16:06:02.879844+00
14	auth	0012_alter_user_first_name_max_length	2023-04-12 16:06:02.889912+00
15	core	0001_initial	2023-04-12 16:06:02.953034+00
16	admin	0001_initial	2023-04-12 16:06:02.987149+00
17	admin	0002_logentry_remove_auto_add	2023-04-12 16:06:02.99972+00
18	admin	0003_logentry_add_action_flag_choices	2023-04-12 16:06:03.01048+00
19	blog	0001_initial	2023-04-12 16:06:03.064042+00
20	blog	0002_initial	2023-04-12 16:06:03.126969+00
21	blog	0003_doctor_verified	2023-04-12 16:06:03.136988+00
22	blog	0004_doctor_create_at	2023-04-12 16:06:03.146352+00
23	blog	0005_doctor_user	2023-04-12 16:06:03.166275+00
24	blog	0006_doctor_id_valid	2023-04-12 16:06:03.179021+00
25	blog	0007_alter_doctor_name	2023-04-12 16:06:03.209262+00
26	blog	0008_remove_doctor_name	2023-04-12 16:06:03.221892+00
27	blog	0009_doctor_document_alter_doctor_id_number_and_more	2023-04-12 16:06:03.279327+00
28	blog	0010_postdocument	2023-04-12 16:06:03.300169+00
29	blog	0011_postfiles	2023-04-12 16:06:03.30764+00
30	blog	0012_post_slug	2023-04-12 16:06:03.326716+00
31	blog	0013_post_file	2023-04-12 16:06:03.345952+00
32	blog	0014_alter_post_file	2023-04-12 16:06:03.369268+00
33	blog	0015_post_video	2023-04-12 16:06:03.380689+00
34	blog	0016_messages	2023-04-12 16:06:03.39177+00
35	blog	0017_alter_messages_subject_alter_usersection_section	2023-04-12 16:06:03.426597+00
36	blog	0018_messages_date	2023-04-12 16:06:03.438586+00
37	blog	0019_alter_messages_date	2023-04-12 16:06:03.445758+00
38	blog	0020_post_description	2023-04-12 16:06:03.458907+00
39	blog	0021_lawfile	2023-04-12 16:06:03.4781+00
40	blog	0022_gallery_imagesgallery	2023-04-12 16:06:03.500892+00
41	blog	0023_gallery_date	2023-04-12 16:06:03.508938+00
42	core	0002_user_valid	2023-04-12 16:06:03.521466+00
43	exchange	0001_initial	2023-04-12 16:06:03.594158+00
44	exchange	0002_exchange_to_client_alter_exchange_description_and_more	2023-04-12 16:06:03.635933+00
45	exchange	0003_exchange_deliver	2023-04-12 16:06:03.657524+00
46	exchange	0004_exchange_closed	2023-04-12 16:06:03.671558+00
47	exchange	0005_alter_exchange_deliver	2023-04-12 16:06:03.695281+00
48	sessions	0001_initial	2023-04-12 16:06:03.714406+00
49	blog	0024_doctordocumentimage_doctorimage_postimage_and_more	2023-05-25 23:04:41.368744+00
50	blog	0025_gallery_description	2023-05-25 23:04:41.390757+00
51	blog	0026_gallery_slug	2023-05-25 23:04:41.404137+00
52	blog	0027_rename_video_post_post_images_and_more	2023-05-25 23:04:41.560058+00
53	blog	0028_alter_post_picture	2023-05-25 23:04:41.586318+00
54	blog	0029_rename_postfiles_postfile_remove_post_post_images_and_more	2023-05-25 23:04:41.774172+00
55	blog	0030_remove_post_doctor	2023-05-25 23:04:41.799388+00
56	blog	0031_delete_postimage_alter_postimages_post	2023-05-25 23:04:41.811792+00
57	blog	0032_law_remove_laws_file_delete_lawfile_delete_laws	2023-05-25 23:04:41.83788+00
58	blog	0033_law_slug	2023-05-25 23:04:41.870722+00
59	blog	0034_remove_doctor_document_remove_doctor_picture_and_more	2023-05-25 23:04:41.949915+00
60	blog	0035_alter_doctorimage_doctor	2023-05-25 23:04:41.96472+00
61	blog	0036_gallery_active	2023-05-25 23:04:41.970639+00
62	blog	0037_alter_doctordocumentimage_document_and_more	2023-06-24 10:19:16.794375+00
63	blog	0038_delete_doctordocumentimage	2023-06-24 10:19:16.814762+00
64	blog	0039_alter_doctorid_picture_alter_doctorimage_picture_and_more	2023-06-24 22:34:48.441743+00
97	blog	0040_alter_doctorid_picture_alter_doctorimage_picture_and_more	2023-06-27 10:37:21.436395+00
98	blog	0041_alter_doctorid_doctor_alter_doctorimage_doctor	2023-06-27 10:37:21.532361+00
99	blog	0042_remove_doctorimage_doctor_doctor_document_and_more	2023-06-27 10:37:21.576495+00
100	blog	0043_alter_team_unique_together	2023-06-27 10:37:21.595987+00
\.


--
-- Data for Name: django_session; Type: TABLE DATA; Schema: public; Owner: yvnrmnimddzwou
--

COPY "public"."django_session" ("session_key", "session_data", "expire_date") FROM stdin;
pj8ra7m3dskboejpq50a7emmrewtwp52	.eJxVjEEOwiAQRe_C2hBogaEu3fcMZGAGqRqalHZlvLtt0oVu33v_v0XAbS1ha7yEicRVaHH5ZRHTk-sh6IH1Pss013WZojwSedomx5n4dTvbv4OCrexrRxGJjQGHSjEkMHEA5Gwde2LrO697680AoPrsmB3sQHeoFST2OYvPF-sjN78:1q2K26:A7ZRN2N8RNkwhrABWhv5XD4dUgtALDYuzmGYdPvb_ys	2023-06-08 23:06:10.615914+00
km36i632prbmfstywfleqxtssrfsk7lk	.eJxVjDsOwjAQBe_iGlm2d_2jpOcMlj9rHECOFCcV4u4QKQW0b2bei4W4rS1sg5YwFXZmip1-txTzg_oOyj3228zz3NdlSnxX-EEHv86FnpfD_TtocbRvLaI0ORmpEZP3ukqy6FTNAFVrMhElCO-BhAKsyglpkZz0DozR1hrP3h-4iTYL:1qYkpG:CoK67hlB99vB3W-8GlaE46kbfjIVrlKImHLl1okO7I4	2023-09-06 10:10:58.081534+00
x0tq0b0lyshi2lkmz56379rhp0ufpgkl	.eJxVjEEOwiAQRe_C2hBogaEu3fcMZGAGqRqalHZlvLtt0oVu33v_v0XAbS1ha7yEicRVaHH5ZRHTk-sh6IH1Pss013WZojwSedomx5n4dTvbv4OCrexrRxGJjQGHSjEkMHEA5Gwde2LrO697680AoPrsmB3sQHeoFST2OYvPF-sjN78:1qBYLw:1h2kXej09_dlgTYL9xP5oJ1_Sn8Oiee9zLAiX5uaOVU	2023-07-04 10:12:48.338444+00
bk5a1hhiy49546ygas6jv108o44zlemi	.eJxVjDsOwjAQBe_iGlm2d_2jpOcMlj9rHECOFCcV4u4QKQW0b2bei4W4rS1sg5YwFXZmip1-txTzg_oOyj3228zz3NdlSnxX-EEHv86FnpfD_TtocbRvLaI0ORmpEZP3ukqy6FTNAFVrMhElCO-BhAKsyglpkZz0DozR1hrP3h-4iTYL:1qlsZw:ZNNN4EfDsmwbReP4rvkrGihk8sd1oBPspTVKci-Wr94	2023-10-12 15:05:24.671252+00
rnozn1kvsy858cyqsd9zxawfm7r33ai9	.eJxVjEEOwiAQRe_C2hBogaEu3fcMZGAGqRqalHZlvLtt0oVu33v_v0XAbS1ha7yEicRVaHH5ZRHTk-sh6IH1Pss013WZojwSedomx5n4dTvbv4OCrexrRxGJjQGHSjEkMHEA5Gwde2LrO697680AoPrsmB3sQHeoFST2OYvPF-sjN78:1qYmn5:DfTw91lpDT7wi_QOH1frbI0CdWmjym_7RS4GYZmje_U	2023-09-06 12:16:51.064735+00
ezlky0drglde41q6ngz3zxx15qux9br6	.eJxVjDsOwjAQBe_iGlm2d_2jpOcMlj9rHECOFCcV4u4QKQW0b2bei4W4rS1sg5YwFXZmip1-txTzg_oOyj3228zz3NdlSnxX-EEHv86FnpfD_TtocbRvLaI0ORmpEZP3ukqy6FTNAFVrMhElCO-BhAKsyglpkZz0DozR1hrP3h-4iTYL:1qYwMz:Yrp5WJM24An2NKadOdDLEYfbnQj5wSHNTF27rrLnypo	2023-09-06 22:30:33.632161+00
aihqoopxi5ey4007m4yugyiveiq6a534	.eJxVjEEOwiAQRe_C2hBogaEu3fcMZGAGqRqalHZlvLtt0oVu33v_v0XAbS1ha7yEicRVaHH5ZRHTk-sh6IH1Pss013WZojwSedomx5n4dTvbv4OCrexrRxGJjQGHSjEkMHEA5Gwde2LrO697680AoPrsmB3sQHeoFST2OYvPF-sjN78:1r93Xn:HMRn2FaL4o0dWEq6bCZ6HOBep6Yc1K2VxyvxwuUoTTc	2023-12-15 13:26:59.928647+00
5ctaautd3rkjn19omtv3prmy4nnwf4yi	.eJxVjDsOwjAQBe_iGlm2d_2jpOcMlj9rHECOFCcV4u4QKQW0b2bei4W4rS1sg5YwFXZmip1-txTzg_oOyj3228zz3NdlSnxX-EEHv86FnpfD_TtocbRvLaI0ORmpEZP3ukqy6FTNAFVrMhElCO-BhAKsyglpkZz0DozR1hrP3h-4iTYL:1qgJse:F8HYSnQUG2bFKjL7DNjW2lLF_UAm2zL1muY2W3V23v4	2023-09-27 07:01:44.649954+00
gq8wfr7tg6djigoc5zz2cc59bgev6w9w	.eJxVjDsOwjAQBe_iGlm2d_2jpOcMlj9rHECOFCcV4u4QKQW0b2bei4W4rS1sg5YwFXZmip1-txTzg_oOyj3228zz3NdlSnxX-EEHv86FnpfD_TtocbRvLaI0ORmpEZP3ukqy6FTNAFVrMhElCO-BhAKsyglpkZz0DozR1hrP3h-4iTYL:1qCG2K:GnLRiSsLx3KWe0ykij4GtNURyYJCmrzC2ZdPDRLnvlQ	2023-07-06 08:51:28.219462+00
snkvuo5j6j4g8xfjtmy7vgya44d5772k	.eJxVjDsOwjAQBe_iGlm2d_2jpOcMlj9rHECOFCcV4u4QKQW0b2bei4W4rS1sg5YwFXZmip1-txTzg_oOyj3228zz3NdlSnxX-EEHv86FnpfD_TtocbRvLaI0ORmpEZP3ukqy6FTNAFVrMhElCO-BhAKsyglpkZz0DozR1hrP3h-4iTYL:1qgMRy:D1pwIZNMbep_YiWnbA9Q5yYP5Gfskf3hF68hFrJwStM	2023-09-27 09:46:22.970091+00
fdnuwuvj7a9l9mpa2slz2qaxm20ut03r	.eJxVjEEOwiAQRe_C2hBogaEu3fcMZGAGqRqalHZlvLtt0oVu33v_v0XAbS1ha7yEicRVaHH5ZRHTk-sh6IH1Pss013WZojwSedomx5n4dTvbv4OCrexrRxGJjQGHSjEkMHEA5Gwde2LrO697680AoPrsmB3sQHeoFST2OYvPF-sjN78:1qCckB:2qbjOUaQgkjUA3BBK-eb2t9j_q2BEvcjCrZ7lgOuCjw	2023-07-07 09:06:15.043389+00
uwgtgkedusegwr4lwjwggtc20p46izkw	.eJxVjEEOwiAQRe_C2hBogaEu3fcMZGAGqRqalHZlvLtt0oVu33v_v0XAbS1ha7yEicRVaHH5ZRHTk-sh6IH1Pss013WZojwSedomx5n4dTvbv4OCrexrRxGJjQGHSjEkMHEA5Gwde2LrO697680AoPrsmB3sQHeoFST2OYvPF-sjN78:1rBqKO:wwhMTU-h4Atzyqh0sNoPDWoMlYoFvKAzdOAm7p7S7-Q	2023-12-23 05:56:40.22373+00
u3ajd8vyqakxpopyxky6x192ty9plgvz	.eJxVjEEOwiAQRe_C2hBogaEu3fcMZGAGqRqalHZlvLtt0oVu33v_v0XAbS1ha7yEicRVaHH5ZRHTk-sh6IH1Pss013WZojwSedomx5n4dTvbv4OCrexrRxGJjQGHSjEkMHEA5Gwde2LrO697680AoPrsmB3sQHeoFST2OYvPF-sjN78:1qDtsv:gxLr0ij1_hJVh0vV8dE22K8vJBa6ssCz8WS0pw0jg0w	2023-07-10 21:36:33.016813+00
njovrg2se4624vklq74ztfrju5wqyufe	.eJxVjDsOwjAQBe_iGlm2d_2jpOcMlj9rHECOFCcV4u4QKQW0b2bei4W4rS1sg5YwFXZmip1-txTzg_oOyj3228zz3NdlSnxX-EEHv86FnpfD_TtocbRvLaI0ORmpEZP3ukqy6FTNAFVrMhElCO-BhAKsyglpkZz0DozR1hrP3h-4iTYL:1qglVF:1U8M2a8CTzGkSDyufTWXlWWvmp5fN32tenUpmZD0na4	2023-09-28 12:31:25.431862+00
nwtf9cajbdhz16v4x90svggmesvkmnze	.eJxVjEEOwiAQRe_C2hBogaEu3fcMZGAGqRqalHZlvLtt0oVu33v_v0XAbS1ha7yEicRVaHH5ZRHTk-sh6IH1Pss013WZojwSedomx5n4dTvbv4OCrexrRxGJjQGHSjEkMHEA5Gwde2LrO697680AoPrsmB3sQHeoFST2OYvPF-sjN78:1qGGz4:mi2wdPHcuR0u4TUZyCRSLeg4ZYE9rs1BVrjLJtlVnNk	2023-07-17 10:40:42.455991+00
sq0hzpcb6og3w8622fkdi1ex4kxnogfo	.eJxVjEEOwiAQRe_C2hBogaEu3fcMZGAGqRqalHZlvLtt0oVu33v_v0XAbS1ha7yEicRVaHH5ZRHTk-sh6IH1Pss013WZojwSedomx5n4dTvbv4OCrexrRxGJjQGHSjEkMHEA5Gwde2LrO697680AoPrsmB3sQHeoFST2OYvPF-sjN78:1qHm82:cdsxqLLlEKNoLJhWvJebns4ElATuWJ8onu_MByzOVEY	2023-07-21 14:08:10.006734+00
1s537qcp94q0ey4hlqt2z2qt7c5r6r2w	.eJxVjEEOwiAQRe_C2hBogaEu3fcMZGAGqRqalHZlvLtt0oVu33v_v0XAbS1ha7yEicRVaHH5ZRHTk-sh6IH1Pss013WZojwSedomx5n4dTvbv4OCrexrRxGJjQGHSjEkMHEA5Gwde2LrO697680AoPrsmB3sQHeoFST2OYvPF-sjN78:1qk6JQ:_SHSdLRPlBZE_-dBleGkBiO_Rr2zAt4lw3sLCnALd50	2023-10-07 17:21:00.817423+00
3r4vj0eddec481n1b5l2cw38bma8aeax	.eJxVjDsOwjAQBe_iGlm2d_2jpOcMlj9rHECOFCcV4u4QKQW0b2bei4W4rS1sg5YwFXZmip1-txTzg_oOyj3228zz3NdlSnxX-EEHv86FnpfD_TtocbRvLaI0ORmpEZP3ukqy6FTNAFVrMhElCO-BhAKsyglpkZz0DozR1hrP3h-4iTYL:1qMQ1k:1R5uG0lLr2sVQECacgUZYITSjJTc127pN648Cwh-ktY	2023-08-03 09:32:52.711894+00
\.


--
-- Data for Name: exchange_charger; Type: TABLE DATA; Schema: public; Owner: yvnrmnimddzwou
--

COPY "public"."exchange_charger" ("id", "value", "made_at", "currency_id", "exchange_id", "user_id") FROM stdin;
\.


--
-- Data for Name: exchange_client; Type: TABLE DATA; Schema: public; Owner: yvnrmnimddzwou
--

COPY "public"."exchange_client" ("id", "name", "tel") FROM stdin;
\.


--
-- Data for Name: exchange_currency; Type: TABLE DATA; Schema: public; Owner: yvnrmnimddzwou
--

COPY "public"."exchange_currency" ("id", "name", "country", "entitle") FROM stdin;
\.


--
-- Data for Name: exchange_exchange; Type: TABLE DATA; Schema: public; Owner: yvnrmnimddzwou
--

COPY "public"."exchange_exchange" ("id", "description", "from_value", "to_value", "made_at", "from_client_id", "from_currency_id", "to_currency_id", "user_id", "to_client_id", "deliver_id", "closed") FROM stdin;
\.


--
-- Name: auth_group_id_seq; Type: SEQUENCE SET; Schema: public; Owner: yvnrmnimddzwou
--

SELECT pg_catalog.setval('"public"."auth_group_id_seq"', 1, true);


--
-- Name: auth_group_permissions_id_seq; Type: SEQUENCE SET; Schema: public; Owner: yvnrmnimddzwou
--

SELECT pg_catalog.setval('"public"."auth_group_permissions_id_seq"', 53, true);


--
-- Name: auth_permission_id_seq; Type: SEQUENCE SET; Schema: public; Owner: yvnrmnimddzwou
--

SELECT pg_catalog.setval('"public"."auth_permission_id_seq"', 132, true);


--
-- Name: blog_area_id_seq; Type: SEQUENCE SET; Schema: public; Owner: yvnrmnimddzwou
--

SELECT pg_catalog.setval('"public"."blog_area_id_seq"', 14, true);


--
-- Name: blog_country_id_seq; Type: SEQUENCE SET; Schema: public; Owner: yvnrmnimddzwou
--

SELECT pg_catalog.setval('"public"."blog_country_id_seq"', 13, true);


--
-- Name: blog_doctor_id_seq; Type: SEQUENCE SET; Schema: public; Owner: yvnrmnimddzwou
--

SELECT pg_catalog.setval('"public"."blog_doctor_id_seq"', 13, true);


--
-- Name: blog_gallery_id_seq; Type: SEQUENCE SET; Schema: public; Owner: yvnrmnimddzwou
--

SELECT pg_catalog.setval('"public"."blog_gallery_id_seq"', 1, true);


--
-- Name: blog_idtype_id_seq; Type: SEQUENCE SET; Schema: public; Owner: yvnrmnimddzwou
--

SELECT pg_catalog.setval('"public"."blog_idtype_id_seq"', 3, true);


--
-- Name: blog_imagesgallery_id_seq; Type: SEQUENCE SET; Schema: public; Owner: yvnrmnimddzwou
--

SELECT pg_catalog.setval('"public"."blog_imagesgallery_id_seq"', 6, true);


--
-- Name: blog_law_id_seq; Type: SEQUENCE SET; Schema: public; Owner: yvnrmnimddzwou
--

SELECT pg_catalog.setval('"public"."blog_law_id_seq"', 6, true);


--
-- Name: blog_level_id_seq; Type: SEQUENCE SET; Schema: public; Owner: yvnrmnimddzwou
--

SELECT pg_catalog.setval('"public"."blog_level_id_seq"', 3, true);


--
-- Name: blog_messages_id_seq; Type: SEQUENCE SET; Schema: public; Owner: yvnrmnimddzwou
--

SELECT pg_catalog.setval('"public"."blog_messages_id_seq"', 3, true);


--
-- Name: blog_post_id_seq; Type: SEQUENCE SET; Schema: public; Owner: yvnrmnimddzwou
--

SELECT pg_catalog.setval('"public"."blog_post_id_seq"', 6, true);


--
-- Name: blog_postdocument_id_seq; Type: SEQUENCE SET; Schema: public; Owner: yvnrmnimddzwou
--

SELECT pg_catalog.setval('"public"."blog_postdocument_id_seq"', 1, false);


--
-- Name: blog_postfiles_id_seq; Type: SEQUENCE SET; Schema: public; Owner: yvnrmnimddzwou
--

SELECT pg_catalog.setval('"public"."blog_postfiles_id_seq"', 1, false);


--
-- Name: blog_postimages_id_seq; Type: SEQUENCE SET; Schema: public; Owner: yvnrmnimddzwou
--

SELECT pg_catalog.setval('"public"."blog_postimages_id_seq"', 6, true);


--
-- Name: blog_postvideos_id_seq; Type: SEQUENCE SET; Schema: public; Owner: yvnrmnimddzwou
--

SELECT pg_catalog.setval('"public"."blog_postvideos_id_seq"', 1, false);


--
-- Name: blog_role_id_seq; Type: SEQUENCE SET; Schema: public; Owner: yvnrmnimddzwou
--

SELECT pg_catalog.setval('"public"."blog_role_id_seq"', 18, true);


--
-- Name: blog_section_id_seq; Type: SEQUENCE SET; Schema: public; Owner: yvnrmnimddzwou
--

SELECT pg_catalog.setval('"public"."blog_section_id_seq"', 4, true);


--
-- Name: blog_team_id_seq; Type: SEQUENCE SET; Schema: public; Owner: yvnrmnimddzwou
--

SELECT pg_catalog.setval('"public"."blog_team_id_seq"', 8, true);


--
-- Name: blog_usersection_id_seq; Type: SEQUENCE SET; Schema: public; Owner: yvnrmnimddzwou
--

SELECT pg_catalog.setval('"public"."blog_usersection_id_seq"', 5, true);


--
-- Name: core_user_groups_id_seq; Type: SEQUENCE SET; Schema: public; Owner: yvnrmnimddzwou
--

SELECT pg_catalog.setval('"public"."core_user_groups_id_seq"', 1, true);


--
-- Name: core_user_id_seq; Type: SEQUENCE SET; Schema: public; Owner: yvnrmnimddzwou
--

SELECT pg_catalog.setval('"public"."core_user_id_seq"', 14, true);


--
-- Name: core_user_user_permissions_id_seq; Type: SEQUENCE SET; Schema: public; Owner: yvnrmnimddzwou
--

SELECT pg_catalog.setval('"public"."core_user_user_permissions_id_seq"', 1, false);


--
-- Name: django_admin_log_id_seq; Type: SEQUENCE SET; Schema: public; Owner: yvnrmnimddzwou
--

SELECT pg_catalog.setval('"public"."django_admin_log_id_seq"', 232, true);


--
-- Name: django_content_type_id_seq; Type: SEQUENCE SET; Schema: public; Owner: yvnrmnimddzwou
--

SELECT pg_catalog.setval('"public"."django_content_type_id_seq"', 32, true);


--
-- Name: django_migrations_id_seq; Type: SEQUENCE SET; Schema: public; Owner: yvnrmnimddzwou
--

SELECT pg_catalog.setval('"public"."django_migrations_id_seq"', 100, true);


--
-- Name: exchange_charger_id_seq; Type: SEQUENCE SET; Schema: public; Owner: yvnrmnimddzwou
--

SELECT pg_catalog.setval('"public"."exchange_charger_id_seq"', 1, false);


--
-- Name: exchange_client_id_seq; Type: SEQUENCE SET; Schema: public; Owner: yvnrmnimddzwou
--

SELECT pg_catalog.setval('"public"."exchange_client_id_seq"', 1, false);


--
-- Name: exchange_currency_id_seq; Type: SEQUENCE SET; Schema: public; Owner: yvnrmnimddzwou
--

SELECT pg_catalog.setval('"public"."exchange_currency_id_seq"', 1, false);


--
-- Name: exchange_exchange_id_seq; Type: SEQUENCE SET; Schema: public; Owner: yvnrmnimddzwou
--

SELECT pg_catalog.setval('"public"."exchange_exchange_id_seq"', 1, false);


--
-- Name: auth_group auth_group_name_key; Type: CONSTRAINT; Schema: public; Owner: yvnrmnimddzwou
--

ALTER TABLE ONLY "public"."auth_group"
    ADD CONSTRAINT "auth_group_name_key" UNIQUE ("name");


--
-- Name: auth_group_permissions auth_group_permissions_group_id_permission_id_0cd325b0_uniq; Type: CONSTRAINT; Schema: public; Owner: yvnrmnimddzwou
--

ALTER TABLE ONLY "public"."auth_group_permissions"
    ADD CONSTRAINT "auth_group_permissions_group_id_permission_id_0cd325b0_uniq" UNIQUE ("group_id", "permission_id");


--
-- Name: auth_group_permissions auth_group_permissions_pkey; Type: CONSTRAINT; Schema: public; Owner: yvnrmnimddzwou
--

ALTER TABLE ONLY "public"."auth_group_permissions"
    ADD CONSTRAINT "auth_group_permissions_pkey" PRIMARY KEY ("id");


--
-- Name: auth_group auth_group_pkey; Type: CONSTRAINT; Schema: public; Owner: yvnrmnimddzwou
--

ALTER TABLE ONLY "public"."auth_group"
    ADD CONSTRAINT "auth_group_pkey" PRIMARY KEY ("id");


--
-- Name: auth_permission auth_permission_content_type_id_codename_01ab375a_uniq; Type: CONSTRAINT; Schema: public; Owner: yvnrmnimddzwou
--

ALTER TABLE ONLY "public"."auth_permission"
    ADD CONSTRAINT "auth_permission_content_type_id_codename_01ab375a_uniq" UNIQUE ("content_type_id", "codename");


--
-- Name: auth_permission auth_permission_pkey; Type: CONSTRAINT; Schema: public; Owner: yvnrmnimddzwou
--

ALTER TABLE ONLY "public"."auth_permission"
    ADD CONSTRAINT "auth_permission_pkey" PRIMARY KEY ("id");


--
-- Name: blog_area blog_area_pkey; Type: CONSTRAINT; Schema: public; Owner: yvnrmnimddzwou
--

ALTER TABLE ONLY "public"."blog_area"
    ADD CONSTRAINT "blog_area_pkey" PRIMARY KEY ("id");


--
-- Name: blog_country blog_country_pkey; Type: CONSTRAINT; Schema: public; Owner: yvnrmnimddzwou
--

ALTER TABLE ONLY "public"."blog_country"
    ADD CONSTRAINT "blog_country_pkey" PRIMARY KEY ("id");


--
-- Name: blog_doctor blog_doctor_pkey; Type: CONSTRAINT; Schema: public; Owner: yvnrmnimddzwou
--

ALTER TABLE ONLY "public"."blog_doctor"
    ADD CONSTRAINT "blog_doctor_pkey" PRIMARY KEY ("id");


--
-- Name: blog_gallery blog_gallery_pkey; Type: CONSTRAINT; Schema: public; Owner: yvnrmnimddzwou
--

ALTER TABLE ONLY "public"."blog_gallery"
    ADD CONSTRAINT "blog_gallery_pkey" PRIMARY KEY ("id");


--
-- Name: blog_idtype blog_idtype_pkey; Type: CONSTRAINT; Schema: public; Owner: yvnrmnimddzwou
--

ALTER TABLE ONLY "public"."blog_idtype"
    ADD CONSTRAINT "blog_idtype_pkey" PRIMARY KEY ("id");


--
-- Name: blog_imagesgallery blog_imagesgallery_pkey; Type: CONSTRAINT; Schema: public; Owner: yvnrmnimddzwou
--

ALTER TABLE ONLY "public"."blog_imagesgallery"
    ADD CONSTRAINT "blog_imagesgallery_pkey" PRIMARY KEY ("id");


--
-- Name: blog_law blog_law_pkey; Type: CONSTRAINT; Schema: public; Owner: yvnrmnimddzwou
--

ALTER TABLE ONLY "public"."blog_law"
    ADD CONSTRAINT "blog_law_pkey" PRIMARY KEY ("id");


--
-- Name: blog_level blog_level_pkey; Type: CONSTRAINT; Schema: public; Owner: yvnrmnimddzwou
--

ALTER TABLE ONLY "public"."blog_level"
    ADD CONSTRAINT "blog_level_pkey" PRIMARY KEY ("id");


--
-- Name: blog_messages blog_messages_pkey; Type: CONSTRAINT; Schema: public; Owner: yvnrmnimddzwou
--

ALTER TABLE ONLY "public"."blog_messages"
    ADD CONSTRAINT "blog_messages_pkey" PRIMARY KEY ("id");


--
-- Name: blog_post blog_post_pkey; Type: CONSTRAINT; Schema: public; Owner: yvnrmnimddzwou
--

ALTER TABLE ONLY "public"."blog_post"
    ADD CONSTRAINT "blog_post_pkey" PRIMARY KEY ("id");


--
-- Name: blog_postdocument blog_postdocument_pkey; Type: CONSTRAINT; Schema: public; Owner: yvnrmnimddzwou
--

ALTER TABLE ONLY "public"."blog_postdocument"
    ADD CONSTRAINT "blog_postdocument_pkey" PRIMARY KEY ("id");


--
-- Name: blog_postfile blog_postfiles_pkey; Type: CONSTRAINT; Schema: public; Owner: yvnrmnimddzwou
--

ALTER TABLE ONLY "public"."blog_postfile"
    ADD CONSTRAINT "blog_postfiles_pkey" PRIMARY KEY ("id");


--
-- Name: blog_postimages blog_postimages_pkey; Type: CONSTRAINT; Schema: public; Owner: yvnrmnimddzwou
--

ALTER TABLE ONLY "public"."blog_postimages"
    ADD CONSTRAINT "blog_postimages_pkey" PRIMARY KEY ("id");


--
-- Name: blog_postvideos blog_postvideos_pkey; Type: CONSTRAINT; Schema: public; Owner: yvnrmnimddzwou
--

ALTER TABLE ONLY "public"."blog_postvideos"
    ADD CONSTRAINT "blog_postvideos_pkey" PRIMARY KEY ("id");


--
-- Name: blog_role blog_role_pkey; Type: CONSTRAINT; Schema: public; Owner: yvnrmnimddzwou
--

ALTER TABLE ONLY "public"."blog_role"
    ADD CONSTRAINT "blog_role_pkey" PRIMARY KEY ("id");


--
-- Name: blog_section blog_section_pkey; Type: CONSTRAINT; Schema: public; Owner: yvnrmnimddzwou
--

ALTER TABLE ONLY "public"."blog_section"
    ADD CONSTRAINT "blog_section_pkey" PRIMARY KEY ("id");


--
-- Name: blog_team blog_team_doctor_id_role_id_246a3d47_uniq; Type: CONSTRAINT; Schema: public; Owner: yvnrmnimddzwou
--

ALTER TABLE ONLY "public"."blog_team"
    ADD CONSTRAINT "blog_team_doctor_id_role_id_246a3d47_uniq" UNIQUE ("doctor_id", "role_id");


--
-- Name: blog_team blog_team_pkey; Type: CONSTRAINT; Schema: public; Owner: yvnrmnimddzwou
--

ALTER TABLE ONLY "public"."blog_team"
    ADD CONSTRAINT "blog_team_pkey" PRIMARY KEY ("id");


--
-- Name: blog_usersection blog_usersection_pkey; Type: CONSTRAINT; Schema: public; Owner: yvnrmnimddzwou
--

ALTER TABLE ONLY "public"."blog_usersection"
    ADD CONSTRAINT "blog_usersection_pkey" PRIMARY KEY ("id");


--
-- Name: core_user core_user_email_key; Type: CONSTRAINT; Schema: public; Owner: yvnrmnimddzwou
--

ALTER TABLE ONLY "public"."core_user"
    ADD CONSTRAINT "core_user_email_key" UNIQUE ("email");


--
-- Name: core_user_groups core_user_groups_pkey; Type: CONSTRAINT; Schema: public; Owner: yvnrmnimddzwou
--

ALTER TABLE ONLY "public"."core_user_groups"
    ADD CONSTRAINT "core_user_groups_pkey" PRIMARY KEY ("id");


--
-- Name: core_user_groups core_user_groups_user_id_group_id_c82fcad1_uniq; Type: CONSTRAINT; Schema: public; Owner: yvnrmnimddzwou
--

ALTER TABLE ONLY "public"."core_user_groups"
    ADD CONSTRAINT "core_user_groups_user_id_group_id_c82fcad1_uniq" UNIQUE ("user_id", "group_id");


--
-- Name: core_user core_user_pkey; Type: CONSTRAINT; Schema: public; Owner: yvnrmnimddzwou
--

ALTER TABLE ONLY "public"."core_user"
    ADD CONSTRAINT "core_user_pkey" PRIMARY KEY ("id");


--
-- Name: core_user_user_permissions core_user_user_permissions_pkey; Type: CONSTRAINT; Schema: public; Owner: yvnrmnimddzwou
--

ALTER TABLE ONLY "public"."core_user_user_permissions"
    ADD CONSTRAINT "core_user_user_permissions_pkey" PRIMARY KEY ("id");


--
-- Name: core_user_user_permissions core_user_user_permissions_user_id_permission_id_73ea0daa_uniq; Type: CONSTRAINT; Schema: public; Owner: yvnrmnimddzwou
--

ALTER TABLE ONLY "public"."core_user_user_permissions"
    ADD CONSTRAINT "core_user_user_permissions_user_id_permission_id_73ea0daa_uniq" UNIQUE ("user_id", "permission_id");


--
-- Name: core_user core_user_username_key; Type: CONSTRAINT; Schema: public; Owner: yvnrmnimddzwou
--

ALTER TABLE ONLY "public"."core_user"
    ADD CONSTRAINT "core_user_username_key" UNIQUE ("username");


--
-- Name: django_admin_log django_admin_log_pkey; Type: CONSTRAINT; Schema: public; Owner: yvnrmnimddzwou
--

ALTER TABLE ONLY "public"."django_admin_log"
    ADD CONSTRAINT "django_admin_log_pkey" PRIMARY KEY ("id");


--
-- Name: django_content_type django_content_type_app_label_model_76bd3d3b_uniq; Type: CONSTRAINT; Schema: public; Owner: yvnrmnimddzwou
--

ALTER TABLE ONLY "public"."django_content_type"
    ADD CONSTRAINT "django_content_type_app_label_model_76bd3d3b_uniq" UNIQUE ("app_label", "model");


--
-- Name: django_content_type django_content_type_pkey; Type: CONSTRAINT; Schema: public; Owner: yvnrmnimddzwou
--

ALTER TABLE ONLY "public"."django_content_type"
    ADD CONSTRAINT "django_content_type_pkey" PRIMARY KEY ("id");


--
-- Name: django_migrations django_migrations_pkey; Type: CONSTRAINT; Schema: public; Owner: yvnrmnimddzwou
--

ALTER TABLE ONLY "public"."django_migrations"
    ADD CONSTRAINT "django_migrations_pkey" PRIMARY KEY ("id");


--
-- Name: django_session django_session_pkey; Type: CONSTRAINT; Schema: public; Owner: yvnrmnimddzwou
--

ALTER TABLE ONLY "public"."django_session"
    ADD CONSTRAINT "django_session_pkey" PRIMARY KEY ("session_key");


--
-- Name: exchange_charger exchange_charger_pkey; Type: CONSTRAINT; Schema: public; Owner: yvnrmnimddzwou
--

ALTER TABLE ONLY "public"."exchange_charger"
    ADD CONSTRAINT "exchange_charger_pkey" PRIMARY KEY ("id");


--
-- Name: exchange_client exchange_client_pkey; Type: CONSTRAINT; Schema: public; Owner: yvnrmnimddzwou
--

ALTER TABLE ONLY "public"."exchange_client"
    ADD CONSTRAINT "exchange_client_pkey" PRIMARY KEY ("id");


--
-- Name: exchange_currency exchange_currency_pkey; Type: CONSTRAINT; Schema: public; Owner: yvnrmnimddzwou
--

ALTER TABLE ONLY "public"."exchange_currency"
    ADD CONSTRAINT "exchange_currency_pkey" PRIMARY KEY ("id");


--
-- Name: exchange_exchange exchange_exchange_pkey; Type: CONSTRAINT; Schema: public; Owner: yvnrmnimddzwou
--

ALTER TABLE ONLY "public"."exchange_exchange"
    ADD CONSTRAINT "exchange_exchange_pkey" PRIMARY KEY ("id");


--
-- Name: auth_group_name_a6ea08ec_like; Type: INDEX; Schema: public; Owner: yvnrmnimddzwou
--

CREATE INDEX "auth_group_name_a6ea08ec_like" ON "public"."auth_group" USING "btree" ("name" "varchar_pattern_ops");


--
-- Name: auth_group_permissions_group_id_b120cbf9; Type: INDEX; Schema: public; Owner: yvnrmnimddzwou
--

CREATE INDEX "auth_group_permissions_group_id_b120cbf9" ON "public"."auth_group_permissions" USING "btree" ("group_id");


--
-- Name: auth_group_permissions_permission_id_84c5c92e; Type: INDEX; Schema: public; Owner: yvnrmnimddzwou
--

CREATE INDEX "auth_group_permissions_permission_id_84c5c92e" ON "public"."auth_group_permissions" USING "btree" ("permission_id");


--
-- Name: auth_permission_content_type_id_2f476e4b; Type: INDEX; Schema: public; Owner: yvnrmnimddzwou
--

CREATE INDEX "auth_permission_content_type_id_2f476e4b" ON "public"."auth_permission" USING "btree" ("content_type_id");


--
-- Name: blog_doctor_area_id_77d45f9f; Type: INDEX; Schema: public; Owner: yvnrmnimddzwou
--

CREATE INDEX "blog_doctor_area_id_77d45f9f" ON "public"."blog_doctor" USING "btree" ("area_id");


--
-- Name: blog_doctor_country_id_5352dc77; Type: INDEX; Schema: public; Owner: yvnrmnimddzwou
--

CREATE INDEX "blog_doctor_country_id_5352dc77" ON "public"."blog_doctor" USING "btree" ("country_id");


--
-- Name: blog_doctor_id_type_id_49cdc791; Type: INDEX; Schema: public; Owner: yvnrmnimddzwou
--

CREATE INDEX "blog_doctor_id_type_id_49cdc791" ON "public"."blog_doctor" USING "btree" ("id_type_id");


--
-- Name: blog_doctor_level_id_6d6be915; Type: INDEX; Schema: public; Owner: yvnrmnimddzwou
--

CREATE INDEX "blog_doctor_level_id_6d6be915" ON "public"."blog_doctor" USING "btree" ("level_id");


--
-- Name: blog_doctor_user_id_00755e80; Type: INDEX; Schema: public; Owner: yvnrmnimddzwou
--

CREATE INDEX "blog_doctor_user_id_00755e80" ON "public"."blog_doctor" USING "btree" ("user_id");


--
-- Name: blog_gallery_slug_21c7f9e1; Type: INDEX; Schema: public; Owner: yvnrmnimddzwou
--

CREATE INDEX "blog_gallery_slug_21c7f9e1" ON "public"."blog_gallery" USING "btree" ("slug");


--
-- Name: blog_gallery_slug_21c7f9e1_like; Type: INDEX; Schema: public; Owner: yvnrmnimddzwou
--

CREATE INDEX "blog_gallery_slug_21c7f9e1_like" ON "public"."blog_gallery" USING "btree" ("slug" "varchar_pattern_ops");


--
-- Name: blog_imagesgallery_gallery_id_c481fc03; Type: INDEX; Schema: public; Owner: yvnrmnimddzwou
--

CREATE INDEX "blog_imagesgallery_gallery_id_c481fc03" ON "public"."blog_imagesgallery" USING "btree" ("gallery_id");


--
-- Name: blog_law_slug_2e2b04ac; Type: INDEX; Schema: public; Owner: yvnrmnimddzwou
--

CREATE INDEX "blog_law_slug_2e2b04ac" ON "public"."blog_law" USING "btree" ("slug");


--
-- Name: blog_law_slug_2e2b04ac_like; Type: INDEX; Schema: public; Owner: yvnrmnimddzwou
--

CREATE INDEX "blog_law_slug_2e2b04ac_like" ON "public"."blog_law" USING "btree" ("slug" "varchar_pattern_ops");


--
-- Name: blog_messages_subject_id_763e941b; Type: INDEX; Schema: public; Owner: yvnrmnimddzwou
--

CREATE INDEX "blog_messages_subject_id_763e941b" ON "public"."blog_messages" USING "btree" ("subject_id");


--
-- Name: blog_post_slug_b95473f2; Type: INDEX; Schema: public; Owner: yvnrmnimddzwou
--

CREATE INDEX "blog_post_slug_b95473f2" ON "public"."blog_post" USING "btree" ("slug");


--
-- Name: blog_post_slug_b95473f2_like; Type: INDEX; Schema: public; Owner: yvnrmnimddzwou
--

CREATE INDEX "blog_post_slug_b95473f2_like" ON "public"."blog_post" USING "btree" ("slug" "varchar_pattern_ops");


--
-- Name: blog_postdocument_post_id_ac9fc16e; Type: INDEX; Schema: public; Owner: yvnrmnimddzwou
--

CREATE INDEX "blog_postdocument_post_id_ac9fc16e" ON "public"."blog_postdocument" USING "btree" ("post_id");


--
-- Name: blog_postimages_post_id_93c16f79; Type: INDEX; Schema: public; Owner: yvnrmnimddzwou
--

CREATE INDEX "blog_postimages_post_id_93c16f79" ON "public"."blog_postimages" USING "btree" ("post_id");


--
-- Name: blog_postvideos_post_id_6fefcf6b; Type: INDEX; Schema: public; Owner: yvnrmnimddzwou
--

CREATE INDEX "blog_postvideos_post_id_6fefcf6b" ON "public"."blog_postvideos" USING "btree" ("post_id");


--
-- Name: blog_team_doctor_id_9dfb71d2; Type: INDEX; Schema: public; Owner: yvnrmnimddzwou
--

CREATE INDEX "blog_team_doctor_id_9dfb71d2" ON "public"."blog_team" USING "btree" ("doctor_id");


--
-- Name: blog_team_role_id_8f10eee7; Type: INDEX; Schema: public; Owner: yvnrmnimddzwou
--

CREATE INDEX "blog_team_role_id_8f10eee7" ON "public"."blog_team" USING "btree" ("role_id");


--
-- Name: blog_usersection_section_id_b75a88f2; Type: INDEX; Schema: public; Owner: yvnrmnimddzwou
--

CREATE INDEX "blog_usersection_section_id_b75a88f2" ON "public"."blog_usersection" USING "btree" ("section_id");


--
-- Name: blog_usersection_user_id_bcf47348; Type: INDEX; Schema: public; Owner: yvnrmnimddzwou
--

CREATE INDEX "blog_usersection_user_id_bcf47348" ON "public"."blog_usersection" USING "btree" ("user_id");


--
-- Name: core_user_email_92a71487_like; Type: INDEX; Schema: public; Owner: yvnrmnimddzwou
--

CREATE INDEX "core_user_email_92a71487_like" ON "public"."core_user" USING "btree" ("email" "varchar_pattern_ops");


--
-- Name: core_user_groups_group_id_fe8c697f; Type: INDEX; Schema: public; Owner: yvnrmnimddzwou
--

CREATE INDEX "core_user_groups_group_id_fe8c697f" ON "public"."core_user_groups" USING "btree" ("group_id");


--
-- Name: core_user_groups_user_id_70b4d9b8; Type: INDEX; Schema: public; Owner: yvnrmnimddzwou
--

CREATE INDEX "core_user_groups_user_id_70b4d9b8" ON "public"."core_user_groups" USING "btree" ("user_id");


--
-- Name: core_user_user_permissions_permission_id_35ccf601; Type: INDEX; Schema: public; Owner: yvnrmnimddzwou
--

CREATE INDEX "core_user_user_permissions_permission_id_35ccf601" ON "public"."core_user_user_permissions" USING "btree" ("permission_id");


--
-- Name: core_user_user_permissions_user_id_085123d3; Type: INDEX; Schema: public; Owner: yvnrmnimddzwou
--

CREATE INDEX "core_user_user_permissions_user_id_085123d3" ON "public"."core_user_user_permissions" USING "btree" ("user_id");


--
-- Name: core_user_username_36e4f7f7_like; Type: INDEX; Schema: public; Owner: yvnrmnimddzwou
--

CREATE INDEX "core_user_username_36e4f7f7_like" ON "public"."core_user" USING "btree" ("username" "varchar_pattern_ops");


--
-- Name: django_admin_log_content_type_id_c4bce8eb; Type: INDEX; Schema: public; Owner: yvnrmnimddzwou
--

CREATE INDEX "django_admin_log_content_type_id_c4bce8eb" ON "public"."django_admin_log" USING "btree" ("content_type_id");


--
-- Name: django_admin_log_user_id_c564eba6; Type: INDEX; Schema: public; Owner: yvnrmnimddzwou
--

CREATE INDEX "django_admin_log_user_id_c564eba6" ON "public"."django_admin_log" USING "btree" ("user_id");


--
-- Name: django_session_expire_date_a5c62663; Type: INDEX; Schema: public; Owner: yvnrmnimddzwou
--

CREATE INDEX "django_session_expire_date_a5c62663" ON "public"."django_session" USING "btree" ("expire_date");


--
-- Name: django_session_session_key_c0390e0f_like; Type: INDEX; Schema: public; Owner: yvnrmnimddzwou
--

CREATE INDEX "django_session_session_key_c0390e0f_like" ON "public"."django_session" USING "btree" ("session_key" "varchar_pattern_ops");


--
-- Name: exchange_charger_currency_id_e55f8b26; Type: INDEX; Schema: public; Owner: yvnrmnimddzwou
--

CREATE INDEX "exchange_charger_currency_id_e55f8b26" ON "public"."exchange_charger" USING "btree" ("currency_id");


--
-- Name: exchange_charger_exchange_id_7ac53edd; Type: INDEX; Schema: public; Owner: yvnrmnimddzwou
--

CREATE INDEX "exchange_charger_exchange_id_7ac53edd" ON "public"."exchange_charger" USING "btree" ("exchange_id");


--
-- Name: exchange_charger_user_id_21c7c6e2; Type: INDEX; Schema: public; Owner: yvnrmnimddzwou
--

CREATE INDEX "exchange_charger_user_id_21c7c6e2" ON "public"."exchange_charger" USING "btree" ("user_id");


--
-- Name: exchange_exchange_deliver_id_d526fa8e; Type: INDEX; Schema: public; Owner: yvnrmnimddzwou
--

CREATE INDEX "exchange_exchange_deliver_id_d526fa8e" ON "public"."exchange_exchange" USING "btree" ("deliver_id");


--
-- Name: exchange_exchange_from_client_id_9758d66e; Type: INDEX; Schema: public; Owner: yvnrmnimddzwou
--

CREATE INDEX "exchange_exchange_from_client_id_9758d66e" ON "public"."exchange_exchange" USING "btree" ("from_client_id");


--
-- Name: exchange_exchange_from_currency_id_d50f7446; Type: INDEX; Schema: public; Owner: yvnrmnimddzwou
--

CREATE INDEX "exchange_exchange_from_currency_id_d50f7446" ON "public"."exchange_exchange" USING "btree" ("from_currency_id");


--
-- Name: exchange_exchange_to_client_id_e97f611e; Type: INDEX; Schema: public; Owner: yvnrmnimddzwou
--

CREATE INDEX "exchange_exchange_to_client_id_e97f611e" ON "public"."exchange_exchange" USING "btree" ("to_client_id");


--
-- Name: exchange_exchange_to_currency_id_0755a16e; Type: INDEX; Schema: public; Owner: yvnrmnimddzwou
--

CREATE INDEX "exchange_exchange_to_currency_id_0755a16e" ON "public"."exchange_exchange" USING "btree" ("to_currency_id");


--
-- Name: exchange_exchange_user_id_3f2cd3bc; Type: INDEX; Schema: public; Owner: yvnrmnimddzwou
--

CREATE INDEX "exchange_exchange_user_id_3f2cd3bc" ON "public"."exchange_exchange" USING "btree" ("user_id");


--
-- Name: auth_group_permissions auth_group_permissio_permission_id_84c5c92e_fk_auth_perm; Type: FK CONSTRAINT; Schema: public; Owner: yvnrmnimddzwou
--

ALTER TABLE ONLY "public"."auth_group_permissions"
    ADD CONSTRAINT "auth_group_permissio_permission_id_84c5c92e_fk_auth_perm" FOREIGN KEY ("permission_id") REFERENCES "public"."auth_permission"("id") DEFERRABLE INITIALLY DEFERRED;


--
-- Name: auth_group_permissions auth_group_permissions_group_id_b120cbf9_fk_auth_group_id; Type: FK CONSTRAINT; Schema: public; Owner: yvnrmnimddzwou
--

ALTER TABLE ONLY "public"."auth_group_permissions"
    ADD CONSTRAINT "auth_group_permissions_group_id_b120cbf9_fk_auth_group_id" FOREIGN KEY ("group_id") REFERENCES "public"."auth_group"("id") DEFERRABLE INITIALLY DEFERRED;


--
-- Name: auth_permission auth_permission_content_type_id_2f476e4b_fk_django_co; Type: FK CONSTRAINT; Schema: public; Owner: yvnrmnimddzwou
--

ALTER TABLE ONLY "public"."auth_permission"
    ADD CONSTRAINT "auth_permission_content_type_id_2f476e4b_fk_django_co" FOREIGN KEY ("content_type_id") REFERENCES "public"."django_content_type"("id") DEFERRABLE INITIALLY DEFERRED;


--
-- Name: blog_doctor blog_doctor_area_id_77d45f9f_fk_blog_area_id; Type: FK CONSTRAINT; Schema: public; Owner: yvnrmnimddzwou
--

ALTER TABLE ONLY "public"."blog_doctor"
    ADD CONSTRAINT "blog_doctor_area_id_77d45f9f_fk_blog_area_id" FOREIGN KEY ("area_id") REFERENCES "public"."blog_area"("id") DEFERRABLE INITIALLY DEFERRED;


--
-- Name: blog_doctor blog_doctor_country_id_5352dc77_fk_blog_country_id; Type: FK CONSTRAINT; Schema: public; Owner: yvnrmnimddzwou
--

ALTER TABLE ONLY "public"."blog_doctor"
    ADD CONSTRAINT "blog_doctor_country_id_5352dc77_fk_blog_country_id" FOREIGN KEY ("country_id") REFERENCES "public"."blog_country"("id") DEFERRABLE INITIALLY DEFERRED;


--
-- Name: blog_doctor blog_doctor_id_type_id_49cdc791_fk_blog_idtype_id; Type: FK CONSTRAINT; Schema: public; Owner: yvnrmnimddzwou
--

ALTER TABLE ONLY "public"."blog_doctor"
    ADD CONSTRAINT "blog_doctor_id_type_id_49cdc791_fk_blog_idtype_id" FOREIGN KEY ("id_type_id") REFERENCES "public"."blog_idtype"("id") DEFERRABLE INITIALLY DEFERRED;


--
-- Name: blog_doctor blog_doctor_level_id_6d6be915_fk_blog_level_id; Type: FK CONSTRAINT; Schema: public; Owner: yvnrmnimddzwou
--

ALTER TABLE ONLY "public"."blog_doctor"
    ADD CONSTRAINT "blog_doctor_level_id_6d6be915_fk_blog_level_id" FOREIGN KEY ("level_id") REFERENCES "public"."blog_level"("id") DEFERRABLE INITIALLY DEFERRED;


--
-- Name: blog_doctor blog_doctor_user_id_00755e80_fk_core_user_id; Type: FK CONSTRAINT; Schema: public; Owner: yvnrmnimddzwou
--

ALTER TABLE ONLY "public"."blog_doctor"
    ADD CONSTRAINT "blog_doctor_user_id_00755e80_fk_core_user_id" FOREIGN KEY ("user_id") REFERENCES "public"."core_user"("id") DEFERRABLE INITIALLY DEFERRED;


--
-- Name: blog_imagesgallery blog_imagesgallery_gallery_id_c481fc03_fk_blog_gallery_id; Type: FK CONSTRAINT; Schema: public; Owner: yvnrmnimddzwou
--

ALTER TABLE ONLY "public"."blog_imagesgallery"
    ADD CONSTRAINT "blog_imagesgallery_gallery_id_c481fc03_fk_blog_gallery_id" FOREIGN KEY ("gallery_id") REFERENCES "public"."blog_gallery"("id") DEFERRABLE INITIALLY DEFERRED;


--
-- Name: blog_messages blog_messages_subject_id_763e941b_fk_blog_section_id; Type: FK CONSTRAINT; Schema: public; Owner: yvnrmnimddzwou
--

ALTER TABLE ONLY "public"."blog_messages"
    ADD CONSTRAINT "blog_messages_subject_id_763e941b_fk_blog_section_id" FOREIGN KEY ("subject_id") REFERENCES "public"."blog_section"("id") DEFERRABLE INITIALLY DEFERRED;


--
-- Name: blog_postdocument blog_postdocument_post_id_ac9fc16e_fk_blog_post_id; Type: FK CONSTRAINT; Schema: public; Owner: yvnrmnimddzwou
--

ALTER TABLE ONLY "public"."blog_postdocument"
    ADD CONSTRAINT "blog_postdocument_post_id_ac9fc16e_fk_blog_post_id" FOREIGN KEY ("post_id") REFERENCES "public"."blog_post"("id") DEFERRABLE INITIALLY DEFERRED;


--
-- Name: blog_postimages blog_postimages_post_id_93c16f79_fk_blog_post_id; Type: FK CONSTRAINT; Schema: public; Owner: yvnrmnimddzwou
--

ALTER TABLE ONLY "public"."blog_postimages"
    ADD CONSTRAINT "blog_postimages_post_id_93c16f79_fk_blog_post_id" FOREIGN KEY ("post_id") REFERENCES "public"."blog_post"("id") DEFERRABLE INITIALLY DEFERRED;


--
-- Name: blog_postvideos blog_postvideos_post_id_6fefcf6b_fk_blog_post_id; Type: FK CONSTRAINT; Schema: public; Owner: yvnrmnimddzwou
--

ALTER TABLE ONLY "public"."blog_postvideos"
    ADD CONSTRAINT "blog_postvideos_post_id_6fefcf6b_fk_blog_post_id" FOREIGN KEY ("post_id") REFERENCES "public"."blog_post"("id") DEFERRABLE INITIALLY DEFERRED;


--
-- Name: blog_team blog_team_doctor_id_9dfb71d2_fk_blog_doctor_id; Type: FK CONSTRAINT; Schema: public; Owner: yvnrmnimddzwou
--

ALTER TABLE ONLY "public"."blog_team"
    ADD CONSTRAINT "blog_team_doctor_id_9dfb71d2_fk_blog_doctor_id" FOREIGN KEY ("doctor_id") REFERENCES "public"."blog_doctor"("id") DEFERRABLE INITIALLY DEFERRED;


--
-- Name: blog_team blog_team_role_id_8f10eee7_fk_blog_role_id; Type: FK CONSTRAINT; Schema: public; Owner: yvnrmnimddzwou
--

ALTER TABLE ONLY "public"."blog_team"
    ADD CONSTRAINT "blog_team_role_id_8f10eee7_fk_blog_role_id" FOREIGN KEY ("role_id") REFERENCES "public"."blog_role"("id") DEFERRABLE INITIALLY DEFERRED;


--
-- Name: blog_usersection blog_usersection_section_id_b75a88f2_fk_blog_section_id; Type: FK CONSTRAINT; Schema: public; Owner: yvnrmnimddzwou
--

ALTER TABLE ONLY "public"."blog_usersection"
    ADD CONSTRAINT "blog_usersection_section_id_b75a88f2_fk_blog_section_id" FOREIGN KEY ("section_id") REFERENCES "public"."blog_section"("id") DEFERRABLE INITIALLY DEFERRED;


--
-- Name: blog_usersection blog_usersection_user_id_bcf47348_fk_core_user_id; Type: FK CONSTRAINT; Schema: public; Owner: yvnrmnimddzwou
--

ALTER TABLE ONLY "public"."blog_usersection"
    ADD CONSTRAINT "blog_usersection_user_id_bcf47348_fk_core_user_id" FOREIGN KEY ("user_id") REFERENCES "public"."core_user"("id") DEFERRABLE INITIALLY DEFERRED;


--
-- Name: core_user_groups core_user_groups_group_id_fe8c697f_fk_auth_group_id; Type: FK CONSTRAINT; Schema: public; Owner: yvnrmnimddzwou
--

ALTER TABLE ONLY "public"."core_user_groups"
    ADD CONSTRAINT "core_user_groups_group_id_fe8c697f_fk_auth_group_id" FOREIGN KEY ("group_id") REFERENCES "public"."auth_group"("id") DEFERRABLE INITIALLY DEFERRED;


--
-- Name: core_user_groups core_user_groups_user_id_70b4d9b8_fk_core_user_id; Type: FK CONSTRAINT; Schema: public; Owner: yvnrmnimddzwou
--

ALTER TABLE ONLY "public"."core_user_groups"
    ADD CONSTRAINT "core_user_groups_user_id_70b4d9b8_fk_core_user_id" FOREIGN KEY ("user_id") REFERENCES "public"."core_user"("id") DEFERRABLE INITIALLY DEFERRED;


--
-- Name: core_user_user_permissions core_user_user_permi_permission_id_35ccf601_fk_auth_perm; Type: FK CONSTRAINT; Schema: public; Owner: yvnrmnimddzwou
--

ALTER TABLE ONLY "public"."core_user_user_permissions"
    ADD CONSTRAINT "core_user_user_permi_permission_id_35ccf601_fk_auth_perm" FOREIGN KEY ("permission_id") REFERENCES "public"."auth_permission"("id") DEFERRABLE INITIALLY DEFERRED;


--
-- Name: core_user_user_permissions core_user_user_permissions_user_id_085123d3_fk_core_user_id; Type: FK CONSTRAINT; Schema: public; Owner: yvnrmnimddzwou
--

ALTER TABLE ONLY "public"."core_user_user_permissions"
    ADD CONSTRAINT "core_user_user_permissions_user_id_085123d3_fk_core_user_id" FOREIGN KEY ("user_id") REFERENCES "public"."core_user"("id") DEFERRABLE INITIALLY DEFERRED;


--
-- Name: django_admin_log django_admin_log_content_type_id_c4bce8eb_fk_django_co; Type: FK CONSTRAINT; Schema: public; Owner: yvnrmnimddzwou
--

ALTER TABLE ONLY "public"."django_admin_log"
    ADD CONSTRAINT "django_admin_log_content_type_id_c4bce8eb_fk_django_co" FOREIGN KEY ("content_type_id") REFERENCES "public"."django_content_type"("id") DEFERRABLE INITIALLY DEFERRED;


--
-- Name: django_admin_log django_admin_log_user_id_c564eba6_fk_core_user_id; Type: FK CONSTRAINT; Schema: public; Owner: yvnrmnimddzwou
--

ALTER TABLE ONLY "public"."django_admin_log"
    ADD CONSTRAINT "django_admin_log_user_id_c564eba6_fk_core_user_id" FOREIGN KEY ("user_id") REFERENCES "public"."core_user"("id") DEFERRABLE INITIALLY DEFERRED;


--
-- Name: exchange_charger exchange_charger_currency_id_e55f8b26_fk_exchange_currency_id; Type: FK CONSTRAINT; Schema: public; Owner: yvnrmnimddzwou
--

ALTER TABLE ONLY "public"."exchange_charger"
    ADD CONSTRAINT "exchange_charger_currency_id_e55f8b26_fk_exchange_currency_id" FOREIGN KEY ("currency_id") REFERENCES "public"."exchange_currency"("id") DEFERRABLE INITIALLY DEFERRED;


--
-- Name: exchange_charger exchange_charger_exchange_id_7ac53edd_fk_exchange_exchange_id; Type: FK CONSTRAINT; Schema: public; Owner: yvnrmnimddzwou
--

ALTER TABLE ONLY "public"."exchange_charger"
    ADD CONSTRAINT "exchange_charger_exchange_id_7ac53edd_fk_exchange_exchange_id" FOREIGN KEY ("exchange_id") REFERENCES "public"."exchange_exchange"("id") DEFERRABLE INITIALLY DEFERRED;


--
-- Name: exchange_charger exchange_charger_user_id_21c7c6e2_fk_core_user_id; Type: FK CONSTRAINT; Schema: public; Owner: yvnrmnimddzwou
--

ALTER TABLE ONLY "public"."exchange_charger"
    ADD CONSTRAINT "exchange_charger_user_id_21c7c6e2_fk_core_user_id" FOREIGN KEY ("user_id") REFERENCES "public"."core_user"("id") DEFERRABLE INITIALLY DEFERRED;


--
-- Name: exchange_exchange exchange_exchange_deliver_id_d526fa8e_fk_core_user_id; Type: FK CONSTRAINT; Schema: public; Owner: yvnrmnimddzwou
--

ALTER TABLE ONLY "public"."exchange_exchange"
    ADD CONSTRAINT "exchange_exchange_deliver_id_d526fa8e_fk_core_user_id" FOREIGN KEY ("deliver_id") REFERENCES "public"."core_user"("id") DEFERRABLE INITIALLY DEFERRED;


--
-- Name: exchange_exchange exchange_exchange_from_client_id_9758d66e_fk_exchange_client_id; Type: FK CONSTRAINT; Schema: public; Owner: yvnrmnimddzwou
--

ALTER TABLE ONLY "public"."exchange_exchange"
    ADD CONSTRAINT "exchange_exchange_from_client_id_9758d66e_fk_exchange_client_id" FOREIGN KEY ("from_client_id") REFERENCES "public"."exchange_client"("id") DEFERRABLE INITIALLY DEFERRED;


--
-- Name: exchange_exchange exchange_exchange_from_currency_id_d50f7446_fk_exchange_; Type: FK CONSTRAINT; Schema: public; Owner: yvnrmnimddzwou
--

ALTER TABLE ONLY "public"."exchange_exchange"
    ADD CONSTRAINT "exchange_exchange_from_currency_id_d50f7446_fk_exchange_" FOREIGN KEY ("from_currency_id") REFERENCES "public"."exchange_currency"("id") DEFERRABLE INITIALLY DEFERRED;


--
-- Name: exchange_exchange exchange_exchange_to_client_id_e97f611e_fk_exchange_client_id; Type: FK CONSTRAINT; Schema: public; Owner: yvnrmnimddzwou
--

ALTER TABLE ONLY "public"."exchange_exchange"
    ADD CONSTRAINT "exchange_exchange_to_client_id_e97f611e_fk_exchange_client_id" FOREIGN KEY ("to_client_id") REFERENCES "public"."exchange_client"("id") DEFERRABLE INITIALLY DEFERRED;


--
-- Name: exchange_exchange exchange_exchange_to_currency_id_0755a16e_fk_exchange_; Type: FK CONSTRAINT; Schema: public; Owner: yvnrmnimddzwou
--

ALTER TABLE ONLY "public"."exchange_exchange"
    ADD CONSTRAINT "exchange_exchange_to_currency_id_0755a16e_fk_exchange_" FOREIGN KEY ("to_currency_id") REFERENCES "public"."exchange_currency"("id") DEFERRABLE INITIALLY DEFERRED;


--
-- Name: exchange_exchange exchange_exchange_user_id_3f2cd3bc_fk_core_user_id; Type: FK CONSTRAINT; Schema: public; Owner: yvnrmnimddzwou
--

ALTER TABLE ONLY "public"."exchange_exchange"
    ADD CONSTRAINT "exchange_exchange_user_id_3f2cd3bc_fk_core_user_id" FOREIGN KEY ("user_id") REFERENCES "public"."core_user"("id") DEFERRABLE INITIALLY DEFERRED;


--
-- PostgreSQL database dump complete
--

